4888655492145,-0.00624,-0.00783,0.04147,0.99974,-0.01345,-0.00025,-0.01843,-0.02476,-0.06178,0.23851,
4888755031457,-0.00899,-0.01530,0.06643,0.99949,-0.01348,-0.00534,-0.02853,-0.02897,-0.07815,0.27561,
4888854611197,-0.01250,-0.02247,0.09356,0.99885,-0.02393,-0.01029,-0.04030,-0.02718,-0.07954,0.27528,
4888954049406,-0.01565,-0.02803,0.12052,0.99755,-0.04902,-0.01536,-0.04757,-0.00182,-0.07428,0.25740,
4889053617901,-0.01379,-0.03147,0.14537,0.99626,-0.06858,-0.01413,-0.05059,0.05102,-0.05309,0.23842,
4889153183849,-0.00389,-0.03369,0.16673,0.99541,-0.08012,-0.01522,-0.05014,0.11687,-0.02004,0.19325,
4889252778969,0.01127,-0.03254,0.18156,0.99519,-0.08553,-0.01427,-0.04560,0.13806,0.03032,0.13394,
4889352225969,0.02421,-0.02776,0.19049,0.99520,-0.08799,-0.01237,-0.04111,0.03568,0.07197,0.05199,
4889451744969,0.02171,-0.02213,0.19301,0.99565,-0.08389,-0.00048,-0.04050,-0.19124,0.06812,-0.01571,
4889551275073,-0.00066,-0.02146,0.19145,0.99627,-0.06563,0.02584,-0.04971,-0.38693,0.04176,0.01022,
4889650854917,-0.04181,-0.02118,0.19275,0.99451,-0.06028,0.04949,-0.06973,-0.42679,0.03047,0.06403,
4889750302917,-0.07995,-0.01982,0.19486,0.99179,-0.05961,0.06280,-0.09409,-0.27418,0.01815,0.02644,
4889849840125,-0.09734,-0.01956,0.19335,0.98996,-0.05357,0.06177,-0.11527,0.00511,0.02013,0.00109,
4889949340021,-0.09068,-0.01910,0.18892,0.99034,-0.05703,0.04573,-0.11780,0.25037,0.00302,-0.03287,
4890048939917,-0.06048,-0.01971,0.18782,0.99207,-0.06088,0.02413,-0.10732,0.42558,-0.01180,-0.00765,
4890148378969,-0.01215,-0.02001,0.18927,0.99415,-0.06051,0.00003,-0.08946,0.50410,0.00876,0.04061,
4890247896177,0.03703,-0.01788,0.19338,0.99593,-0.05910,-0.02408,-0.06356,0.42078,0.03464,0.03015,
4890347502698,0.07136,-0.01285,0.19492,0.99721,-0.05614,-0.03088,-0.03839,0.19351,0.07098,-0.00632,
4890446976021,0.07989,-0.00436,0.19203,0.99827,-0.04874,-0.02509,-0.02136,-0.08657,0.10757,-0.03681,
4890546454229,0.06443,0.00644,0.18746,0.99894,-0.03652,-0.01751,-0.02206,-0.24524,0.13555,-0.03665,
4890646014073,0.03931,0.01851,0.18172,0.99894,-0.03040,-0.00313,-0.03453,-0.25625,0.09967,-0.04670,
4890745534073,0.01744,0.01989,0.17684,0.99858,-0.02952,0.00955,-0.04340,-0.16449,-0.10986,-0.02390,
4890845009969,0.00346,-0.00113,0.17468,0.99816,-0.02865,0.01171,-0.05217,-0.09633,-0.34656,0.01521,
4890944603178,-0.00544,-0.03976,0.17736,0.99743,-0.03777,0.01050,-0.06003,-0.03899,-0.40166,0.06142,
4891044048917,-0.00654,-0.07227,0.18555,0.99687,-0.04149,0.00045,-0.06729,0.02444,-0.19990,0.08897,
4891143607917,-0.00367,-0.07636,0.19325,0.99622,-0.04445,-0.00641,-0.07429,0.03067,0.14467,0.03763,
4891243085917,-0.00243,-0.05257,0.19360,0.99645,-0.04613,-0.00415,-0.07035,-0.00050,0.36002,-0.03983,
4891342646917,-0.00212,-0.01818,0.19255,0.99642,-0.03252,-0.01274,-0.07694,-0.00063,0.39066,-0.02532,
4891442123917,-0.00422,0.01849,0.18973,0.99582,-0.02051,-0.01419,-0.08786,-0.03259,0.30739,-0.02453,
4891541647802,-0.01013,0.03906,0.18947,0.99562,-0.01352,-0.00546,-0.09236,-0.09845,0.01720,0.02160,
4891641163073,-0.02351,0.02690,0.19471,0.99401,-0.01875,0.00243,-0.10766,-0.14744,-0.30899,0.09107,
4891740683073,-0.03846,-0.00800,0.20443,0.99234,-0.02764,0.00714,-0.12018,-0.10309,-0.45437,0.12756,
4891840201385,-0.03619,-0.05132,0.22381,0.99114,-0.04464,0.00429,-0.12502,0.17181,-0.33908,0.28430,
4891939827917,-0.00802,-0.07182,0.24975,0.99228,-0.06477,-0.01621,-0.10448,0.38176,-0.03289,0.20822,
4892039352437,0.03048,-0.06313,0.26239,0.99347,-0.08031,-0.02666,-0.07647,0.39502,0.26418,0.04379,
4892138762115,0.05697,-0.03076,0.25823,0.99577,-0.06748,-0.04617,-0.04190,0.15217,0.40717,-0.16253,
4892238278073,0.05259,0.00484,0.24076,0.99780,-0.04932,-0.03876,-0.02138,-0.17334,0.34315,-0.22688,
4892370971334,0.00638,0.02964,0.22073,0.99900,-0.02860,-0.01268,-0.03188,-0.46830,0.02414,-0.15167,
4892437413281,-0.02354,0.02840,0.21620,0.99822,-0.02427,0.00280,-0.05437,-0.49194,-0.09752,-0.04141,
4892536835125,-0.06706,0.01148,0.21921,0.99582,-0.02516,0.01375,-0.08668,-0.37679,-0.28587,0.11606,
4892636436074,-0.08920,-0.02331,0.23575,0.99229,-0.04239,0.01571,-0.11539,-0.05364,-0.37986,0.25618,
4892735955938,-0.07770,-0.05484,0.26278,0.99030,-0.06654,0.00495,-0.12190,0.28429,-0.22691,0.34848,
4892868566334,-0.03233,-0.07107,0.28900,0.98875,-0.11241,-0.01868,-0.09694,0.41547,0.04182,-0.00404,
4892934911479,-0.00622,-0.06523,0.28237,0.99076,-0.10575,-0.02972,-0.07957,0.40634,0.16469,-0.22990,
4893034441522,0.02802,-0.04232,0.24999,0.99532,-0.07229,-0.03545,-0.05349,0.25072,0.29798,-0.41905,
4893133948073,0.04130,-0.01180,0.21330,0.99822,-0.03411,-0.02938,-0.03920,0.03701,0.30641,-0.35146,
4893233467177,0.03846,0.01155,0.19018,0.99901,0.00071,-0.02170,-0.03876,-0.09561,0.16906,-0.16020,
4893332985022,0.02536,0.01859,0.18775,0.99876,0.01624,-0.01023,-0.04589,-0.13910,-0.00766,0.15782,
4893432573969,0.01205,0.01198,0.21989,0.99831,0.00590,-0.01328,-0.05622,-0.10750,-0.09305,0.47617,
4893532022970,0.00009,-0.00010,0.26938,0.99746,-0.01883,-0.01992,-0.06568,-0.09723,-0.11219,0.59856,
4893631574073,-0.00806,-0.01086,0.32527,0.99654,-0.04133,-0.02069,-0.06909,-0.07892,-0.07438,0.57230,
4893731101021,-0.01507,-0.01800,0.37218,0.99536,-0.06717,-0.01051,-0.06804,-0.07404,-0.06787,0.33130,
4893830580969,-0.01528,-0.02130,0.38741,0.99377,-0.09121,-0.00298,-0.06398,0.00513,-0.02475,-0.02952,
4893930100334,-0.00886,-0.02198,0.36456,0.99358,-0.09086,-0.01782,-0.06497,0.05074,0.01462,-0.42713,
4894062793948,-0.00084,-0.01604,0.29149,0.99604,-0.05401,-0.01891,-0.06806,0.09195,0.08964,-0.60314,
4894129224917,0.00389,-0.00888,0.25739,0.99697,-0.02525,-0.02345,-0.06976,0.08229,0.11178,-0.55312,
4894228655917,0.00785,0.00196,0.21186,0.99672,0.01175,-0.02162,-0.07706,0.04758,0.11023,-0.35769,
4894328217022,0.00986,0.01004,0.19201,0.99649,0.03280,-0.01865,-0.07477,0.03033,0.07987,-0.03005,
4894427695022,0.00926,0.01725,0.20107,0.99669,0.02752,-0.01659,-0.07469,0.02259,0.13725,0.20539,
4894527212864,0.00737,0.03843,0.21904,0.99806,0.01326,-0.01377,-0.05922,0.03552,0.29811,0.20605,
4894626870021,0.00980,0.06489,0.23695,0.99925,0.02078,-0.01729,-0.02787,0.02033,0.22656,0.22187,
4894726320126,0.00889,0.07711,0.26135,0.99969,0.01942,-0.01263,-0.00939,-0.05217,-0.00145,0.29576,
4894825771073,0.00420,0.06881,0.29368,0.99996,-0.00293,-0.00497,-0.00615,-0.07975,-0.19616,0.37051,
4894925288969,-0.00258,0.04459,0.32817,0.99948,-0.02771,0.00057,-0.01656,-0.07883,-0.33580,0.31967,
4895024853282,-0.00860,0.00698,0.35036,0.99721,-0.06991,0.00499,-0.02555,-0.07237,-0.42021,0.08945,
4895124327969,-0.01017,-0.03043,0.34397,0.99601,-0.08309,0.00227,-0.03249,-0.00257,-0.30217,-0.22138,
4895223886282,-0.00464,-0.04907,0.31178,0.99651,-0.07112,-0.00600,-0.04337,0.06590,-0.03690,-0.44627,
4895323444074,0.00474,-0.03565,0.26943,0.99827,-0.02776,-0.01111,-0.05066,0.10293,0.30441,-0.41728,
4895422925969,0.01361,-0.00115,0.24039,0.99860,0.01588,-0.01795,-0.04720,0.09954,0.44719,-0.20568,
4895522405021,0.01850,0.04026,0.22888,0.99771,0.05217,-0.02064,-0.03781,0.04332,0.39460,0.01666,
4895621922917,0.01746,0.07130,0.24128,0.99836,0.05559,-0.01089,-0.00859,-0.04719,0.19567,0.25820,
4895721518917,0.00899,0.07647,0.27359,0.99940,0.03327,0.00454,0.00901,-0.09417,-0.09671,0.43912,
4895821001126,-0.00193,0.05657,0.31749,0.99996,-0.00634,0.00495,0.00460,-0.11834,-0.32667,0.44199,
4895920550074,-0.01099,0.02388,0.34985,0.99898,-0.04275,0.00758,-0.01234,-0.10106,-0.40208,0.21640,
4896020039178,-0.01293,-0.01227,0.36056,0.99737,-0.06702,0.00769,-0.02650,-0.00248,-0.29552,-0.01172,
4896119516969,-0.00589,-0.03377,0.34767,0.99680,-0.07279,-0.00007,-0.03292,0.06872,-0.11976,-0.27170,
4896219076969,0.00468,-0.03429,0.31402,0.99764,-0.05844,-0.00018,-0.03595,0.11064,0.13859,-0.39476,
4896318594969,0.01475,-0.01329,0.27612,0.99924,-0.02475,-0.00506,-0.02960,0.07378,0.31450,-0.37897,
4896418074917,0.01632,0.02306,0.24411,0.99966,0.01490,-0.00582,-0.02070,-0.04992,0.38624,-0.24738,
4896517626969,0.00470,0.05847,0.22724,0.99899,0.04141,-0.00162,-0.01757,-0.20072,0.27844,-0.08210,
4896617115917,-0.02293,0.07614,0.22354,0.99827,0.04704,0.01138,-0.03354,-0.35132,0.03623,0.03207,
4896716633542,-0.05940,0.06942,0.23172,0.99681,0.04014,0.02072,-0.06574,-0.36485,-0.19194,0.15124,
4896816264333,-0.09354,0.04102,0.24296,0.99479,0.01723,0.02836,-0.09637,-0.27507,-0.37023,0.15012,
4896915669865,-0.10961,-0.00138,0.25804,0.99276,-0.01013,0.03139,-0.11553,-0.00737,-0.43363,0.19245,
4897015196021,-0.09262,-0.03968,0.27536,0.99260,-0.03905,0.02168,-0.11295,0.33711,-0.28148,0.18554,
4897114710281,-0.04994,-0.05798,0.28769,0.99431,-0.05970,0.00322,-0.08821,0.50908,-0.04677,0.07837,
4897214230313,-0.00199,-0.05148,0.28753,0.99624,-0.06574,-0.01000,-0.05547,0.43358,0.19605,-0.08505,
4897346919021,0.03378,-0.01172,0.26688,0.99917,-0.03154,-0.02339,-0.01110,0.06309,0.37441,-0.23645,
4897446567073,0.02315,0.02382,0.24684,0.99993,-0.00212,-0.01150,0.00219,-0.27672,0.28727,-0.19985,
4897512783970,0.00047,0.03904,0.23932,0.99993,0.00934,0.00428,-0.00556,-0.42339,0.12411,-0.08995,
4897612302969,-0.04293,0.04120,0.24113,0.99888,0.01040,0.02532,-0.03853,-0.43077,-0.09501,0.10005,
4897711822021,-0.07849,0.02886,0.24753,0.99620,-0.01631,0.04751,-0.07121,-0.22148,-0.13399,0.04426,
4897811385282,-0.08355,0.01872,0.24102,0.99490,-0.02341,0.04647,-0.08642,0.09813,-0.05524,-0.12060,
4897910901969,-0.06181,0.01583,0.22211,0.99600,-0.01450,0.03278,-0.08190,0.35994,0.05225,-0.22416,
4898010379229,-0.02240,0.02313,0.20333,0.99800,0.00835,0.01934,-0.05962,0.48995,0.10259,-0.09981,
4898109897969,0.02556,0.03349,0.20205,0.99947,0.02211,-0.00211,-0.02400,0.46408,0.08102,0.06711,
4898209486969,0.06697,0.04039,0.21656,0.99968,0.01972,-0.01181,0.01057,0.34387,0.04637,0.26860,
4898342109073,0.09382,0.04319,0.25939,0.99833,-0.00093,-0.02861,0.05024,0.04007,-0.03770,0.35700,
4898408454969,0.09452,0.04012,0.28208,0.99792,-0.01388,-0.02765,0.05661,-0.05743,-0.07729,0.40520,
4898507973282,0.08304,0.02988,0.32209,0.99740,-0.03899,-0.02764,0.05398,-0.20010,-0.12184,0.38741,
4898607492917,0.05907,0.01677,0.35766,0.99682,-0.06901,-0.01025,0.03850,-0.32084,-0.11674,0.31516,
4898707052917,0.02830,0.00596,0.38289,0.99505,-0.09715,0.00732,0.01938,-0.39690,-0.11111,0.15971,
4898806531969,-0.00876,-0.00270,0.38957,0.99296,-0.11493,0.02569,-0.01249,-0.39063,-0.05384,-0.04642,
4898906050969,-0.04268,-0.00517,0.37342,0.99159,-0.11592,0.04076,-0.04071,-0.30133,0.01576,-0.28018,
4899005569126,-0.06371,-0.00073,0.33929,0.99306,-0.09176,0.03739,-0.06330,-0.14055,0.04578,-0.41108,
4899105086917,-0.07040,0.00673,0.29632,0.99416,-0.06025,0.02897,-0.08473,0.02570,0.09216,-0.45691,
4899204653969,-0.05863,0.01749,0.25606,0.99581,-0.02932,0.01780,-0.08481,0.20888,0.08959,-0.34291,
4899304126865,-0.03967,0.02224,0.22717,0.99676,-0.01756,0.00735,-0.07811,0.23837,0.00714,-0.21639,
4899403644021,-0.02294,0.02046,0.20855,0.99730,-0.02217,-0.00232,-0.06990,0.18401,-0.03292,-0.14268,
4899503210021,-0.00774,0.01595,0.19734,0.99744,-0.02618,-0.01346,-0.06510,0.11682,-0.05352,-0.09770,
4899602753230,0.00150,0.01026,0.18918,0.99707,-0.02783,-0.02320,-0.06736,0.07060,-0.04896,-0.07807,
4899702202074,0.00662,0.00626,0.18004,0.99694,-0.02740,-0.02330,-0.06938,0.03427,-0.01876,-0.09487,
4899801720969,0.00903,0.00499,0.16943,0.99731,-0.02851,-0.01739,-0.06532,0.02009,-0.00158,-0.09431,
4899901278865,0.01052,0.00477,0.15856,0.99747,-0.02753,-0.01871,-0.06281,0.01258,-0.00285,-0.12292,
4900000895917,0.01122,0.00454,0.14530,0.99755,-0.01857,-0.02130,-0.06394,0.00908,-0.00106,-0.12843,
4900100277917,0.01148,0.00385,0.13254,0.99758,-0.01449,-0.02004,-0.06499,-0.00329,-0.01846,-0.12448,
4900199798074,0.01020,0.00143,0.11919,0.99757,-0.01512,-0.01312,-0.06667,-0.02425,-0.03568,-0.12109,
4900299315917,0.00756,-0.00206,0.10802,0.99723,-0.01308,-0.01311,-0.07203,-0.02021,-0.02600,-0.10200,
4900398834865,0.00667,-0.00302,0.09686,0.99704,-0.00972,-0.01567,-0.07469,-0.00129,0.01926,-0.12012,
4900498353073,0.00671,-0.00033,0.08427,0.99762,-0.00217,-0.01399,-0.06752,0.00621,0.02508,-0.12727,
4900597872126,0.00726,0.00169,0.07228,0.99784,0.00345,-0.01230,-0.06444,0.01346,0.01436,-0.10886,
4900697391969,0.00865,0.00326,0.06212,0.99802,0.00786,-0.00945,-0.06173,0.01456,0.02014,-0.08893,
4900796911125,0.00970,0.00437,0.05368,0.99834,0.01027,-0.00567,-0.05636,0.00715,0.00206,-0.06498,
4900896468917,0.01062,0.00389,0.04781,0.99841,0.01121,-0.00582,-0.05488,0.00064,-0.01048,-0.05322,
4900995957178,0.01016,0.00277,0.04243,0.99828,0.01287,-0.00489,-0.05695,-0.00739,-0.00943,-0.05049,
4901095513813,0.00915,0.00193,0.03733,0.99802,0.01628,-0.00536,-0.06058,-0.01645,-0.01074,-0.05497,
4901195027230,0.00761,0.00096,0.03199,0.99779,0.01810,-0.00502,-0.06381,-0.00943,-0.00505,-0.04161,
4901294505969,0.00649,0.00069,0.02785,0.99766,0.02158,-0.00692,-0.06454,-0.01418,-0.00329,-0.04174,
4901394024865,0.00547,0.00015,0.02451,0.99752,0.02147,-0.00563,-0.06684,-0.00363,-0.00391,-0.02239,
4901493589969,0.00575,-0.00012,0.02263,0.99739,0.02209,-0.00583,-0.06845,0.00659,-0.00692,-0.01022,
4901593102969,0.00677,-0.00082,0.02158,0.99737,0.02018,-0.00424,-0.06944,0.01170,-0.01186,-0.00676,
4901692582073,0.00787,-0.00214,0.02050,0.99721,0.01803,-0.00335,-0.07232,0.00993,-0.01466,-0.01193,
4901792177334,0.00891,-0.00341,0.01919,0.99704,0.01451,-0.00272,-0.07541,0.00464,-0.01087,-0.01545,
4901891619386,0.00947,-0.00379,0.01808,0.99696,0.01100,-0.00299,-0.07711,0.00849,-0.00046,-0.00969,
4901991139073,0.00974,-0.00375,0.01607,0.99682,0.00642,-0.00265,-0.07943,0.00404,0.01246,-0.02489,
4902090702178,0.00966,-0.00198,0.01378,0.99690,-0.00012,-0.00202,-0.07866,-0.00169,0.01215,-0.00471,
4902190178917,0.00978,-0.00225,0.01346,0.99690,-0.00118,-0.00125,-0.07861,-0.00117,0.00065,-0.00021,
4902289709969,0.00955,-0.00207,0.01336,0.99688,-0.00068,-0.00086,-0.07890,-0.00081,-0.00004,-0.00465,
4902389217125,0.00969,-0.00204,0.01304,0.99692,-0.00092,-0.00007,-0.07847,-0.00026,-0.01022,-0.00176,
4902488739969,0.00952,-0.00241,0.01280,0.99692,-0.00089,0.00026,-0.07836,-0.00104,-0.00569,0.00252,
4902588252969,0.00949,-0.00238,0.01273,0.99696,-0.00092,0.00055,-0.07785,0.00299,-0.01799,-0.00153,
4902687797906,0.00949,-0.00238,0.01257,0.99695,-0.00044,0.00095,-0.07803,0.00109,-0.01106,-0.00020,
4902787290969,0.00949,-0.00252,0.01254,0.99695,-0.00064,0.00094,-0.07801,0.00008,0.00156,0.00034,
4902886813969,0.00967,-0.00249,0.01241,0.99696,-0.00083,0.00137,-0.07788,0.00128,0.00647,0.01097,
4902986332282,0.00967,-0.00247,0.01244,0.99697,-0.00092,0.00119,-0.07780,-0.00504,-0.00177,-0.00392,
4903085863074,0.00962,-0.00250,0.01242,0.99697,-0.00103,0.00125,-0.07783,0.00036,-0.00230,-0.00021,
4903185367022,0.00955,-0.00253,0.01238,0.99696,-0.00113,0.00139,-0.07793,0.00347,0.00036,0.00197,
4903284887073,0.00953,-0.00256,0.01238,0.99696,-0.00125,0.00143,-0.07793,0.00265,0.00117,0.00304,
4903384403917,0.00958,-0.00255,0.01239,0.99696,-0.00131,0.00138,-0.07789,0.00046,0.00024,0.00068,
4903483925917,0.00963,-0.00253,0.01240,0.99696,-0.00128,0.00136,-0.07786,-0.00180,-0.00078,0.00006,
4903583442073,0.00967,-0.00255,0.01240,0.99697,-0.00133,0.00134,-0.07779,-0.00098,-0.00044,-0.00003,
4903683034917,0.00965,-0.00257,0.01238,0.99697,-0.00134,0.00131,-0.07778,-0.00014,0.00046,0.00069,
4903782621073,0.00963,-0.00259,0.01237,0.99697,-0.00138,0.00137,-0.07776,0.00136,0.00044,0.00131,
4903882001105,0.00961,-0.00259,0.01238,0.99697,-0.00138,0.00140,-0.07779,0.00143,-0.00025,0.00091,
4903981647261,0.00964,-0.00260,0.01237,0.99697,-0.00138,0.00141,-0.07779,0.00121,-0.00098,0.00120,
4904081078178,0.00963,-0.00261,0.01239,0.99697,-0.00143,0.00140,-0.07775,-0.00024,-0.00031,0.00111,
4904180684969,0.00963,-0.00261,0.01240,0.99698,-0.00151,0.00141,-0.07769,-0.00066,-0.00027,0.00088,
4904280076021,0.00963,-0.00261,0.01242,0.99697,-0.00162,0.00146,-0.07772,-0.00004,-0.00032,0.00058,
4904379625969,0.00963,-0.00261,0.01243,0.99697,-0.00167,0.00147,-0.07773,0.00031,-0.00049,0.00073,
4904479155073,0.00963,-0.00261,0.01243,0.99697,-0.00164,0.00147,-0.07777,0.00112,-0.00071,0.00159,
4904578632073,0.00961,-0.00261,0.01244,0.99697,-0.00170,0.00148,-0.07777,0.00078,-0.00079,0.00157,
4904678278073,0.00960,-0.00263,0.01244,0.99697,-0.00174,0.00144,-0.07779,0.00030,-0.00024,0.00095,
4904777669969,0.00955,-0.00258,0.01246,0.99697,-0.00178,0.00144,-0.07779,0.00040,-0.00020,0.00055,
4904877190073,0.00957,-0.00260,0.01244,0.99697,-0.00192,0.00143,-0.07774,0.00048,-0.00078,0.00096,
4905009880969,0.00960,-0.00260,0.01242,0.99697,-0.00208,0.00138,-0.07779,0.00035,-0.00005,0.00091,
4905076230177,0.00960,-0.00260,0.01244,0.99697,-0.00209,0.00140,-0.07777,-0.00019,-0.00064,0.00142,
4905175749917,0.00953,-0.00259,0.01247,0.99697,-0.00215,0.00140,-0.07780,-0.00044,-0.00005,0.00157,
4905275335865,0.00960,-0.00259,0.01245,0.99696,-0.00225,0.00145,-0.07782,0.00107,-0.00003,0.00066,
4905374823865,0.00961,-0.00260,0.01244,0.99697,-0.00227,0.00140,-0.07777,0.00087,-0.00036,0.00101,
4905474382022,0.00961,-0.00260,0.01244,0.99697,-0.00233,0.00136,-0.07777,0.00027,-0.00017,0.00126,
4905573862177,0.00960,-0.00260,0.01245,0.99697,-0.00233,0.00138,-0.07774,0.00018,-0.00011,0.00123,
4905673416177,0.00959,-0.00262,0.01246,0.99698,-0.00234,0.00140,-0.07766,-0.00008,-0.00061,0.00095,
4905772900917,0.00957,-0.00261,0.01247,0.99697,-0.00236,0.00139,-0.07770,-0.00011,-0.00023,0.00130,
4905872379969,0.00959,-0.00261,0.01247,0.99697,-0.00239,0.00140,-0.07770,0.00031,-0.00028,0.00121,
4905971898969,0.00957,-0.00263,0.01247,0.99697,-0.00238,0.00140,-0.07769,0.00017,-0.00029,0.00081,
4906071417969,0.00959,-0.00262,0.01248,0.99697,-0.00244,0.00145,-0.07775,0.00036,-0.00017,0.00111,
4906170983917,0.00953,-0.00262,0.01250,0.99697,-0.00247,0.00147,-0.07777,-0.00001,-0.00015,0.00144,
4906270495969,0.00955,-0.00262,0.01249,0.99697,-0.00245,0.00144,-0.07777,0.00047,-0.00004,0.00131,
4906369975917,0.00955,-0.00262,0.01250,0.99697,-0.00245,0.00140,-0.07778,0.00023,-0.00080,0.00106,
4906469506865,0.00959,-0.00264,0.01248,0.99696,-0.00255,0.00141,-0.07781,0.00063,-0.00024,0.00130,
4906569052917,0.00957,-0.00263,0.01249,0.99696,-0.00253,0.00138,-0.07782,-0.00006,0.00011,0.00172,
4906668530969,0.00959,-0.00265,0.01248,0.99697,-0.00254,0.00137,-0.07774,0.00020,-0.00041,0.00131,
4906768050969,0.00959,-0.00265,0.01249,0.99697,-0.00262,0.00136,-0.07773,0.00019,-0.00029,0.00145,
4906867569917,0.00959,-0.00265,0.01249,0.99696,-0.00269,0.00139,-0.07780,0.00007,-0.00025,0.00110,
4906967155969,0.00959,-0.00263,0.01249,0.99696,-0.00273,0.00138,-0.07780,-0.00027,0.00007,0.00083,
4907066608073,0.00956,-0.00266,0.01250,0.99697,-0.00267,0.00138,-0.07778,-0.00037,-0.00014,0.00122,
4907166128281,0.00958,-0.00267,0.01249,0.99697,-0.00272,0.00135,-0.07772,0.00191,-0.00038,-0.00239,
4907265645917,0.00960,-0.00266,0.01248,0.99697,-0.00275,0.00141,-0.07778,-0.00098,0.00156,0.00324,
4907365175073,0.00958,-0.00264,0.01250,0.99696,-0.00278,0.00143,-0.07780,-0.00081,0.00061,0.00120,
4907464684970,0.00962,-0.00265,0.01249,0.99696,-0.00281,0.00141,-0.07779,0.00019,-0.00421,-0.00042,
4907564205073,0.00960,-0.00263,0.01251,0.99697,-0.00277,0.00141,-0.07777,0.00048,0.00083,0.00185,
4907663722542,0.00960,-0.00264,0.01249,0.99697,-0.00279,0.00138,-0.07775,0.00086,-0.00108,0.00022,
4907763240917,0.00962,-0.00264,0.01248,0.99697,-0.00287,0.00143,-0.07774,0.00113,0.00178,0.00110,
4907862759021,0.00962,-0.00266,0.01249,0.99697,-0.00283,0.00138,-0.07774,0.00184,0.00092,0.00075,
4907962278177,0.00960,-0.00265,0.01249,0.99697,-0.00286,0.00138,-0.07775,0.00083,0.00022,0.00206,
4908061838073,0.00963,-0.00266,0.01250,0.99697,-0.00291,0.00138,-0.07772,-0.00076,0.00044,0.00294,
4908161318125,0.00961,-0.00266,0.01252,0.99697,-0.00302,0.00144,-0.07773,-0.00437,0.00077,0.00506,
4908260837021,0.00958,-0.00269,0.01257,0.99697,-0.00335,0.00155,-0.07769,-0.00770,-0.00550,0.00145,
4908360355073,0.00961,-0.00270,0.01255,0.99697,-0.00343,0.00149,-0.07765,0.00218,-0.00880,-0.00754,
4908459916969,0.00964,-0.00269,0.01256,0.99697,-0.00310,0.00146,-0.07777,0.00046,0.00019,-0.00812,
4908559436969,0.00966,-0.00271,0.01257,0.99697,-0.00287,0.00145,-0.07769,-0.00397,0.00625,0.00572,
4908658951969,0.00963,-0.00275,0.01260,0.99696,-0.00301,0.00144,-0.07779,0.00046,0.00067,-0.00031,
4908758431969,0.00965,-0.00273,0.01268,0.99696,-0.00305,0.00144,-0.07782,0.00140,-0.00240,-0.00082,
4908857948970,0.00962,-0.00273,0.01264,0.99695,-0.00314,0.00138,-0.07791,-0.00087,0.00038,-0.00168,
4908957467917,0.00961,-0.00277,0.01272,0.99696,-0.00318,0.00132,-0.07786,-0.00572,0.00321,0.00328,
4909057062334,0.00956,-0.00285,0.01275,0.99694,-0.00339,0.00139,-0.07812,-0.00208,0.00909,0.00899,
4909156507917,0.00960,-0.00277,0.01283,0.99696,-0.00358,0.00137,-0.07783,-0.00105,-0.00074,0.00845,
4909256024917,0.00963,-0.00281,0.01280,0.99696,-0.00348,0.00144,-0.07788,0.00283,0.00090,0.00295,
4909355615917,0.00959,-0.00280,0.01278,0.99696,-0.00346,0.00161,-0.07787,-0.00272,0.00057,-0.00591,
4909455144969,0.00957,-0.00278,0.01277,0.99697,-0.00302,0.00171,-0.07777,0.00683,0.00216,-0.01054,
4909554621969,0.01028,-0.00269,0.01319,0.99692,-0.00319,0.00307,-0.07829,0.01679,0.00592,0.00792,
4909654101969,0.01069,-0.00251,0.01329,0.99688,-0.00319,0.00341,-0.07874,-0.00563,-0.00152,0.00348,
4909753622230,0.01058,-0.00249,0.01340,0.99685,-0.00313,0.00459,-0.07914,0.00141,-0.00503,0.00264,
4909853140126,0.01084,-0.00245,0.01360,0.99682,-0.00481,0.00861,-0.07907,0.02635,0.00646,0.00341,
4909952698969,0.01308,-0.00147,0.01490,0.99669,-0.00697,0.01405,-0.07975,0.04882,0.00835,0.04158,
4910052177917,0.01982,0.00008,0.02279,0.99656,-0.00980,0.01430,-0.08099,0.09068,0.01826,0.13629,
4910151696074,0.03135,0.00396,0.04501,0.99648,-0.00778,0.01367,-0.08229,0.13579,0.05174,0.29471,
4910251216073,0.04562,0.01072,0.07778,0.99647,-0.00338,0.01375,-0.08271,0.15525,0.09111,0.38760,
4910350734917,0.06189,0.02000,0.11878,0.99706,0.00902,0.01363,-0.07482,0.16746,0.09460,0.46015,
4910450253229,0.07713,0.03082,0.16490,0.99721,0.03500,0.02692,-0.06021,0.13832,0.09742,0.47861,
4910549813970,0.09560,0.03525,0.21700,0.99569,0.06310,0.05205,-0.04364,0.24543,-0.05037,0.57814,
4910649375073,0.12688,0.02196,0.27801,0.99556,0.06734,0.05772,-0.03149,0.37295,-0.23504,0.63257,
4910748811022,0.16792,-0.00769,0.34148,0.99565,0.06330,0.06289,-0.02680,0.46899,-0.37149,0.65536,
4910848420021,0.22178,-0.05271,0.40894,0.99644,0.05051,0.06318,-0.02383,0.60452,-0.50670,0.72193,
4910947889969,0.28709,-0.10951,0.48167,0.99728,0.03285,0.06317,-0.01921,0.72038,-0.58874,0.80041,
4911047367126,0.36499,-0.17043,0.56338,0.99770,0.01769,0.06476,-0.00889,0.84434,-0.59069,0.89607,
4911146956917,0.45528,-0.23266,0.64946,0.99771,0.00156,0.06740,0.00528,0.96905,-0.62665,0.90465,
4911246406021,0.55850,-0.29416,0.73976,0.99736,-0.02033,0.06700,0.01909,1.10318,-0.58809,0.95320,
4911345924865,0.67310,-0.34902,0.83125,0.99591,-0.02889,0.07865,0.03378,1.20198,-0.49108,0.96010,
4911445451021,0.80099,-0.39461,0.92523,0.99343,-0.03624,0.09570,0.05114,1.37184,-0.42271,0.97535,
4911545004022,0.94594,-0.43331,1.02032,0.98992,-0.03967,0.11464,0.07314,1.51731,-0.30269,0.94570,
4911644522073,1.10559,-0.46063,1.10975,0.98344,-0.03657,0.14841,0.09738,1.69451,-0.21780,0.86256,
4911744041021,1.28758,-0.47711,1.18833,0.97323,-0.02179,0.19479,0.12002,1.97064,-0.10325,0.76343,
4911843597021,1.50375,-0.48483,1.25722,0.96279,-0.01302,0.22845,0.14380,2.38429,-0.06082,0.65898,
4911943038917,1.76177,-0.48680,1.31225,0.95557,-0.01212,0.24360,0.16553,2.79214,0.00803,0.54686,
4912042558438,2.06253,-0.48015,1.35758,0.95192,-0.01875,0.23664,0.19363,3.22609,0.08972,0.43066,
4912142158073,2.40393,-0.46441,1.39334,0.94596,-0.04071,0.22717,0.22781,3.61270,0.22893,0.35020,
4912241717104,2.77673,-0.42729,1.41935,0.93771,-0.06979,0.21315,0.26532,3.94802,0.43716,0.28241,
4912341116230,3.18132,-0.37012,1.43691,0.92692,-0.10486,0.18944,0.30648,4.18763,0.70569,0.21097,
4912473908125,3.75172,-0.24634,1.45579,0.90536,-0.15017,0.15916,0.36392,4.38814,1.16201,0.10198,
4912540159156,4.04284,-0.15834,1.46072,0.89174,-0.17200,0.14245,0.39361,4.42755,1.42651,0.06915,
4912672782573,4.62961,0.06598,1.46590,0.85746,-0.21453,0.10641,0.45543,4.35988,2.00563,0.03996,
4912772295156,5.05694,0.28786,1.47001,0.82414,-0.24424,0.07856,0.50494,4.19563,2.48804,0.06527,
4912838643453,5.33094,0.46340,1.47243,0.79802,-0.26391,0.05759,0.53870,4.02516,2.82125,0.06698,
4912938088473,5.71009,0.76812,1.47915,0.75016,-0.29547,0.02255,0.59114,3.60462,3.29680,0.08921,
4913037607057,6.04883,1.11633,1.48385,0.69404,-0.32085,-0.01414,0.64434,3.04473,3.76291,0.05932,
4913170300161,6.40134,1.64621,1.48203,0.61200,-0.32611,-0.05365,0.71849,2.12573,4.26172,0.01110,
4913269899141,6.58213,2.07733,1.47752,0.54073,-0.31372,-0.09885,0.77422,1.42253,4.48021,-0.00807,
4913369430109,6.68982,2.52286,1.47325,0.46359,-0.30849,-0.15967,0.81513,0.65994,4.48976,-0.03828,
4913435625653,6.69929,2.81640,1.46884,0.41869,-0.30457,-0.19375,0.83331,0.07602,4.37530,-0.09168,
4913535143653,6.64419,3.23305,1.45250,0.36172,-0.29396,-0.22455,0.85576,-0.76824,4.09499,-0.21408,
4913634706757,6.52955,3.62026,1.41990,0.31317,-0.28370,-0.23198,0.87615,-1.54494,3.67074,-0.35113,
4913734219705,6.35509,3.97427,1.37024,0.28610,-0.27777,-0.18313,0.89859,-2.23821,3.25050,-0.46025,
4913833740861,6.10750,4.28535,1.32097,0.27351,-0.25723,-0.09304,0.92215,-2.85314,3.05841,-0.43322,
4913933220758,5.80080,4.58726,1.27148,0.26317,-0.23367,-0.00593,0.93601,-3.33175,3.04620,-0.34629,
4914032738705,5.46007,4.89928,1.23363,0.24358,-0.21810,0.04488,0.94397,-3.66568,3.22924,-0.28063,
4914132297757,5.07877,5.22248,1.20896,0.21227,-0.21498,0.04240,0.95233,-3.98686,3.40153,-0.22367,
4914231818809,4.66166,5.56109,1.19042,0.18293,-0.21521,0.04050,0.95843,-4.31577,3.52631,-0.16364,
4914331295757,4.21227,5.91697,1.17453,0.16070,-0.21835,0.02480,0.96223,-4.63884,3.64536,-0.17544,
4914430815757,3.73520,6.27613,1.16000,0.15122,-0.22207,-0.00144,0.96323,-4.95282,3.68686,-0.21909,
4914530334809,3.22694,6.64648,1.13315,0.14807,-0.22794,-0.03784,0.96161,-5.27777,3.65302,-0.30449,
4914629853653,2.68322,7.01301,1.09561,0.15064,-0.22913,-0.05379,0.96016,-5.62988,3.49725,-0.40542,
4914729413705,2.10787,7.35249,1.05071,0.16269,-0.22219,-0.03522,0.96069,-5.97041,3.35516,-0.47902,
4914828969705,1.50464,7.69129,1.00229,0.18379,-0.21068,0.01784,0.95996,-6.24975,3.35864,-0.54350,
4914928411705,0.87594,8.03705,0.94875,0.20804,-0.19739,0.07135,0.95534,-6.45986,3.48618,-0.62481,
4915027930705,0.23026,8.40522,0.88329,0.22220,-0.18970,0.09999,0.95113,-6.57232,3.72302,-0.78505,
4915127448653,-0.42463,8.79364,0.79965,0.22032,-0.19447,0.07492,0.95290,-6.70402,3.95346,-0.95135,
4915226968653,-1.09776,9.20034,0.70986,0.21407,-0.20127,0.03502,0.95522,-6.91525,4.06848,-0.93041,
4915326529653,-1.79851,9.61278,0.62551,0.20659,-0.19851,0.02629,0.95772,-7.25619,4.09307,-0.78806,
4915426006706,-2.53718,10.02790,0.56813,0.18877,-0.15608,0.02129,0.96930,-7.57127,4.16604,-0.39508,
4915525524758,-3.29741,10.44779,0.55455,0.16375,-0.10904,0.01353,0.98036,-7.72313,4.19963,0.10302,
4915625043809,-4.06624,10.86800,0.58963,0.13177,-0.08109,0.00764,0.98793,-7.74026,4.18323,0.61559,
4915724476059,-4.82866,11.28863,0.67711,0.09467,-0.06872,-0.00589,0.99312,-7.69676,4.14062,1.01766,
4915823995841,-5.58571,11.70136,0.79487,0.04584,-0.06329,-0.03011,0.99649,-7.66410,4.02388,1.22945,
4915923548434,-6.34413,12.09989,0.92364,-0.01346,-0.05534,-0.07943,0.99521,-7.61959,3.90498,1.30629,
4916023055382,-7.08993,12.47401,1.06423,-0.06937,-0.04276,-0.16838,0.98235,-7.55930,3.57932,1.42938,
4916122504487,-7.82426,12.80777,1.21847,-0.12296,-0.02073,-0.25910,0.95777,-7.39315,2.87917,1.62128,
4916222024330,-8.55507,13.05754,1.38387,-0.18774,0.00857,-0.32805,0.92578,-7.08204,1.91864,1.80452,
4916321542330,-9.24651,13.21879,1.55770,-0.25460,0.03213,-0.36573,0.89465,-6.55428,0.86845,1.87614,
4916421069643,-9.85816,13.22858,1.74821,-0.32608,0.04631,-0.38528,0.86203,-5.89095,-0.17319,1.93684,
4916520678862,-10.40196,13.15045,1.93474,-0.39677,0.04991,-0.39820,0.82554,-5.17878,-1.07782,1.83404,
4916620200862,-10.87220,12.99398,2.09518,-0.47424,0.02668,-0.38778,0.78994,-4.56062,-1.58241,1.34512,
4916719753657,-11.28884,12.79655,2.20358,0.56426,0.01729,0.36638,-0.73964,-4.13700,-1.95949,0.88399,
4916852527862,-11.78215,12.48008,2.29587,0.68335,0.03839,0.33881,-0.64558,-3.60167,-2.53046,0.51489,
4916918873810,-12.00545,12.29733,2.32362,0.73015,0.02380,0.33509,-0.59501,-3.30278,-2.81040,0.37508,
4917051655296,-12.39695,11.89751,2.33649,0.79673,-0.03120,0.34235,-0.49704,-2.70969,-3.11288,-0.14416,
4917151174349,-12.62200,11.57610,2.29152,0.82764,-0.05840,0.34398,-0.43963,-2.13410,-3.18660,-0.60486,
4917217626453,-12.73599,11.35361,2.23799,0.84465,-0.05267,0.33533,-0.41394,-1.71732,-3.22974,-0.84864,
4917317236720,-12.86475,11.02163,2.13084,0.86475,-0.03487,0.31133,-0.39252,-1.18798,-3.31857,-1.19836,
4917416725649,-12.96317,10.68589,1.99578,0.87573,-0.00298,0.28602,-0.38895,-0.75478,-3.42093,-1.51533,
4917549408232,-13.08755,10.21425,1.78820,0.88812,-0.00566,0.26908,-0.37256,-0.31156,-3.59072,-1.81067,
4917615896012,-13.12067,9.97116,1.67137,0.89121,-0.00921,0.26864,-0.36537,-0.05556,-3.65819,-1.90516,
4917715433959,-13.11122,9.59701,1.47980,0.89393,-0.02363,0.27358,-0.35425,0.45516,-3.78264,-1.96902,
4917814975953,-13.03990,9.21625,1.28536,0.89808,-0.03113,0.27532,-0.34158,1.08380,-3.82233,-1.97161,
4917914471641,-12.91209,8.83143,1.09485,0.90387,-0.00223,0.26570,-0.33528,1.68643,-3.85769,-1.88895,
4918014128405,-12.72635,8.43131,0.91773,0.91118,0.02387,0.25422,-0.32334,2.22379,-4.12944,-1.62035,
4918146702123,-12.39356,7.86407,0.72558,0.92170,0.01828,0.25050,-0.29560,2.91464,-4.39013,-1.24068,
4918213103026,-12.19163,7.57043,0.64415,0.92729,0.00320,0.24841,-0.28003,3.27473,-4.47938,-1.06302,
4918312618974,-11.84143,7.12024,0.54670,0.93506,-0.02172,0.24320,-0.25698,3.79975,-4.51713,-0.81070,
4918412200234,-11.44265,6.66859,0.47536,0.93992,-0.03985,0.24122,-0.23827,4.27545,-4.54362,-0.55746,
4918511780641,-10.99599,6.21851,0.42862,0.94168,-0.08405,0.24312,-0.21694,4.80022,-4.38292,-0.33087,
4918611297610,-10.49546,5.79445,0.39986,0.94313,-0.07102,0.24469,-0.21353,5.31751,-4.13619,-0.21036,
4918710874801,-9.94979,5.38124,0.38202,0.94528,-0.06265,0.24247,-0.20913,5.77681,-4.06803,-0.08441,
4918810434769,-9.35841,4.97907,0.37402,0.94668,-0.06062,0.24019,-0.20599,6.18119,-3.93297,-0.02282,
4918909928614,-8.72498,4.59940,0.36410,0.95096,0.00007,0.22856,-0.20842,6.56983,-3.70328,-0.08618,
4919009429509,-8.05436,4.22126,0.36673,0.95905,0.06722,0.19744,-0.19165,6.94346,-3.96309,0.24503,
4919108950353,-7.35365,3.81126,0.40806,0.97055,0.06209,0.16227,-0.16689,7.13428,-4.21058,0.64387,
4919208468614,-6.63409,3.38514,0.48981,0.97488,0.05549,0.14492,-0.15976,7.33722,-4.30207,1.01310,
4919308036301,-5.89950,2.95112,0.60198,0.97587,0.07034,0.12574,-0.16404,7.42321,-4.40961,1.24585,
4919407608457,-5.15591,2.50811,0.73329,0.97698,0.06366,0.11164,-0.17026,7.45175,-4.51725,1.37079,
4919507024458,-4.42022,2.05135,0.86473,0.98140,0.04366,0.11310,-0.14887,7.45344,-4.51814,1.22521,
4919606474225,-3.68330,1.58273,0.97155,0.98989,-0.03809,0.11010,-0.08090,7.45905,-4.58786,1.01569,
4919706009277,-2.93709,1.13081,1.07539,0.98110,-0.16533,0.10040,-0.00601,7.53849,-4.30538,1.08077,
4919805554787,-2.18489,0.72933,1.18869,0.94775,-0.29387,0.09784,0.07642,7.56045,-3.61013,1.16799,
4919905034516,-1.44003,0.40570,1.30753,0.90287,-0.39318,0.09368,0.14647,7.52854,-2.66175,1.14036,
4920004549173,-0.70798,0.20174,1.41444,0.87357,-0.43342,0.10170,0.19669,7.27429,-1.41719,0.89305,
4920137324881,0.24379,0.13149,1.51764,0.88362,-0.37454,0.13136,0.24834,7.03677,0.32656,0.80997,
4920203588954,0.70148,0.15202,1.57559,0.89215,-0.32785,0.14203,0.27643,6.95378,0.99654,0.90088,
4920303153278,1.38814,0.22571,1.66094,0.89155,-0.27801,0.16001,0.31974,6.87623,1.59474,0.90120,
4920402626329,2.07013,0.39069,1.74989,0.86963,-0.27929,0.16843,0.37065,6.91131,2.09440,0.75968,
4920535320225,2.97145,0.71081,1.84705,0.82883,-0.30262,0.12868,0.45267,6.69952,2.91306,0.53666,
4920634935589,3.62438,1.01799,1.89250,0.79184,-0.30152,0.09804,0.52197,6.42795,3.39645,0.30530,
4920734397225,4.25910,1.37050,1.91461,0.74098,-0.30276,0.05975,0.59641,6.06809,3.82749,0.12797,
4920800621534,4.64193,1.65569,1.92106,0.68955,-0.31621,0.02219,0.65118,5.73316,4.18805,0.10735,
4920900141429,5.17409,2.07682,1.93971,0.58963,-0.34281,-0.06325,0.72857,4.91637,4.57609,0.16930,
4920999597611,5.60428,2.53885,1.95531,0.47294,-0.35908,-0.13801,0.79268,3.73424,4.70206,0.22635,
4921099156767,5.90505,2.99328,1.98911,0.35166,-0.36377,-0.19475,0.84029,2.49065,4.55089,0.30326,
4921198634664,6.07819,3.42464,2.02093,0.23912,-0.37161,-0.24060,0.86420,1.26633,4.09121,0.26228,
4921298153767,6.09309,3.81235,2.03944,0.16763,-0.37979,-0.22478,0.88155,0.05588,3.50711,0.12946,
4921397671767,6.02222,4.14545,2.04349,0.12452,-0.36415,-0.19375,0.90241,-1.00518,3.13426,0.03403,
4921497191663,5.87311,4.44659,2.02237,0.10535,-0.35433,-0.19041,0.90945,-1.70355,2.80568,-0.18866,
4921596751715,5.65857,4.73150,1.98330,0.10439,-0.35486,-0.18623,0.91022,-2.48764,2.45782,-0.38971,
4921696270611,5.37141,4.95896,1.93378,0.11858,-0.34138,-0.16104,0.91840,-3.20613,2.07916,-0.60772,
4921795782611,5.03161,5.15640,1.86938,0.13847,-0.33039,-0.12699,0.92495,-3.69659,1.94605,-0.83168,
4921895308767,4.64202,5.35609,1.78721,0.15299,-0.32292,-0.12031,0.92620,-4.26816,1.77079,-1.02611,
4921994788611,4.18900,5.52265,1.67885,0.19246,-0.30097,-0.03133,0.93348,-4.82744,1.59644,-1.16583,
4922094306611,3.68775,5.69448,1.55808,0.22753,-0.27261,0.07187,0.93207,-5.23515,1.78818,-1.24313,
4922193824664,3.15636,5.90743,1.43569,0.24926,-0.24866,0.14371,0.92487,-5.51928,2.17666,-1.31001,
4922293344611,2.59819,6.15448,1.30115,0.25646,-0.23586,0.17181,0.92145,-5.71663,2.69154,-1.33540,
4922392961820,2.01787,6.44485,1.17129,0.25745,-0.23196,0.17691,0.92121,-5.92928,3.19786,-1.29125,
4922492512715,1.41251,6.78305,1.05080,0.25941,-0.23212,0.16969,0.92197,-6.19370,3.68124,-1.15310,
4922591902715,0.78408,7.16753,0.94668,0.26837,-0.22784,0.18043,0.91843,-6.44209,4.14881,-1.00491,
4922691538559,0.13327,7.60575,0.84882,0.26937,-0.22429,0.17169,0.92068,-6.59566,4.64793,-1.02284,
4922791062663,-0.52921,8.08919,0.74244,0.26285,-0.22212,0.12142,0.93104,-6.79757,5.00878,-1.01848,
4922890538173,-1.22899,8.59976,0.65909,0.26612,-0.18236,0.09406,0.94185,-7.20012,5.36539,-0.57874,
4922990082976,-1.95598,9.13620,0.62935,0.26866,-0.13309,0.07522,0.95103,-7.35614,5.57205,0.04369,
4923089500903,-2.68801,9.69546,0.65567,0.25427,-0.11266,0.04144,0.95965,-7.36173,5.70329,0.43153,
4923222243007,-3.66225,10.44544,0.72118,0.19563,-0.11793,-0.02984,0.97310,-7.40890,5.59543,0.57629,
4923321738218,-4.40763,10.99556,0.79348,0.13566,-0.12034,-0.09421,0.97890,-7.57212,5.39945,0.89912,
4923387978802,-4.91431,11.34545,0.86216,0.09581,-0.11794,-0.14363,0.97790,-7.69851,5.10526,1.17997,
4923487495803,-5.69187,11.82017,1.00161,0.03325,-0.11177,-0.19542,0.97376,-7.89350,4.40520,1.64098,
4923587048750,-6.48811,12.21490,1.18415,-0.04248,-0.10064,-0.24148,0.96424,-7.98913,3.55986,2.03826,
4923686529750,-7.27357,12.53922,1.39329,-0.13422,-0.09062,-0.30710,0.93780,-7.93768,2.72698,2.21116,
4923786047750,-8.05241,12.76433,1.61742,-0.24903,-0.05768,-0.37066,0.89290,-7.70468,1.44463,2.42605,
4923885639219,-8.78888,12.84415,1.86762,-0.36059,-0.02226,-0.41349,0.83577,-7.11581,0.26847,2.49466,
4923985088146,-9.46867,12.83220,2.09729,-0.45997,-0.00729,-0.44955,0.76569,-6.45988,-0.63736,2.18414,
4924084664336,-10.07357,12.70450,2.29288,0.56081,-0.01518,0.45904,-0.68887,-5.71868,-1.43676,1.83236,
4924184184388,-10.59368,12.50987,2.44573,0.64297,-0.03845,0.45703,-0.61337,-4.85431,-2.01128,1.43772,
4924283702284,-11.00602,12.27371,2.56414,0.71024,-0.03276,0.44209,-0.54685,-3.96908,-2.43339,1.01970,
4924383359388,-11.35400,12.01189,2.64264,0.76286,-0.01399,0.41399,-0.49645,-3.25563,-2.76784,0.60567,
4924482807469,-11.63214,11.72971,2.68432,0.80128,0.00419,0.38469,-0.45819,-2.72633,-2.99512,0.15087,
4924582331626,-11.84317,11.42477,2.68257,0.82624,0.01920,0.36818,-0.42591,-2.20608,-3.21160,-0.28587,
4924681982927,-12.02903,11.09530,2.62782,0.84962,0.02150,0.34661,-0.39692,-1.70713,-3.42349,-0.68360,
4924781426135,-12.15856,10.75041,2.54107,0.86653,0.01669,0.33121,-0.37303,-1.30906,-3.53425,-1.11020,
4924880946979,-12.25179,10.39648,2.41472,0.87187,0.01997,0.33047,-0.36088,-0.81031,-3.68453,-1.49475,
4925013695505,-12.30850,9.89507,2.18672,0.88153,0.01044,0.32174,-0.34536,-0.19267,-3.90955,-1.88195,
4925080082505,-12.30466,9.63262,2.05700,0.88649,-0.00360,0.32003,-0.33421,0.15452,-3.99498,-2.02515,
4925179560661,-12.25047,9.23372,1.84845,0.89346,-0.01843,0.31843,-0.31621,0.77050,-4.08463,-2.12669,
4925279080557,-12.12111,8.83229,1.63025,0.90285,-0.02449,0.30876,-0.29820,1.41564,-4.13573,-2.14550,
4925378639557,-11.93834,8.42391,1.41261,0.91054,-0.02579,0.29893,-0.28443,2.04213,-4.19205,-2.14597,
4925478118557,-11.69152,8.01312,1.20329,0.91972,-0.00733,0.27390,-0.28115,2.72422,-4.20225,-1.98405,
4925577638505,-11.38978,7.58758,1.01981,0.92710,0.01257,0.24696,-0.28167,3.28768,-4.44514,-1.63840,
4925677286505,-11.02723,7.14692,0.87405,0.93330,-0.00834,0.23468,-0.27167,3.81274,-4.55936,-1.25236,
4925776675661,-10.61746,6.70048,0.76608,0.93678,-0.02826,0.23210,-0.26034,4.35675,-4.53434,-0.86654,
4925876193921,-10.15158,6.25833,0.69835,0.93847,-0.04257,0.23586,-0.24866,4.92747,-4.48724,-0.46591,
4925975712817,-9.62579,5.83464,0.66231,0.94058,-0.03904,0.23919,-0.23787,5.44933,-4.30697,-0.29128,
4926075232505,-9.06370,5.41795,0.62943,0.94375,0.01696,0.23271,-0.23429,5.83620,-4.25687,-0.28756,
4926174751661,-8.46728,4.99451,0.59823,0.94666,0.06095,0.21735,-0.22994,6.15106,-4.41570,-0.22925,
4926274270505,-7.83852,4.54617,0.58053,0.95363,0.07308,0.18768,-0.22365,6.46716,-4.73159,0.03336,
4926373922293,-7.17801,4.07247,0.60232,0.96145,0.06402,0.15006,-0.22135,6.68988,-4.90806,0.41324,
4926473406241,-6.50154,3.58491,0.65948,0.97262,0.03553,0.12434,-0.19312,6.81453,-5.03069,0.69227,
4926572923814,-5.81941,3.08970,0.73262,0.98420,-0.04724,0.10172,-0.13698,6.85816,-4.95658,0.72872,
4926672400241,-5.13488,2.61035,0.80687,0.98345,-0.13620,0.09371,-0.07412,6.90039,-4.67677,0.75277,
4926771936345,-4.44318,2.17606,0.88759,0.97480,-0.20183,0.09394,-0.01402,6.93258,-4.09984,0.82733,
4926871438189,-3.74479,1.81524,0.97773,0.97146,-0.20953,0.10657,0.03175,6.99858,-3.37673,0.97216,
4926970997502,-3.03633,1.52494,1.08396,0.96912,-0.20307,0.11856,0.07431,7.07081,-2.76644,1.08969,
4927070476241,-2.32143,1.28711,1.20025,0.96393,-0.20372,0.12608,0.11591,7.16010,-2.17182,1.23512,
4927169995137,-1.60011,1.10373,1.32377,0.96113,-0.19068,0.12675,0.15427,7.20635,-1.56882,1.25672,
4927269514241,-0.87617,0.98799,1.43997,0.95978,-0.14680,0.13278,0.19911,7.18462,-1.15526,1.05188,
4927369034294,-0.15241,0.90399,1.53868,0.95301,-0.12396,0.13361,0.24198,7.23595,-0.94408,0.81899,
4927468551397,0.57416,0.81722,1.60707,0.93919,-0.14668,0.11776,0.28731,7.25777,-0.74768,0.54495,
4927568071293,1.30128,0.78208,1.65169,0.91621,-0.19361,0.09901,0.33655,7.19015,-0.39947,0.34242,
4927667687449,2.02003,0.76995,1.67745,0.89027,-0.23056,0.07901,0.38473,7.05930,0.02260,0.17349,
4927767189501,2.72632,0.81400,1.68170,0.85791,-0.26215,0.05613,0.43831,6.81755,0.53458,0.01610,
4927866713189,3.39362,0.91557,1.67716,0.81932,-0.28798,0.03385,0.49461,6.45353,1.08935,-0.08347,
4927966192293,4.01557,1.06606,1.66193,0.77701,-0.30329,0.02087,0.55121,6.00920,1.64694,-0.18997,
4928065667397,4.59750,1.26411,1.63698,0.72217,-0.32271,-0.00475,0.61181,5.54515,2.15722,-0.28416,
4928165315231,5.12845,1.50569,1.60239,0.65657,-0.34307,-0.04224,0.67040,4.87210,2.59576,-0.37001,
4928264704293,5.56864,1.79335,1.56066,0.58648,-0.35071,-0.06757,0.72697,4.00613,2.98529,-0.39368,
4928364222346,5.91111,2.11441,1.51846,0.50779,-0.34827,-0.09504,0.78219,3.09079,3.23627,-0.42917,
4928463742293,6.15009,2.44701,1.47324,0.43376,-0.33811,-0.11233,0.82760,2.16915,3.31097,-0.48392,
4928563261189,6.29825,2.78216,1.42380,0.37375,-0.31013,-0.10508,0.86781,1.21097,3.30727,-0.46205,
4928662780345,6.34546,3.12093,1.37985,0.31331,-0.27174,-0.10110,0.90431,0.41062,3.28325,-0.34758,
4928762302575,6.34383,3.43429,1.35213,0.25795,-0.25044,-0.09676,0.92811,-0.20331,3.15694,-0.21984,
4928861827127,6.29309,3.74334,1.33990,0.20714,-0.24241,-0.11925,0.94027,-0.81923,3.06496,-0.03482,
4928961378606,6.16829,4.03160,1.33782,0.17427,-0.24365,-0.14748,0.94261,-1.42286,2.77204,0.04903,
4929060856450,5.98324,4.28203,1.34764,0.16816,-0.24503,-0.13807,0.94479,-2.01140,2.49466,0.03031,
4929193594293,5.65559,4.57990,1.35163,0.17783,-0.23651,-0.09931,0.95004,-2.71017,2.22875,0.00524,
4929259982241,5.44985,4.70992,1.34783,0.18193,-0.23269,-0.08551,0.95155,-3.03955,2.12731,0.00408,
4929359497346,5.11402,4.89998,1.34854,0.20573,-0.22464,-0.05616,0.95082,-3.48862,1.98705,0.01616,
4929459031450,4.73448,5.07220,1.34966,0.23852,-0.21470,0.02001,0.94690,-3.89360,1.91122,0.02486,
4929558451502,4.32017,5.24568,1.35092,0.25637,-0.21019,0.08188,0.93989,-4.18759,2.11039,0.00057,
4929658012346,3.88610,5.45980,1.34766,0.26588,-0.20138,0.12553,0.93434,-4.43272,2.40722,-0.10200,
4929757488189,3.42866,5.70156,1.33291,0.27298,-0.19002,0.15284,0.93060,-4.58986,2.75969,-0.19913,
4929857007241,2.95845,5.97607,1.30839,0.27465,-0.18697,0.15360,0.93060,-4.71155,3.10545,-0.29116,
4929989741606,2.31643,6.40016,1.25783,0.27470,-0.18890,0.14180,0.93207,-4.86829,3.48154,-0.54459,
4930056126345,1.98606,6.62772,1.21996,0.27280,-0.19095,0.12153,0.93507,-4.93711,3.66311,-0.68318,
4930155611022,1.48587,6.99904,1.15038,0.26684,-0.19595,0.06695,0.94123,-5.09600,3.85113,-0.80455,
4930255086241,0.96782,7.38751,1.06931,0.26040,-0.20342,0.01569,0.94370,-5.31889,3.91359,-0.92717,
4930354603449,0.42411,7.77614,0.97809,0.25759,-0.21065,-0.01268,0.94293,-5.63155,3.89572,-0.92747,
4930454198189,-0.15750,8.15941,0.89340,0.26054,-0.20829,-0.01105,0.94266,-5.96767,3.87192,-0.84320,
4930553710293,-0.77109,8.54340,0.81797,0.26629,-0.19981,0.00977,0.94290,-6.27719,3.86296,-0.73796,
4930653247293,-1.40660,8.93947,0.75416,0.26576,-0.19498,0.01937,0.94392,-6.49634,4.00890,-0.62011,
4930752766189,-2.06906,9.34302,0.70732,0.25635,-0.19187,0.01570,0.94722,-6.80544,4.09239,-0.31110,
4930852237397,-2.76944,9.75336,0.69941,0.23976,-0.17547,0.01114,0.95478,-7.15074,4.17012,0.13518,
4930951789293,-3.49818,10.17331,0.73972,0.19850,-0.15861,-0.00655,0.96716,-7.45663,4.18392,0.67863,
4931051220714,-4.25468,10.58718,0.83457,0.12420,-0.13385,-0.05169,0.98183,-7.71769,4.04994,1.25435,
4931150723847,-5.02988,10.98471,0.99206,0.03656,-0.09872,-0.10921,0.98843,-7.90868,3.73777,1.93464,
4931250159639,-5.81925,11.33256,1.21562,-0.05012,-0.05713,-0.17780,0.98113,-7.91351,3.15047,2.54166,
4931349678378,-6.59591,11.62416,1.48955,-0.12424,-0.02013,-0.26066,0.95719,-7.74393,2.49443,2.84457,
4931449196378,-7.34964,11.83800,1.76939,-0.18926,0.00638,-0.34076,0.92088,-7.42641,1.72343,2.73089,
4931548718534,-8.07132,11.97925,2.02361,-0.24958,0.02195,-0.38495,0.88828,-7.05889,0.95927,2.43113,
4931648363587,-8.75587,12.03075,2.25022,-0.31973,0.04556,-0.43459,0.84073,-6.62849,0.15171,2.12145,
4931781019188,-9.57950,11.98989,2.49208,-0.41437,0.06938,-0.48591,0.76641,-5.58292,-1.06860,1.58380,
4931847365499,-9.93615,11.92624,2.58646,-0.46680,0.05661,-0.47694,0.74257,-4.91399,-1.64032,1.32365,
4931946953151,-10.39504,11.74052,2.70230,0.55955,-0.02666,0.45764,-0.69048,-4.18533,-2.23147,0.95226,
4932046432203,-10.77000,11.49932,2.77793,0.64762,0.02615,0.44713,-0.61642,-3.55647,-2.55728,0.51445,
4932146007750,-11.06159,11.20210,2.80864,0.72740,0.09333,0.42279,-0.53238,-2.85810,-3.14705,0.22855,
4932245568594,-11.28414,10.85265,2.81602,0.79580,0.12748,0.38545,-0.44931,-2.21236,-3.79786,0.07000,
4932345106623,-11.43078,10.44613,2.80387,0.84041,0.13194,0.36035,-0.38269,-1.61321,-4.38709,-0.09749,
4932444624571,-11.52178,9.98853,2.77883,0.87159,0.10220,0.34434,-0.33365,-1.02575,-4.80158,-0.32716,
4932544144571,-11.55562,9.50467,2.73747,0.89274,0.06541,0.31877,-0.31164,-0.43814,-5.05072,-0.58491,
4932643737987,-11.52736,9.00262,2.66894,0.90499,0.03627,0.29019,-0.30897,0.00632,-5.17338,-0.90300,
4932743294873,-11.47157,8.48702,2.55298,0.90783,-0.01958,0.29238,-0.29994,0.33426,-5.26111,-1.31326,
4932842705696,-11.39937,7.96632,2.40466,0.90324,-0.08760,0.30420,-0.28974,0.77001,-5.19275,-1.69823,
4932942220092,-11.28390,7.45491,2.22190,0.89660,-0.14090,0.31214,-0.28076,1.33834,-5.02635,-1.96209,
4933074978228,-11.02945,6.81204,1.96032,0.89130,-0.17513,0.31423,-0.27600,2.45750,-4.61701,-1.93825,
4933141326228,-10.84358,6.51178,1.83383,0.89214,-0.17087,0.31172,-0.27879,3.02645,-4.40904,-1.85305,
4933240970258,-10.51153,6.07709,1.65693,0.89348,-0.16652,0.30754,-0.28174,3.86381,-4.11762,-1.68591,
4933340443207,-10.10145,5.67584,1.49513,0.89580,-0.16119,0.30447,-0.28083,4.64578,-3.86034,-1.52023,
4933473111258,-9.42838,5.19014,1.29206,0.91514,-0.09325,0.29117,-0.26274,5.56639,-3.44212,-1.52079,
4933572629154,-8.85613,4.84292,1.14341,0.93575,-0.01030,0.27235,-0.22382,6.04115,-3.45779,-1.43973,
4933639020206,-8.45468,4.59989,1.04991,0.94250,0.02870,0.26251,-0.20483,6.31096,-3.60637,-1.33727,
4933738494154,-7.81186,4.22024,0.93077,0.94689,0.07970,0.24093,-0.19748,6.79228,-3.89039,-1.00268,
4933838013988,-7.11756,3.81323,0.85274,0.95083,0.10675,0.21278,-0.19810,7.19558,-4.28642,-0.55743,
4933937533259,-6.39113,3.37118,0.81808,0.95465,0.10182,0.19968,-0.19596,7.44649,-4.58893,-0.19367,
4934037059206,-5.63996,2.90413,0.81129,0.96140,0.07353,0.20298,-0.17060,7.69555,-4.80786,0.02212,
4934169786206,-4.59675,2.26296,0.82423,0.97740,-0.00755,0.19486,-0.08158,7.97405,-4.83390,0.07175,
4934236168259,-4.06058,1.94866,0.82878,0.97921,-0.06695,0.18976,-0.02568,8.11547,-4.75681,0.02833,
4934335610206,-3.23676,1.49595,0.83901,0.96971,-0.16868,0.16571,0.06116,8.37077,-4.34009,0.19037,
4934435128154,-2.39698,1.10216,0.86917,0.95142,-0.24126,0.13055,0.13983,8.48572,-3.54211,0.44113,
4934534647154,-1.54892,0.80500,0.92405,0.92994,-0.28868,0.10917,0.19987,8.39466,-2.62434,0.58872,
4934634166102,-0.71620,0.60249,0.98388,0.91012,-0.31114,0.11269,0.24935,8.23334,-1.82639,0.46954,
4934733725206,0.10823,0.48401,1.02048,0.89407,-0.31251,0.12978,0.29349,8.08029,-1.10744,0.19044,
4934833204258,0.91704,0.43422,1.02753,0.88447,-0.29040,0.14217,0.33640,7.98290,-0.43031,-0.07681,
4934932658734,1.71159,0.42917,1.01053,0.87650,-0.25799,0.13066,0.38486,7.87843,0.28979,-0.10887,
4935032216734,2.49310,0.50378,1.00312,0.86758,-0.23303,0.10229,0.42724,7.73048,0.96946,0.02538,
4935131617384,3.25132,0.63729,1.01621,0.85592,-0.21372,0.07435,0.46497,7.46470,1.50807,0.13593,
4935231136488,3.98820,0.82244,1.03312,0.82766,-0.21630,0.04817,0.51564,7.21092,1.90161,0.07512,
4935330573117,4.69993,1.02328,1.03860,0.76091,-0.27236,-0.02253,0.58850,6.91624,2.25276,-0.04939,
4935430113661,5.35814,1.26004,1.03498,0.66129,-0.33633,-0.11852,0.65995,6.12202,2.59857,-0.15866,
4935529559453,5.90925,1.54219,1.02357,0.55632,-0.36680,-0.18508,0.72229,5.01399,2.79445,-0.28234,
4935629079504,6.33488,1.83704,0.99458,0.46936,-0.37447,-0.19854,0.77463,3.88891,2.76451,-0.53799,
4935728637348,6.67187,2.10468,0.93618,0.40246,-0.36890,-0.16565,0.82127,2.86373,2.69214,-0.71574,
4935828122557,6.92150,2.36123,0.86088,0.33496,-0.35356,-0.14250,0.86168,1.97459,2.64105,-0.84195,
4935927708348,7.04402,2.61853,0.77406,0.28475,-0.31963,-0.12816,0.89461,0.99850,2.52748,-0.85300,
4936027233348,7.03190,2.85697,0.69877,0.25398,-0.27151,-0.09187,0.92376,0.07372,2.36052,-0.69733,
4936159849244,6.86164,3.13734,0.64550,0.24362,-0.20350,-0.02499,0.94795,-0.94050,2.22253,-0.28773,
4936226192348,6.73036,3.26367,0.63865,0.25329,-0.16865,0.04825,0.95135,-1.34567,2.17784,-0.03399,
4936325712453,6.56133,3.49100,0.64944,0.25567,-0.13712,0.11687,0.94983,-1.49781,2.62433,0.20292,
4936425367452,6.39875,3.76881,0.67671,0.24399,-0.14494,0.08256,0.95533,-1.65959,3.01043,0.36629,
4936524751556,6.21660,4.07725,0.71858,0.23305,-0.16780,-0.00097,0.95788,-1.91363,3.18795,0.49434,
4936624271244,5.99731,4.38366,0.77184,0.22733,-0.18515,-0.07094,0.95342,-2.31710,3.03446,0.51938,
4936723829296,5.74721,4.67497,0.81158,0.23069,-0.19526,-0.09466,0.94852,-2.61431,2.85849,0.32356,
4936823347400,5.47490,4.95726,0.83153,0.23710,-0.20710,-0.09611,0.94428,-2.92712,2.69964,0.14658,
4936922866296,5.16940,5.22320,0.83602,0.24303,-0.21906,-0.08989,0.94068,-3.22652,2.58467,-0.03871,
4937022345349,4.83514,5.48495,0.82409,0.24162,-0.23392,-0.08173,0.93820,-3.62582,2.52229,-0.14506,
4937121905504,4.45421,5.73621,0.80585,0.23310,-0.22718,-0.07272,0.94275,-4.08637,2.38802,-0.19175,
4937221423453,4.03800,5.98170,0.78931,0.22123,-0.21377,-0.01810,0.95133,-4.48390,2.31216,-0.14494,
4937320941296,3.58165,6.21953,0.77898,0.20315,-0.19629,0.04347,0.95828,-4.75406,2.40559,-0.13466,
4937420421348,3.09940,6.48202,0.76421,0.19709,-0.18680,0.07717,0.95933,-4.91112,2.73466,-0.15674,
4937519940348,2.59992,6.76877,0.74888,0.19035,-0.18784,0.05985,0.96172,-5.11253,2.93474,-0.18027,
4937619589348,2.08085,7.06956,0.73043,0.18766,-0.18894,0.04513,0.96283,-5.32134,3.06289,-0.23697,
4937719057452,1.54770,7.40196,0.70494,0.18381,-0.18771,0.01682,0.96473,-5.53597,3.20588,-0.29389,
4937818507401,0.99262,7.74313,0.67606,0.17515,-0.17797,-0.02119,0.96809,-5.75070,3.22699,-0.39695,
4937918095661,0.41586,8.07055,0.63112,0.16969,-0.17211,-0.04291,0.96940,-5.91997,3.12202,-0.54870,
4938017540629,-0.18279,8.38752,0.58384,0.17132,-0.15771,-0.04203,0.97160,-6.17701,3.04191,-0.42328,
4938117056452,-0.80434,8.69591,0.55041,0.17037,-0.13911,-0.04724,0.97437,-6.34923,2.93340,-0.29874,
4938216576453,-1.44080,8.99056,0.52579,0.16566,-0.13819,-0.04198,0.97555,-6.49513,2.81659,-0.25635,
4938316098348,-2.09722,9.27144,0.50486,0.15293,-0.13165,-0.03541,0.97879,-6.66740,2.73907,-0.19481,
4938415623348,-2.76723,9.54616,0.49493,0.13046,-0.12075,-0.04605,0.98300,-6.81030,2.65104,-0.04051,
4938515130349,-3.44835,9.81210,0.50192,0.10264,-0.10922,-0.06060,0.98685,-6.91579,2.47037,0.16014,
4938614597982,-4.14294,10.06300,0.53233,0.07349,-0.09924,-0.06072,0.99049,-7.03799,2.32568,0.43949,
4938747382617,-5.08711,10.36944,0.62324,0.01038,-0.06473,-0.11926,0.99070,-7.14278,2.01035,0.89896,
4938813732607,-5.55936,10.50148,0.68750,-0.03657,-0.04240,-0.16053,0.98544,-7.08271,1.70890,1.06579,
4938913151565,-6.25657,10.65243,0.80494,-0.10507,-0.01222,-0.21253,0.97141,-6.91729,1.14768,1.30566,
4939045841200,-7.14852,10.75480,0.99943,-0.19138,0.03275,-0.27638,0.94123,-6.49978,0.24332,1.58512,
4939112227408,-7.57425,10.77309,1.10559,-0.23122,0.05163,-0.29846,0.92455,-6.15369,-0.26436,1.66506,
4939211708825,-8.17733,10.74393,1.26913,-0.28441,0.06901,-0.30322,0.90686,-5.61792,-0.99208,1.80347,
4939311228492,-8.72914,10.65234,1.44869,-0.32699,0.09527,-0.30886,0.88804,-5.01538,-1.61548,1.92491,
4939410784356,-9.29720,10.59674,1.61820,-0.37183,0.11608,-0.31764,0.86451,-4.39569,-2.05718,1.89331,
4939510383592,-9.74539,10.43116,1.78793,-0.45087,0.10435,-0.31532,0.82849,-3.80818,-2.39003,1.48845,
4939609885695,-10.12502,10.20276,1.91591,0.57308,-0.11530,0.34207,-0.73572,-3.46442,-2.53255,1.03313,
4939709427475,-10.45207,9.95120,1.99208,0.68307,-0.15371,0.39721,-0.59331,-3.08677,-2.58389,0.41613,
4939809037788,-10.73834,9.70072,2.00310,0.76318,-0.16451,0.42425,-0.45881,-2.55550,-2.56763,-0.20478,
4939908594172,-10.94331,9.44924,1.96066,0.81745,-0.14209,0.42720,-0.35928,-1.88260,-2.54222,-0.68508,
4940008085442,-11.11076,9.20399,1.86840,0.84745,-0.11375,0.43207,-0.28671,-1.14324,-2.52826,-1.08737,
4940140911943,-11.17239,8.86965,1.68869,0.87576,-0.06913,0.40626,-0.25143,0.09368,-2.59660,-1.41651,
4940240473078,-11.12811,8.60801,1.53301,0.88790,-0.05417,0.38092,-0.25218,0.93680,-2.71996,-1.54260,
4940306716786,-11.05541,8.42590,1.42216,0.89467,-0.05732,0.35773,-0.26137,1.55052,-2.76822,-1.54933,
4940439420630,-10.76907,8.05372,1.22753,0.90907,-0.03052,0.28047,-0.30659,2.58687,-2.82764,-1.34733,
4940505801630,-10.58445,7.85953,1.15205,0.91251,-0.00727,0.24556,-0.32706,2.97981,-2.92283,-1.15042,
4940605285786,-10.27543,7.55725,1.06718,0.91296,0.03200,0.19475,-0.35714,3.38519,-3.06986,-0.88316,
4940704762890,-9.93484,7.23526,0.99433,0.90792,0.08368,0.15220,-0.38146,3.56314,-3.31420,-0.71938,
4940804280734,-9.58867,6.88417,0.93672,0.90414,0.10750,0.13517,-0.39077,3.56538,-3.60431,-0.69317,
4940903873943,-9.23540,6.51328,0.87057,0.90154,0.11698,0.13200,-0.39512,3.60996,-3.85065,-0.74989,
4941003367255,-8.87589,6.12201,0.79334,0.90091,0.11404,0.13192,-0.39743,3.65158,-4.09871,-0.79673,
4941102838838,-8.50742,5.70670,0.71942,0.90038,0.11259,0.12959,-0.39980,3.74547,-4.35056,-0.72176,
4941202373630,-8.13567,5.25775,0.65251,0.90180,0.10977,0.12364,-0.39928,3.81285,-4.55883,-0.66328,
4941301875891,-7.76084,4.78620,0.59162,0.91703,0.08420,0.11772,-0.37162,3.83850,-4.80820,-0.55663,
4941401436734,-7.37469,4.30057,0.54811,0.93585,0.03724,0.11560,-0.33081,3.93616,-4.91981,-0.32553,
4941500915943,-6.97854,3.81183,0.53178,0.95036,0.00458,0.11675,-0.28838,4.10110,-4.88414,-0.04764,
4941600435630,-6.56064,3.33125,0.54576,0.96132,0.00583,0.11660,-0.24947,4.29146,-4.81255,0.25738,
4941700036151,-6.12873,2.85034,0.58795,0.96979,-0.01542,0.11974,-0.21196,4.43852,-4.82205,0.54739,
4941799556994,-5.68367,2.37680,0.66130,0.97520,-0.04981,0.12178,-0.17795,4.63899,-4.66565,0.84928,
4941899029734,-5.21584,1.92237,0.76142,0.97916,-0.08097,0.12553,-0.13761,4.85014,-4.43725,1.12796,
4941998509682,-4.73105,1.49290,0.88946,0.97886,-0.13098,0.12428,-0.09612,5.05210,-4.13358,1.34920,
4942098068682,-4.22353,1.10865,1.03140,0.97329,-0.18416,0.12358,-0.05932,5.21503,-3.71609,1.35451,
4942197546734,-3.70380,0.76660,1.16778,0.96342,-0.23577,0.12506,-0.02423,5.36473,-3.23286,1.27198,
4942297066943,-3.16427,0.48640,1.28921,0.95875,-0.25344,0.12873,0.00150,5.50058,-2.50622,1.16662,
4942396584682,-2.61173,0.27045,1.40312,0.96316,-0.22832,0.13797,0.03399,5.63494,-1.83044,1.12874,
4942496147682,-2.04271,0.10411,1.51404,0.96207,-0.21146,0.15034,0.08429,5.78226,-1.39077,1.13296,
4942595710047,-1.47478,-0.01061,1.63326,0.95402,-0.21793,0.15836,0.13143,5.90812,-0.90470,1.04450,
4942695231838,-0.90340,-0.04105,1.74083,0.95105,-0.19808,0.17039,0.16507,5.95590,-0.38397,0.85214,
4942794688839,-0.30256,-0.06260,1.81231,0.95464,-0.14281,0.18556,0.18394,6.07740,-0.00598,0.60570,
4942894180735,0.29929,-0.05329,1.86953,0.95769,-0.07858,0.19870,0.19279,6.23264,0.20169,0.40730,
4943026872838,1.13584,-0.02682,1.90124,0.95560,-0.06380,0.19660,0.20999,6.47126,0.24307,0.00335,
4943093316255,1.56634,-0.01232,1.89686,0.95108,-0.09123,0.18511,0.22989,6.60403,0.32298,-0.16591,
4943192741994,2.22596,0.03025,1.88013,0.93913,-0.14978,0.15012,0.27030,6.73026,0.62790,-0.22962,
4943325420463,3.12623,0.14113,1.85116,0.91023,-0.22586,0.09377,0.33417,6.68282,1.20575,-0.27030,
4943391771620,3.57555,0.22391,1.83584,0.88883,-0.26349,0.06621,0.36901,6.56385,1.55507,-0.28005,
4943491239775,4.22197,0.40314,1.80627,0.84604,-0.31582,0.02914,0.42852,6.20272,2.16285,-0.34116,
4943590827567,4.82586,0.64427,1.77229,0.79608,-0.34087,-0.00607,0.50003,5.68320,2.80376,-0.39831,
4943690209900,5.36846,0.94572,1.73178,0.73898,-0.34875,-0.04188,0.57491,5.05333,3.32389,-0.49424,
4943789730952,5.83450,1.29694,1.68073,0.67288,-0.35422,-0.07296,0.64533,4.30422,3.73535,-0.58357,
4943889190144,6.23119,1.68486,1.61962,0.59742,-0.34907,-0.11129,0.71334,3.51665,4.03129,-0.66483,
4943988792144,6.53490,2.09713,1.54681,0.51362,-0.35424,-0.15637,0.76567,2.77884,4.13458,-0.84763,
4944088269248,6.74730,2.51344,1.45132,0.43825,-0.34503,-0.17697,0.81091,1.72773,4.11023,-1.05723,
4944187787196,6.84718,2.92302,1.34350,0.35964,-0.30574,-0.18613,0.86170,0.85300,3.95769,-1.14499,
4944287266092,6.90058,3.30106,1.22555,0.28680,-0.28736,-0.18110,0.89575,0.13343,3.64943,-1.22423,
4944386903092,6.85331,3.64476,1.10653,0.22580,-0.27012,-0.15289,0.92340,-0.67019,3.34687,-1.14798,
4944486302092,6.73069,3.95863,0.99897,0.16733,-0.25211,-0.13304,0.94379,-1.34413,3.08850,-0.98601,
4944585915248,6.54997,4.24399,0.91143,0.13702,-0.23630,-0.10251,0.95649,-2.00889,2.77863,-0.79931,
4944685382145,6.29795,4.49432,0.84148,0.14815,-0.21986,-0.02435,0.96391,-2.60787,2.55513,-0.57698,
4944784861092,6.00165,4.74644,0.79661,0.16333,-0.20269,0.03962,0.96471,-3.08102,2.72621,-0.30745,
4944884385664,5.66927,5.02050,0.77810,0.16735,-0.19972,0.03467,0.96483,-3.47935,2.90619,-0.04991,
4944983898144,5.29576,5.30065,0.78582,0.17427,-0.20157,0.02744,0.96346,-3.88079,2.98713,0.14362,
4945083458092,4.89426,5.60853,0.79630,0.17676,-0.20589,0.00763,0.96245,-4.14707,3.12229,0.09956,
4945182939197,4.46665,5.92042,0.80249,0.17328,-0.21556,-0.03761,0.96026,-4.46612,3.11128,0.03623,
4945282457248,4.00433,6.22471,0.80207,0.16998,-0.22382,-0.07769,0.95654,-4.80013,2.99052,-0.05087,
4945381975560,3.50207,6.50660,0.79402,0.17249,-0.22654,-0.08753,0.95460,-5.20972,2.74890,-0.09531,
4945481540457,2.96370,6.77667,0.78154,0.17987,-0.22149,-0.06950,0.95591,-5.57622,2.61011,-0.14051,
4945581053300,2.39664,7.03968,0.75873,0.19021,-0.21513,-0.03438,0.95727,-5.84039,2.53590,-0.26216,
4945680622092,1.80887,7.30437,0.72632,0.19709,-0.22034,-0.00679,0.95528,-6.04672,2.61511,-0.37328,
4945813223092,0.98113,7.66499,0.66850,0.19715,-0.22480,-0.00859,0.95421,-6.49688,2.65913,-0.41849,
4945879570092,0.54551,7.84686,0.64478,0.20399,-0.21442,0.02027,0.95499,-6.73005,2.64576,-0.35268,
4946012261092,-0.37052,8.21463,0.61011,0.21187,-0.19015,0.08711,0.95466,-7.06699,2.95095,-0.16473,
4946078609144,-0.84171,8.42327,0.60625,0.20927,-0.17214,0.08523,0.95881,-7.20127,3.21148,-0.00067,
4946178126196,-1.56538,8.75905,0.61958,0.20028,-0.14790,0.06227,0.96651,-7.34000,3.44660,0.24617,
4946277646508,-2.29897,9.11306,0.65690,0.18407,-0.13655,0.04593,0.97230,-7.43053,3.53979,0.43933,
4946377250196,-3.04258,9.47955,0.71261,0.15919,-0.12710,0.02751,0.97865,-7.54032,3.66013,0.61678,
4946476677357,-3.79255,9.85576,0.78506,0.12539,-0.11000,-0.01471,0.98588,-7.63138,3.66590,0.78643,
4946576172431,-4.55139,10.22282,0.87225,0.08471,-0.09058,-0.07170,0.98969,-7.67749,3.53766,0.94594,
4946675605275,-5.30819,10.57445,0.98104,0.03305,-0.06328,-0.14973,0.98615,-7.68825,3.20405,1.21603,
4946775195379,-6.06951,10.86983,1.11814,-0.02467,-0.02886,-0.23458,0.97135,-7.62280,2.57843,1.46710,
4946874643275,-6.82022,11.09050,1.27382,-0.08795,0.01374,-0.30375,0.94859,-7.41032,1.74177,1.64014,
4946974165275,-7.53721,11.21440,1.43929,-0.15744,0.04926,-0.35457,0.92036,-6.96818,0.76966,1.67541,
4947073721275,-8.20195,11.24541,1.60893,-0.23546,0.08577,-0.39056,0.88581,-6.34612,-0.24011,1.68491,
4947173200275,-8.79388,11.18154,1.76694,-0.31067,0.09623,-0.39200,0.86056,-5.57353,-1.11760,1.46992,
4947272759483,-9.32490,11.06967,1.89494,-0.39017,0.08223,-0.36350,0.84194,-4.91017,-1.72399,1.27113,
4947372306595,-9.81291,10.93479,2.00283,-0.46568,0.07954,-0.35550,0.80649,-4.34218,-2.19251,1.16926,
4947471888262,-10.21417,10.70692,2.11603,0.53283,-0.09081,0.36527,-0.75791,-3.66981,-2.66128,1.03885,
4947571409314,-10.58118,10.42279,2.20793,0.59948,-0.08936,0.36472,-0.70683,-2.88941,-3.13180,0.89474,
4947671005119,-10.85352,10.08715,2.29421,0.66863,-0.08602,0.35002,-0.65039,-2.11707,-3.51940,0.83637,
4947770523119,-11.06484,9.71089,2.37571,0.73266,-0.09515,0.34163,-0.58089,-1.38381,-3.81836,0.76175,
4947870115245,-11.17483,9.32167,2.44022,0.79306,-0.10430,0.32947,-0.50163,-0.71965,-3.94484,0.57309,
4947969717296,-11.21531,8.93007,2.48011,0.83263,-0.12934,0.32670,-0.42809,-0.18687,-3.99174,0.30886,
4948069153244,-11.20055,8.55177,2.49431,0.85438,-0.15992,0.33142,-0.36690,0.33767,-3.86880,-0.11527,
4948168671557,-11.14510,8.18344,2.45799,0.87312,-0.13399,0.33330,-0.32957,0.86079,-3.65445,-0.60691,
4948268191380,-11.03721,7.81942,2.37506,0.89081,-0.07094,0.32137,-0.31329,1.31370,-3.65248,-1.04007,
4948367712317,-10.89394,7.45750,2.26153,0.90273,-0.02042,0.30363,-0.30408,1.70331,-3.67596,-1.38518,
4948467227400,-10.72081,7.08470,2.11763,0.91034,0.00473,0.29270,-0.29255,1.99566,-3.83567,-1.69666,
4948566747140,-10.50845,6.69695,1.94154,0.91780,-0.02336,0.29061,-0.26953,2.38235,-3.93317,-1.98069,
4948666309192,-10.24611,6.31271,1.73551,0.92120,-0.04099,0.29072,-0.25534,2.82393,-3.86181,-2.24666,
4948765784192,-9.94080,5.93324,1.51248,0.92278,-0.02207,0.28449,-0.25896,3.36517,-3.81019,-2.36063,
4948865304817,-9.58924,5.54785,1.28899,0.92309,0.03876,0.26379,-0.27714,3.83916,-3.89457,-2.34609,
4948964953244,-9.19189,5.14523,1.06393,0.92083,0.08306,0.24619,-0.29079,4.19425,-4.21276,-2.25175,
4949064395995,-8.76263,4.70357,0.84894,0.92697,0.05951,0.23897,-0.28298,4.55150,-4.56429,-2.11389,
4949163914827,-8.29176,4.23657,0.65092,0.93745,-0.00152,0.23132,-0.26016,4.98114,-4.72609,-1.85123,
4949263470359,-7.77694,3.76136,0.48218,0.94337,-0.06286,0.22157,-0.23877,5.46205,-4.71452,-1.50547,
4949362952942,-7.21216,3.30359,0.34914,0.94712,-0.09983,0.20956,-0.22154,5.99596,-4.39346,-1.15001,
4949462470994,-6.59130,2.88245,0.25759,0.95528,-0.07238,0.18782,-0.21663,6.50865,-4.08238,-0.69340,
4949562044046,-5.92854,2.48408,0.21250,0.96507,-0.02706,0.16211,-0.20402,6.84156,-3.97013,-0.21794,
4949661510942,-5.23971,2.08903,0.20994,0.97451,-0.02868,0.15153,-0.16293,7.05320,-3.89715,0.15289,
4949761028098,-4.53180,1.69678,0.24085,0.98161,-0.04507,0.14921,-0.11020,7.26143,-3.81971,0.48945,
4949860637942,-3.80598,1.30879,0.30531,0.98501,-0.07346,0.14444,-0.05916,7.43923,-3.67134,0.77277,
4949960159942,-3.06034,0.93459,0.38995,0.98105,-0.13536,0.13846,-0.00698,7.60192,-3.43819,0.91405,
4950059621942,-2.30405,0.61365,0.48649,0.97296,-0.18581,0.13181,0.03795,7.71004,-2.95527,0.96780,
4950159106942,-1.53109,0.36243,0.59090,0.96492,-0.22366,0.11983,0.06743,7.78565,-2.35687,1.02228,
4950258704942,-0.75532,0.17341,0.69552,0.96682,-0.21029,0.12263,0.07738,7.81103,-1.64428,1.04249,
4950358141890,0.03295,0.07000,0.80515,0.97601,-0.15496,0.12876,0.08249,7.86838,-1.10642,1.04903,
4950457661890,0.82664,-0.00745,0.90643,0.97833,-0.12189,0.13309,0.10147,7.92031,-0.83537,0.97492,
4950557180942,1.62135,-0.08208,1.00204,0.97333,-0.12995,0.12930,0.13790,7.98237,-0.63135,0.83778,
4950689821968,2.68501,-0.13496,1.11185,0.94969,-0.20315,0.09768,0.21742,7.96861,-0.18592,0.72161,
4950756166968,3.21737,-0.14210,1.16321,0.92933,-0.24474,0.07954,0.26479,7.88725,0.11200,0.65656,
4950855708228,3.99982,-0.10408,1.23327,0.88735,-0.30768,0.04768,0.34009,7.66609,0.74342,0.61822,
4950955153221,4.74149,0.00204,1.29818,0.84317,-0.34042,0.01006,0.41603,7.20618,1.50528,0.59931,
4951054672429,5.41301,0.20713,1.36242,0.79986,-0.34425,-0.01895,0.49128,6.59366,2.12949,0.47142,
4951154197735,6.03824,0.44594,1.40405,0.74721,-0.35004,-0.05089,0.56264,6.08246,2.55349,0.24850,
4951253642193,6.58682,0.74192,1.42821,0.68557,-0.35540,-0.09592,0.62808,5.34598,3.00357,0.07848,
4951353139717,7.05784,1.07068,1.43600,0.61710,-0.36235,-0.14908,0.68240,4.53187,3.26357,-0.12683,
4951452620029,7.44037,1.41091,1.41713,0.54358,-0.37214,-0.20097,0.72502,3.59491,3.40298,-0.37690,
4951552152925,7.72137,1.75654,1.36757,0.47726,-0.37638,-0.22687,0.76098,2.52869,3.33526,-0.73705,
4951651654133,7.88512,2.09481,1.29032,0.42674,-0.36123,-0.20380,0.80366,1.44754,3.25312,-0.93555,
4951751173873,7.92721,2.42409,1.19860,0.36162,-0.34413,-0.19390,0.84452,0.44713,3.13248,-1.03947,
4951850824821,7.88641,2.72568,1.10976,0.30103,-0.32344,-0.18193,0.87845,-0.51817,2.88311,-1.05062,
4951950211926,7.79209,3.00200,1.01494,0.25339,-0.29411,-0.14214,0.91054,-1.33200,2.63499,-0.98226,
4952049730717,7.61758,3.25688,0.92451,0.20866,-0.27014,-0.11139,0.93332,-1.94596,2.49453,-0.93523,
4952149250769,7.39232,3.49900,0.83326,0.18018,-0.24954,-0.08200,0.94791,-2.51873,2.33397,-0.90252,
4952248767717,7.10306,3.72867,0.74492,0.17002,-0.22730,-0.02827,0.95845,-3.03187,2.26989,-0.82541,
4952348329769,6.77511,3.95835,0.66599,0.16552,-0.20698,0.01669,0.96410,-3.42779,2.34372,-0.70706,
4952447846873,6.41756,4.19964,0.60162,0.16375,-0.20006,0.02161,0.96576,-3.71922,2.52364,-0.63095,
4952547326133,6.03312,4.45307,0.54605,0.16360,-0.20074,0.00402,0.96588,-4.04696,2.59137,-0.54860,
4952646846499,5.61551,4.71221,0.49326,0.16746,-0.20002,0.00004,0.96538,-4.39999,2.57410,-0.49592,
4952746364665,5.16624,4.97736,0.44463,0.17268,-0.19961,0.00120,0.96454,-4.70051,2.63792,-0.47752,
4952846017717,4.68223,5.23944,0.39704,0.17820,-0.19678,0.00796,0.96408,-5.01821,2.59522,-0.46881,
4952945402769,4.16770,5.49576,0.35460,0.19393,-0.18063,0.07020,0.96169,-5.27098,2.69470,-0.42076,
4953044923030,3.63606,5.78446,0.31606,0.19593,-0.17630,0.07557,0.96167,-5.41769,2.98153,-0.37897,
4953144443769,3.08958,6.09389,0.28595,0.19138,-0.18152,0.05034,0.96327,-5.62427,3.13376,-0.27185,
4953277131769,2.32180,6.52504,0.26709,0.18942,-0.18360,0.02917,0.96414,-5.98291,3.24980,-0.04862,
4953343477717,1.92215,6.74937,0.26837,0.18923,-0.18420,0.02558,0.96416,-6.13266,3.32502,0.01647,
4953442996769,1.30380,7.09196,0.27604,0.18875,-0.18265,0.01378,0.96479,-6.40263,3.40931,0.11630,
4953575691030,0.44005,7.55057,0.30365,0.18594,-0.17024,0.00549,0.96768,-6.64385,3.36761,0.21080,
4953642076134,-0.00134,7.78518,0.31847,0.18207,-0.17274,0.00672,0.96797,-6.75547,3.41399,0.17879,
4953741633977,-0.67886,8.13805,0.33816,0.16839,-0.17013,-0.01019,0.97087,-6.96120,3.41351,0.18061,
4953874255009,-1.61992,8.59096,0.37534,0.13956,-0.14957,-0.01351,0.97876,-7.25262,3.31198,0.38917,
4953940594717,-2.10630,8.81482,0.40673,0.11981,-0.13267,-0.02228,0.98364,-7.38464,3.28953,0.62496,
4954040110769,-2.84374,9.14720,0.48666,0.08355,-0.09479,-0.06386,0.98993,-7.51245,3.16795,0.97409,
4954139566759,-3.58592,9.45796,0.59827,0.04392,-0.06310,-0.10078,0.99193,-7.48578,2.83514,1.24290,
4954239130603,-4.32702,9.74111,0.72704,0.00064,-0.04506,-0.12377,0.99129,-7.43130,2.51294,1.42979,
4954338603603,-5.05888,9.98964,0.87243,-0.04779,-0.01819,-0.16912,0.98427,-7.33240,2.17600,1.52058,
4954438160707,-5.77468,10.20210,1.02265,-0.09765,0.01191,-0.22888,0.96847,-7.11722,1.70055,1.53121,
4954571149655,-6.69231,10.39592,1.22145,-0.16774,0.04030,-0.28957,0.94148,-6.69670,0.82335,1.57734,
4954637205707,-7.12331,10.45793,1.32006,-0.20530,0.06190,-0.31732,0.92376,-6.37976,0.32839,1.59119,
4954736718759,-7.72691,10.46481,1.46824,-0.26466,0.07840,-0.34191,0.89828,-5.76095,-0.42048,1.44749,
4954836197603,-8.27758,10.44014,1.59270,-0.34035,0.05673,-0.32972,0.87877,-5.20866,-0.99672,1.27164,
4954935840096,-8.78220,10.36858,1.69540,-0.41704,0.03472,-0.31623,0.85139,-4.70793,-1.50680,1.17158,
4955035285784,-9.25261,10.24826,1.78902,-0.48821,0.02616,-0.30804,0.81613,-4.25991,-1.95772,1.12398,
4955134872182,-9.62705,10.03032,1.88316,0.54468,-0.02482,0.30362,-0.78136,-3.69870,-2.43319,1.05572,
4955234468183,-9.96949,9.77091,1.97383,0.59217,-0.05039,0.31866,-0.73841,-3.29222,-2.83919,0.94122,
4955333988984,-10.26868,9.47874,2.04680,0.63470,-0.10785,0.35554,-0.67758,-2.75545,-3.10802,0.63667,
4955433545036,-10.49388,9.16718,2.08615,0.67034,-0.13667,0.38488,-0.61954,-2.01358,-3.25285,0.18397,
4955566281816,-10.68777,8.71970,2.07769,0.72809,-0.10098,0.38341,-0.55918,-0.99052,-3.54639,-0.23036,
4955632625816,-10.75450,8.48220,2.05346,0.76066,-0.09474,0.37483,-0.52146,-0.52376,-3.69273,-0.39702,
4955732225516,-10.79883,8.11293,2.00317,0.81531,-0.08664,0.34287,-0.45848,0.21987,-3.77748,-0.52964,
4955831725974,-10.73697,7.73379,1.93970,0.86161,-0.06899,0.30340,-0.40103,0.81439,-3.82679,-0.63912,
4955931244620,-10.62401,7.34880,1.86888,0.89269,-0.05346,0.26613,-0.35975,1.32472,-3.90454,-0.75728,
4956030762516,-10.45766,6.96079,1.78244,0.91249,-0.04323,0.23125,-0.33469,1.74503,-3.89660,-0.88074,
4956130281568,-10.25800,6.57552,1.69046,0.92279,-0.01228,0.20585,-0.32548,2.11449,-3.87624,-0.97205,
4956229801673,-10.03314,6.18574,1.58807,0.92770,0.01650,0.19070,-0.32052,2.37444,-4.00455,-1.03856,
4956329330620,-9.79130,5.78040,1.48022,0.93448,0.00281,0.18096,-0.30660,2.62229,-4.06649,-1.14795,
4956428944984,-9.52122,5.37350,1.36324,0.94118,-0.02108,0.17278,-0.28961,2.84638,-4.09381,-1.23520,
4956528356568,-9.22719,4.96688,1.23959,0.94622,-0.05372,0.16921,-0.27048,3.11747,-3.98609,-1.26033,
4956627984464,-8.89865,4.57978,1.11422,0.95103,-0.05538,0.16925,-0.25265,3.41889,-3.83878,-1.21806,
4956727394516,-8.54331,4.20267,0.99827,0.95600,-0.05111,0.16917,-0.23417,3.71726,-3.74111,-1.13182,
4956826992568,-8.15697,3.83341,0.88988,0.96074,-0.05020,0.16745,-0.21547,4.00790,-3.65303,-1.03561,
4956926472672,-7.74204,3.47657,0.79120,0.96479,-0.04643,0.16578,-0.19887,4.32463,-3.51716,-0.91155,
4957025951932,-7.29683,3.12900,0.70548,0.96932,-0.02887,0.15505,-0.18855,4.59135,-3.46302,-0.80022,
4957125471620,-6.82798,2.78122,0.63018,0.97259,-0.02345,0.14342,-0.18150,4.81003,-3.43341,-0.70193,
4957225030881,-6.34034,2.44518,0.56491,0.97548,-0.03079,0.14063,-0.16648,4.99997,-3.29569,-0.54980,
4957324509516,-5.83161,2.11763,0.52069,0.97939,-0.03525,0.13469,-0.14631,5.23209,-3.20876,-0.30891,
4957457203600,-5.12253,1.69526,0.49659,0.98526,-0.04990,0.12349,-0.10735,5.49243,-3.04452,-0.05139,
4957523586828,-4.75304,1.49093,0.49427,0.98851,-0.06481,0.11143,-0.07892,5.61549,-2.96119,0.06497,
4957656225564,-3.99816,1.11165,0.51224,0.99035,-0.11091,0.08017,-0.02202,5.72418,-2.64068,0.23594,
4957722528532,-3.61679,0.93634,0.52803,0.98873,-0.13406,0.06639,0.00483,5.76000,-2.42440,0.30469,
4957822049459,-3.04413,0.71859,0.56163,0.98559,-0.15172,0.05502,0.05055,5.70342,-1.95904,0.35354,
4957921567376,-2.47655,0.54602,0.59587,0.98449,-0.13036,0.06088,0.10037,5.66092,-1.54999,0.38282,
4958021084324,-1.90909,0.39710,0.63100,0.97676,-0.13205,0.05655,0.15908,5.65566,-1.32323,0.39316,
4958120554012,-1.34618,0.26405,0.66772,0.95886,-0.17338,0.02964,0.22282,5.57914,-0.98347,0.42429,
4958253292012,-0.62052,0.16209,0.72086,0.92493,-0.22476,-0.01290,0.30629,5.28258,-0.40123,0.40722,
4958319590856,-0.27755,0.14620,0.74555,0.90416,-0.24656,-0.03145,0.34743,5.05110,-0.07611,0.38764,
4958419085216,0.20896,0.16829,0.77565,0.87224,-0.26176,-0.05687,0.40921,4.62737,0.48024,0.31393,
4958551736205,0.77694,0.26322,0.80852,0.82326,-0.24800,-0.07649,0.50486,3.91270,1.02073,0.23383,
4958618002638,1.03875,0.31510,0.81033,0.79083,-0.23997,-0.08392,0.55674,3.55814,1.21003,0.20401,
4958750692805,1.46783,0.48799,0.82720,0.70777,-0.21358,-0.10869,0.66456,2.81391,1.43599,0.14679,
4958817065671,1.63614,0.58645,0.83935,0.66107,-0.20328,-0.11326,0.71333,2.46050,1.44891,0.11904,
4958916558670,1.83867,0.74672,0.85530,0.58395,-0.19765,-0.12205,0.77784,1.94342,1.48041,0.10196,
4959016101618,1.99070,0.89622,0.86499,0.49923,-0.19586,-0.13111,0.83380,1.41468,1.42774,0.03778,
4959148817670,2.11500,1.08148,0.86724,0.37640,-0.19034,-0.14144,0.89559,0.72027,1.25466,0.01673,
4959215069618,2.13654,1.15940,0.86705,0.30998,-0.17841,-0.14665,0.92227,0.37153,1.09964,0.00606,
4959314576670,2.11537,1.25386,0.86457,0.20365,-0.14908,-0.14435,0.95680,-0.03628,0.82837,-0.03849,
4959414119399,2.07460,1.31753,0.85714,0.09184,-0.12393,-0.13585,0.97865,-0.28620,0.55363,-0.05065,
4959513667595,2.01015,1.34895,0.85215,-0.02288,-0.10056,-0.12647,0.98660,-0.50630,0.27607,-0.02495,
4959613185543,1.93193,1.34822,0.85188,-0.13806,-0.06966,-0.11705,0.98101,-0.61600,-0.00838,0.00051,
4959712705543,1.86336,1.33296,0.84910,-0.25077,-0.04540,-0.11755,0.95981,-0.63032,-0.21156,-0.01128,
4959812265168,1.79720,1.28336,0.85176,-0.35900,-0.01763,-0.12411,0.92488,-0.58420,-0.42848,-0.05812,
4959911742491,1.74561,1.22297,0.85048,-0.45924,0.00210,-0.13226,0.87841,-0.45595,-0.62195,-0.08322,
4960011262543,1.70528,1.15500,0.84188,0.54947,-0.01813,0.14078,-0.82337,-0.29420,-0.79917,-0.08763,
4960110781751,1.68294,1.06996,0.83315,0.62817,-0.03153,0.14619,-0.76357,-0.08905,-0.92000,-0.13711,
4960210300595,1.67885,0.97107,0.81691,0.69581,-0.03628,0.14390,-0.70273,0.16502,-1.06212,-0.13468,
4960309819543,1.70532,0.85928,0.80728,0.75940,-0.04213,0.12838,-0.63644,0.39214,-1.12488,-0.12623,
4960409340699,1.75193,0.74156,0.79318,0.81405,-0.04766,0.12217,-0.56579,0.59200,-1.17402,-0.11606,
4960508858647,1.82369,0.62573,0.77687,0.86104,-0.06657,0.11382,-0.49115,0.81299,-1.17362,-0.13716,
4960608377491,1.91807,0.51211,0.76233,0.89841,-0.08226,0.10428,-0.41859,1.01991,-1.11082,-0.17860,
4960707998168,2.02888,0.41235,0.74161,0.92261,-0.08456,0.09851,-0.36322,1.22658,-1.01401,-0.19736,
4960807464349,2.16234,0.31501,0.72279,0.94212,-0.08671,0.08409,-0.31277,1.46137,-0.89982,-0.17246,
4960906984349,2.31089,0.22252,0.70423,0.95830,-0.09269,0.06202,-0.26311,1.59786,-0.77766,-0.17414,
4961006554687,2.47083,0.14683,0.68411,0.97053,-0.10328,0.04458,-0.21312,1.68728,-0.64222,-0.22089,
4961106115562,2.64085,0.08766,0.65794,0.97943,-0.11691,0.03168,-0.16141,1.76049,-0.43676,-0.31516,
4961205709530,2.81889,0.05429,0.62238,0.98666,-0.12072,0.02000,-0.10737,1.80863,-0.19058,-0.41600,
4961305110854,2.99893,0.04734,0.57438,0.99080,-0.12313,0.00751,-0.05565,1.81118,0.01038,-0.56232,
4961437886906,3.24045,0.06682,0.48543,0.99117,-0.13234,-0.00096,0.00791,1.79303,0.31651,-0.74393,
4961537372541,3.41492,0.11407,0.40572,0.98975,-0.13181,-0.00753,0.05442,1.75177,0.55554,-0.84665,
4961603669645,3.52626,0.15998,0.34743,0.98906,-0.12113,-0.01209,0.08332,1.69399,0.74505,-0.91830,
4961703279645,3.68940,0.24437,0.25136,0.98818,-0.09032,-0.01209,0.12326,1.65403,0.90887,-0.99406,
4961835877906,3.89683,0.37821,0.11738,0.98433,-0.04811,-0.01568,0.16893,1.54814,1.05625,-1.01513,
4961902357697,3.99744,0.45190,0.05264,0.98199,-0.01694,-0.01576,0.18752,1.51425,1.07699,-0.95762,
4962001838218,4.12526,0.54201,0.03542,0.97929,-0.01940,0.00840,0.20136,1.22984,0.87571,1.00362,
4962101265958,4.24241,0.62429,0.11270,0.97595,-0.00875,-0.01456,0.21732,1.17043,0.82528,0.63038,
4962233958520,4.38858,0.72877,0.13517,0.96770,-0.00858,-0.01191,0.25168,1.08782,0.81642,-0.40239,
4962333550343,4.49961,0.81068,0.05058,0.95213,-0.01018,-0.01083,0.30532,1.06412,0.85295,-1.29003,
4962432991541,4.58304,0.90462,-0.04585,0.94074,-0.01610,-0.01021,0.33858,0.65471,1.07620,-0.46298,
4962499338593,4.63092,0.97060,-0.09528,0.93763,-0.02238,-0.00858,0.34682,0.69530,1.01418,-0.87374,
4962598844186,4.69805,1.06973,-0.23657,0.93618,-0.01548,-0.01045,0.35101,0.64570,1.01271,-1.83912,
4962698320925,4.75841,1.16602,-0.42796,0.93337,-0.00726,0.01267,0.35861,0.39802,0.82432,-1.00472,
4962797840925,4.80813,1.23925,-0.51467,0.93555,-0.00837,-0.03544,0.35131,0.46594,0.73177,-1.22350,
4962897359925,4.84727,1.30588,-0.67366,0.93878,0.00072,0.01479,0.34421,0.50513,0.69736,-1.23676,
4962996878029,4.88916,1.37017,-0.79382,0.93866,-0.00891,-0.00792,0.34464,0.38068,0.66183,-1.25620,
4963096396134,4.91654,1.44141,-0.92190,0.93951,-0.00464,-0.01089,0.34233,0.22400,0.73333,-1.29599,
4963195913873,4.93990,1.50941,-1.04852,0.94070,-0.00347,-0.01312,0.33897,0.16093,0.74300,-1.29736,
4963295434925,4.95846,1.58042,-1.17674,0.94138,-0.00386,-0.01311,0.33708,0.16461,0.71772,-1.28569,
4963428171873,4.98692,1.67162,-1.34571,0.94074,-0.00456,-0.01560,0.33875,0.13646,0.69751,-1.28348,
4963494472186,4.99847,1.71953,-1.43050,0.94039,-0.00444,-0.01495,0.33973,0.14907,0.68231,-1.28312,
4963593991081,5.01357,1.78921,-1.55762,0.94037,-0.00437,-0.01450,0.33983,0.13094,0.68483,-1.27914,
4963693510134,5.02744,1.85718,-1.68460,0.94041,-0.00468,-0.01444,0.33971,0.10608,0.67905,-1.27250,
4963793028977,5.04052,1.92487,-1.81122,0.94038,-0.00490,-0.01449,0.33977,0.09661,0.66585,-1.27232,
4963892547925,5.05355,1.99213,-1.93789,0.94032,-0.00494,-0.01444,0.33994,0.09032,0.65636,-1.27737,
4963992067925,5.06508,2.05843,-2.06473,0.94038,-0.00513,-0.01463,0.33977,0.07405,0.64942,-1.27864,
4964091631029,5.07350,2.12349,-2.19147,0.94048,-0.00532,-0.01512,0.33947,0.05490,0.64132,-1.27748,
4964191104977,5.08089,2.18649,-2.31804,0.94052,-0.00555,-0.01537,0.33934,0.03902,0.63225,-1.27840,
4964290724925,5.08744,2.24910,-2.44469,0.94065,-0.00577,-0.01585,0.33896,0.01918,0.62145,-1.28026,
4964390144082,5.09336,2.31214,-2.57108,0.94069,-0.00595,-0.01579,0.33884,0.00459,0.61744,-1.27542,
4964489765185,5.09333,2.37276,-2.69769,0.94083,-0.00610,-0.01660,0.33841,-0.01487,0.59820,-1.27263,
4964589182185,5.08791,2.42882,-2.82448,0.94097,-0.00596,-0.01733,0.33798,-0.05434,0.59589,-1.27663,
4964690670977,5.08656,2.48535,-2.95402,0.94102,-0.00575,-0.01746,0.33785,-0.07988,0.58918,-1.27853,
4964788219873,5.06952,2.52928,-3.07927,0.94117,-0.00559,-0.01842,0.33738,-0.11489,0.56501,-1.28014,
4964887738977,5.01523,2.54585,-3.20895,0.94147,-0.00497,-0.02096,0.33642,-0.18545,0.50663,-1.28146,
4964987259185,5.00035,2.57963,-3.33713,0.94139,-0.00494,-0.02097,0.33662,-0.19636,0.47444,-1.27950,
4965086776925,4.99115,2.62093,-3.46456,0.94140,-0.00469,-0.02094,0.33661,-0.21026,0.44896,-1.28241,
4965186375030,4.98176,2.66025,-3.59195,0.94139,-0.00472,-0.02092,0.33663,-0.22815,0.43485,-1.28062,
4965285816029,4.98270,2.70539,-3.71855,0.94138,-0.00509,-0.02072,0.33667,-0.23615,0.42155,-1.27903,
4965385408811,4.97102,2.74636,-3.84542,0.94142,-0.00532,-0.02100,0.33653,-0.25958,0.40504,-1.28041,
4965484855081,4.96798,2.79051,-3.97168,0.94142,-0.00549,-0.02109,0.33654,-0.27098,0.39170,-1.28007,
4965584373706,4.96042,2.83162,-4.09856,0.94142,-0.00568,-0.02106,0.33652,-0.28127,0.38234,-1.28543,
4965683931873,4.94743,2.86889,-4.22549,0.94148,-0.00589,-0.02134,0.33634,-0.30733,0.37303,-1.28351,
4965783453873,4.94013,2.91041,-4.35192,0.94147,-0.00632,-0.02128,0.33636,-0.32597,0.36054,-1.27666,
4965883007925,4.94120,2.95476,-4.47791,0.94138,-0.00612,-0.02068,0.33666,-0.33395,0.35000,-1.27452,
4965982446821,4.92157,2.98016,-4.60426,0.94133,-0.00622,-0.02058,0.33680,-0.35231,0.32634,-1.25982,
4966082075873,4.93751,3.01763,-4.72857,0.94130,-0.00647,-0.02025,0.33690,-0.34808,0.31879,-1.26791,
4966181485873,4.93626,3.05444,-4.85294,0.94127,-0.00691,-0.02000,0.33700,-0.34248,0.30777,-1.26056,
4966281007394,4.92112,3.08247,-4.97816,0.94126,-0.00693,-0.01983,0.33703,-0.35505,0.29082,-1.25975,
4966380522821,4.92690,3.12499,-5.10198,0.94122,-0.00722,-0.01951,0.33714,-0.36050,0.29535,-1.25594,
4966480097925,4.92641,3.15509,-5.22646,0.94118,-0.00737,-0.01921,0.33727,-0.36617,0.28199,-1.25746,
4966579698873,4.91543,3.16623,-5.35087,0.94120,-0.00726,-0.01939,0.33723,-0.38251,0.26083,-1.25351,
4966679080873,4.92056,3.19522,-5.47388,0.94114,-0.00759,-0.01944,0.33736,-0.38923,0.25467,-1.24821,
4966778598977,4.93221,3.22508,-5.59663,0.94113,-0.00765,-0.01921,0.33742,-0.39262,0.24803,-1.24925,
4966878116925,4.91803,3.25308,-5.72006,0.94117,-0.00779,-0.01923,0.33731,-0.40527,0.23962,-1.24762,
4966977637186,4.89791,3.28508,-5.84387,0.94115,-0.00811,-0.01897,0.33735,-0.41754,0.23728,-1.24759,
4967110329925,4.87276,3.37140,-6.00895,0.94111,-0.00889,-0.01811,0.33750,-0.42859,0.26227,-1.23523,
4967176679134,4.78659,3.48654,-6.08745,0.94148,-0.01087,-0.01872,0.33636,-0.48826,0.33083,-1.23358,
4967276205873,4.47613,3.87414,-6.21196,0.94198,-0.01316,-0.01889,0.33488,-0.62568,0.49750,-1.23241,
4967375844873,4.40802,4.01789,-6.33409,0.94207,-0.01394,-0.01846,0.33461,-0.65097,0.54351,-1.22972,
4967475272873,4.27511,4.17258,-6.45663,0.94227,-0.01450,-0.01840,0.33404,-0.69673,0.59037,-1.24015,
4967574759873,4.24050,4.25288,-6.57925,0.94229,-0.01459,-0.01840,0.33397,-0.70523,0.60423,-1.24550,
4967674270873,4.19958,4.32620,-6.70216,0.94231,-0.01475,-0.01823,0.33393,-0.71650,0.61482,-1.24293,
4967773789925,4.11778,4.40486,-6.82597,0.94235,-0.01492,-0.01826,0.33379,-0.74889,0.62312,-1.24491,
4967873348925,4.07240,4.45739,-6.94930,0.94233,-0.01498,-0.01811,0.33385,-0.75560,0.62056,-1.24131,
4967972869978,4.04130,4.50392,-7.07208,0.94234,-0.01519,-0.01805,0.33381,-0.76784,0.62067,-1.23865,
4968072346133,4.00821,4.57933,-7.19445,0.94235,-0.01519,-0.01797,0.33379,-0.77264,0.63026,-1.24256,
4968171864977,3.97258,4.66376,-7.31655,0.94237,-0.01524,-0.01814,0.33374,-0.79104,0.63626,-1.24454,
4968271385925,3.95357,4.70992,-7.43934,0.94229,-0.01526,-0.01804,0.33396,-0.79334,0.62998,-1.24525,
4968370978925,3.94480,4.75839,-7.56210,0.94228,-0.01511,-0.01786,0.33400,-0.79877,0.63565,-1.24728,
4968470424029,3.89588,4.85290,-7.68467,0.94229,-0.01533,-0.01772,0.33399,-0.81809,0.65824,-1.23134,
4968569941977,3.86395,4.91366,-7.80625,0.94226,-0.01532,-0.01762,0.33407,-0.82932,0.65514,-1.23346,
4968669461821,3.85994,4.98029,-7.92701,0.94230,-0.01524,-0.01746,0.33397,-0.82935,0.64746,-1.23741,
4968768980238,3.81288,5.02281,-8.04986,0.94227,-0.01544,-0.01757,0.33403,-0.84286,0.64824,-1.23729,
4968868568029,3.83034,5.03121,-8.17218,0.94204,-0.01573,-0.01724,0.33468,-0.84275,0.65766,-1.24140,
4968968126758,3.87432,4.92780,-8.29771,0.94178,-0.01484,-0.01567,0.33553,-0.76016,0.58948,-1.23898,
4969067669873,3.88930,4.84810,-8.42201,0.94158,-0.01416,-0.01527,0.33616,-0.74675,0.54721,-1.24430,
4969167080030,3.80053,4.91858,-8.54315,0.94157,-0.01401,-0.01563,0.33616,-0.79869,0.54751,-1.24448,
4969266577707,3.75579,5.08323,-8.66371,0.94182,-0.01450,-0.01618,0.33540,-0.83294,0.59169,-1.24055,
4969399313341,3.55656,5.34985,-8.82939,0.94196,-0.01498,-0.01636,0.33499,-0.89277,0.65303,-1.24412,
4969465623446,3.85246,5.04870,-8.90281,0.94176,-0.01463,-0.01622,0.33559,-0.79955,0.54574,-1.24063,
4969565131133,3.78111,5.29051,-9.02740,0.94182,-0.01441,-0.01631,0.33542,-0.81804,0.58665,-1.24236,
4969697899821,3.64695,5.49627,-9.19292,0.94193,-0.01449,-0.01647,0.33509,-0.86048,0.62109,-1.24185,
4969797382978,3.74318,5.44312,-9.31313,0.94177,-0.01422,-0.01621,0.33556,-0.82731,0.59128,-1.24155,
4969863762977,4.01829,5.13348,-9.38821,0.94152,-0.01397,-0.01588,0.33628,-0.75599,0.50692,-1.23899,
4969963210821,3.73693,5.35129,-9.51841,0.94171,-0.01450,-0.01612,0.33571,-0.83832,0.55680,-1.23986,
4970062815030,3.65019,5.42610,-9.64248,0.94173,-0.01453,-0.01610,0.33566,-0.85783,0.56260,-1.23927,
4970162244925,3.67278,5.45922,-9.76475,0.94166,-0.01433,-0.01583,0.33589,-0.84284,0.55709,-1.23830,
4970294938289,3.58363,5.68005,-9.92917,0.94171,-0.01438,-0.01582,0.33574,-0.86549,0.59354,-1.23936,
4970361419821,4.01646,5.35054,-9.99773,0.94146,-0.01371,-0.01587,0.33647,-0.75925,0.48997,-1.23609,
4970460804654,3.88515,5.49944,-10.12651,0.94153,-0.01374,-0.01586,0.33628,-0.79418,0.51366,-1.23754,
4970560322873,3.78049,5.56395,-10.25103,0.94154,-0.01396,-0.01572,0.33624,-0.81612,0.52411,-1.23810,
4970659881873,3.74868,5.67277,-10.37257,0.94157,-0.01403,-0.01580,0.33616,-0.82850,0.53816,-1.23723,
4970759446029,3.72762,5.74066,-10.49490,0.94157,-0.01411,-0.01568,0.33617,-0.83137,0.54502,-1.23674,
4970858881394,3.64323,5.73920,-10.61991,0.94152,-0.01435,-0.01534,0.33631,-0.84247,0.54561,-1.23675,
