807398205012,-0.00162,-0.00062,0.01110,0.99974,-0.00083,-0.02233,-0.00334,-0.01590,-0.01885,0.22276,
807497685064,-0.00605,-0.00526,0.04938,0.99977,0.00313,-0.01852,-0.01072,-0.05520,-0.06044,0.54331,
807597247960,-0.01207,-0.01191,0.11774,0.99964,0.00111,-0.00839,-0.02544,-0.07250,-0.08228,0.81450,
807696798735,-0.02201,-0.01904,0.20412,0.99919,-0.02473,0.00403,-0.03158,-0.12379,-0.05127,0.88508,
807796317683,-0.03823,-0.02264,0.29055,0.99860,-0.03087,0.01898,-0.03851,-0.19873,-0.02718,0.85039,
807895967590,-0.06449,-0.02543,0.37062,0.99782,-0.02433,0.03822,-0.04792,-0.33314,-0.03068,0.73608,
807995443694,-0.10303,-0.02852,0.43634,0.99594,-0.02001,0.06569,-0.05825,-0.42173,-0.02202,0.58679,
808095130743,-0.14784,-0.02885,0.48716,0.99376,-0.01501,0.08715,-0.06797,-0.46532,0.02358,0.44320,
808194666160,-0.19352,-0.02327,0.52474,0.99157,-0.00689,0.10483,-0.07578,-0.44756,0.09134,0.30582,
808294313898,-0.23555,-0.01001,0.54877,0.98880,0.00859,0.12425,-0.08217,-0.39948,0.17114,0.17061,
808393695742,-0.27751,0.04680,0.58424,0.98195,0.00816,0.16765,-0.08724,-0.38889,0.26343,0.10101,
808493423879,-0.30677,0.07810,0.58982,0.97669,0.02416,0.19246,-0.09194,-0.27019,0.27296,0.06122,
808593033575,-0.32444,0.10572,0.59031,0.97353,0.03772,0.20714,-0.08890,-0.14343,0.26521,-0.01417,
808692453357,-0.33245,0.13302,0.58384,0.97341,0.04921,0.20848,-0.08114,-0.00434,0.23995,-0.08280,
808792054104,-0.32597,0.15727,0.57315,0.97431,0.06006,0.20412,-0.07383,0.12521,0.21610,-0.12098,
808891573719,-0.30735,0.17749,0.56049,0.97582,0.06960,0.19688,-0.06464,0.20745,0.18348,-0.14038,
808991153956,-0.28023,0.19285,0.54946,0.97847,0.07369,0.18477,-0.05500,0.28254,0.13930,-0.10521,
809090675477,-0.24900,0.20312,0.54302,0.98120,0.08167,0.16876,-0.04583,0.29384,0.07836,-0.06233,
809190264841,-0.21824,0.20673,0.54034,0.98131,0.09210,0.16300,-0.04450,0.28559,-0.00598,-0.02803,
809289711331,-0.18722,0.20236,0.54402,0.98119,0.10441,0.15357,-0.05273,0.27922,-0.08987,0.04092,
809389241009,-0.15923,0.19088,0.55128,0.98201,0.11225,0.13836,-0.06265,0.22887,-0.15651,0.06094,
809488750113,-0.13576,0.17380,0.55906,0.98286,0.11787,0.11928,-0.07653,0.15182,-0.21600,0.04461,
809588308644,-0.12181,0.15024,0.56504,0.98307,0.11723,0.10308,-0.09591,0.02824,-0.26543,0.03669,
809721033540,-0.12763,0.11102,0.57071,0.98179,0.11543,0.08469,-0.12489,-0.19625,-0.30391,0.00279,
809787373279,-0.14052,0.08919,0.57056,0.97939,0.11793,0.08417,-0.14069,-0.30761,-0.29940,-0.03658,
809886826372,-0.17509,0.05679,0.56517,0.97418,0.12451,0.09153,-0.16462,-0.42926,-0.31014,-0.06282,
809986343383,-0.22189,0.02384,0.55828,0.96904,0.12462,0.10197,-0.18719,-0.51138,-0.32964,-0.06049,
810085903540,-0.27466,-0.01041,0.55298,0.96498,0.12122,0.11114,-0.20437,-0.53281,-0.36391,-0.03593,
810185382227,-0.32842,-0.04783,0.54881,0.96148,0.11461,0.12478,-0.21644,-0.49836,-0.38782,-0.02262,
810284982436,-0.37411,-0.08701,0.54900,0.95855,0.11039,0.13467,-0.22553,-0.38449,-0.41295,0.00115,
810384462227,-0.40720,-0.12786,0.55204,0.95728,0.09990,0.14126,-0.23170,-0.22931,-0.42213,0.05181,
810484082753,-0.42480,-0.16782,0.56299,0.95812,0.08290,0.14347,-0.23355,-0.04227,-0.36766,0.13940,
810616799133,-0.41931,-0.20823,0.58704,0.96505,0.06019,0.13367,-0.21723,0.19977,-0.21640,0.19480,
810683181185,-0.41128,-0.22277,0.59908,0.96995,0.04478,0.12453,-0.20416,0.28844,-0.13246,0.17837,
810815799133,-0.36716,-0.22802,0.61867,0.97926,0.02446,0.10237,-0.17314,0.42831,0.09311,0.11787,
810882186081,-0.33939,-0.22131,0.62659,0.98358,0.01905,0.09123,-0.15458,0.46834,0.18949,0.13057,
810981666185,-0.29469,-0.19569,0.63819,0.98909,0.02220,0.07914,-0.12225,0.41347,0.36059,0.07602,
811081251186,-0.25824,-0.15495,0.64233,0.99244,0.02822,0.08152,-0.08731,0.29437,0.48461,-0.00022,
811180700185,-0.23540,-0.10378,0.63938,0.99438,0.02997,0.08935,-0.04819,0.11215,0.55375,-0.06652,
811280351081,-0.23088,-0.05172,0.62921,0.99369,0.02761,0.10738,-0.01675,-0.08567,0.49901,-0.14696,
811379738185,-0.24331,-0.00842,0.61327,0.99073,0.02223,0.13397,0.00306,-0.24385,0.41127,-0.16905,
811479298185,-0.26438,0.02839,0.59929,0.98576,0.01299,0.16614,0.02248,-0.29918,0.34900,-0.14922,
811578777393,-0.28091,0.06510,0.59081,0.97996,0.00155,0.19525,0.03931,-0.22431,0.34517,-0.09795,
811678336133,-0.29748,0.10216,0.58350,0.97523,0.00758,0.21418,0.05473,-0.11718,0.37857,-0.04645,
811777814238,-0.30109,0.14163,0.58061,0.97246,0.03002,0.22038,0.06971,0.05791,0.37665,-0.01374,
811910547133,-0.27794,0.18832,0.58218,0.97412,0.05461,0.20028,0.08939,0.32304,0.28837,0.04447,
811976893133,-0.25561,0.20640,0.58751,0.97712,0.06686,0.17745,0.09634,0.42328,0.21403,0.08537,
812076371133,-0.21447,0.22236,0.59777,0.98051,0.08737,0.14228,0.10352,0.48615,0.07721,0.12236,
812175972498,-0.17378,0.22306,0.61316,0.98271,0.10199,0.11185,0.10659,0.44006,-0.11335,0.17126,
812275409133,-0.14748,0.20408,0.63181,0.98637,0.09720,0.08526,0.10181,0.29735,-0.33389,0.20211,
812374913795,-0.14107,0.16596,0.65280,0.99070,0.08246,0.05618,0.09253,0.12396,-0.50291,0.21147,
812474431795,-0.15747,0.11816,0.66895,0.99395,0.06249,0.04070,0.08061,-0.08410,-0.58339,0.16478,
812573910795,-0.17763,0.06865,0.67393,0.99659,0.04307,0.04169,0.05672,-0.23882,-0.58791,0.10210,
812673429847,-0.20643,0.02051,0.67698,0.99782,0.02612,0.05358,0.02830,-0.38230,-0.51679,0.01401,
812772948899,-0.24167,-0.02091,0.67188,0.99733,0.01280,0.07188,0.00066,-0.42891,-0.37236,-0.11973,
812872507795,-0.27427,-0.04743,0.65387,0.99515,0.00519,0.09642,-0.01878,-0.39637,-0.17653,-0.26907,
812971986847,-0.30045,-0.05628,0.62404,0.99146,0.00460,0.12627,-0.03238,-0.27763,0.02555,-0.35679,
813071559687,-0.31189,-0.04903,0.58839,0.98784,0.02096,0.14881,-0.03989,-0.09076,0.17960,-0.35991,
813171078739,-0.30694,-0.03628,0.55072,0.98697,0.03304,0.15195,-0.04142,0.10496,0.19192,-0.37809,
813270659752,-0.28674,-0.02599,0.50986,0.98897,0.02922,0.13895,-0.04217,0.28353,0.17780,-0.43427,
813370173648,-0.25538,-0.01739,0.46401,0.99227,0.02954,0.11419,-0.03865,0.39512,0.17423,-0.48353,
813469690700,-0.21903,-0.01058,0.41310,0.99508,0.02367,0.09085,-0.03168,0.46721,0.10605,-0.53351,
813569255116,-0.17892,-0.00931,0.36145,0.99772,0.01832,0.05895,-0.02737,0.49907,0.03871,-0.53668,
813701901856,-0.12880,-0.01352,0.29538,0.99954,0.00305,0.02503,-0.01695,0.43430,-0.03134,-0.49389,
813801421856,-0.09837,-0.02096,0.25451,0.99992,-0.00834,0.00124,-0.00892,0.38114,-0.05879,-0.43541,
813867769168,-0.08375,-0.02490,0.23315,0.99988,-0.01069,-0.01017,-0.00514,0.31318,-0.05409,-0.41026,
813967327916,-0.06256,-0.02714,0.19983,0.99976,-0.01200,-0.01836,0.00116,0.23530,-0.02505,-0.35926,
814066753551,-0.04501,-0.02488,0.17051,0.99957,-0.01138,-0.02539,0.00929,0.16771,0.01498,-0.29647,
814166290094,-0.02854,-0.01863,0.14382,0.99924,-0.01597,-0.03081,0.01761,0.13525,0.01260,-0.24136,
814265735249,-0.01347,-0.01369,0.12262,0.99907,-0.02355,-0.03171,0.01758,0.09288,0.01755,-0.13555,
814365239585,-0.00418,-0.00890,0.10982,0.99909,-0.01757,-0.03325,0.01997,0.03853,0.02300,-0.06201,
814464718638,0.00289,-0.00618,0.09984,0.99917,-0.01503,-0.03255,0.01947,0.02314,-0.00394,-0.03163,
814597354980,0.00917,-0.00612,0.08978,0.99916,-0.02045,-0.03166,0.01630,-0.00502,-0.01332,0.00167,
814663700876,0.01603,-0.00612,0.07805,0.99915,-0.02120,-0.03156,0.01595,0.00536,-0.02007,-0.00931,
814763292345,0.02349,-0.00636,0.06387,0.99929,-0.01989,-0.02767,0.01589,0.00758,0.00061,-0.04513,
814862778876,0.02812,-0.00626,0.05182,0.99957,-0.01428,-0.01779,0.01833,0.00777,0.00267,-0.04091,
814962256032,0.02927,-0.00595,0.04789,0.99960,-0.01245,-0.01648,0.01925,0.00511,0.00674,-0.02124,
815061775033,0.02929,-0.00555,0.04561,0.99968,-0.00900,-0.01343,0.01944,0.00057,0.00011,-0.01814,
815161294876,0.02922,-0.00618,0.04460,0.99974,-0.00859,-0.01158,0.01780,-0.00484,-0.00599,-0.01135,
815260813980,0.02868,-0.00671,0.04365,0.99981,-0.00605,-0.00990,0.01552,-0.00615,-0.00465,-0.01473,
815360355951,0.02851,-0.00726,0.04166,0.99989,-0.00291,-0.00630,0.01336,0.00114,-0.00837,-0.03383,
815459801212,0.02921,-0.00796,0.04072,0.99989,-0.00249,-0.00651,0.01333,0.00729,-0.00106,-0.00143,
815559320003,0.02948,-0.00749,0.04012,0.99988,-0.00212,-0.00544,0.01445,-0.00079,0.00174,-0.01300,
815658881107,0.02975,-0.00754,0.03971,0.99988,-0.00372,-0.00346,0.01444,0.00397,0.00085,-0.00537,
815758358003,0.03014,-0.00803,0.03924,0.99987,-0.00309,-0.00406,0.01556,0.00636,-0.01137,0.00140,
815858010003,0.03063,-0.00842,0.03909,0.99987,-0.00171,-0.00575,0.01466,0.00421,-0.00230,-0.00073,
815990622211,0.03101,-0.00852,0.03867,0.99988,-0.00150,-0.00496,0.01467,0.00017,0.00639,-0.00165,
816056917367,0.03093,-0.00848,0.03841,0.99988,-0.00180,-0.00451,0.01495,0.00228,-0.00032,-0.00309,
816156475160,0.03124,-0.00868,0.03742,0.99988,-0.00219,-0.00194,0.01493,0.00683,-0.00160,-0.00912,
816255954316,0.03162,-0.00902,0.03743,0.99987,-0.00261,-0.00271,0.01537,-0.00356,-0.00262,-0.00547,
816355472003,0.03124,-0.00921,0.03726,0.99989,-0.00215,-0.00245,0.01467,0.00214,-0.00168,0.00054,
816455050056,0.03145,-0.00994,0.03680,0.99988,-0.00138,-0.00281,0.01496,-0.00025,-0.00386,-0.00906,
816554513159,0.03128,-0.01011,0.03673,0.99988,-0.00163,-0.00251,0.01491,0.00240,-0.00342,-0.00033,
816654030003,0.03127,-0.01006,0.03669,0.99989,-0.00146,-0.00265,0.01483,0.00221,-0.00004,0.00217,
816753549055,0.03131,-0.01007,0.03673,0.99988,-0.00147,-0.00266,0.01500,0.00206,-0.00642,-0.00060,
816853112950,0.03131,-0.01011,0.03675,0.99988,-0.00138,-0.00260,0.01494,0.00182,-0.00421,0.00030,
816952625159,0.03130,-0.01012,0.03675,0.99988,-0.00139,-0.00263,0.01495,0.00114,-0.00208,-0.00070,
817052106055,0.03130,-0.01013,0.03673,0.99988,-0.00145,-0.00262,0.01498,0.00127,-0.00072,0.00051,
817151631160,0.03130,-0.01017,0.03675,0.99988,-0.00147,-0.00262,0.01502,0.00099,-0.00065,0.00034,
817251160055,0.03131,-0.01021,0.03675,0.99988,-0.00150,-0.00259,0.01502,0.00120,0.00048,0.00055,
817350702003,0.03133,-0.01020,0.03676,0.99988,-0.00157,-0.00257,0.01508,0.00083,0.00126,0.00020,
817450248108,0.03132,-0.01018,0.03674,0.99988,-0.00155,-0.00256,0.01507,0.00053,0.00094,0.00004,
817549748461,0.03131,-0.01019,0.03675,0.99988,-0.00156,-0.00254,0.01509,0.00029,0.00069,0.00075,
817649219107,0.03131,-0.01020,0.03677,0.99988,-0.00156,-0.00251,0.01511,0.00037,0.00029,0.00084,
817748779159,0.03132,-0.01021,0.03678,0.99988,-0.00157,-0.00252,0.01514,0.00019,0.00030,0.00067,
817848257003,0.03131,-0.01021,0.03679,0.99988,-0.00158,-0.00252,0.01515,-0.00002,-0.00033,0.00075,
817947775951,0.03131,-0.01023,0.03679,0.99988,-0.00160,-0.00251,0.01516,0.00022,-0.00027,0.00087,
818047297107,0.03131,-0.01021,0.03679,0.99988,-0.00161,-0.00252,0.01513,0.00008,-0.00018,-0.00012,
818146930107,0.03130,-0.01021,0.03677,0.99988,-0.00161,-0.00252,0.01516,-0.00021,-0.00064,0.00015,
818246424159,0.03130,-0.01021,0.03676,0.99988,-0.00161,-0.00259,0.01521,0.00047,-0.00227,-0.00191,
818345850055,0.03131,-0.01020,0.03676,0.99988,-0.00163,-0.00249,0.01521,0.00074,-0.00166,0.00363,
818445465576,0.03135,-0.01024,0.03682,0.99988,-0.00164,-0.00258,0.01524,0.00048,-0.00075,0.00076,
818544986316,0.03136,-0.01032,0.03677,0.99988,-0.00158,-0.00253,0.01530,0.00190,-0.00378,-0.00034,
818644416889,0.03134,-0.01030,0.03677,0.99988,-0.00164,-0.00258,0.01531,0.00070,-0.00033,0.00048,
818743933889,0.03133,-0.01025,0.03681,0.99988,-0.00168,-0.00255,0.01531,-0.00132,0.00080,0.00095,
818843452211,0.03133,-0.01022,0.03681,0.99988,-0.00171,-0.00259,0.01532,0.00094,-0.00068,0.00062,
818942966211,0.03132,-0.01012,0.03689,0.99988,-0.00176,-0.00265,0.01532,0.00025,0.00524,0.00437,
819042564056,0.03128,-0.01004,0.03697,0.99988,-0.00166,-0.00268,0.01523,-0.00185,-0.00093,0.00267,
819142007003,0.03119,-0.01002,0.03699,0.99988,-0.00169,-0.00262,0.01523,-0.00180,0.00274,0.00335,
819241524367,0.03127,-0.01008,0.03698,0.99987,-0.00197,-0.00263,0.01549,0.00079,-0.00021,0.00304,
819341042055,0.03127,-0.01005,0.03729,0.99988,-0.00163,-0.00271,0.01512,0.00030,-0.00026,0.00460,
819440561159,0.03121,-0.01001,0.03772,0.99988,-0.00145,-0.00273,0.01491,-0.00175,0.00547,0.01203,
819540083982,0.03135,-0.00992,0.03814,0.99988,-0.00170,-0.00286,0.01532,-0.00057,0.00108,0.01262,
819639600107,0.03133,-0.00982,0.03840,0.99988,-0.00180,-0.00266,0.01538,0.00042,0.00142,0.02520,
819739190003,0.03138,-0.00969,0.03867,0.99988,-0.00169,-0.00297,0.01540,-0.00114,0.00294,0.01752,
819838638003,0.03142,-0.00966,0.03884,0.99988,-0.00198,-0.00274,0.01540,0.00172,0.00676,0.02576,
819938236608,0.03131,-0.00979,0.03870,0.99988,-0.00199,-0.00278,0.01540,-0.00142,0.00277,0.02400,
820037676212,0.03139,-0.00988,0.03893,0.99988,-0.00182,-0.00222,0.01541,0.00297,-0.00082,0.02785,
820137194160,0.03148,-0.00975,0.03939,0.99987,-0.00243,-0.00290,0.01542,-0.00840,0.00695,0.02258,
820236791035,0.03120,-0.00939,0.03892,0.99987,-0.00295,-0.00269,0.01557,0.00278,0.01342,0.02447,
820336306264,0.03272,-0.00894,0.03998,0.99987,-0.00387,-0.00253,0.01566,0.01297,0.01378,0.02751,
820435753264,0.03314,-0.00862,0.04058,0.99985,-0.00440,-0.00279,0.01624,0.02151,0.01781,0.02857,
820535272045,0.03380,-0.00831,0.04165,0.99984,-0.00464,-0.00243,0.01703,0.03962,0.02373,0.04716,
820634790784,0.03688,-0.00740,0.04447,0.99979,-0.00473,-0.00195,0.01972,0.06609,0.01249,0.06862,
820734352003,0.04184,-0.00658,0.05465,0.99974,-0.00538,-0.00140,0.02232,0.06621,0.01881,0.17390,
820833956055,0.04908,-0.00702,0.08047,0.99972,-0.00360,-0.00105,0.02353,0.07540,-0.01449,0.36015,
820933347003,0.04944,-0.00830,0.11602,0.99971,0.00174,0.00969,0.02189,0.04894,-0.01925,0.52372,
821032988067,0.05471,-0.01171,0.17356,0.99953,0.00976,0.02020,0.02095,0.11342,-0.04154,0.71067,
821132434702,0.06678,-0.01843,0.24476,0.99912,0.01446,0.03254,0.02213,0.14419,-0.10240,0.73052,
821232055375,0.08550,-0.02933,0.31755,0.99840,0.01337,0.05012,0.02262,0.22458,-0.13448,0.74440,
821331538375,0.11348,-0.04345,0.39024,0.99723,0.01321,0.06971,0.02250,0.32798,-0.16701,0.72493,
821431199040,0.15316,-0.06094,0.46056,0.99485,0.01387,0.09796,0.02191,0.48405,-0.18806,0.71030,
821530761947,0.21325,-0.08172,0.53283,0.99326,0.01179,0.11315,0.02209,0.73081,-0.23012,0.73387,
821630239051,0.29754,-0.10630,0.60805,0.99336,0.00420,0.11251,0.02356,0.94993,-0.25363,0.73064,
821729831812,0.39980,-0.13165,0.67527,0.99269,-0.00228,0.11779,0.02636,1.10630,-0.23292,0.61565,
821829427604,0.51909,-0.15434,0.72921,0.99171,-0.00369,0.12276,0.03766,1.31112,-0.21533,0.48797,
821928965438,0.65811,-0.17580,0.76829,0.99123,-0.01736,0.11838,0.05608,1.48707,-0.20160,0.34273,
822028444438,0.81352,-0.19206,0.79409,0.98969,-0.02675,0.11692,0.07831,1.66248,-0.12079,0.21662,
822127963386,0.98632,-0.20046,0.80741,0.98813,-0.02349,0.11557,0.09845,1.82573,-0.05751,0.08443,
822227481386,1.17610,-0.20364,0.80904,0.98565,-0.02979,0.11347,0.12133,1.99019,-0.01824,-0.03325,
822327001386,1.38195,-0.19926,0.80019,0.98242,-0.03306,0.11209,0.14556,2.13912,0.09575,-0.13070,
822426520438,1.60277,-0.18526,0.78216,0.97855,-0.02772,0.11185,0.17078,2.28881,0.17107,-0.22807,
822526039386,1.83927,-0.16369,0.75730,0.97382,-0.02484,0.11071,0.19698,2.44123,0.25429,-0.26664,
822625558386,2.09224,-0.13369,0.73479,0.96818,-0.02528,0.10680,0.22490,2.61604,0.33698,-0.22457,
822725118438,2.36193,-0.09479,0.71730,0.96105,-0.04118,0.09130,0.25759,2.75491,0.44858,-0.16231,
822824596386,2.64024,-0.04230,0.70590,0.95211,-0.05737,0.07769,0.29011,2.82383,0.58828,-0.10927,
822924123386,2.92509,0.02485,0.69981,0.94162,-0.07400,0.06469,0.32202,2.87337,0.75523,-0.06603,
823023581581,3.21111,0.11133,0.69673,0.92824,-0.09158,0.05103,0.35690,2.84619,0.95741,-0.04145,
823123102872,3.49474,0.21624,0.69450,0.91163,-0.10337,0.04674,0.39504,2.79476,1.15148,-0.04320,
823222570942,3.77354,0.33895,0.69077,0.89421,-0.11123,0.04413,0.43137,2.75289,1.35210,-0.05071,
823322220463,4.04563,0.48397,0.68417,0.87602,-0.11834,0.04026,0.46579,2.65823,1.56272,-0.07749,
823421628776,4.30628,0.65021,0.67647,0.85809,-0.11440,0.04555,0.49852,2.54985,1.78041,-0.07094,
823521243838,4.55933,0.83710,0.67078,0.83738,-0.11183,0.04952,0.53276,2.47081,1.98729,-0.03384,
823620650099,4.80443,1.04417,0.66895,0.81067,-0.12363,0.03582,0.57118,2.41744,2.19508,0.00761,
823720167838,5.03623,1.27132,0.67005,0.77630,-0.14942,0.00819,0.61234,2.22202,2.39769,0.00970,
823819769255,5.23999,1.51904,0.67054,0.73708,-0.16843,-0.00966,0.65441,1.92414,2.58848,0.00563,
823952368111,5.46930,1.87814,0.66855,0.67887,-0.18332,-0.02390,0.71060,1.48074,2.81693,-0.00148,
824018764028,5.56886,2.06926,0.66379,0.64571,-0.18544,-0.02328,0.74036,1.23123,2.90731,-0.01308,
824118137708,5.68009,2.36578,0.66005,0.59255,-0.18474,-0.00908,0.78401,0.88225,3.05448,0.02167,
824217739864,5.75538,2.67859,0.66249,0.53674,-0.17662,-0.00305,0.82505,0.54125,3.21052,0.07410,
824317109245,5.79071,3.00005,0.67075,0.48231,-0.16229,-0.00137,0.86084,0.23310,3.31319,0.09887,
824449801619,5.79291,3.44396,0.68366,0.42319,-0.14952,-0.00038,0.89362,-0.09976,3.43791,0.10551,
824549326359,5.76614,3.78701,0.69649,0.39464,-0.14651,-0.02370,0.90677,-0.32650,3.51903,0.13057,
824615704308,5.73849,4.01963,0.70467,0.38253,-0.14623,-0.05199,0.91082,-0.50322,3.51503,0.12863,
824715188307,5.67350,4.36092,0.71466,0.37634,-0.14756,-0.08401,0.91079,-0.79508,3.40037,0.06240,
824814750411,5.57628,4.68760,0.71684,0.37621,-0.15150,-0.10041,0.90853,-1.11521,3.26634,-0.03478,
824914311255,5.44445,4.99851,0.71089,0.37994,-0.15102,-0.09967,0.90714,-1.45996,3.11925,-0.13358,
825013743193,5.28208,5.29864,0.69771,0.38090,-0.14819,-0.09465,0.90774,-1.76857,3.00157,-0.18861,
825146438192,5.01767,5.67940,0.67328,0.37627,-0.14434,-0.08488,0.91126,-2.18510,2.82529,-0.20282,
825212821088,4.86212,5.85378,0.66145,0.37031,-0.14001,-0.07288,0.91540,-2.38477,2.73490,-0.21265,
825312298359,4.60987,6.11549,0.64171,0.36045,-0.13191,-0.04858,0.92212,-2.62647,2.66805,-0.19826,
825445064723,4.24218,6.46616,0.61864,0.35646,-0.11775,-0.01461,0.92675,-2.87194,2.65115,-0.16423,
825511395411,4.04592,6.63769,0.60904,0.35623,-0.11068,0.00172,0.92782,-2.97130,2.66792,-0.12933,
825610855359,3.74099,6.89580,0.60280,0.35418,-0.10594,0.01151,0.92908,-3.08524,2.74179,-0.05782,
825743546255,3.31951,7.25060,0.60196,0.35199,-0.10582,0.00960,0.92995,-3.23038,2.77056,-0.03280,
825809894359,3.10097,7.42605,0.60406,0.35402,-0.10011,0.02426,0.92955,-3.32810,2.76275,-0.00907,
825909411464,2.76693,7.69930,0.60392,0.36173,-0.08822,0.05386,0.92654,-3.37339,2.85856,-0.03405,
826008904177,2.42998,7.98318,0.59957,0.37508,-0.07368,0.08652,0.92000,-3.40214,2.97778,-0.10502,
826108460021,2.09428,8.28634,0.58396,0.38707,-0.06047,0.10896,0.91359,-3.34043,3.17057,-0.21857,
826207901917,1.76598,8.60822,0.55821,0.39129,-0.05494,0.10043,0.91312,-3.26706,3.32263,-0.30901,
826307420125,1.44368,8.94581,0.52472,0.39211,-0.05519,0.09408,0.91343,-3.21220,3.46689,-0.36555,
826407033970,1.12484,9.29648,0.48636,0.39291,-0.04852,0.08940,0.91393,-3.18459,3.61199,-0.41521,
826506458969,0.81081,9.66288,0.44610,0.39399,-0.03514,0.08394,0.91460,-3.11302,3.72284,-0.45924,
826606024948,0.50328,10.03549,0.40327,0.39245,-0.02977,0.08043,0.91577,-3.04429,3.83352,-0.40781,
826705574126,0.20332,10.42022,0.37015,0.38737,-0.02622,0.06728,0.91909,-2.95563,3.93581,-0.30321,
826805058074,-0.08838,10.81242,0.34785,0.37967,-0.03053,0.05387,0.92305,-2.89072,3.99118,-0.17777,
826904580386,-0.37519,11.21148,0.33954,0.37083,-0.03809,0.03683,0.92719,-2.85828,4.04082,-0.00598,
827004168072,-0.66085,11.61279,0.34987,0.35853,-0.04499,0.02440,0.93211,-2.87986,4.01392,0.16961,
827103645552,-0.95064,12.00918,0.37594,0.33618,-0.05338,0.02949,0.93982,-2.90932,3.97713,0.29985,
827203180343,-1.24740,12.40530,0.41515,0.30225,-0.05551,0.02654,0.95124,-2.96119,3.98722,0.41620,
827302684395,-1.54363,12.79986,0.46587,0.26033,-0.05726,0.01999,0.96361,-2.99049,3.97930,0.49931,
827402284291,-1.84890,13.19269,0.52394,0.21452,-0.05499,0.00423,0.97516,-3.04178,3.95168,0.59827,
827501658701,-2.16186,13.58044,0.58930,0.16862,-0.05123,-0.02253,0.98409,-3.10015,3.87482,0.67594,
827601179753,-2.48575,13.95569,0.66226,0.12613,-0.04881,-0.04779,0.98966,-3.15304,3.70257,0.71985,
827700736701,-2.81557,14.30865,0.74524,0.08533,-0.04796,-0.07020,0.99272,-3.22603,3.47811,0.83442,
827800155321,-3.15655,14.63162,0.84202,0.04505,-0.04503,-0.09154,0.99376,-3.27879,3.19041,0.95226,
827899719373,-3.50361,14.91759,0.95326,0.00728,-0.04801,-0.09913,0.99389,-3.32546,2.85342,1.07493,
827999206269,-3.86979,15.14741,1.08601,-0.03052,-0.04925,-0.10761,0.99250,-3.40117,2.51048,1.22193,
828098754321,-4.22453,15.31729,1.23094,-0.06660,-0.05335,-0.12567,0.98840,-3.40440,2.12976,1.19680,
828198272321,-4.60704,15.48852,1.34943,-0.09586,-0.07519,-0.12179,0.98505,-3.44696,1.79149,1.06153,
828297752477,-4.99403,15.65694,1.44446,-0.12084,-0.09545,-0.11792,0.98101,-3.54779,1.54741,0.89330,
828397272529,-5.37395,15.80591,1.52684,-0.14435,-0.10604,-0.11660,0.97689,-3.66285,1.28367,0.70496,
828496942718,-5.77594,15.94300,1.59620,-0.17035,-0.11023,-0.11807,0.97205,-3.79461,1.04587,0.52776,
828596376979,-6.17196,16.04134,1.64040,-0.19963,-0.11040,-0.12564,0.96549,-3.87708,0.77952,0.36776,
828696067726,-6.57278,16.10774,1.67189,-0.23121,-0.10950,-0.13269,0.95757,-3.96330,0.43555,0.28231,
828795563257,-6.98286,16.14130,1.69602,-0.26890,-0.10433,-0.12440,0.94939,-4.01323,0.09150,0.21698,
828895075257,-7.40804,16.14906,1.71832,-0.31522,-0.09566,-0.11450,0.93722,-4.04916,-0.18674,0.17890,
828994661448,-7.81216,16.11917,1.73382,-0.36811,-0.08777,-0.11162,0.91888,-4.05678,-0.44193,0.16496,
829094180125,-8.20645,16.06134,1.74403,-0.42606,-0.06209,-0.14295,0.89117,-4.03595,-0.67047,0.10975,
829193867777,-8.59753,15.97948,1.74425,-0.47726,-0.02166,-0.19761,0.85598,-3.87238,-0.95900,-0.04151,
829293491135,-8.96649,15.86817,1.72872,0.52032,-0.00260,0.23926,-0.81976,-3.54137,-1.28793,-0.25063,
829392984084,-9.30079,15.72147,1.69469,0.56782,-0.00586,0.25847,-0.78150,-3.13441,-1.65810,-0.42582,
829492608388,-9.59850,15.53951,1.64812,0.62027,-0.00400,0.26990,-0.73648,-2.71495,-2.02548,-0.52598,
829592105336,-9.85264,15.32085,1.59239,0.67174,0.00176,0.26676,-0.69109,-2.25573,-2.37703,-0.60481,
829691665071,-10.05623,15.06735,1.53043,0.72127,0.00966,0.26040,-0.64176,-1.83167,-2.70422,-0.63213,
829791176123,-10.21565,14.78162,1.46589,0.76545,0.00093,0.25862,-0.58923,-1.41158,-2.99877,-0.66784,
829890725504,-10.33004,14.47054,1.39684,0.79684,-0.01458,0.25484,-0.54763,-0.92443,-3.24102,-0.69850,
829990316504,-10.39207,14.13737,1.32617,0.81587,-0.01988,0.24472,-0.52352,-0.42097,-3.42641,-0.72136,
830089855306,-10.40159,13.78865,1.25454,0.83072,-0.01964,0.23199,-0.50567,0.06106,-3.57574,-0.70846,
830189404410,-10.37146,13.42761,1.18563,0.84338,-0.01835,0.22195,-0.48900,0.51580,-3.69989,-0.66146,
830288916181,-10.29331,13.05971,1.11923,0.85438,-0.01693,0.21461,-0.47296,0.94455,-3.80352,-0.63905,
830388371827,-10.17421,12.68233,1.05152,0.86429,-0.00946,0.20585,-0.45884,1.33547,-3.87076,-0.66281,
830487890567,-10.02035,12.29453,0.98447,0.87344,0.00631,0.19539,-0.44596,1.69999,-3.96442,-0.65683,
830620583254,-9.76796,11.75790,0.89575,0.88452,0.02177,0.18141,-0.42924,2.05983,-4.13906,-0.66020,
830720183150,-9.54684,11.34287,0.82942,0.89228,0.01891,0.18062,-0.41336,2.33656,-4.20716,-0.66126,
830819621098,-9.29904,10.92100,0.76456,0.89758,0.02198,0.18015,-0.40176,2.61600,-4.30914,-0.63869,
830885966254,-9.11957,10.63282,0.72284,0.90024,0.02399,0.17801,-0.39663,2.81487,-4.37627,-0.61269,
831018659098,-8.72360,10.04414,0.64214,0.90505,0.02057,0.17913,-0.38519,3.16025,-4.50303,-0.57222,
831118178202,-8.39295,9.59148,0.59037,0.90870,0.01930,0.17363,-0.37914,3.47712,-4.58482,-0.47765,
831184619567,-8.15598,9.28516,0.56192,0.91166,0.02611,0.15860,-0.37820,3.66352,-4.62961,-0.40477,
831284054150,-7.78055,8.81945,0.52901,0.91525,0.04577,0.13036,-0.37846,3.87004,-4.71901,-0.27715,
831383604411,-7.39025,8.34333,0.50483,0.91895,0.05111,0.10912,-0.37552,3.95967,-4.83885,-0.20368,
831483152671,-6.99365,7.86035,0.48453,0.92132,0.04242,0.10678,-0.37143,4.01623,-4.88567,-0.21881,
831582645463,-6.59106,7.37214,0.46329,0.92455,0.02469,0.11482,-0.36251,4.08877,-4.93146,-0.22731,
831682121150,-6.17768,6.88176,0.44394,0.92842,-0.00136,0.12540,-0.34972,4.25472,-4.92071,-0.15553,
831781828977,-5.74520,6.39433,0.43444,0.93458,-0.02066,0.12992,-0.33054,4.45389,-4.85059,-0.03288,
831881263924,-5.29126,5.91724,0.43918,0.94340,-0.03232,0.12821,-0.30417,4.66796,-4.74673,0.10347,
831980910080,-4.81907,5.44925,0.45411,0.95273,-0.04207,0.12659,-0.27297,4.85610,-4.61863,0.18603,
832080302976,-4.32869,4.99724,0.47850,0.96152,-0.05247,0.12379,-0.23960,5.05898,-4.47731,0.27795,
832179821924,-3.81873,4.56133,0.51193,0.97035,-0.06589,0.11129,-0.20419,5.21973,-4.29324,0.31640,
832279340289,-3.29380,4.14587,0.54834,0.97608,-0.08468,0.10685,-0.16935,5.35887,-4.07272,0.36421,
832378903289,-2.75682,3.75618,0.58846,0.97996,-0.09651,0.10752,-0.13716,5.48488,-3.76240,0.38762,
832478378341,-2.20689,3.39884,0.63293,0.98368,-0.09038,0.11250,-0.10746,5.62696,-3.48073,0.41407,
832577939924,-1.64160,3.06238,0.67391,0.98682,-0.08539,0.11388,-0.07693,5.75774,-3.22502,0.42200,
832677502236,-1.06683,2.75254,0.71673,0.98978,-0.07463,0.11389,-0.04240,5.86227,-2.96703,0.40891,
832776868976,-0.48376,2.46247,0.75772,0.99107,-0.06536,0.11617,-0.00383,5.95515,-2.77424,0.39547,
832876387820,0.11231,2.19391,0.79941,0.99001,-0.07586,0.11232,0.03897,6.06369,-2.57976,0.38303,
832975877389,0.71978,1.95415,0.83995,0.98690,-0.09209,0.10503,0.08076,6.16110,-2.30019,0.38282,
833075412546,1.33392,1.74503,0.88378,0.98070,-0.11598,0.09613,0.12461,6.22482,-1.98455,0.38882,
833174877069,1.95323,1.56388,0.92554,0.97132,-0.14304,0.08367,0.17055,6.22581,-1.62216,0.39669,
833274307304,2.57445,1.41551,0.96304,0.95746,-0.17270,0.06846,0.22080,6.18432,-1.22298,0.39206,
833373827148,3.19047,1.30925,1.00350,0.93581,-0.21176,0.04354,0.27844,6.04923,-0.73468,0.40282,
833473283985,3.78487,1.25773,1.04170,0.90725,-0.24633,0.01893,0.34039,5.79642,-0.21249,0.34198,
833572878038,4.34944,1.25979,1.07290,0.87009,-0.27769,-0.00231,0.40722,5.45018,0.32389,0.26588,
833672355145,4.87231,1.31655,1.09361,0.82489,-0.30629,-0.02668,0.47437,5.01169,0.84865,0.15236,
833771786093,5.33148,1.43209,1.10048,0.77658,-0.32704,-0.04610,0.53651,4.43489,1.33516,-0.02514,
833871304989,5.74033,1.58836,1.08955,0.73522,-0.32266,-0.04543,0.59437,3.79292,1.79116,-0.19981,
833970824250,6.08371,1.78563,1.06508,0.68913,-0.30123,-0.04182,0.65773,3.17221,2.17033,-0.29529,
834070346145,6.37524,2.01287,1.03045,0.63824,-0.28035,-0.04074,0.71582,2.61907,2.44066,-0.38546,
834169862354,6.59352,2.26626,0.98565,0.58805,-0.26298,-0.03771,0.76395,2.08465,2.64313,-0.48397,
834302554041,6.80235,2.63238,0.91462,0.52484,-0.24062,-0.03852,0.81557,1.42617,2.85440,-0.58280,
834368943405,6.85584,2.82465,0.87246,0.49628,-0.23262,-0.04489,0.83521,1.07830,2.92224,-0.61302,
834468433914,6.91342,3.11596,0.80664,0.45569,-0.22046,-0.05271,0.86079,0.54906,2.96699,-0.64446,
834601040967,6.92396,3.50725,0.72053,0.40644,-0.19416,-0.05205,0.89129,-0.08264,2.97501,-0.62297,
834700572274,6.88127,3.79429,0.65650,0.37637,-0.17976,-0.04167,0.90791,-0.48190,2.92388,-0.59754,
834766962326,6.83169,3.98262,0.61577,0.35657,-0.17155,-0.03761,0.91761,-0.73904,2.91997,-0.54572,
834866468388,6.73284,4.26772,0.56249,0.32840,-0.16094,-0.03514,0.93006,-1.09652,2.88978,-0.47480,
834965922701,6.60307,4.55221,0.51873,0.31035,-0.15591,-0.03265,0.93718,-1.41606,2.86976,-0.38315,
835098707441,6.38128,4.92459,0.47384,0.30245,-0.14874,-0.02701,0.94110,-1.81940,2.82636,-0.27361,
835198140336,6.18294,5.20242,0.45018,0.30239,-0.14737,-0.02468,0.94140,-2.11873,2.81739,-0.16446,
835264524336,6.03414,5.38764,0.44100,0.30277,-0.14725,-0.02487,0.94129,-2.31746,2.80750,-0.06341,
835363958440,5.79004,5.66596,0.44032,0.30387,-0.14667,-0.02517,0.94102,-2.61177,2.77586,0.07412,
835463519544,5.51663,5.94429,0.45301,0.30515,-0.14513,-0.02255,0.94091,-2.89851,2.75401,0.21268,
835596251805,5.10709,6.31192,0.49497,0.30875,-0.13240,-0.00286,0.94188,-3.25402,2.76281,0.40729,
835695690388,4.77517,6.59019,0.54057,0.30859,-0.12513,0.00391,0.94292,-3.43854,2.80200,0.52279,
835795209440,4.42518,6.86891,0.59316,0.30915,-0.12069,0.01359,0.94323,-3.58362,2.80919,0.50563,
835861626440,4.18507,7.05869,0.62532,0.31058,-0.11711,0.02535,0.94296,-3.67179,2.84170,0.47554,
835961074805,3.81795,7.34867,0.66953,0.31276,-0.10989,0.04202,0.94252,-3.75900,2.91922,0.40325,
836060596545,3.44533,7.64783,0.70423,0.31702,-0.10566,0.04867,0.94126,-3.78604,3.01517,0.25164,
836160113388,3.06783,7.95255,0.72237,0.32291,-0.10704,0.04477,0.93929,-3.84792,3.08850,0.07633,
836292845284,2.55097,8.36922,0.71978,0.34454,-0.09938,0.05907,0.93162,-3.95790,3.14878,-0.12769,
836359152388,2.28951,8.58186,0.70938,0.35349,-0.09151,0.07664,0.92779,-3.97065,3.21547,-0.24899,
836458798336,1.89544,8.90976,0.67567,0.36130,-0.08507,0.08780,0.92440,-3.95909,3.34784,-0.43513,
836558231284,1.50173,9.24798,0.62276,0.36524,-0.07861,0.09174,0.92304,-3.95646,3.44799,-0.63730,
836657706648,1.10873,9.59895,0.55224,0.36658,-0.07132,0.09344,0.92293,-3.94008,3.59022,-0.75984,
836757225388,0.71739,9.96735,0.48230,0.36803,-0.05056,0.09553,0.92351,-3.93163,3.74804,-0.68868,
836856825440,0.33104,10.35100,0.42112,0.36442,-0.03367,0.09608,0.92565,-3.82013,3.88313,-0.66872,
836956385857,-0.04705,10.74465,0.36750,0.35140,-0.02479,0.08475,0.93205,-3.73145,3.98968,-0.50768,
837055782492,-0.41466,11.14723,0.33508,0.32798,-0.01582,0.06211,0.94251,-3.64386,4.06087,-0.22091,
837155438812,-0.77686,11.55604,0.33135,0.29265,-0.00745,0.03538,0.95553,-3.55997,4.07918,0.08066,
837254916812,-1.13268,11.96221,0.35315,0.25466,-0.00235,0.00766,0.96700,-3.48219,4.00892,0.30450,
837354439489,-1.48081,12.35855,0.39724,0.21721,0.00061,-0.02089,0.97590,-3.40400,3.89505,0.49399,
837453821813,-1.82233,12.73932,0.45868,0.18436,-0.00380,-0.04559,0.98179,-3.34090,3.69543,0.59682,
837553380813,-2.15426,13.09701,0.53044,0.15413,-0.00961,-0.05492,0.98648,-3.32072,3.47518,0.71312,
837652811985,-2.48037,13.43108,0.60961,0.12683,-0.01217,-0.05330,0.99042,-3.28290,3.25770,0.80320,
837752329037,-2.80502,13.74657,0.69599,0.09960,-0.01468,-0.05399,0.99345,-3.24046,3.06790,0.85457,
837851848985,-3.11522,14.04062,0.79032,0.06934,-0.01877,-0.06636,0.99521,-3.19281,2.88361,0.85846,
837951366933,-3.42738,14.31589,0.88096,0.03493,-0.02391,-0.09037,0.99501,-3.16882,2.65671,0.80055,
838050889037,-3.74116,14.57047,0.95611,0.00068,-0.03778,-0.09811,0.99446,-3.12895,2.39553,0.64488,
838150445933,-4.04654,14.79915,1.02132,-0.03878,-0.04478,-0.11185,0.99196,-3.15022,2.17579,0.53902,
838249926985,-4.35322,15.00808,1.07672,-0.07681,-0.04752,-0.14181,0.98577,-3.13076,1.92327,0.37128,
838349469089,-4.66451,15.19081,1.11278,-0.11027,-0.05304,-0.16375,0.97888,-3.12883,1.58833,0.20346,
838449002037,-4.98507,15.34455,1.13562,-0.14088,-0.05825,-0.16224,0.97490,-3.12037,1.20833,0.13499,
838548481818,-5.30648,15.46162,1.15396,-0.17073,-0.06350,-0.15212,0.97143,-3.12653,0.86074,0.12392,
838648098611,-5.63535,15.54870,1.17120,-0.20048,-0.06787,-0.14096,0.96712,-3.14841,0.54647,0.10973,
838747578643,-5.97651,15.61543,1.18838,-0.22726,-0.07134,-0.13693,0.96152,-3.19322,0.28249,0.06647,
838847222515,-6.32232,15.65494,1.20222,-0.24809,-0.07517,-0.12704,0.95742,-3.21358,-0.00711,0.02220,
838946761411,-6.66497,15.66294,1.20799,-0.26997,-0.08189,-0.10856,0.95322,-3.24523,-0.22832,-0.03926,
839046260463,-7.01510,15.64835,1.20797,-0.29896,-0.08695,-0.09471,0.94556,-3.30196,-0.45060,-0.04773,
839145710735,-7.34166,15.59424,1.20503,-0.33241,-0.08812,-0.08756,0.93492,-3.35271,-0.66498,-0.02842,
839245304029,-7.66698,15.51758,1.20129,-0.37264,-0.08694,-0.08269,0.92019,-3.33502,-0.88471,-0.02220,
839377994081,-8.10193,15.38120,1.20176,-0.44211,-0.08335,-0.07305,0.89009,-3.32473,-1.14125,0.02873,
839444412720,-8.31736,15.29986,1.20543,-0.47935,-0.08247,-0.07090,0.87086,-3.31986,-1.25790,0.06255,
839543938907,-8.64453,15.16317,1.21597,0.53979,0.06657,0.07723,-0.83560,-3.29880,-1.45622,0.13429,
839643619363,-8.96706,15.00884,1.23207,0.59954,0.04479,0.09008,-0.79400,-3.19310,-1.61815,0.18016,
839743044779,-9.27625,14.83930,1.25297,0.65377,0.02351,0.10394,-0.74915,-3.04837,-1.77704,0.21861,
839842735233,-9.56395,14.65346,1.27709,0.70330,0.00064,0.12157,-0.70042,-2.81500,-1.91199,0.24187,
839942154244,-9.82245,14.45494,1.30214,0.74749,-0.01851,0.14112,-0.64884,-2.52103,-2.02360,0.23965,
840041731648,-10.05085,14.24612,1.32581,0.78229,-0.03297,0.16181,-0.60062,-2.19631,-2.12738,0.21303,
840141300218,-10.24538,14.02719,1.34581,0.80653,-0.04337,0.17827,-0.56200,-1.84726,-2.22021,0.13009,
840240863271,-10.40332,13.80023,1.35405,0.82376,-0.05714,0.19429,-0.52953,-1.48838,-2.28838,0.01029,
840340337271,-10.52801,13.56911,1.34801,0.83459,-0.07880,0.21265,-0.50202,-1.06603,-2.32344,-0.10293,
840439897271,-10.60806,13.33431,1.33043,0.84230,-0.09196,0.22502,-0.48108,-0.57763,-2.30861,-0.25111,
840539417532,-10.63945,13.10008,1.30015,0.84842,-0.07740,0.23085,-0.47000,-0.07032,-2.32076,-0.36450,
840638895271,-10.62310,12.86235,1.25773,0.85501,-0.05352,0.23413,-0.45966,0.39829,-2.36281,-0.47490,
840738413271,-10.56451,12.61269,1.20438,0.86146,-0.02497,0.23334,-0.45036,0.84051,-2.48443,-0.55989,
840837963427,-10.46453,12.34953,1.14411,0.87023,-0.00721,0.22407,-0.43867,1.22383,-2.64438,-0.63020,
840937497323,-10.32616,12.07652,1.07385,0.87850,-0.00451,0.22282,-0.42258,1.57412,-2.77996,-0.70559,
841036971739,-10.14761,11.79729,0.99555,0.88588,-0.00253,0.22066,-0.40807,1.96859,-2.89896,-0.75879,
841136489323,-9.93336,11.50544,0.91432,0.89056,0.02019,0.20952,-0.40323,2.32017,-3.00385,-0.82822,
841236011479,-9.68614,11.19984,0.83185,0.89250,0.05299,0.19245,-0.40448,2.65189,-3.17619,-0.81301,
841335527271,-9.41199,10.87390,0.74951,0.89310,0.08277,0.17563,-0.40580,2.85894,-3.40369,-0.81608,
841435178271,-9.11966,10.52460,0.66659,0.89475,0.09462,0.16565,-0.40378,3.01080,-3.65341,-0.80448,
841534565271,-8.81067,10.15454,0.58653,0.89569,0.10267,0.15302,-0.40470,3.19357,-3.87939,-0.74803,
841634085271,-8.48458,9.76270,0.51259,0.89361,0.12690,0.13595,-0.40850,3.32051,-4.13241,-0.68736,
841733609823,-8.15146,9.33963,0.44723,0.89523,0.12679,0.12483,-0.40855,3.36585,-4.45488,-0.60251,
841833122532,-7.81359,8.88712,0.39050,0.90051,0.10310,0.12039,-0.40493,3.40768,-4.70738,-0.51181,
841932643584,-7.46827,8.41123,0.34269,0.90478,0.07955,0.12272,-0.39999,3.51755,-4.83152,-0.41207,
842032160271,-7.10995,7.92345,0.30757,0.90533,0.08330,0.12410,-0.39754,3.65269,-4.98462,-0.26880,
842131680271,-6.73976,7.42109,0.28540,0.91075,0.08308,0.12262,-0.38548,3.76830,-5.14150,-0.16779,
842231198376,-6.35859,6.90405,0.27058,0.92206,0.07083,0.12361,-0.35987,3.87326,-5.26721,-0.11224,
842330827664,-5.96497,6.37411,0.26029,0.93649,0.03921,0.12874,-0.32385,3.98807,-5.37612,-0.06082,
842430302976,-5.56202,5.83883,0.25714,0.94890,-0.01223,0.13813,-0.28349,4.16682,-5.35767,0.01843,
842529898991,-5.13468,5.31114,0.26133,0.95587,-0.05651,0.14867,-0.24700,4.40405,-5.22242,0.07311,
842629510887,-4.68292,4.80292,0.27185,0.96020,-0.08567,0.15828,-0.21360,4.68490,-4.95728,0.13184,
842728978835,-4.20036,4.32390,0.28768,0.96576,-0.08578,0.16295,-0.18276,4.98600,-4.66708,0.18439,
842828456887,-3.69325,3.87204,0.30806,0.97209,-0.07521,0.16472,-0.14918,5.25311,-4.42333,0.23180,
842928048835,-3.15895,3.44318,0.33385,0.97825,-0.06891,0.16187,-0.10991,5.50358,-4.18595,0.30075,
843027534783,-2.60208,3.03740,0.36391,0.98225,-0.06348,0.16228,-0.06943,5.72549,-3.95317,0.35421,
843127055887,-2.02110,2.65326,0.39990,0.98448,-0.06461,0.16045,-0.02977,5.95721,-3.74371,0.40228,
843226573992,-1.41782,2.29162,0.44045,0.98510,-0.08052,0.15163,0.01047,6.15150,-3.50217,0.42478,
843326039815,-0.79669,1.95609,0.48094,0.98365,-0.09941,0.14269,0.04682,6.30923,-3.20748,0.44356,
843425518710,-0.16110,1.65240,0.52421,0.98062,-0.12152,0.13277,0.07740,6.44639,-2.87522,0.43989,
843525035658,0.48548,1.38365,0.56518,0.97596,-0.14577,0.11795,0.11114,6.52630,-2.47010,0.42485,
843624556710,1.13593,1.15647,0.60418,0.96836,-0.16854,0.10502,0.15114,6.54403,-2.02869,0.39800,
843757175610,2.00146,0.92589,0.65159,0.95161,-0.19746,0.09035,0.21744,6.49995,-1.38799,0.35334,
843823521506,2.43121,0.84032,0.67146,0.93931,-0.21531,0.08072,0.25461,6.43398,-1.06023,0.31076,
843923047967,3.06438,0.75866,0.69999,0.91624,-0.24270,0.06659,0.31172,6.27750,-0.51455,0.24732,
844022420826,3.67820,0.73419,0.72200,0.88829,-0.26618,0.04994,0.37094,6.04245,0.05736,0.17613,
844121943983,4.26118,0.77426,0.73895,0.85453,-0.28555,0.02905,0.43289,5.71153,0.65541,0.11854,
844221406593,4.80819,0.86845,0.74242,0.81384,-0.30405,0.00330,0.49519,5.29304,1.20343,0.02223,
844320926541,5.30719,1.01643,0.73644,0.76682,-0.31882,-0.02714,0.55642,4.74989,1.72893,-0.08498,
844420396995,5.74729,1.21205,0.71776,0.71425,-0.32955,-0.05423,0.61506,4.10944,2.16176,-0.21639,
844519915266,6.12324,1.44486,0.68542,0.65790,-0.33464,-0.07565,0.67041,3.41192,2.50699,-0.37811,
844652626162,6.50871,1.80214,0.62157,0.57595,-0.33740,-0.10203,0.73759,2.37836,2.83389,-0.54642,
844719046319,6.65502,1.99386,0.57902,0.53500,-0.33503,-0.10894,0.76789,1.84935,2.92905,-0.63801,
844818526837,6.80460,2.29098,0.50503,0.48453,-0.32404,-0.09880,0.80652,1.05247,3.03212,-0.74958,
844951181513,6.88318,2.70381,0.40119,0.42796,-0.29344,-0.08896,0.85019,0.08146,3.14325,-0.75824,
845017557826,6.88267,2.91369,0.34776,0.40607,-0.27798,-0.07876,0.86697,-0.36264,3.14519,-0.74351,
845116980972,6.81337,3.22767,0.27673,0.37731,-0.25214,-0.06347,0.88884,-0.99500,3.17222,-0.65100,
845216496629,6.68318,3.54319,0.21841,0.35709,-0.22517,-0.04927,0.90519,-1.55150,3.21769,-0.49924,
845316069524,6.49937,3.85883,0.17464,0.35052,-0.20105,-0.03085,0.91420,-2.01782,3.19503,-0.37810,
845415526473,6.26684,4.17018,0.14115,0.35973,-0.17494,0.01885,0.91631,-2.41598,3.23264,-0.25726,
845514976264,6.00669,4.49510,0.12036,0.36737,-0.15054,0.05755,0.91601,-2.65984,3.42196,-0.12717,
845647713264,5.63833,4.96534,0.11393,0.36142,-0.13891,0.05310,0.92047,-2.85647,3.66246,0.02795,
845714016316,5.44285,5.20805,0.11526,0.35031,-0.14668,0.03507,0.92441,-2.98127,3.74310,0.05254,
845813533524,5.13230,5.57958,0.11998,0.33940,-0.15208,0.02190,0.92801,-3.22519,3.76901,0.08135,
845913057212,4.79877,5.95629,0.13097,0.33091,-0.15313,0.01970,0.93095,-3.43655,3.83888,0.13800,
846012570472,4.44313,6.33897,0.14759,0.32629,-0.15541,0.01084,0.93234,-3.68587,3.87965,0.19461,
846112090316,4.06140,6.72330,0.17014,0.32910,-0.14409,0.02619,0.93287,-3.94164,3.91255,0.25830,
846211608317,3.66022,7.11754,0.19769,0.33102,-0.12499,0.03694,0.93458,-4.10837,3.99126,0.30931,
846311128264,3.24433,7.52021,0.22998,0.33278,-0.10664,0.04877,0.93569,-4.23965,4.05869,0.31341,
846410686212,2.81838,7.92608,0.25651,0.33741,-0.09023,0.07485,0.93403,-4.28017,4.13183,0.23154,
846510296681,2.39256,8.34544,0.27314,0.34432,-0.07407,0.10012,0.93055,-4.29033,4.25624,0.12215,
846609684264,1.96982,8.77691,0.27833,0.34590,-0.06343,0.10307,0.93043,-4.22598,4.41089,-0.02706,
846709204264,1.55103,9.22078,0.26972,0.34630,-0.06230,0.09376,0.93134,-4.17985,4.51724,-0.11509,
846808774264,1.13438,9.67633,0.25926,0.34523,-0.06358,0.07808,0.93310,-4.16276,4.64162,-0.08484,
846908330420,0.72010,10.14199,0.25623,0.33163,-0.06384,0.05242,0.93979,-4.18433,4.68723,-0.00131,
847007803451,0.30392,10.60891,0.25912,0.29966,-0.06449,0.02339,0.95158,-4.20146,4.69043,0.05761,
847107280316,-0.11263,11.07344,0.26759,0.25893,-0.06538,-0.01799,0.96351,-4.25378,4.61703,0.15389,
847239972889,-0.68005,11.67267,0.30000,0.19751,-0.06553,-0.07506,0.97522,-4.35967,4.34887,0.34122,
847306401420,-0.96921,11.95573,0.32589,0.16607,-0.06574,-0.10020,0.97881,-4.42084,4.14132,0.46092,
847405836212,-1.41184,12.34799,0.37843,0.12636,-0.07147,-0.11143,0.98311,-4.51139,3.74486,0.60619,
847505372670,-1.86674,12.70296,0.44862,0.09625,-0.06914,-0.09927,0.98798,-4.62977,3.38340,0.78318,
847604811775,-2.32670,13.02582,0.53421,0.07461,-0.06128,-0.06356,0.99330,-4.68385,3.09397,0.94406,
847704331701,-2.79185,13.32855,0.63546,0.05411,-0.05202,-0.03026,0.99672,-4.71356,2.93829,1.09109,
847803794786,-3.26001,13.62025,0.74728,0.02390,-0.04544,-0.03392,0.99811,-4.69926,2.83381,1.16658,
847903388786,-3.72895,13.90342,0.86712,-0.01607,-0.04110,-0.07156,0.99646,-4.68097,2.70234,1.24413,
848002943099,-4.19516,14.16125,0.99285,-0.05339,-0.03427,-0.12970,0.98952,-4.66846,2.43566,1.28920,
848102445659,-4.65637,14.38518,1.12108,-0.08430,-0.02944,-0.19538,0.97665,-4.59717,2.00118,1.26770,
848201925607,-5.11224,14.55777,1.24258,-0.11411,-0.03516,-0.21714,0.96881,-4.49220,1.38611,1.20598,
848301533745,-5.56109,14.67756,1.36201,-0.14632,-0.04272,-0.20618,0.96657,-4.42892,0.86763,1.19332,
848401058693,-6.00641,14.75955,1.47730,-0.17622,-0.04818,-0.20521,0.96152,-4.37839,0.50793,1.08628,
848500572693,-6.45450,14.81676,1.57997,-0.19937,-0.04879,-0.21101,0.95569,-4.30279,0.12799,0.87296,
848600124641,-6.89089,14.82902,1.65745,-0.21728,-0.05569,-0.17756,0.95821,-4.21971,-0.23469,0.65000,
848699998641,-7.33174,14.81150,1.72305,-0.24668,-0.05077,-0.16794,0.95308,-4.22340,-0.48612,0.54123,
848799279634,-7.74076,14.74747,1.77676,-0.28445,-0.03813,-0.19598,0.93767,-4.11721,-0.82941,0.46834,
848898832738,-8.13621,14.64217,1.81707,-0.32230,-0.02878,-0.21074,0.92243,-3.91960,-1.25347,0.35713,
848998408796,-8.51142,14.50270,1.84193,-0.36341,-0.02590,-0.20323,0.90882,-3.75757,-1.54792,0.12072,
849097937120,-8.87813,14.33833,1.84707,-0.41563,-0.00985,-0.21422,0.88389,-3.58874,-1.83169,-0.05538,
849197468172,-9.21903,14.13869,1.83855,-0.47193,0.01631,-0.23966,0.84828,-3.24052,-2.21296,-0.05952,
849297171476,-9.51545,13.89749,1.82835,0.52431,-0.03147,0.25944,-0.81043,-2.82207,-2.61900,-0.05895,
849396599476,-9.76821,13.61857,1.82505,0.58527,-0.05738,0.28978,-0.75511,-2.29276,-3.01228,-0.00936,
849529292102,-9.99098,13.18761,1.82101,0.66379,-0.08284,0.31886,-0.67145,-1.29728,-3.45199,-0.03180,
849628770424,-10.06517,12.82937,1.81547,0.72298,-0.07902,0.30744,-0.61363,-0.55929,-3.71588,-0.06607,
849695209320,-10.08388,12.57907,1.81063,0.75884,-0.07255,0.29093,-0.57816,-0.14859,-3.83447,-0.10001,
849794633424,-10.06696,12.19549,1.79410,0.80041,-0.06927,0.27116,-0.53011,0.28580,-3.91204,-0.26437,
849927326372,-9.98354,11.67153,1.73418,0.83084,-0.08771,0.27538,-0.47558,0.78134,-3.97502,-0.68607,
850026844424,-9.87109,11.28192,1.64214,0.84072,-0.07642,0.27863,-0.45795,1.17412,-3.95262,-1.10957,
850093189737,-9.77558,11.02129,1.56044,0.84647,-0.06393,0.27491,-0.45147,1.41223,-3.97827,-1.36909,
850192708372,-9.60172,10.62765,1.40888,0.85343,-0.03936,0.26170,-0.44902,1.79775,-4.01333,-1.68622,
850292227580,-9.39384,10.22918,1.23919,0.86468,-0.04204,0.25120,-0.43298,2.16588,-4.11550,-1.83590,
850391745372,-9.15038,9.82617,1.05271,0.87820,-0.05236,0.24151,-0.40951,2.62780,-4.10421,-1.92509,
850491264424,-8.85985,9.42435,0.86321,0.89453,-0.04715,0.22326,-0.38437,3.10521,-4.07905,-1.86649,
850590851424,-8.52275,9.02587,0.68870,0.91083,-0.02009,0.20302,-0.35885,3.55070,-4.06638,-1.63087,
850690305758,-8.14352,8.62507,0.54387,0.92309,0.01444,0.17985,-0.33962,3.97078,-4.09564,-1.29898,
850789822737,-7.72801,8.21563,0.43903,0.92877,0.06281,0.15662,-0.33002,4.22837,-4.30131,-0.89690,
850889343424,-7.29308,7.77847,0.37526,0.93461,0.06027,0.14809,-0.31771,4.44194,-4.50807,-0.49311,
850988986424,-6.83783,7.32592,0.34422,0.93830,0.04944,0.15309,-0.30613,4.63813,-4.64881,-0.15902,
851088453685,-6.36113,6.86024,0.34304,0.94218,0.03518,0.15705,-0.29392,4.90095,-4.69947,0.06950,
851187970934,-5.86300,6.39235,0.35664,0.94484,0.03916,0.15825,-0.28408,5.09142,-4.73913,0.11487,
851287552934,-5.35100,5.91690,0.35984,0.94725,0.03648,0.16189,-0.27418,5.21034,-4.78310,-0.05456,
851387059055,-4.82422,5.43899,0.34820,0.95114,0.02565,0.16579,-0.25920,5.38841,-4.79716,-0.16867,
851486578107,-4.27804,4.95924,0.33341,0.95825,0.00543,0.16220,-0.23541,5.61257,-4.82371,-0.10770,
851586100055,-3.70726,4.48148,0.32654,0.96653,-0.03583,0.15310,-0.20274,5.84753,-4.74680,-0.00781,
851685688107,-3.11439,4.02068,0.33131,0.97359,-0.08014,0.13975,-0.16180,6.03608,-4.53680,0.05067,
851785177107,-2.50366,3.58578,0.33965,0.97726,-0.11901,0.12779,-0.12029,6.20267,-4.22003,0.08379,
851884654107,-1.88056,3.18704,0.34827,0.98032,-0.13066,0.12194,-0.08380,6.32075,-3.78993,0.08555,
851984173055,-1.24598,2.82916,0.35614,0.98536,-0.10380,0.12343,-0.05531,6.43475,-3.41816,0.07480,
852083643318,-0.60127,2.49912,0.36399,0.98868,-0.09325,0.11631,-0.01702,6.54721,-3.20684,0.06948,
852183139412,0.05253,2.19239,0.36963,0.98798,-0.11267,0.10074,0.03235,6.60722,-2.92709,0.04657,
852282658100,0.71196,1.91990,0.37268,0.98247,-0.14250,0.08368,0.08631,6.61115,-2.56707,0.00809,
852382079062,1.36786,1.68523,0.37047,0.97159,-0.17448,0.06553,0.14585,6.54500,-2.17672,-0.05863,
852481598854,2.01230,1.49250,0.36778,0.95316,-0.21386,0.04134,0.20986,6.41302,-1.68443,-0.05772,
852581170371,2.63864,1.35494,0.36545,0.92766,-0.25219,0.01637,0.27493,6.15838,-1.09783,-0.04397,
852680518872,3.22977,1.28001,0.36248,0.90174,-0.26960,0.00441,0.33788,5.77848,-0.47445,-0.09774,
852780037976,3.78549,1.26383,0.35360,0.87244,-0.27504,-0.00814,0.40390,5.38409,0.09732,-0.13337,
852879506315,4.29688,1.29884,0.33967,0.83768,-0.27725,-0.01641,0.47027,4.91414,0.62191,-0.20000,
852979023263,4.75896,1.38330,0.31871,0.79858,-0.26839,-0.01378,0.53856,4.36429,1.12656,-0.22939,
853078584263,5.16956,1.51162,0.30423,0.75038,-0.25553,-0.01637,0.60940,3.89524,1.49227,-0.18309,
853178065263,5.54295,1.66874,0.28781,0.68407,-0.27434,-0.04554,0.67433,3.39387,1.82312,-0.19649,
853277621315,5.85989,1.85457,0.26453,0.62080,-0.28685,-0.07010,0.72623,2.75036,2.04398,-0.28650,
853377141211,6.11051,2.06086,0.23266,0.56535,-0.29137,-0.07179,0.76833,2.05922,2.21432,-0.35854,
853476659211,6.29629,2.28558,0.19695,0.51715,-0.28293,-0.05638,0.80581,1.36617,2.40817,-0.36414,
853576183263,6.41494,2.52953,0.16555,0.46792,-0.25976,-0.04579,0.84349,0.72044,2.53938,-0.29594,
853675583322,6.47911,2.78460,0.14264,0.41858,-0.23697,-0.03285,0.87610,0.15065,2.64722,-0.16935,
853808315478,6.48335,3.13995,0.13393,0.34752,-0.22199,-0.02907,0.91055,-0.51746,2.75716,0.02177,
853874557267,6.47000,3.32455,0.13635,0.31049,-0.21748,-0.03706,0.92462,-0.79729,2.78304,0.06226,
854007247267,6.34499,3.69539,0.14246,0.23775,-0.21137,-0.05199,0.94662,-1.37509,2.72344,0.04531,
854106767215,6.20451,3.96877,0.14163,0.18401,-0.20317,-0.05970,0.95984,-1.76224,2.64593,-0.01970,
854173113163,6.10024,4.15248,0.13723,0.14647,-0.19737,-0.06587,0.96708,-1.99089,2.58111,-0.06625,
854272631163,5.90602,4.41159,0.12798,0.08337,-0.18340,-0.08599,0.97571,-2.32998,2.44017,-0.12189,
854405323215,5.57308,4.71000,0.10682,-0.00934,-0.15639,-0.12401,0.97984,-2.70132,2.06557,-0.18998,
854471669580,5.39019,4.83500,0.09536,-0.05531,-0.14525,-0.13938,0.97797,-2.84077,1.82536,-0.20695,
854571188267,5.10056,4.99325,0.07292,-0.12065,-0.13775,-0.15143,0.97136,-2.99543,1.43022,-0.24918,
854703932103,4.69212,5.14259,0.03729,-0.20070,-0.13975,-0.13927,0.95958,-3.17994,0.88882,-0.26417,
854770277738,4.47788,5.19080,0.01953,-0.23957,-0.13677,-0.12927,0.95247,-3.28297,0.62858,-0.24725,
854903120595,4.03336,5.24481,-0.00960,-0.31387,-0.12990,-0.10519,0.93464,-3.42188,0.20479,-0.19813,
855002644699,3.68800,5.25041,-0.02710,-0.36535,-0.12374,-0.09704,0.91749,-3.50908,-0.09143,-0.13986,
855102084938,3.33592,5.22623,-0.03730,-0.41025,-0.11928,-0.09013,0.89963,-3.57419,-0.37898,-0.06363,
855168510065,3.09668,5.19221,-0.03916,-0.43762,-0.11370,-0.08354,0.88802,-3.60924,-0.58413,0.00220,
855268028065,2.73471,5.11966,-0.03267,-0.47428,-0.10403,-0.07376,0.87109,-3.65484,-0.84726,0.10749,
855367547169,2.37024,5.02361,-0.01834,0.50726,0.09357,0.06823,-0.85398,-3.67074,-1.06327,0.20987,
855467108169,2.00678,4.90488,0.00817,0.53805,0.08174,0.06745,-0.83623,-3.65272,-1.27424,0.32127,
855599792117,1.52803,4.71481,0.06287,0.57579,0.06331,0.07459,-0.81172,-3.58196,-1.55278,0.50448,
855666104013,1.29439,4.60616,0.10000,0.59400,0.05161,0.08036,-0.79878,-3.51385,-1.67718,0.59563,
855765624169,0.95235,4.42990,0.16497,0.62155,0.03654,0.08964,-0.77737,-3.35176,-1.85686,0.71649,
855865183013,0.62704,4.23728,0.23810,0.65098,0.02815,0.09527,-0.75257,-3.17765,-2.01869,0.75061,
855964678377,0.31234,4.03353,0.30605,0.68220,0.02022,0.09669,-0.72446,-2.99439,-2.14197,0.70335,
856064184066,0.01781,3.81765,0.36790,0.71332,0.01354,0.09759,-0.69388,-2.81934,-2.23029,0.60737,
856163699065,-0.25346,3.58806,0.41883,0.74202,0.00546,0.09985,-0.66288,-2.63373,-2.32813,0.48338,
856263314668,-0.50164,3.34947,0.45561,0.76898,-0.00383,0.09846,-0.63164,-2.44820,-2.36122,0.29764,
856362793616,-0.73029,3.10814,0.48003,0.79488,-0.01506,0.09566,-0.59899,-2.22913,-2.41407,0.17078,
856462410605,-0.93885,2.86372,0.49265,0.81898,-0.02799,0.08898,-0.56619,-2.01013,-2.42253,0.05874,
856562005147,-1.12672,2.61966,0.49746,0.84144,-0.04165,0.08516,-0.53197,-1.77945,-2.39542,-0.02121,
856661536043,-1.28979,2.37789,0.49602,0.86331,-0.05243,0.08295,-0.49504,-1.53565,-2.33588,-0.08176,
856761059252,-1.43133,2.14189,0.48930,0.88396,-0.06120,0.08134,-0.45634,-1.27666,-2.24917,-0.12144,
856860494043,-1.55055,1.91248,0.47970,0.90251,-0.06044,0.07829,-0.41916,-1.03768,-2.16612,-0.14171,
856960069926,-1.64912,1.69071,0.47247,0.91955,-0.06095,0.07092,-0.38168,-0.79869,-2.07544,-0.12448,
857059589291,-1.72798,1.47790,0.46552,0.93475,-0.05966,0.05908,-0.34524,-0.59917,-1.94771,-0.11693,
857159149655,-1.78442,1.28399,0.45622,0.94833,-0.04852,0.04974,-0.30958,-0.43399,-1.83447,-0.08543,
857258627874,-1.83268,1.09505,0.45259,0.95950,-0.04842,0.04500,-0.27383,-0.32370,-1.72582,-0.07078,
857358186979,-1.86880,0.91653,0.44913,0.96921,-0.04683,0.04513,-0.23751,-0.19137,-1.61251,-0.05499,
857457664822,-1.88764,0.75440,0.44373,0.97773,-0.04294,0.04537,-0.20035,-0.06860,-1.50394,-0.08092,
857557184926,-1.89168,0.60817,0.43377,0.98476,-0.03943,0.04563,-0.16311,0.03951,-1.39546,-0.10662,
857656703031,-1.88820,0.46965,0.42089,0.99023,-0.03704,0.04389,-0.12704,0.13476,-1.30420,-0.13288,
857756222187,-1.87411,0.34286,0.40343,0.99421,-0.03502,0.04322,-0.09195,0.23112,-1.21036,-0.15893,
857855842927,-1.85073,0.22723,0.38123,0.99697,-0.03261,0.04158,-0.05700,0.31025,-1.11406,-0.19018,
857955260822,-1.82000,0.12173,0.35687,0.99844,-0.03105,0.04029,-0.02319,0.38109,-1.02514,-0.22026,
858054779135,-1.78430,0.02258,0.32945,0.99880,-0.02873,0.03837,0.01039,0.44215,-0.93363,-0.23166,
858154298031,-1.73971,-0.06479,0.30148,0.99794,-0.02610,0.03768,0.04494,0.50230,-0.84783,-0.25227,
858253819488,-1.68884,-0.13932,0.27281,0.99588,-0.02477,0.03740,0.07885,0.57050,-0.75795,-0.23926,
858353335926,-1.63130,-0.20936,0.24281,0.99270,-0.02426,0.03743,0.11206,0.61818,-0.67953,-0.28427,
858452858707,-1.56823,-0.27247,0.20965,0.98841,-0.02455,0.03593,0.14546,0.66859,-0.60854,-0.31106,
858552374082,-1.49995,-0.33010,0.17460,0.98308,-0.02249,0.03473,0.17842,0.69798,-0.53501,-0.35198,
858651933822,-1.42919,-0.38136,0.13709,0.97663,-0.01952,0.03446,0.21123,0.73059,-0.47838,-0.38370,
858751412979,-1.35456,-0.42772,0.09774,0.96943,-0.01762,0.03344,0.24244,0.77036,-0.43246,-0.39388,
858850930822,-1.27531,-0.46834,0.05804,0.96141,-0.01622,0.02911,0.27308,0.80054,-0.38097,-0.41219,
858950449926,-1.19356,-0.50468,0.01498,0.95253,-0.01519,0.03002,0.30256,0.81766,-0.33841,-0.45852,
859050009499,-1.10791,-0.53647,-0.03207,0.94263,-0.01673,0.03070,0.33201,0.85697,-0.28733,-0.49522,
859149488135,-1.01954,-0.56253,-0.08389,0.93211,-0.01590,0.03145,0.36047,0.88209,-0.23249,-0.54419,
859249097082,-0.92897,-0.58391,-0.13983,0.92015,-0.01456,0.03136,0.39004,0.90732,-0.18134,-0.59387,
859348526978,-0.83585,-0.60090,-0.20209,0.90664,-0.01454,0.03107,0.42051,0.93004,-0.14356,-0.69522,
859448044926,-0.74032,-0.61382,-0.27578,0.89246,-0.01401,0.03198,0.44977,0.95634,-0.09946,-0.81175,
859547648187,-0.64288,-0.62249,-0.35947,0.87762,-0.01281,0.03191,0.47812,0.98522,-0.05051,-0.89257,
859647085874,-0.54208,-0.62552,-0.44760,0.86209,-0.01320,0.02901,0.50576,1.05464,0.05601,-0.64007,
859746603822,-0.46687,-0.62860,-0.42688,0.83940,-0.01214,0.00798,0.54331,0.63806,-0.20259,0.42720,
859846141770,-0.40267,-0.63441,-0.38073,0.82631,-0.00698,0.01928,0.56284,0.64368,-0.00764,0.39822,
859945762082,-0.33623,-0.63712,-0.37163,0.81889,-0.00100,0.02221,0.57352,0.67687,-0.02126,-0.28098,
860045168583,-0.26603,-0.64034,-0.44057,0.81654,-0.00160,0.02462,0.57676,0.70349,-0.01730,-1.12025,
860144681927,-0.20816,-0.63988,-0.49734,0.81463,0.00233,0.00484,0.57995,0.31669,-0.09144,0.02524,
860244200822,-0.17005,-0.63844,-0.52400,0.81603,-0.01732,0.01085,0.57764,0.30013,0.09788,-0.61959,
860343806366,-0.13394,-0.62942,-0.61791,0.81536,0.00010,0.01067,0.57885,0.35172,0.13352,-0.80033,
860443285523,-0.11239,-0.62377,-0.65919,0.81240,-0.00407,0.00132,0.58309,0.21195,0.10551,-0.52408,
860542886523,-0.09460,-0.61746,-0.72172,0.81127,-0.00294,0.00619,0.58463,0.01695,0.05599,-0.50558,
860642325418,-0.08403,-0.61010,-0.77326,0.81048,-0.00047,0.00362,0.58575,0.13277,0.05888,-0.52613,
860741919574,-0.07224,-0.60274,-0.82614,0.81035,-0.00055,0.00426,0.58593,0.12464,0.07073,-0.52981,
860841362366,-0.06104,-0.59455,-0.87843,0.81018,-0.00101,0.00397,0.58617,0.10376,0.07985,-0.53227,
860940884470,-0.05032,-0.58604,-0.93090,0.80992,-0.00099,0.00337,0.58653,0.10558,0.09079,-0.52649,
861040529574,-0.03981,-0.57676,-0.98394,0.81025,-0.00139,0.00402,0.58607,0.10223,0.09984,-0.52835,
861139987626,-0.02980,-0.56672,-1.03695,0.81009,-0.00129,0.00381,0.58629,0.09431,0.10318,-0.53759,
861239437366,-0.02000,-0.55599,-1.09017,0.81023,-0.00147,0.00380,0.58610,0.08918,0.10849,-0.53907,
861338998470,-0.01079,-0.54446,-1.14355,0.81017,-0.00150,0.00372,0.58619,0.08723,0.11688,-0.53888,
861438516470,-0.00200,-0.53219,-1.19709,0.81018,-0.00160,0.00384,0.58617,0.08351,0.12704,-0.53869,
861538064470,0.00641,-0.51901,-1.25081,0.81017,-0.00168,0.00388,0.58618,0.08053,0.13559,-0.54209,
861637513522,0.01441,-0.50503,-1.30473,0.81019,-0.00170,0.00389,0.58616,0.07664,0.14473,-0.54428,
861737077314,0.02205,-0.49020,-1.35895,0.81025,-0.00181,0.00396,0.58608,0.07342,0.15398,-0.54599,
861836627366,0.02922,-0.47449,-1.41340,0.81025,-0.00184,0.00401,0.58606,0.07037,0.16343,-0.54784,
861936073907,0.03598,-0.45790,-1.46803,0.81030,-0.00189,0.00411,0.58600,0.06610,0.17227,-0.54974,
862035590303,0.04226,-0.44043,-1.52289,0.81034,-0.00193,0.00417,0.58595,0.06207,0.18043,-0.55225,
862135108522,0.04816,-0.42211,-1.57794,0.81038,-0.00195,0.00421,0.58589,0.05752,0.18908,-0.55414,
862234627939,0.05361,-0.40287,-1.63323,0.81040,-0.00198,0.00428,0.58586,0.05331,0.19789,-0.55649,
