529172592049,-0.00082,0.00142,0.01142,0.99288,-0.11764,0.00521,0.01791,-0.03181,-0.05762,0.11108,
529272125622,-0.00499,-0.00681,0.02375,0.98607,-0.16397,-0.00032,0.02807,-0.04158,-0.14264,0.17054,
529404850101,-0.01484,-0.02856,0.06406,0.98022,-0.19566,0.00958,0.02805,-0.09566,-0.12353,0.46277,
529471060153,-0.02105,-0.03513,0.09808,0.98256,-0.18346,0.01463,0.02660,-0.08647,-0.04586,0.56745,
529570683205,-0.02912,-0.03685,0.15610,0.98416,-0.17375,0.01979,0.02905,-0.10537,0.00132,0.56080,
529670196101,-0.03862,-0.03242,0.20707,0.98587,-0.16102,0.03561,0.02952,-0.10439,0.05370,0.42390,
529769620049,-0.04785,-0.02204,0.23695,0.98955,-0.13451,0.04562,0.02477,-0.06567,0.14865,0.18242,
529869209466,-0.05428,-0.00623,0.24674,0.98973,-0.12838,0.05894,0.02185,-0.10464,0.13509,-0.03233,
529968715032,-0.06469,0.00666,0.23755,0.98967,-0.12231,0.06966,0.02716,-0.12768,0.14520,-0.04986,
530068183667,-0.07483,0.01589,0.22823,0.98985,-0.11614,0.07384,0.03551,-0.02287,0.01271,-0.07360,
530167742667,-0.07071,0.01180,0.22260,0.98983,-0.12429,0.06109,0.03249,0.23465,-0.12693,0.00883,
530267220771,-0.04062,-0.00464,0.22640,0.99064,-0.12782,0.04554,0.01482,0.40859,-0.16635,0.09201,
530366739771,0.00181,-0.01795,0.24049,0.99096,-0.13268,0.01900,-0.00533,0.46532,-0.07568,0.18421,
530466268181,0.04512,-0.02212,0.25995,0.99171,-0.12642,0.00612,-0.02203,0.33482,-0.01596,0.18125,
530598961181,0.06312,-0.02264,0.27411,0.99139,-0.12658,-0.00354,-0.03329,-0.09487,-0.00502,-0.00429,
530698479182,0.04146,-0.02249,0.26679,0.99088,-0.13216,0.01093,-0.02398,-0.38765,-0.02004,-0.12521,
530797998077,-0.00790,-0.02345,0.25063,0.98902,-0.14188,0.04048,-0.00898,-0.59119,-0.01688,-0.14426,
530864342076,-0.04952,-0.02388,0.24148,0.98720,-0.14934,0.05571,0.00615,-0.64448,-0.00861,-0.09743,
530997080233,-0.13292,-0.02294,0.23652,0.98279,-0.15871,0.08214,0.04672,-0.53805,0.02813,0.03456,
531063422129,-0.16461,-0.02031,0.23796,0.98123,-0.15777,0.08741,0.06828,-0.37563,0.03578,0.02604,
531162941181,-0.18719,-0.01730,0.23747,0.97882,-0.15981,0.09262,0.08832,-0.03613,0.02421,-0.03444,
531262421129,-0.17909,-0.01530,0.23335,0.97882,-0.16171,0.08875,0.08875,0.27199,0.00635,-0.07346,
531361939181,-0.14795,-0.01658,0.22914,0.97948,-0.16612,0.08185,0.07951,0.46032,-0.02906,-0.07288,
531461453980,-0.09492,-0.02090,0.22614,0.98095,-0.17126,0.06349,0.06615,0.56685,-0.04933,-0.00424,
531594144928,-0.01856,-0.02770,0.23235,0.98219,-0.17769,0.03057,0.05292,0.53520,-0.02913,0.09648,
531660558210,0.01446,-0.02920,0.23881,0.98285,-0.17839,0.01458,0.04442,0.42248,-0.01774,0.10200,
531760080210,0.04332,-0.03199,0.24432,0.98280,-0.18214,0.00825,0.02930,0.11500,-0.04518,-0.00814,
531859556046,0.03981,-0.03728,0.23921,0.98147,-0.18963,0.01961,0.01947,-0.20847,-0.03689,-0.08689,
531959073046,0.00977,-0.04008,0.22773,0.97944,-0.19649,0.03416,0.03028,-0.35074,-0.02428,-0.13200,
532058675028,-0.02186,-0.04396,0.21660,0.97415,-0.21689,0.04069,0.04840,-0.24039,-0.02957,-0.01720,
532158096591,-0.03982,-0.04017,0.22826,0.97262,-0.22035,0.04401,0.05927,-0.08527,0.15718,0.31844,
532257676695,-0.04855,-0.01567,0.27014,0.98039,-0.18284,0.04176,0.06045,-0.02951,0.34862,0.56985,
532357097435,-0.05064,0.02098,0.33179,0.98861,-0.13434,0.02956,0.06100,-0.01017,0.35509,0.60056,
532456690174,-0.05168,0.04675,0.37425,0.99454,-0.08294,0.03008,0.05580,-0.00767,0.12556,0.19321,
532556132226,-0.05153,0.04910,0.37026,0.99501,-0.07967,0.03659,0.04754,0.00223,-0.10803,-0.30044,
532655651330,-0.05244,0.03247,0.32934,0.99154,-0.11275,0.04889,0.04182,-0.03041,-0.22206,-0.57720,
532755212174,-0.05730,0.00763,0.27412,0.98640,-0.14440,0.06440,0.04492,-0.04410,-0.18105,-0.51810,
532854831330,-0.06167,-0.01003,0.22804,0.98128,-0.17267,0.06566,0.05434,-0.00978,-0.14044,-0.33155,
532954337539,-0.06275,-0.02158,0.20636,0.97581,-0.20077,0.06221,0.06010,0.00473,-0.06368,-0.00264,
533053727330,-0.06345,-0.01754,0.22357,0.97833,-0.18810,0.06355,0.05869,0.00749,0.18040,0.39830,
533153285330,-0.06384,0.00472,0.27246,0.98426,-0.15718,0.05080,0.06280,0.00788,0.26902,0.59748,
533252805278,-0.06364,0.03192,0.33524,0.98983,-0.11947,0.04221,0.06471,0.00311,0.26426,0.59361,
533352325382,-0.06278,0.05289,0.38235,0.99441,-0.07403,0.04268,0.06205,0.01812,0.11617,0.26280,
533451843226,-0.06118,0.05689,0.38873,0.99512,-0.06858,0.04449,0.05533,0.01337,-0.05004,-0.21547,
533551363487,-0.06146,0.04178,0.35131,0.99196,-0.10300,0.05357,0.05032,-0.00080,-0.23756,-0.56540,
533650895330,-0.06258,0.01045,0.29282,0.98436,-0.15987,0.05606,0.04841,-0.02122,-0.36826,-0.55113,
533750401227,-0.06423,-0.02802,0.25872,0.97586,-0.20437,0.05940,0.04894,0.00482,-0.35817,-0.07456,
533849889226,-0.06303,-0.06095,0.26170,0.97872,-0.19163,0.05900,0.04355,0.03434,-0.33273,0.12349,
533982693509,-0.05818,-0.09878,0.26963,0.97718,-0.20017,0.05702,0.04252,0.04578,-0.18542,0.01630,
534048994613,-0.05618,-0.10453,0.26790,0.97708,-0.20115,0.05548,0.04223,0.01382,0.04274,-0.09492,
534148477561,-0.05878,-0.08365,0.25427,0.97541,-0.20830,0.05677,0.04430,-0.05511,0.41744,-0.17470,
534247950853,-0.06659,-0.03001,0.23976,0.97712,-0.19799,0.05698,0.05290,-0.09207,0.60782,-0.11519,
534347598853,-0.07556,0.02870,0.22906,0.97717,-0.19548,0.05712,0.06059,-0.09114,0.51453,-0.11878,
534446990238,-0.08106,0.06742,0.21973,0.97336,-0.20913,0.06187,0.07081,-0.03476,0.20833,-0.05251,
534546508030,-0.08178,0.07163,0.21951,0.97283,-0.21120,0.06494,0.06908,0.01327,-0.16691,0.06239,
534679202446,-0.07926,0.02422,0.22705,0.97398,-0.20631,0.06406,0.06849,0.02880,-0.58626,0.05974,
534745640081,-0.07632,-0.01888,0.23196,0.97262,-0.21196,0.06609,0.06872,0.06367,-0.70518,0.09439,
534845065717,-0.06950,-0.09185,0.24038,0.97045,-0.22183,0.06985,0.06438,0.09008,-0.71939,0.08948,
534944581278,-0.06175,-0.15612,0.24620,0.96607,-0.24065,0.07603,0.05492,0.07430,-0.48602,0.01871,
535044097164,-0.05690,-0.18619,0.24388,0.96155,-0.25866,0.07547,0.05318,0.00971,-0.02029,-0.07394,
535143656561,-0.05899,-0.17205,0.23556,0.96021,-0.26156,0.07738,0.06000,-0.05031,0.40347,-0.05373,
535243172248,-0.06488,-0.11653,0.23286,0.96730,-0.23378,0.07182,0.06722,-0.06714,0.64281,0.00171,
535342730196,-0.07265,-0.05009,0.23194,0.97281,-0.20881,0.07217,0.06947,-0.06856,0.63078,0.00046,
535442206196,-0.08021,0.00745,0.23186,0.97467,-0.20152,0.06304,0.07377,-0.07748,0.45418,0.01752,
535541812144,-0.08977,0.03757,0.23350,0.97430,-0.19961,0.06858,0.07871,-0.08748,0.11319,0.03158,
535641229248,-0.09514,0.03527,0.23701,0.97483,-0.19724,0.06423,0.08171,-0.01350,-0.18164,0.00615,
535740850248,-0.09332,0.00517,0.23348,0.97269,-0.20865,0.06554,0.07778,0.07137,-0.38558,-0.08329,
535840282196,-0.07998,-0.03645,0.22582,0.96723,-0.23594,0.06328,0.06925,0.21448,-0.39292,-0.04267,
535939759749,-0.05065,-0.07157,0.22577,0.96601,-0.24663,0.06049,0.04841,0.38022,-0.26984,0.05206,
536039364801,-0.01134,-0.08848,0.23458,0.96720,-0.24793,0.05399,0.01203,0.36838,0.00012,0.14092,
536138834749,0.01266,-0.07144,0.25150,0.97251,-0.22578,0.05421,-0.01757,0.08467,0.37644,0.21437,
536238312749,0.00481,-0.02445,0.27345,0.98125,-0.18190,0.06198,-0.01483,-0.26997,0.55398,0.20330,
536337843419,-0.03461,0.02612,0.28690,0.98574,-0.14626,0.08262,0.00984,-0.56340,0.39013,0.04126,
536437449777,-0.09312,0.04666,0.28178,0.98209,-0.14260,0.11504,0.04386,-0.63035,-0.04797,-0.13190,
536536976829,-0.14736,0.02155,0.26766,0.97129,-0.17175,0.14684,0.07434,-0.46171,-0.49756,-0.15098,
536636409777,-0.17430,-0.03466,0.25373,0.96175,-0.20002,0.16542,0.08754,-0.05727,-0.64065,-0.16764,
536735927767,-0.16111,-0.09164,0.23173,0.95506,-0.23674,0.15750,0.08367,0.37237,-0.47076,-0.23787,
536835546515,-0.10686,-0.12576,0.21091,0.95167,-0.27096,0.13228,0.05835,0.72764,-0.17413,-0.12528,
536934960785,-0.02712,-0.12913,0.21002,0.95793,-0.27200,0.09006,0.01676,0.81554,0.16079,0.11187,
537067659625,0.05055,-0.08710,0.23247,0.96907,-0.23982,0.05208,-0.02587,0.23881,0.51814,0.17233,
537133995739,0.05397,-0.04993,0.24253,0.97339,-0.22022,0.05705,-0.02758,-0.17715,0.59918,0.14816,
537233514843,0.01456,0.00762,0.25803,0.97930,-0.19027,0.06897,0.00230,-0.62528,0.47933,0.15142,
537333033687,-0.05446,0.04008,0.26975,0.98023,-0.17003,0.08684,0.05187,-0.71763,0.08688,0.09490,
537432633934,-0.11284,0.03152,0.27276,0.97439,-0.17485,0.10392,0.09593,-0.41540,-0.33694,-0.00696,
537532119987,-0.12838,-0.01422,0.27185,0.96699,-0.19945,0.11410,0.11019,0.08826,-0.58034,0.01862,
537631598830,-0.10061,-0.07421,0.28366,0.96365,-0.22626,0.10528,0.09535,0.44335,-0.56434,0.26315,
537731244258,-0.05678,-0.11710,0.32393,0.96836,-0.22938,0.06935,0.06966,0.42563,-0.16684,0.54177,
537830633258,-0.02536,-0.10668,0.37614,0.98024,-0.18405,0.04295,0.05844,0.19837,0.43851,0.49039,
537930242258,-0.01355,-0.05445,0.41172,0.98955,-0.12933,0.02846,0.05697,-0.00757,0.70370,0.14873,
538029779258,-0.01708,0.01237,0.40758,0.99384,-0.08295,0.05000,0.05390,-0.10728,0.60557,-0.27024,
538129230258,-0.03143,0.05945,0.36597,0.99158,-0.08391,0.08316,0.05308,-0.14242,0.25288,-0.56254,
538228717969,-0.04645,0.06331,0.30791,0.98558,-0.12518,0.09869,0.05668,-0.07555,-0.25884,-0.62239,
538328277021,-0.05301,0.01968,0.25404,0.97516,-0.18806,0.10081,0.05947,0.01521,-0.64729,-0.44109,
538460967969,-0.03873,-0.07055,0.22923,0.96332,-0.24869,0.09139,0.04254,0.21256,-0.62799,0.11706,
538560487865,-0.01858,-0.11552,0.25830,0.96546,-0.25037,0.06747,0.02564,0.18182,-0.24183,0.47627,
538626793969,-0.00923,-0.12064,0.29020,0.97167,-0.22879,0.05565,0.02017,0.12492,0.11698,0.57009,
538726314917,-0.00544,-0.08937,0.33724,0.98349,-0.17459,0.04464,0.01654,-0.01446,0.54860,0.41561,
538825831917,-0.01217,-0.03446,0.36261,0.99127,-0.12092,0.04803,0.02122,-0.10224,0.58216,0.06210,
538925349917,-0.02417,0.01463,0.35060,0.99290,-0.09706,0.06218,0.02948,-0.15291,0.38589,-0.33529,
539024961865,-0.03784,0.04408,0.30585,0.99209,-0.09130,0.07440,0.04334,-0.08943,0.11774,-0.57471,
539125297917,-0.04171,0.04750,0.24674,0.98899,-0.12335,0.06666,0.04728,-0.01623,-0.15747,-0.65492,
539223908021,-0.04177,0.03037,0.18814,0.98561,-0.14920,0.07014,0.03722,0.03852,-0.28581,-0.51803,
539323426969,-0.03663,0.00521,0.14366,0.98407,-0.16535,0.05355,0.03735,0.02063,-0.17886,-0.38187,
539423021969,-0.03496,-0.00850,0.10832,0.98311,-0.17176,0.05090,0.03734,0.03518,-0.06065,-0.29376,
539522540021,-0.03125,-0.01238,0.08187,0.98487,-0.16599,0.03863,0.03145,0.08112,-0.04030,-0.21492,
539621979987,-0.02565,-0.01699,0.06028,0.98676,-0.15663,0.03732,0.01964,0.06694,-0.06663,-0.20083,
539721622975,-0.01744,-0.02202,0.04343,0.98752,-0.15439,0.02938,0.01025,0.09376,-0.05823,-0.13452,
539821016975,-0.00969,-0.02493,0.03240,0.98928,-0.14413,0.02256,0.00717,0.06301,0.04249,-0.01405,
539920602744,-0.00653,-0.01943,0.03022,0.99047,-0.13543,0.01019,0.02310,0.03568,0.06288,-0.01888,
540020046057,-0.00467,-0.01691,0.02689,0.99203,-0.12347,0.00401,0.02461,0.00999,-0.01414,-0.03470,
540119679078,-0.00526,-0.01843,0.02380,0.99365,-0.11020,0.00416,0.02216,-0.00597,-0.03230,-0.02923,
540219187704,-0.00571,-0.02305,0.02021,0.99485,-0.09942,0.00649,0.01863,0.00214,-0.04389,-0.02740,
540318593704,-0.00613,-0.02663,0.01784,0.99557,-0.09238,0.00685,0.01597,-0.00173,-0.00305,0.00535,
540418106175,-0.00689,-0.02559,0.01783,0.99557,-0.09261,0.00680,0.01465,0.00052,0.01062,-0.00480,
540517644227,-0.00738,-0.02463,0.01747,0.99586,-0.08938,0.00619,0.01508,-0.00101,-0.00002,-0.00695,
540617237711,-0.00745,-0.02443,0.01721,0.99602,-0.08755,0.00621,0.01516,-0.00348,0.00101,-0.00672,
540716695762,-0.00754,-0.02432,0.01705,0.99611,-0.08682,0.00519,0.01383,0.00706,0.01431,-0.00173,
540816173825,-0.00756,-0.02441,0.01696,0.99607,-0.08727,0.00529,0.01390,0.00342,0.00135,0.00025,
540915688813,-0.00751,-0.02405,0.01690,0.99611,-0.08682,0.00525,0.01426,0.00069,-0.00721,-0.00109,
541015207969,-0.00749,-0.02406,0.01686,0.99611,-0.08682,0.00527,0.01426,0.00222,0.00160,-0.00032,
541114723877,-0.00751,-0.02422,0.01689,0.99609,-0.08703,0.00523,0.01408,0.00125,0.00469,-0.00135,
541214238803,-0.00752,-0.02421,0.01687,0.99609,-0.08704,0.00532,0.01407,0.00189,-0.00071,-0.00033,
541313862855,-0.00753,-0.02409,0.01686,0.99610,-0.08690,0.00530,0.01416,0.00237,-0.00296,-0.00007,
541413273155,-0.00752,-0.02409,0.01686,0.99611,-0.08681,0.00530,0.01418,0.00225,-0.00003,-0.00033,
541512790894,-0.00753,-0.02415,0.01686,0.99610,-0.08690,0.00534,0.01410,0.00212,0.00201,-0.00096,
541612357155,-0.00753,-0.02415,0.01687,0.99610,-0.08690,0.00535,0.01408,0.00169,-0.00013,-0.00025,
541711854155,-0.00753,-0.02409,0.01688,0.99611,-0.08683,0.00538,0.01412,0.00146,-0.00133,-0.00045,
541811348050,-0.00748,-0.02406,0.01684,0.99611,-0.08677,0.00534,0.01411,0.00243,-0.00023,-0.00090,
541910907946,-0.00748,-0.02408,0.01684,0.99611,-0.08677,0.00534,0.01412,0.00214,0.00116,-0.00053,
542010429947,-0.00748,-0.02409,0.01684,0.99611,-0.08677,0.00537,0.01411,0.00242,0.00050,-0.00054,
542109981946,-0.00748,-0.02406,0.01683,0.99612,-0.08675,0.00538,0.01412,0.00198,-0.00059,-0.00052,
542209464999,-0.00749,-0.02404,0.01684,0.99612,-0.08672,0.00539,0.01411,0.00156,-0.00014,-0.00058,
542308987207,-0.00748,-0.02405,0.01684,0.99612,-0.08673,0.00544,0.01411,0.00197,-0.00027,-0.00049,
542408502050,-0.00749,-0.02405,0.01685,0.99612,-0.08674,0.00546,0.01410,0.00163,-0.00016,-0.00022,
542508049998,-0.00749,-0.02404,0.01685,0.99612,-0.08673,0.00547,0.01410,0.00167,-0.00059,-0.00064,
542607500946,-0.00749,-0.02403,0.01685,0.99612,-0.08672,0.00550,0.01410,0.00176,-0.00043,-0.00000,
542740193050,-0.00750,-0.02402,0.01686,0.99612,-0.08675,0.00554,0.01408,0.00228,-0.00040,-0.00007,
542806537998,-0.00749,-0.02402,0.01686,0.99611,-0.08676,0.00556,0.01409,0.00187,0.00033,-0.00005,
542939229946,-0.00751,-0.02402,0.01687,0.99612,-0.08673,0.00557,0.01407,0.00235,-0.00016,-0.00030,
543005578946,-0.00750,-0.02401,0.01686,0.99612,-0.08672,0.00558,0.01408,0.00164,-0.00025,-0.00073,
543105095946,-0.00749,-0.02401,0.01685,0.99612,-0.08670,0.00558,0.01408,0.00226,-0.00004,-0.00046,
543204685154,-0.00752,-0.02400,0.01686,0.99612,-0.08669,0.00559,0.01407,0.00167,0.00024,-0.00031,
543304182103,-0.00751,-0.02400,0.01686,0.99612,-0.08669,0.00561,0.01408,0.00211,0.00016,-0.00012,
543403658394,-0.00751,-0.02399,0.01686,0.99612,-0.08668,0.00560,0.01407,0.00216,-0.00056,-0.00061,
543503170894,-0.00751,-0.02399,0.01686,0.99612,-0.08667,0.00561,0.01406,0.00204,-0.00033,-0.00026,
543602688894,-0.00751,-0.02399,0.01686,0.99612,-0.08666,0.00563,0.01407,0.00197,-0.00008,-0.00024,
543702251103,-0.00752,-0.02398,0.01687,0.99612,-0.08666,0.00564,0.01406,0.00227,0.00005,-0.00055,
543801730050,-0.00750,-0.02398,0.01686,0.99612,-0.08664,0.00564,0.01407,0.00213,-0.00026,-0.00046,
543901246946,-0.00751,-0.02397,0.01686,0.99612,-0.08665,0.00565,0.01406,0.00187,-0.00008,-0.00035,
544000850946,-0.00751,-0.02397,0.01686,0.99612,-0.08665,0.00567,0.01406,0.00214,0.00001,-0.00027,
544100284946,-0.00750,-0.02397,0.01685,0.99612,-0.08665,0.00566,0.01406,0.00233,-0.00015,-0.00027,
544199803894,-0.00750,-0.02396,0.01685,0.99612,-0.08664,0.00566,0.01405,0.00198,-0.00036,-0.00123,
544299423894,-0.00750,-0.02396,0.01685,0.99613,-0.08662,0.00567,0.01406,0.00208,-0.00019,-0.00062,
544398847946,-0.00750,-0.02396,0.01685,0.99613,-0.08660,0.00566,0.01406,0.00217,-0.00055,-0.00050,
544498365946,-0.00750,-0.02395,0.01684,0.99613,-0.08659,0.00567,0.01406,0.00232,-0.00014,-0.00019,
544597882998,-0.00750,-0.02395,0.01685,0.99613,-0.08660,0.00568,0.01406,0.00205,-0.00032,-0.00049,
544697401832,-0.00749,-0.02394,0.01684,0.99613,-0.08660,0.00568,0.01405,0.00220,-0.00006,-0.00018,
544796919050,-0.00752,-0.02394,0.01686,0.99613,-0.08659,0.00571,0.01404,0.00195,-0.00030,-0.00066,
544896438946,-0.00750,-0.02394,0.01684,0.99613,-0.08657,0.00570,0.01405,0.00203,-0.00035,-0.00082,
544995965134,-0.00750,-0.02393,0.01684,0.99613,-0.08657,0.00569,0.01404,0.00214,-0.00062,-0.00068,
545095556310,-0.00750,-0.02393,0.01684,0.99613,-0.08654,0.00570,0.01405,0.00208,-0.00027,-0.00059,
545195035457,-0.00749,-0.02393,0.01683,0.99613,-0.08654,0.00570,0.01405,0.00220,-0.00026,-0.00080,
545294556051,-0.00752,-0.02392,0.01684,0.99613,-0.08655,0.00572,0.01403,0.00179,-0.00032,-0.00052,
545394076946,-0.00751,-0.02391,0.01684,0.99613,-0.08656,0.00574,0.01404,0.00205,-0.00007,-0.00104,
545493591207,-0.00750,-0.02391,0.01683,0.99613,-0.08653,0.00571,0.01405,0.00240,-0.00008,-0.00049,
545593118842,-0.00751,-0.02391,0.01684,0.99613,-0.08652,0.00572,0.01405,0.00201,0.00010,0.00025,
545692589947,-0.00752,-0.02391,0.01684,0.99613,-0.08653,0.00572,0.01406,0.00224,-0.00009,-0.00021,
545825281155,-0.00746,-0.02382,0.01686,0.99612,-0.08678,0.00459,0.01385,-0.00532,0.00909,-0.00481,
545891626947,-0.00751,-0.02350,0.01673,0.99613,-0.08662,0.00479,0.01416,0.00479,-0.00790,0.00231,
545991160259,-0.00764,-0.02349,0.01668,0.99614,-0.08646,0.00522,0.01405,0.00504,-0.00132,-0.00244,
546090664946,-0.00759,-0.02371,0.01666,0.99612,-0.08680,0.00526,0.01382,0.00184,0.00662,0.00019,
546190184946,-0.00750,-0.02373,0.01672,0.99611,-0.08689,0.00508,0.01382,-0.00179,0.00056,-0.00190,
546289742998,-0.00751,-0.02357,0.01668,0.99612,-0.08672,0.00519,0.01399,0.00132,-0.00513,0.00020,
546389222894,-0.00754,-0.02351,0.01667,0.99613,-0.08664,0.00516,0.01402,0.00327,-0.00139,0.00058,
546488784258,-0.00755,-0.02361,0.01666,0.99612,-0.08677,0.00523,0.01394,0.00334,0.00301,-0.00103,
546588261675,-0.00755,-0.02366,0.01667,0.99611,-0.08685,0.00526,0.01385,0.00225,0.00136,0.00006,
546687781259,-0.00754,-0.02360,0.01667,0.99612,-0.08679,0.00523,0.01392,0.00131,-0.00244,-0.00045,
546787300290,-0.00753,-0.02355,0.01665,0.99612,-0.08670,0.00524,0.01399,0.00197,-0.00196,0.00003,
546886817998,-0.00753,-0.02357,0.01666,0.99612,-0.08677,0.00524,0.01397,0.00151,0.00105,-0.00035,
546986336946,-0.00753,-0.02361,0.01665,0.99611,-0.08683,0.00527,0.01393,0.00231,0.00120,-0.00059,
547085854894,-0.00754,-0.02360,0.01664,0.99611,-0.08681,0.00528,0.01394,0.00289,-0.00055,0.00037,
547185374050,-0.00755,-0.02357,0.01664,0.99612,-0.08676,0.00530,0.01396,0.00254,-0.00094,0.00052,
547284966946,-0.00754,-0.02357,0.01663,0.99612,-0.08678,0.00531,0.01396,0.00175,0.00005,-0.00009,
547384412050,-0.00753,-0.02359,0.01664,0.99611,-0.08682,0.00530,0.01395,0.00181,0.00035,-0.00039,
547483933946,-0.00754,-0.02359,0.01664,0.99611,-0.08683,0.00533,0.01395,0.00179,0.00006,0.00052,
547583490894,-0.00753,-0.02357,0.01664,0.99611,-0.08683,0.00534,0.01395,0.00247,-0.00038,0.00040,
547716142998,-0.00754,-0.02357,0.01664,0.99611,-0.08686,0.00536,0.01395,0.00254,-0.00110,-0.00000,
547782487894,-0.00754,-0.02358,0.01663,0.99611,-0.08685,0.00537,0.01396,0.00152,0.00027,0.00019,
547915250894,-0.00755,-0.02357,0.01663,0.99611,-0.08686,0.00538,0.01394,0.00271,0.00052,-0.00017,
547981660946,-0.00754,-0.02356,0.01663,0.99611,-0.08686,0.00539,0.01396,0.00142,0.00018,0.00002,
548081086050,-0.00754,-0.02356,0.01662,0.99611,-0.08685,0.00538,0.01396,0.00198,-0.00030,-0.00015,
548213736894,-0.00755,-0.02356,0.01663,0.99611,-0.08685,0.00539,0.01396,0.00281,-0.00028,0.00020,
548280083894,-0.00755,-0.02357,0.01662,0.99611,-0.08687,0.00540,0.01397,0.00136,0.00021,0.00029,
548379676051,-0.00754,-0.02356,0.01662,0.99611,-0.08689,0.00541,0.01396,0.00206,-0.00020,0.00010,
548479162259,-0.00755,-0.02356,0.01662,0.99611,-0.08688,0.00542,0.01396,0.00200,0.00021,-0.00006,
548578680946,-0.00755,-0.02356,0.01662,0.99611,-0.08687,0.00542,0.01395,0.00202,0.00003,0.00025,
548678200102,-0.00755,-0.02355,0.01662,0.99610,-0.08690,0.00543,0.01396,0.00202,0.00047,0.00070,
548777718894,-0.00755,-0.02356,0.01662,0.99610,-0.08690,0.00543,0.01397,0.00187,-0.00034,0.00012,
548877196998,-0.00755,-0.02356,0.01662,0.99610,-0.08693,0.00546,0.01395,0.00208,0.00009,0.00033,
548976715946,-0.00758,-0.02355,0.01664,0.99610,-0.08693,0.00549,0.01395,0.00169,-0.00040,0.00014,
549076235946,-0.00754,-0.02355,0.01661,0.99610,-0.08693,0.00547,0.01396,0.00236,0.00015,-0.00011,
549175755894,-0.00755,-0.02355,0.01661,0.99610,-0.08692,0.00546,0.01397,0.00172,0.00037,0.00021,
549275410946,-0.00755,-0.02355,0.01661,0.99610,-0.08691,0.00546,0.01397,0.00206,-0.00004,-0.00004,
549374927946,-0.00757,-0.02355,0.01662,0.99610,-0.08693,0.00550,0.01398,0.00146,-0.00016,0.00034,
549474411727,-0.00756,-0.02355,0.01662,0.99610,-0.08695,0.00551,0.01397,0.00236,0.00007,0.00034,
549573929103,-0.00756,-0.02355,0.01662,0.99610,-0.08696,0.00551,0.01397,0.00214,0.00004,0.00079,
549673451946,-0.00756,-0.02354,0.01661,0.99610,-0.08696,0.00551,0.01397,0.00244,-0.00003,0.00031,
549772872936,-0.00757,-0.02355,0.01661,0.99610,-0.08697,0.00551,0.01398,0.00169,-0.00027,0.00038,
549872393353,-0.00756,-0.02354,0.01661,0.99610,-0.08699,0.00553,0.01396,0.00215,0.00003,0.00039,
549971908311,-0.00755,-0.02357,0.01662,0.99610,-0.08698,0.00553,0.01374,0.00043,-0.00363,0.00104,
550071550102,-0.00757,-0.02347,0.01661,0.99611,-0.08688,0.00550,0.01397,0.00045,0.00075,-0.00116,
550170964894,-0.00754,-0.02352,0.01663,0.99610,-0.08693,0.00535,0.01393,-0.00020,0.00149,-0.00004,
550270545050,-0.00755,-0.02352,0.01664,0.99610,-0.08700,0.00543,0.01396,0.00264,0.00174,0.00096,
550370025946,-0.00762,-0.02350,0.01664,0.99610,-0.08698,0.00554,0.01395,0.00300,-0.00148,0.00108,
550469541894,-0.00761,-0.02355,0.01663,0.99604,-0.08755,0.00578,0.01410,0.00448,-0.00172,0.00065,
550569060946,-0.00761,-0.02357,0.01663,0.99606,-0.08741,0.00579,0.01410,0.00075,-0.00029,-0.00156,
550668616946,-0.00759,-0.02360,0.01664,0.99605,-0.08748,0.00575,0.01410,0.00358,-0.00263,-0.00053,
550801273894,-0.00762,-0.02362,0.01664,0.99604,-0.08760,0.00572,0.01388,0.00530,0.00448,0.00135,
550867658894,-0.00756,-0.02354,0.01661,0.99605,-0.08749,0.00563,0.01408,0.00393,-0.00250,0.00269,
550967099946,-0.00757,-0.02352,0.01663,0.99604,-0.08760,0.00565,0.01411,0.00080,0.00005,-0.00018,
551066658102,-0.00759,-0.02356,0.01670,0.99603,-0.08777,0.00572,0.01383,0.00073,0.00150,-0.00213,
551166135102,-0.00759,-0.02357,0.01660,0.99604,-0.08768,0.00577,0.01389,0.00432,-0.00432,0.00257,
551265661415,-0.00758,-0.02357,0.01661,0.99604,-0.08760,0.00556,0.01384,0.00234,-0.00059,-0.00048,
551365257154,-0.00757,-0.02358,0.01658,0.99604,-0.08759,0.00562,0.01380,0.00307,-0.00107,0.00132,
551464757894,-0.00763,-0.02357,0.01665,0.99605,-0.08761,0.00571,0.01365,0.00392,0.00216,0.00330,
551564267311,-0.00762,-0.02351,0.01666,0.99604,-0.08761,0.00568,0.01380,0.00361,-0.00006,0.00382,
551663729894,-0.00761,-0.02354,0.01661,0.99604,-0.08765,0.00566,0.01383,0.00098,0.00185,-0.00110,
551763247998,-0.00756,-0.02355,0.01659,0.99602,-0.08785,0.00559,0.01401,0.00650,0.00036,0.00209,
551862807894,-0.00757,-0.02358,0.01658,0.99603,-0.08773,0.00560,0.01387,0.00098,-0.00010,-0.00140,
551962285946,-0.00757,-0.02358,0.01657,0.99602,-0.08781,0.00566,0.01388,0.00221,-0.00053,-0.00138,
552061813894,-0.00757,-0.02358,0.01657,0.99600,-0.08803,0.00565,0.01394,-0.00379,-0.00103,-0.00552,
552161323946,-0.00754,-0.02355,0.01660,0.99603,-0.08780,0.00569,0.01376,0.00333,-0.00338,0.00082,
552260844103,-0.00752,-0.02355,0.01655,0.99603,-0.08774,0.00559,0.01384,0.00276,-0.00095,0.00288,
552360362998,-0.00750,-0.02356,0.01654,0.99601,-0.08795,0.00557,0.01388,0.00021,0.00103,-0.00333,
552459880894,-0.00747,-0.02353,0.01659,0.99602,-0.08785,0.00558,0.01378,0.00635,0.00086,0.00103,
552559489207,-0.00745,-0.02358,0.01652,0.99603,-0.08774,0.00560,0.01375,-0.00118,-0.00364,-0.00048,
552658919998,-0.00747,-0.02358,0.01656,0.99604,-0.08773,0.00551,0.01359,0.00200,0.00038,0.00317,
552758483894,-0.00744,-0.02361,0.01656,0.99602,-0.08794,0.00555,0.01353,0.00332,0.00383,0.00134,
552857956947,-0.00740,-0.02361,0.01661,0.99601,-0.08805,0.00557,0.01353,0.00273,0.00433,0.00063,
552957511946,-0.00746,-0.02367,0.01661,0.99601,-0.08805,0.00576,0.01346,-0.00044,0.00393,0.00336,
553056995946,-0.00743,-0.02366,0.01666,0.99602,-0.08797,0.00566,0.01325,0.00116,-0.00254,-0.00136,
553156557946,-0.00755,-0.02362,0.01650,0.99603,-0.08787,0.00645,0.01249,0.00648,0.00800,0.00531,
553256032946,-0.00736,-0.02369,0.01646,0.99603,-0.08797,0.00662,0.01215,0.00573,0.00076,0.00634,
553355592894,-0.00744,-0.02345,0.01650,0.99608,-0.08741,0.00700,0.01162,0.00564,0.00202,0.01455,
553455070947,-0.00741,-0.02340,0.01647,0.99608,-0.08739,0.00715,0.01134,0.00665,0.00445,0.00379,
553554589894,-0.00729,-0.02246,0.01693,0.99607,-0.08770,0.00697,0.01048,0.00533,0.01895,0.00523,
553654150050,-0.00621,-0.01982,0.01784,0.99612,-0.08764,0.00496,0.00619,0.00156,0.03295,-0.00986,
553753641050,-0.00423,-0.01596,0.01722,0.99613,-0.08776,0.00431,-0.00187,0.02987,0.05849,0.00269,
553853187946,-0.00116,-0.00863,0.01638,0.99602,-0.08826,0.00325,-0.01201,0.04118,0.09405,0.00032,
553952712946,0.00482,0.00355,0.01602,0.99571,-0.08898,0.00227,-0.02545,0.07466,0.15543,-0.00664,
554052222946,0.01314,0.02186,0.01479,0.99524,-0.08970,0.00153,-0.03811,0.11082,0.22604,-0.00119,
554151704894,0.02390,0.04680,0.01097,0.99453,-0.09205,0.00035,-0.04935,0.14728,0.28061,-0.02545,
554251224946,0.03758,0.08026,0.00582,0.99292,-0.10337,0.00044,-0.05851,0.19089,0.41550,-0.05481,
554350743894,0.05853,0.13046,0.00063,0.99363,-0.09423,0.00247,-0.06170,0.25522,0.60506,-0.02592,
554450261050,0.08725,0.19585,0.00591,0.99542,-0.07909,0.00134,-0.05374,0.32696,0.71364,0.12785,
554549780998,0.12284,0.27378,0.02703,0.99663,-0.07266,0.00005,-0.03816,0.37123,0.85337,0.31118,
554682471894,0.17148,0.39980,0.09002,0.99910,-0.04124,-0.00579,-0.00811,0.36552,0.98861,0.65302,
554781991894,0.20844,0.49248,0.16732,0.99903,-0.03849,-0.01598,0.01453,0.35219,0.90113,0.85404,
554848337947,0.23068,0.55192,0.22465,0.99862,-0.04195,-0.02085,0.02370,0.30550,0.88983,0.85533,
554947857946,0.25717,0.63635,0.30673,0.99864,-0.03860,-0.02194,0.02749,0.22281,0.86387,0.76871,
555047375102,0.27709,0.71126,0.38212,0.99861,-0.03914,-0.02275,0.02701,0.17225,0.84025,0.65834,
555146965502,0.30909,0.78846,0.45090,0.99886,-0.03797,-0.01592,0.02406,0.18793,0.82844,0.54447,
555246538606,0.33406,0.86793,0.50283,0.99897,-0.03685,-0.01168,0.02388,0.20156,0.82316,0.42342,
555346012554,0.35474,0.94984,0.54390,0.99883,-0.03655,-0.00674,0.03080,0.19836,0.82750,0.38798,
555445446919,0.37508,1.03191,0.58301,0.99838,-0.03759,-0.00314,0.04254,0.19719,0.82990,0.35202,
555544973366,0.39532,1.11222,0.62254,0.99755,-0.03970,-0.00318,0.05743,0.20550,0.82508,0.40507,
555644521659,0.41629,1.19217,0.66170,0.99646,-0.03945,-0.00256,0.07426,0.21881,0.83265,0.35531,
555777174554,0.44453,1.29810,0.70317,0.99478,-0.03831,-0.00109,0.09453,0.22144,0.83060,0.21603,
555843614658,0.45874,1.35361,0.72053,0.99378,-0.03871,0.00158,0.10436,0.22233,0.83441,0.14780,
555943115606,0.48058,1.43792,0.73839,0.99168,-0.03944,0.00892,0.12221,0.23827,0.84978,0.09196,
556042558502,0.50235,1.52535,0.75640,0.98875,-0.03983,0.01827,0.14298,0.25926,0.88001,0.12654,
556142078492,0.52657,1.61468,0.77995,0.98502,-0.04044,0.02695,0.16542,0.32815,0.89006,0.21152,
556241596607,0.55602,1.70352,0.80340,0.98128,-0.03872,0.03029,0.18620,0.35141,0.89287,0.16335,
556341183450,0.59400,1.79317,0.82250,0.97740,-0.03798,0.03280,0.20536,0.45965,0.92577,0.13803,
556440681867,0.63717,1.88718,0.83204,0.97340,-0.03557,0.03490,0.22363,0.48687,0.94074,0.01226,
556540153554,0.68156,1.98485,0.83191,0.96831,-0.03507,0.03715,0.24448,0.51887,0.98073,-0.03600,
556639742554,0.73086,2.08381,0.83183,0.96209,-0.03482,0.03815,0.26780,0.57268,1.00585,-0.03330,
556739239502,0.78377,2.18723,0.83426,0.95549,-0.03497,0.04049,0.29014,0.60749,1.03132,-0.03670,
556838710502,0.84180,2.28946,0.83025,0.94904,-0.03825,0.04412,0.30970,0.62073,1.04673,-0.11782,
556938270658,0.90422,2.39175,0.81583,0.94293,-0.04094,0.05012,0.32665,0.67203,1.09082,-0.18537,
557037828606,0.97381,2.49861,0.79611,0.93720,-0.04283,0.05773,0.34129,0.74092,1.14239,-0.22240,
557170441659,1.07650,2.64969,0.76789,0.92913,-0.04609,0.06898,0.36033,0.81920,1.22333,-0.19760,
557236786554,1.13121,2.72643,0.75718,0.92497,-0.04765,0.07378,0.36974,0.87515,1.26935,-0.15326,
557336305554,1.22319,2.85383,0.74528,0.91997,-0.05152,0.08022,0.38022,0.96583,1.35098,-0.11960,
557435825815,1.32399,2.98834,0.73591,0.91594,-0.05587,0.08778,0.38760,1.05594,1.44407,-0.10933,
557535352354,1.43146,3.13149,0.72858,0.91267,-0.06290,0.09380,0.39278,1.13840,1.54255,-0.10166,
557634880263,1.54803,3.28877,0.71914,0.91026,-0.07048,0.09763,0.39614,1.21699,1.66435,-0.13102,
557734446106,1.67709,3.46351,0.71101,0.90904,-0.07590,0.09455,0.39868,1.30347,1.83535,-0.09229,
557834011295,1.81369,3.65350,0.70702,0.90814,-0.07497,0.09414,0.40099,1.37908,1.98326,-0.01581,
557933445347,1.95785,3.85760,0.70916,0.90790,-0.07366,0.09423,0.40175,1.45814,2.11950,0.05007,
558032965400,2.10865,4.07550,0.71472,0.90791,-0.07189,0.09450,0.40200,1.52253,2.24049,0.07043,
558132484556,2.26677,4.30470,0.72189,0.90765,-0.07127,0.09609,0.40231,1.57088,2.35523,0.07370,
558232004274,2.42937,4.54364,0.72886,0.90678,-0.07253,0.10346,0.40222,1.63899,2.45570,0.07873,
558331562295,2.60028,4.79497,0.73794,0.90554,-0.07495,0.11058,0.40269,1.73054,2.59014,0.13122,
558431154295,2.78201,5.06213,0.75597,0.90501,-0.07393,0.11117,0.40389,1.83340,2.73452,0.23997,
558530607814,2.97236,5.34480,0.78401,0.90474,-0.06873,0.11222,0.40512,1.91181,2.87815,0.35010,
558630126762,3.17162,5.64001,0.82105,0.90127,-0.06471,0.11322,0.41316,2.00685,2.99138,0.41959,
558729645762,3.37440,5.94601,0.86256,0.89121,-0.06427,0.11269,0.43465,2.06886,3.10081,0.44427,
558829124814,3.58825,6.26621,0.90542,0.87564,-0.07136,0.10627,0.46569,2.13875,3.20363,0.45545,
558928684762,3.80605,6.59640,0.94832,0.85799,-0.08029,0.09925,0.49755,2.15683,3.32278,0.45721,
559028161866,4.02309,6.93757,0.99237,0.84263,-0.07974,0.09927,0.52323,2.18095,3.45931,0.48570,
559127680762,4.24638,7.29348,1.03361,0.82866,-0.07903,0.09914,0.54520,2.19799,3.56939,0.43863,
559227199814,4.46773,7.65771,1.07390,0.81427,-0.08074,0.09929,0.56621,2.22502,3.71469,0.46676,
559326718970,4.69290,8.03792,1.11615,0.79814,-0.09101,0.09578,0.58781,2.23699,3.84903,0.52136,
559426240387,4.91784,8.43226,1.16581,0.78237,-0.10265,0.08994,0.60768,2.23301,4.00739,0.57772,
559558928814,5.21299,8.98060,1.23463,0.76462,-0.11351,0.08729,0.62838,2.16360,4.18038,0.57646,
559625274970,5.35957,9.26882,1.26491,0.75672,-0.11689,0.08657,0.63736,2.11965,4.29777,0.55641,
559757970106,5.64294,9.85587,1.32473,0.74367,-0.12234,0.08860,0.65125,2.03311,4.46178,0.47804,
559824360220,5.78310,10.15901,1.34654,0.73701,-0.12473,0.08980,0.65817,1.99556,4.54578,0.42420,
559957005230,6.05498,10.78614,1.38667,0.72165,-0.13537,0.08992,0.67291,1.89821,4.76839,0.36172,
560023399428,6.18990,11.11362,1.39876,0.71278,-0.14258,0.08929,0.68091,1.85875,4.88085,0.31217,
560122871971,6.38372,11.61446,1.41762,0.69889,-0.15322,0.08796,0.69307,1.77458,5.05024,0.25842,
560222399706,6.56306,12.12887,1.43081,0.68418,-0.16299,0.08745,0.70547,1.66679,5.19310,0.18462,
560321915675,6.73494,12.66580,1.43556,0.66804,-0.17037,0.08740,0.71907,1.53418,5.36530,0.10403,
560421557675,6.88571,13.21231,1.43383,0.64920,-0.17629,0.08483,0.73503,1.39374,5.54296,0.05669,
560520961227,7.02399,13.77961,1.43028,0.62848,-0.18312,0.07673,0.75206,1.23053,5.71648,0.02405,
560620489513,7.14301,14.35712,1.42152,0.60693,-0.19185,0.06757,0.76829,1.04101,5.88113,-0.06018,
560720013947,7.23939,14.94426,1.40407,0.58588,-0.19915,0.05874,0.78335,0.82972,6.00810,-0.16066,
560819605947,7.32097,15.55552,1.37808,0.56449,-0.20465,0.04872,0.79819,0.60944,6.13745,-0.26356,
560919049947,7.38649,16.18990,1.34303,0.53963,-0.21063,0.03529,0.81436,0.37247,6.24722,-0.34320,
561018646103,7.41951,16.82610,1.30245,0.51254,-0.21695,0.02072,0.83055,0.07688,6.35267,-0.38595,
561118093808,7.42130,17.47237,1.25816,0.48406,-0.22273,0.00452,0.84620,-0.24375,6.40590,-0.41293,
561217711755,7.39580,18.13994,1.21023,0.45599,-0.22882,-0.00428,0.86006,-0.57155,6.43006,-0.45524,
561317171599,7.33781,18.81913,1.15840,0.42825,-0.23467,-0.00884,0.87261,-0.91208,6.47658,-0.49405,
561416750955,7.24692,19.50168,1.10071,0.40023,-0.23965,-0.01366,0.88442,-1.23928,6.49614,-0.57254,
561516174216,7.12335,20.17936,1.03103,0.37185,-0.24360,-0.01861,0.89557,-1.55018,6.49765,-0.67925,
561615692955,6.96288,20.84453,0.95297,0.34376,-0.24861,-0.02454,0.90522,-1.87635,6.45176,-0.77355,
561715212320,6.76618,21.49802,0.86535,0.31451,-0.25308,-0.03039,0.91439,-2.22803,6.40303,-0.87581,
561814734164,6.53120,22.14978,0.77093,0.28245,-0.25758,-0.03426,0.92342,-2.61704,6.31389,-0.91024,
561914291008,6.25669,22.78413,0.67276,0.24656,-0.25959,-0.03820,0.93293,-2.99538,6.22182,-0.97248,
562013778842,5.94413,23.42403,0.57141,0.20836,-0.26077,-0.04262,0.94168,-3.41384,6.10414,-0.96008,
562113299383,5.58539,24.04430,0.47413,0.17083,-0.26091,-0.04695,0.94897,-3.80967,5.97531,-0.97652,
562212818540,5.18832,24.65459,0.37481,0.13615,-0.26066,-0.05243,0.95434,-4.21297,5.81710,-0.99352,
562312430488,4.74926,25.25831,0.27051,0.10221,-0.25896,-0.05817,0.95870,-4.59056,5.66483,-1.04905,
562411857332,4.27479,25.84011,0.16188,0.06705,-0.25431,-0.06589,0.96254,-4.95212,5.45746,-1.08656,
562511427555,3.76277,26.41228,0.04736,0.03057,-0.24885,-0.07498,0.96515,-5.28858,5.25906,-1.12960,
562610947303,3.21604,26.95971,-0.07050,-0.00432,-0.24280,-0.08314,0.96650,-5.61751,5.02381,-1.17897,
562710422303,2.63999,27.47498,-0.19317,-0.03963,-0.23717,-0.09149,0.96634,-5.90254,4.75074,-1.23994,
562809949094,2.03514,27.96867,-0.32175,-0.07584,-0.23140,-0.09834,0.96490,-6.16191,4.46998,-1.28863,
562942640125,1.18481,28.56381,-0.49866,-0.12760,-0.22380,-0.10988,0.95998,-6.49627,4.01303,-1.31503,
563042156989,0.51623,28.97955,-0.63360,-0.16795,-0.21945,-0.11531,0.95412,-6.71842,3.64942,-1.29368,
563108551885,0.05827,29.24106,-0.72091,-0.19550,-0.21698,-0.11740,0.94917,-6.85340,3.40293,-1.27041,
563208023302,-0.63409,29.57374,-0.84399,-0.23704,-0.21333,-0.12186,0.93992,-7.02948,2.99197,-1.21739,
563307618875,-1.35496,29.88233,-0.96727,-0.27848,-0.20905,-0.12581,0.92893,-7.19717,2.57445,-1.17809,
563407062354,-2.09002,30.14448,-1.08556,-0.31965,-0.20378,-0.13084,0.91607,-7.32404,2.16661,-1.15246,
563506625302,-2.84531,30.37204,-1.20593,-0.35996,-0.19851,-0.13541,0.90149,-7.41498,1.75296,-1.15303,
563606099146,-3.60033,30.54953,-1.32602,-0.39934,-0.19298,-0.13985,0.88529,-7.47923,1.32987,-1.16110,
563771962885,-4.84513,30.72316,-1.51997,-0.46156,-0.18190,-0.14737,0.85566,-7.46132,0.59731,-1.17321,
563805139197,-5.10123,30.75287,-1.56028,-0.47242,-0.17903,-0.14904,0.85003,-7.45021,0.46185,-1.16834,
563904657989,-5.85528,30.79417,-1.67797,0.50425,0.17119,0.15358,-0.83237,-7.40672,0.03014,-1.16253,
564004174770,-6.58279,30.77603,-1.78765,0.53575,0.16146,0.15923,-0.81336,-7.29804,-0.46489,-1.10222,
564103717937,-7.31112,30.71609,-1.89528,0.56678,0.14735,0.16535,-0.79354,-7.17076,-0.91577,-1.04792,
564203222041,-8.01037,30.60375,-1.99402,0.59564,0.13284,0.17213,-0.77327,-6.96293,-1.35722,-0.98429,
564302730937,-8.70131,30.44967,-2.08940,0.62505,0.11945,0.17809,-0.75055,-6.72893,-1.81934,-0.89396,
564402325353,-9.36480,30.24817,-2.17295,0.65292,0.10505,0.18318,-0.72739,-6.44759,-2.24167,-0.79773,
564535013146,-10.21460,29.92023,-2.28041,0.68777,0.09076,0.18846,-0.69514,-6.04730,-2.74674,-0.74877,
564601288562,-10.61016,29.73153,-2.33003,0.70445,0.08353,0.19070,-0.67853,-5.82792,-2.93250,-0.77237,
564700809593,-11.17253,29.42173,-2.40349,0.72822,0.07317,0.19465,-0.65303,-5.47066,-3.27187,-0.73931,
564800326093,-11.69866,29.07931,-2.47394,0.75051,0.06333,0.19808,-0.62729,-5.06891,-3.57286,-0.69339,
564899884041,-12.19337,28.70181,-2.53877,0.77237,0.05409,0.20132,-0.59999,-4.65264,-3.91043,-0.61175,
564999450145,-12.65642,28.29370,-2.59961,0.79327,0.04298,0.20483,-0.57176,-4.22902,-4.16822,-0.53937,
565098984250,-13.08384,27.86035,-2.65573,0.81288,0.03366,0.20734,-0.54324,-3.80392,-4.40057,-0.46411,
565198506301,-13.47257,27.40202,-2.70558,0.83109,0.02611,0.20873,-0.51482,-3.35253,-4.59739,-0.39289,
565331211166,-13.89369,26.76747,-2.75183,0.85296,0.01503,0.21038,-0.47746,-2.70665,-4.82489,-0.23962,
565397551385,-14.07901,26.43436,-2.76842,0.86328,0.00986,0.21084,-0.45847,-2.39069,-4.93611,-0.15508,
565530232405,-14.37389,25.75600,-2.78298,0.88240,-0.00395,0.21166,-0.42019,-1.75712,-5.09010,-0.02131,
565596565510,-14.50105,25.40245,-2.78791,0.89110,-0.01160,0.21114,-0.40153,-1.45475,-5.13226,0.02629,
565696000990,-14.63618,24.87728,-2.78638,0.90240,-0.02331,0.21102,-0.37496,-1.00051,-5.16214,0.07175,
565795519145,-14.72309,24.35327,-2.78210,0.91211,-0.03326,0.21008,-0.35044,-0.53034,-5.13719,0.09635,
565895138041,-14.75774,23.83734,-2.77665,0.92029,-0.03652,0.20769,-0.32953,-0.07972,-5.05773,0.09093,
565994560937,-14.74353,23.33160,-2.77193,0.92856,-0.03549,0.20546,-0.30710,0.36967,-4.98403,0.11288,
566094412250,-14.68323,22.83445,-2.75863,0.93712,-0.03652,0.20458,-0.28039,0.82059,-4.91208,0.21114,
566193706989,-14.57732,22.34811,-2.73459,0.94492,-0.03908,0.20283,-0.25389,1.28094,-4.82440,0.32375,
566293185937,-14.42760,21.87088,-2.69876,0.95200,-0.04374,0.20018,-0.22738,1.70686,-4.72325,0.42277,
566392669937,-14.23754,21.40760,-2.65466,0.95737,-0.04651,0.19821,-0.20490,2.08790,-4.58197,0.44697,
566492229093,-14.00964,20.95966,-2.61031,0.96187,-0.04103,0.19667,-0.18558,2.43243,-4.44126,0.42930,
566591707989,-13.74813,20.52403,-2.56563,0.96628,-0.03751,0.19430,-0.16479,2.77852,-4.30736,0.48450,
566691273489,-13.45274,20.10123,-2.51218,0.97060,-0.03387,0.19123,-0.14222,3.12472,-4.18619,0.58871,
566790787989,-13.12439,19.69129,-2.44847,0.97462,-0.03001,0.18641,-0.12027,3.43722,-4.06283,0.68174,
566890298041,-12.76502,19.29280,-2.37747,0.97783,-0.02596,0.18144,-0.10131,3.71404,-3.95394,0.72233,
566989748895,-12.38201,18.90442,-2.30323,0.98003,-0.02295,0.17753,-0.08656,3.97697,-3.85427,0.77353,
567089262937,-11.97216,18.51958,-2.22125,0.98191,-0.02221,0.17278,-0.07422,4.23106,-3.76171,0.83140,
567188858937,-11.53878,18.15100,-2.13445,0.98374,-0.02651,0.16601,-0.06324,4.47596,-3.67418,0.89537,
567321602041,-10.92557,17.67049,-2.00933,0.98608,-0.03870,0.15478,-0.04675,4.75534,-3.50184,1.00548,
567387822093,-10.60556,17.43532,-1.94110,0.98717,-0.04140,0.14944,-0.03794,4.86963,-3.40571,1.03286,
567487385937,-10.11194,17.10136,-1.83300,0.98883,-0.04008,0.14127,-0.02565,5.01967,-3.26244,1.11541,
567586904145,-9.60187,16.77897,-1.71501,0.98985,-0.03990,0.13568,-0.01392,5.18369,-3.11654,1.20240,
567686380093,-9.07957,16.47148,-1.59225,0.99071,-0.04026,0.12984,-0.00338,5.29992,-2.97901,1.25611,
567785895989,-8.54753,16.18083,-1.46222,0.99100,-0.04742,0.12493,0.00750,5.40577,-2.83062,1.33531,
567885456093,-8.00334,15.90565,-1.32747,0.99082,-0.05590,0.12177,0.01769,5.49706,-2.67293,1.36951,
567985061250,-7.45290,15.64501,-1.19114,0.99033,-0.06411,0.12003,0.02691,5.57523,-2.48443,1.38222,
568084454093,-6.90085,15.40754,-1.05155,0.99016,-0.06754,0.11734,0.03528,5.62356,-2.26836,1.43916,
568183972989,-6.34146,15.18930,-0.90782,0.98994,-0.07000,0.11502,0.04343,5.65469,-2.07077,1.45876,
568283532937,-5.77750,14.99217,-0.76505,0.98968,-0.07119,0.11367,0.05038,5.67871,-1.87831,1.43498,
568383106937,-5.21117,14.81559,-0.62578,0.98938,-0.07206,0.11252,0.05721,5.70501,-1.68652,1.39587,
568482574937,-4.64634,14.65919,-0.49165,0.98890,-0.07260,0.11232,0.06474,5.72201,-1.49305,1.33807,
568582050437,-4.08204,14.52422,-0.36060,0.98827,-0.07297,0.11191,0.07396,5.75057,-1.30963,1.29832,
568681568093,-3.50608,14.40208,-0.23184,0.98728,-0.07340,0.11213,0.08557,5.79567,-1.12378,1.29500,
568781126093,-2.93013,14.29609,-0.09864,0.98641,-0.07203,0.11079,0.09765,5.82799,-0.95075,1.29510,
568880644937,-2.35334,14.20786,0.03181,0.98525,-0.07094,0.11050,0.10970,5.82979,-0.79232,1.25256,
568980167062,-1.77387,14.13665,0.15678,0.98363,-0.07237,0.11042,0.12265,5.84173,-0.64150,1.20810,
569079683042,-1.19271,14.07996,0.27639,0.98158,-0.07840,0.10963,0.13544,5.86320,-0.48326,1.16099,
569179203937,-0.61017,14.03825,0.39529,0.97959,-0.08271,0.10823,0.14784,5.86925,-0.30611,1.12778,
569278720989,-0.02205,14.01385,0.50982,0.97738,-0.08776,0.10686,0.16004,5.89259,-0.12888,1.09331,
569378200989,0.56827,14.00758,0.61905,0.97533,-0.09221,0.10581,0.17038,5.88657,0.04544,0.99366,
569510892937,1.35358,14.02773,0.74749,0.97296,-0.09647,0.10469,0.18190,5.87703,0.29411,0.86187,
569577239989,1.74758,14.04716,0.80846,0.97202,-0.09760,0.10375,0.18678,5.86546,0.40992,0.79480,
569676864989,2.33910,14.09043,0.88794,0.97073,-0.09893,0.10060,0.19435,5.87998,0.59073,0.68241,
569776278197,2.92984,14.15148,0.95454,0.96882,-0.10272,0.10005,0.20204,5.84640,0.74836,0.53973,
569908973542,3.71727,14.25767,1.02067,0.96513,-0.10673,0.09822,0.21789,5.84340,0.96905,0.34524,
569975417249,4.12033,14.31548,1.04978,0.96206,-0.11078,0.09709,0.22967,5.84094,1.07722,0.26950,
570141271021,5.10432,14.50764,1.08639,0.95198,-0.12255,0.09495,0.26399,5.79962,1.38029,0.05403,
570207528666,5.50145,14.59685,1.09505,0.94718,-0.12621,0.09501,0.27910,5.77179,1.50618,-0.05227,
570273943989,5.90054,14.69043,1.10066,0.94204,-0.12950,0.09528,0.29446,5.77593,1.63126,-0.10074,
570373392146,6.49275,14.85242,1.09500,0.93390,-0.13509,0.09424,0.31734,5.76981,1.82902,-0.23782,
570506082250,7.28968,15.10145,1.07079,0.92188,-0.14323,0.09184,0.34811,5.73226,2.13217,-0.36737,
570572429250,7.69979,15.23541,1.06016,0.91508,-0.14793,0.08891,0.36448,5.70939,2.26837,-0.43239,
570671946989,8.28862,15.46236,1.02845,0.90244,-0.15706,0.08347,0.39238,5.64169,2.50171,-0.50387,
570771473001,8.88108,15.70768,0.99410,0.88788,-0.16635,0.07635,0.42210,5.55505,2.73239,-0.55597,
570871033052,9.47217,15.98588,0.95963,0.87092,-0.17293,0.07087,0.45450,5.45098,2.99663,-0.56952,
570970516585,10.04097,16.29245,0.91940,0.85097,-0.18115,0.06597,0.48856,5.30467,3.26069,-0.56751,
571136389124,10.92271,16.86121,0.83819,0.81533,-0.19221,0.06094,0.54275,4.97048,3.67537,-0.60778,
571169561176,11.10930,16.98322,0.83245,0.80809,-0.19433,0.05998,0.55283,4.91550,3.75922,-0.61875,
571302254228,11.76087,17.50952,0.75810,0.77616,-0.20367,0.05254,0.59441,4.62372,4.12208,-0.67660,
571368606665,12.07439,17.79645,0.72830,0.75732,-0.21051,0.04523,0.61652,4.43517,4.34127,-0.64207,
571468127665,12.50925,18.25343,0.68262,0.72614,-0.22126,0.03277,0.65015,4.08921,4.64940,-0.57414,
571567730788,12.91910,18.73256,0.63479,0.69288,-0.23039,0.02213,0.68290,3.73909,4.91026,-0.56428,
571667211789,13.29560,19.24162,0.58817,0.65639,-0.23666,0.01361,0.71621,3.35494,5.17017,-0.53254,
571799862257,13.73089,19.95388,0.52509,0.60297,-0.24535,-0.00043,0.75910,2.78472,5.44751,-0.47032,
571899382038,14.01210,20.51152,0.48278,0.56020,-0.25091,-0.01277,0.78934,2.35009,5.61127,-0.44528,
571998904657,14.24725,21.08580,0.43756,0.51426,-0.25779,-0.03057,0.81740,1.90490,5.71965,-0.49185,
572065290657,14.37704,21.47409,0.40644,0.48269,-0.26133,-0.04583,0.83463,1.61943,5.76621,-0.55484,
572164863449,14.52628,22.05612,0.35541,0.43201,-0.26803,-0.07590,0.85777,1.09295,5.75770,-0.59967,
572264290501,14.63169,22.64515,0.29924,0.37514,-0.27401,-0.11085,0.87858,0.49454,5.70591,-0.60301,
572363807605,14.66666,23.21431,0.24375,0.31048,-0.27892,-0.14967,0.89633,-0.16942,5.50616,-0.59899,
572496500502,14.58843,23.92225,0.16744,0.22092,-0.27946,-0.19235,0.91438,-1.08826,5.06795,-0.64300,
572596019605,14.46651,24.42534,0.10165,0.15255,-0.27984,-0.21837,0.92235,-1.74836,4.62573,-0.68428,
572662365074,14.35184,24.74626,0.05231,0.10647,-0.27958,-0.23267,0.92540,-2.13850,4.30876,-0.73207,
572761884553,14.13142,25.18572,-0.02879,0.03610,-0.27858,-0.25227,0.92599,-2.67263,3.76906,-0.82988,
572861482501,13.86138,25.58872,-0.12509,-0.03607,-0.27490,-0.27070,0.92187,-3.15725,3.18643,-0.93128,
572960962449,13.53569,25.91403,-0.22951,-0.10624,-0.27097,-0.28293,0.91391,-3.57500,2.51121,-1.05651,
573060516605,13.16157,26.15296,-0.34271,-0.17312,-0.26848,-0.28581,0.90347,-3.94933,1.74398,-1.13256,
573159964719,12.74772,26.29912,-0.46034,-0.23262,-0.26657,-0.26966,0.89560,-4.29972,0.92002,-1.15194,
573259553772,12.29580,26.36896,-0.57822,-0.28945,-0.25310,-0.24347,0.89044,-4.63124,0.14840,-1.09673,
573359042876,11.81894,26.36249,-0.68617,-0.34187,-0.23018,-0.21297,0.88588,-4.87304,-0.54957,-0.97178,
573458611979,11.31983,26.28863,-0.77856,-0.38948,-0.20225,-0.17979,0.88038,-5.03461,-1.16201,-0.76169,
573558080344,10.80566,26.16370,-0.84777,-0.43301,-0.17233,-0.15106,0.87177,-5.13530,-1.61737,-0.54672,
573657639927,10.28497,25.99364,-0.89598,-0.46691,-0.14982,-0.13436,0.86110,-5.15167,-1.96906,-0.38331,
573757079875,9.76227,25.79338,-0.93128,-0.49362,-0.14258,-0.12475,0.84879,-5.15686,-2.25542,-0.26486,
573856637667,9.24175,25.55873,-0.95116,0.51760,0.14021,0.12756,-0.83436,-5.14803,-2.57932,-0.11301,
573956155823,8.71911,25.29763,-0.96284,0.54050,0.13842,0.12956,-0.81970,-5.10330,-2.88168,-0.00431,
574055675875,8.20490,24.99963,-0.95735,0.56378,0.13676,0.12611,-0.80470,-5.06072,-3.20195,0.16523,
574155194719,7.68978,24.67554,-0.93861,0.58753,0.13186,0.12217,-0.78899,-5.01666,-3.47724,0.31943,
574254715719,7.19020,24.32090,-0.89867,0.61005,0.12513,0.11959,-0.77322,-4.94330,-3.73473,0.49735,
574354192771,6.69782,23.94145,-0.84175,0.62919,0.11612,0.12120,-0.75891,-4.85425,-3.96668,0.63451,
574453710719,6.21192,23.53952,-0.77612,0.64670,0.10138,0.12535,-0.74551,-4.76210,-4.17837,0.71379,
574553171727,5.74080,23.11803,-0.69779,0.66221,0.08208,0.13234,-0.73296,-4.59390,-4.36796,0.84921,
574652768779,5.28723,22.67736,-0.60632,0.67455,0.06402,0.13896,-0.72220,-4.39077,-4.54614,0.97155,
574752208727,4.85651,22.22119,-0.50637,0.68127,0.04793,0.14714,-0.71549,-4.14648,-4.69205,1.06551,
574851727727,4.45032,21.74732,-0.39820,0.68432,0.03290,0.15568,-0.71161,-3.87487,-4.83430,1.12882,
574951246779,4.07200,21.26321,-0.28763,0.68463,0.02047,0.16657,-0.70931,-3.58282,-4.94384,1.12514,
575050763922,3.72485,20.76230,-0.17877,0.68447,0.01100,0.17461,-0.70774,-3.25002,-5.06922,1.13598,
575183454151,3.31300,20.07608,-0.03272,0.68339,0.00551,0.17864,-0.70784,-2.81499,-5.22118,1.13016,
575249796433,3.12679,19.72676,0.03971,0.68195,0.00481,0.17969,-0.70897,-2.59072,-5.28711,1.12653,
575349313974,2.88397,19.19385,0.15172,0.67711,0.00776,0.17891,-0.71376,-2.26770,-5.40637,1.12396,
575448901534,2.66342,18.64760,0.25689,0.66932,0.01006,0.17691,-0.72153,-2.00207,-5.51313,1.02218,
575548466534,2.45870,18.08825,0.34849,0.65923,0.01577,0.17099,-0.73207,-1.76263,-5.59871,0.88113,
575647863784,2.27761,17.52174,0.43055,0.64856,0.02451,0.15890,-0.74399,-1.57625,-5.68298,0.75608,
575780555783,2.06823,16.75266,0.52041,0.63497,0.03259,0.14487,-0.75813,-1.34839,-5.78759,0.64503,
575846979186,1.96031,16.35465,0.56222,0.62891,0.03601,0.13850,-0.76419,-1.27805,-5.86883,0.63012,
575946415425,1.83005,15.76457,0.62574,0.61862,0.04363,0.12821,-0.77393,-1.14084,-5.95213,0.62092,
576045935425,1.70991,15.16428,0.68408,0.60469,0.05267,0.11667,-0.78610,-1.04580,-5.99588,0.50936,
576145495167,1.59687,14.55616,0.73720,0.58735,0.06337,0.10201,-0.80038,-0.97925,-6.07103,0.44245,
576244969168,1.49206,13.94872,0.77772,0.56817,0.07199,0.08759,-0.81506,-0.95200,-6.11330,0.32119,
576344487428,1.38410,13.33499,0.80370,0.54799,0.08211,0.07188,-0.82933,-0.98399,-6.11516,0.16199,
576444006271,1.27894,12.72464,0.81896,0.52735,0.08850,0.05768,-0.84306,-1.00834,-6.12659,0.05288,
576543597584,1.17133,12.10928,0.82326,0.50610,0.09320,0.04485,-0.85625,-1.07343,-6.12692,-0.02807,
576643040622,1.05729,11.49207,0.82131,-0.48438,-0.09465,-0.03539,0.86900,-1.15778,-6.10990,-0.09963,
576775733413,0.89623,10.68180,0.80574,-0.45058,-0.09683,-0.02436,0.88714,-1.26732,-6.05622,-0.22869,
576842076653,0.81442,10.27461,0.79423,-0.43196,-0.09842,-0.01827,0.89632,-1.31146,-6.01985,-0.30356,
576941668653,0.68536,9.67397,0.76528,-0.40167,-0.10036,-0.00918,0.91022,-1.39814,-5.94342,-0.42574,
577041149930,0.55097,9.07770,0.72280,-0.36971,-0.10395,-0.00303,0.92331,-1.48964,-5.86512,-0.57225,
577140701930,0.40465,8.49038,0.66519,-0.33640,-0.10668,0.00413,0.93565,-1.59475,-5.77400,-0.70302,
577240146826,0.24412,7.91305,0.59695,-0.30350,-0.11018,0.01557,0.94631,-1.70136,-5.66701,-0.80455,
577339665138,0.07035,7.33964,0.52139,-0.27295,-0.11258,0.02714,0.95503,-1.82579,-5.53366,-0.86138,
577439183982,-0.11960,6.77658,0.44516,-0.24476,-0.11382,0.03637,0.96219,-2.01372,-5.40969,-0.83741,
577538704878,-0.32813,6.23435,0.36871,-0.21802,-0.11334,0.04462,0.96831,-2.17476,-5.21543,-0.83664,
577638263982,-0.55689,5.70796,0.29166,-0.19376,-0.11378,0.05210,0.97303,-2.34234,-5.02819,-0.82141,
577737784878,-0.80291,5.20473,0.21846,-0.16981,-0.11467,0.06054,0.97691,-2.51583,-4.81579,-0.80217,
577837335034,-1.06630,4.73772,0.15065,-0.14978,-0.11442,0.06764,0.97974,-2.71072,-4.56706,-0.73414,
577936823034,-1.34778,4.28764,0.09148,-0.13264,-0.11161,0.07406,0.98207,-2.88623,-4.31520,-0.60143,
578036298930,-1.64920,3.85656,0.04604,-0.11683,-0.11066,0.08324,0.98345,-3.04694,-4.05706,-0.46991,
578135816826,-1.96222,3.46579,0.01478,-0.10199,-0.11058,0.09369,0.98417,-3.22315,-3.74936,-0.32374,
578235334930,-2.29365,3.10889,-0.00515,-0.08656,-0.11274,0.10604,0.98415,-3.40517,-3.40724,-0.19991,
578334939982,-2.64175,2.78014,-0.01985,-0.06885,-0.11703,0.11941,0.98352,-3.55532,-3.07743,-0.14275,
578434375034,-3.00710,2.48363,-0.03101,-0.05220,-0.11964,0.12329,0.98375,-3.71071,-2.72118,-0.09739,
578533894034,-3.39066,2.21789,-0.03663,-0.03667,-0.12102,0.11828,0.98490,-3.86283,-2.38336,-0.00977,
578633412931,-3.79133,1.97206,-0.03273,-0.02043,-0.12162,0.11459,0.98573,-4.04225,-2.06021,0.09641,
578732931034,-4.20790,1.76960,-0.01785,-0.00298,-0.11704,0.11040,0.98697,-4.17094,-1.74888,0.20285,
578832450982,-4.63322,1.59764,0.00536,0.01702,-0.11258,0.10577,0.98785,-4.24216,-1.46290,0.26167,
578931970138,-5.06491,1.44613,0.03253,0.04028,-0.11108,0.10402,0.98753,-4.31320,-1.20448,0.29851,
579031489690,-5.50541,1.32026,0.06395,0.06596,-0.10983,0.10178,0.98652,-4.36636,-0.95391,0.32556,
579131009273,-5.95402,1.21695,0.09887,0.09354,-0.11134,0.09804,0.98450,-4.41803,-0.71798,0.33059,
579230570221,-6.40505,1.14726,0.12967,0.12468,-0.11413,0.09606,0.98092,-4.46566,-0.49741,0.31069,
579330046961,-6.85346,1.10424,0.15809,0.15652,-0.11561,0.09820,0.97596,-4.47224,-0.27857,0.26942,
579429604930,-7.30013,1.08411,0.18195,0.18822,-0.11754,0.10212,0.96971,-4.49472,-0.04892,0.22073,
579529124034,-7.75045,1.08629,0.20118,0.21709,-0.11977,0.10503,0.96307,-4.50915,0.19202,0.17507,
579628604534,-8.20147,1.11453,0.21785,0.24331,-0.12184,0.10561,0.95645,-4.52804,0.45889,0.15950,
579728122243,-8.65720,1.16658,0.23432,0.26851,-0.12473,0.10564,0.94931,-4.54325,0.71299,0.13797,
579827653930,-9.11707,1.23942,0.24928,0.29486,-0.12703,0.10502,0.94122,-4.53873,0.92312,0.08911,
579927244931,-9.57399,1.33629,0.26018,0.32207,-0.12671,0.10736,0.93203,-4.53928,1.14727,0.04934,
580026676982,-10.03047,1.45552,0.26745,0.34975,-0.12443,0.11149,0.92183,-4.50277,1.35821,0.00131,
580126197035,-10.48019,1.60063,0.27048,0.37715,-0.12347,0.11306,0.91090,-4.46509,1.60951,-0.04167,
580225716930,-10.92729,1.77019,0.26760,0.40671,-0.12423,0.11112,0.89822,-4.41791,1.83306,-0.12951,
580325235878,-11.37072,1.96254,0.25517,0.43768,-0.12524,0.11077,0.88345,-4.37660,2.04500,-0.23207,
580424810086,-11.81963,2.17519,0.23470,0.46889,-0.12541,0.11143,0.86718,-4.35434,2.26009,-0.32114,
580524317242,-12.26196,2.41053,0.20246,0.50132,-0.12565,0.11369,0.84851,-4.29836,2.46921,-0.46788,
580623794930,-12.69680,2.66712,0.15496,0.53422,-0.12533,0.11517,0.82803,-4.23926,2.66579,-0.62123,
580723356242,-13.12643,2.94063,0.09313,0.56589,-0.12421,0.11659,0.80669,-4.17535,2.85325,-0.76378,
580822935982,-13.54570,3.23881,0.02125,0.59350,-0.12317,0.12000,0.78625,-4.08909,3.08085,-0.82866,
580922391982,-13.96077,3.56165,-0.05278,0.61729,-0.12061,0.12286,0.76767,-4.00664,3.30949,-0.85577,
581021869191,-14.36018,3.90498,-0.12834,0.63930,-0.11719,0.12638,0.74939,-3.87683,3.52686,-0.87785,
581121387763,-14.75125,4.27185,-0.20785,0.66032,-0.11376,0.12901,0.73102,-3.73421,3.75519,-0.89801,
581254153190,-15.24543,4.79307,-0.32146,0.68819,-0.10909,0.13109,0.70520,-3.53811,4.07108,-0.91862,
581320465086,-15.48824,5.06949,-0.37643,0.70203,-0.10541,0.13180,0.69186,-3.43107,4.21932,-0.89677,
581420047982,-15.83912,5.50131,-0.46142,0.72282,-0.09844,0.13330,0.67087,-3.25699,4.39409,-0.91665,
581519506087,-16.16727,5.95361,-0.54988,0.74350,-0.09326,0.13424,0.64845,-3.05283,4.57304,-0.92661,
581619073930,-16.47425,6.42334,-0.63991,0.76298,-0.08954,0.13315,0.62619,-2.86240,4.74496,-0.94125,
581751678451,-16.84542,7.07121,-0.76107,0.78665,-0.08303,0.13227,0.59732,-2.56026,4.96074,-0.91183,
581818022982,-17.01939,7.40678,-0.81834,0.79779,-0.07916,0.13220,0.58292,-2.41386,5.05219,-0.89256,
581917552035,-17.25687,7.91917,-0.90143,0.81338,-0.07304,0.13365,0.56144,-2.17761,5.17826,-0.84922,
582017099930,-17.47116,8.44543,-0.98077,0.82787,-0.06802,0.13555,0.54003,-1.92384,5.28663,-0.82076,
582116707930,-17.66502,8.98210,-1.05845,0.84125,-0.06649,0.13595,0.51904,-1.68116,5.37794,-0.79770,
582216096034,-17.83628,9.52614,-1.13651,0.85454,-0.06646,0.13654,0.49669,-1.43305,5.44979,-0.81239,
582315616347,-17.98510,10.08017,-1.21669,0.86740,-0.06813,0.13530,0.47400,-1.21155,5.53482,-0.85074,
582415133878,-18.11760,10.64716,-1.30132,0.88016,-0.06960,0.13612,0.44939,-0.98487,5.61607,-0.86103,
582514653191,-18.22251,11.21781,-1.38793,0.89279,-0.06899,0.13580,0.42393,-0.78500,5.67369,-0.91537,
582614177470,-18.30503,11.79764,-1.47588,0.90426,-0.06622,0.13643,0.39915,-0.53617,5.76816,-0.89728,
582713742982,-18.36530,12.38494,-1.56186,0.91451,-0.06274,0.13518,0.37613,-0.30852,5.81799,-0.85879,
582813296034,-18.40560,12.97993,-1.64288,0.92340,-0.05970,0.13461,0.35447,-0.07695,5.87857,-0.80814,
582912866086,-18.42792,13.58331,-1.71819,0.93144,-0.05806,0.13379,0.33338,0.14184,5.91843,-0.75237,
583045476138,-18.41161,14.38873,-1.81499,0.94086,-0.05809,0.13316,0.30608,0.45415,5.94887,-0.70772,
583111850982,-18.40085,14.80532,-1.86279,0.94549,-0.05954,0.13195,0.29172,0.58253,5.96708,-0.69617,
583211294034,-18.35404,15.41598,-1.93295,0.95220,-0.06147,0.13076,0.26915,0.77805,5.96972,-0.71432,
583310815450,-18.28608,16.02967,-2.00363,0.95853,-0.06252,0.12843,0.24659,0.96577,5.98694,-0.72063,
583410332920,-18.19274,16.63708,-2.07495,0.96437,-0.05901,0.12817,0.22377,1.15048,5.98033,-0.71381,
583509851034,-18.07748,17.24651,-2.14387,0.96930,-0.05543,0.12723,0.20296,1.36082,5.97222,-0.70782,
583609498930,-17.94350,17.85703,-2.21233,0.97380,-0.05003,0.12776,0.18135,1.55520,5.94648,-0.68113,
583708890346,-17.78663,18.45848,-2.27630,0.97767,-0.04577,0.12676,0.16126,1.75605,5.90806,-0.64720,
583808411982,-17.60663,19.05388,-2.33550,0.98091,-0.04183,0.12608,0.14202,1.97161,5.86556,-0.59960,
583907929982,-17.40451,19.64399,-2.38970,0.98374,-0.03751,0.12454,0.12387,2.16701,5.79603,-0.54326,
584007486982,-17.18049,20.22507,-2.44018,0.98595,-0.03299,0.12411,0.10686,2.33848,5.70831,-0.50153,
584107009295,-16.93724,20.79164,-2.48509,0.98802,-0.02922,0.12188,0.09000,2.53378,5.60984,-0.43308,
584206527524,-16.67439,21.34242,-2.52159,0.98973,-0.02666,0.11975,0.07335,2.71160,5.49168,-0.36236,
584306042982,-16.39760,21.88193,-2.55086,0.99094,-0.02594,0.11889,0.05691,2.87605,5.38157,-0.28692,
584405563086,-16.10582,22.41591,-2.57244,0.99187,-0.02453,0.11776,0.04165,3.05110,5.26158,-0.18435,
584505081930,-15.79550,22.94346,-2.58481,0.99242,-0.02285,0.11795,0.02582,3.20413,5.14573,-0.07006,
584604601190,-15.46731,23.45621,-2.58501,0.99275,-0.02152,0.11782,0.01022,3.37467,5.01145,0.04907,
584737332878,-15.00309,24.11623,-2.56905,0.99293,-0.02247,0.11610,-0.01020,3.57770,4.86407,0.18486,
584803677139,-14.75760,24.44520,-2.55696,0.99285,-0.02137,0.11554,-0.02099,3.67292,4.79917,0.21967,
584903118295,-14.38185,24.92735,-2.53293,0.99256,-0.02035,0.11415,-0.03722,3.80453,4.69170,0.26012,
585002716982,-13.99487,25.39438,-2.50529,0.99189,-0.01847,0.11363,-0.05395,3.92819,4.56980,0.27497,
585102231191,-13.59715,25.84275,-2.47430,0.99056,-0.01476,0.11543,-0.07241,4.06052,4.43367,0.31999,
585201675982,-13.18424,26.27549,-2.43996,0.98922,-0.01205,0.11441,-0.09064,4.19357,4.29278,0.34744,
585301305034,-12.75829,26.69827,-2.40580,0.98749,-0.01013,0.11406,-0.10844,4.30307,4.14283,0.34859,
585400714930,-12.32177,27.10740,-2.37209,0.98556,-0.00682,0.11299,-0.12593,4.41404,3.98690,0.35188,
585500231930,-11.87254,27.50396,-2.33705,0.98347,-0.00296,0.11162,-0.14255,4.51030,3.83113,0.36068,
585599749930,-11.41356,27.88881,-2.30215,0.98131,-0.00012,0.10879,-0.15872,4.59081,3.69890,0.38587,
585699270138,-10.94899,28.25676,-2.26391,0.97893,0.00325,0.10723,-0.17373,4.67313,3.53384,0.39550,
585831962086,-10.31990,28.71451,-2.21058,0.97593,0.00712,0.10418,-0.19146,4.76575,3.29895,0.40654,
585898309086,-9.99998,28.93161,-2.18326,0.97463,0.00862,0.10231,-0.19890,4.80046,3.18392,0.40876,
585997930086,-9.51748,29.23920,-2.14075,0.97263,0.01202,0.10039,-0.20921,4.85735,2.99312,0.43042,
586097442877,-9.03308,29.52442,-2.09627,0.97068,0.01442,0.09803,-0.21900,4.90591,2.79748,0.45465,
586196903930,-8.54305,29.79303,-2.04551,0.96891,0.01636,0.09535,-0.22770,4.94268,2.60694,0.50910,
586296384086,-8.05018,30.04587,-1.99346,0.96711,0.01907,0.09295,-0.23601,4.93733,2.43599,0.49519,
586395900930,-7.55460,30.28086,-1.93749,0.96558,0.02434,0.09035,-0.24271,4.97806,2.28399,0.57695,
586495421982,-7.05568,30.49746,-1.87695,0.96440,0.02745,0.08645,-0.24841,4.98549,2.09949,0.58477,
586594940034,-6.56225,30.69171,-1.81477,0.96271,0.03218,0.08322,-0.25538,4.97897,1.90929,0.62067,
586694501138,-6.06711,30.87098,-1.75043,0.96086,0.03601,0.08075,-0.26256,4.96855,1.73093,0.63686,
586794022138,-5.57412,31.03592,-1.68679,0.95865,0.03996,0.07971,-0.27027,4.94208,1.55311,0.62190,
586893628242,-5.07846,31.18525,-1.62118,0.95643,0.04064,0.07891,-0.27815,4.91468,1.37093,0.63348,
586993064086,-4.58227,31.31749,-1.55408,0.95395,0.03976,0.07931,-0.28653,4.90603,1.21202,0.64923,
587092615034,-4.08586,31.43551,-1.48625,0.95131,0.03897,0.07996,-0.29512,4.90389,1.04510,0.64168,
587192053982,-3.59359,31.53854,-1.41983,0.94847,0.03784,0.08127,-0.30391,4.89668,0.91309,0.61941,
587291573035,-3.10184,31.62700,-1.35627,0.94509,0.03900,0.08505,-0.31312,4.87362,0.77240,0.57126,
587391092930,-2.61170,31.70589,-1.29600,0.94101,0.04041,0.08936,-0.32386,4.86309,0.66081,0.52367,
587490686034,-2.12423,31.76919,-1.24294,0.93678,0.04164,0.09308,-0.33474,4.85191,0.52271,0.44686,
587590131399,-1.63627,31.81997,-1.19791,0.93222,0.04461,0.09590,-0.34608,4.85225,0.37774,0.38600,
587689662087,-1.14499,31.85852,-1.15623,0.92788,0.04497,0.09743,-0.35710,4.85284,0.23830,0.32181,
587789239982,-0.65464,31.88404,-1.12055,0.92386,0.04507,0.09743,-0.36737,4.85418,0.09356,0.27412,
587888687191,-0.16991,31.89448,-1.09033,0.91993,0.04596,0.09635,-0.37726,4.84173,-0.02503,0.21821,
587988247878,0.31258,31.89090,-1.06724,0.91550,0.05145,0.09493,-0.38757,4.82728,-0.15869,0.16410,
588087724982,0.79462,31.87338,-1.05109,0.91116,0.05703,0.09324,-0.39730,4.80663,-0.30834,0.08103,
588187243878,1.28069,31.84345,-1.04468,0.90652,0.06271,0.09094,-0.40746,4.77463,-0.45336,-0.03600,
588286766034,1.76866,31.79769,-1.04809,0.90145,0.07029,0.08739,-0.41810,4.74174,-0.60482,-0.14882,
588386282086,2.25619,31.73532,-1.05889,0.89622,0.07718,0.08500,-0.42849,4.71361,-0.79102,-0.20840,
588485888982,2.73971,31.65780,-1.07809,0.89112,0.08585,0.08069,-0.43820,4.64866,-0.95486,-0.31502,
588585450294,3.21188,31.56073,-1.10706,0.88640,0.09263,0.07654,-0.44706,4.56681,-1.12427,-0.39673,
588684945930,3.67861,31.44898,-1.14026,0.88289,0.09405,0.07293,-0.45425,4.50552,-1.29467,-0.42271,
588784402087,4.13349,31.31791,-1.17482,0.88068,0.09278,0.07094,-0.45909,4.41916,-1.46576,-0.40991,
588883879034,4.58150,31.16962,-1.20638,0.87920,0.09098,0.06995,-0.46242,4.34304,-1.62997,-0.37020,
588983396139,5.02519,31.00762,-1.23371,0.87760,0.09100,0.07108,-0.46528,4.26314,-1.80003,-0.33258,
589082955138,5.46607,30.82999,-1.25845,0.87522,0.09496,0.06881,-0.46929,4.21327,-1.97370,-0.29217,
589182480041,5.90587,30.63525,-1.28191,0.87201,0.10321,0.06214,-0.47443,4.12675,-2.15095,-0.28638,
589315170833,6.47094,30.34749,-1.31116,0.86986,0.10041,0.05978,-0.47925,3.98944,-2.37335,-0.25407,
589381480297,6.74631,30.19131,-1.31924,0.86899,0.09713,0.05979,-0.48150,3.93432,-2.48166,-0.17400,
589481040297,7.14497,29.94058,-1.32563,0.86891,0.08723,0.06389,-0.48301,3.84515,-2.63790,-0.06307,
589580519349,7.53739,29.67637,-1.32181,0.86867,0.08061,0.06778,-0.48407,3.79850,-2.76406,0.03827,
589680050401,7.92601,29.39906,-1.31240,0.86748,0.07987,0.06791,-0.48631,3.73438,-2.88368,0.09159,
589779556401,8.30194,29.10849,-1.29492,0.86537,0.07741,0.06575,-0.49074,3.68087,-2.99985,0.18625,
589879179297,8.67176,28.80502,-1.26656,0.86237,0.07532,0.06378,-0.49657,3.62927,-3.13501,0.28622,
590011768401,9.14873,28.38205,-1.21490,0.85679,0.07091,0.05774,-0.50749,3.54462,-3.25838,0.43018,
590111288245,9.49592,28.05648,-1.16343,0.85063,0.07456,0.05204,-0.51785,3.46018,-3.34047,0.52752,
590210891401,9.83482,27.72196,-1.10249,0.84348,0.07924,0.04674,-0.52922,3.36134,-3.43076,0.64126,
590277196870,10.05497,27.49529,-1.05535,0.83804,0.08279,0.04271,-0.53760,3.28265,-3.47903,0.71331,
590409843297,10.47951,27.02761,-0.94990,0.82658,0.08985,0.03722,-0.55435,3.10216,-3.60030,0.84066,
590476190193,10.68992,26.78887,-0.89165,0.82025,0.09375,0.03520,-0.56317,3.01824,-3.63635,0.88408,
590575708245,10.98630,26.42244,-0.79973,0.80966,0.09856,0.03287,-0.57764,2.86762,-3.74772,0.94391,
590675228245,11.26907,26.04857,-0.70326,0.79823,0.10149,0.03330,-0.59281,2.71518,-3.81744,0.95166,
590774832454,11.53168,25.66861,-0.60544,0.78606,0.10451,0.03426,-0.60829,2.56220,-3.87790,0.94176,
590874266349,11.78070,25.28500,-0.50857,0.77340,0.10662,0.03446,-0.62394,2.44354,-3.92495,0.90271,
591007042349,12.09519,24.76111,-0.38966,0.75351,0.11223,0.03291,-0.64695,2.27388,-4.02192,0.88313,
591073307453,12.24620,24.49769,-0.32954,0.74319,0.11636,0.03002,-0.65820,2.16885,-4.04924,0.83260,
591172822662,12.45409,24.09559,-0.24342,0.72764,0.12149,0.02474,-0.67467,2.00659,-4.11591,0.84228,
591272341401,12.64579,23.68430,-0.15451,0.71138,0.12677,0.01928,-0.69102,1.79344,-4.22870,0.90668,
591371860349,12.82179,23.26001,-0.06003,0.69417,0.13219,0.01352,-0.70743,1.59145,-4.28909,0.91338,
591471422328,12.97363,22.82979,0.03286,0.67616,0.13709,0.00867,-0.72383,1.36651,-4.34245,0.91370,
591570974797,13.10441,22.39217,0.12377,0.65763,0.14339,0.00331,-0.73956,1.14228,-4.39629,0.90817,
591703725610,13.24143,21.80058,0.24822,0.63228,0.14977,-0.00179,-0.76012,0.81800,-4.45439,0.91639,
591769937557,13.30245,21.49491,0.31092,0.61996,0.15352,-0.00460,-0.76945,0.63906,-4.48415,0.88936,
591869456297,13.37362,21.03225,0.40088,0.60121,0.15680,-0.00571,-0.78354,0.40667,-4.52264,0.83222,
591968975401,13.42131,20.56477,0.48808,0.58173,0.15837,-0.00415,-0.79780,0.18884,-4.56190,0.82891,
592068494662,13.46124,20.08114,0.57817,0.56143,0.16019,-0.00135,-0.81187,-0.03032,-4.63029,0.84098,
592168013703,13.47271,19.59878,0.67024,0.53953,0.16383,-0.00303,-0.82587,-0.23147,-4.65895,0.81810,
592267572245,13.46104,19.11482,0.75851,0.51663,0.16817,-0.00676,-0.83951,-0.47039,-4.69260,0.81209,
592367119349,13.42720,18.62419,0.84797,-0.49306,-0.17279,0.01060,0.85260,-0.69811,-4.71160,0.77560,
592466614245,13.37034,18.13578,0.93299,-0.46949,-0.17495,0.01331,0.86533,-0.92585,-4.71761,0.73071,
592566089297,13.28454,17.65063,1.01261,-0.44650,-0.17643,0.01438,0.87710,-1.16791,-4.71322,0.69116,
592665710297,13.16719,17.16890,1.08769,-0.42376,-0.17589,0.01294,0.88844,-1.41644,-4.70412,0.67098,
592765126401,13.01894,16.70617,1.15530,-0.40123,-0.17525,0.01049,0.89900,-1.64091,-4.65557,0.61401,
592864647297,12.85239,16.24005,1.22056,-0.37814,-0.17553,0.00963,0.90890,-1.86000,-4.62312,0.56473,
592964191349,12.65832,15.78726,1.27745,-0.35626,-0.17496,0.01154,0.91779,-2.07024,-4.57607,0.51020,
593063683349,12.44331,15.34191,1.33010,-0.33565,-0.17428,0.01361,0.92562,-2.27889,-4.50038,0.44282,
593163249297,12.20707,14.90697,1.37505,-0.31523,-0.17374,0.01588,0.93284,-2.47660,-4.43304,0.39964,
593262800297,11.95056,14.48148,1.41534,-0.29636,-0.17301,0.01918,0.93908,-2.70234,-4.35203,0.34961,
593362241402,11.67395,14.06154,1.45195,-0.27739,-0.17367,0.02392,0.94463,-2.92803,-4.25768,0.28915,
593461760297,11.37429,13.65572,1.48171,-0.25877,-0.17343,0.02928,0.94979,-3.15501,-4.14014,0.19852,
593561279505,11.05345,13.25856,1.50149,-0.24125,-0.17232,0.03313,0.95447,-3.35660,-4.02485,0.13404,
593660842349,10.71141,12.86717,1.51484,-0.22516,-0.16954,0.03299,0.95889,-3.55496,-3.89568,0.06325,
593760359297,10.34823,12.48317,1.52422,-0.21065,-0.16517,0.03137,0.96300,-3.74408,-3.79049,0.01886,
593859835349,9.96805,12.11500,1.53060,-0.19623,-0.16199,0.03066,0.96660,-3.91006,-3.69487,0.00697,
593959423401,9.57120,11.75597,1.53417,-0.18278,-0.15881,0.02925,0.96980,-4.09554,-3.59075,-0.01100,
594058873297,9.15728,11.40743,1.53502,-0.16996,-0.15285,0.02984,0.97307,-4.22005,-3.48087,-0.09104,
594158429544,8.73192,11.07518,1.52985,-0.16036,-0.14641,0.03269,0.97559,-4.37388,-3.35769,-0.10430,
594257907440,8.29085,10.74897,1.52450,-0.15290,-0.13917,0.03292,0.97784,-4.49679,-3.23856,-0.12203,
594357464360,7.83697,10.42896,1.51670,-0.14777,-0.13058,0.03296,0.97981,-4.61161,-3.13399,-0.12462,
594456976785,7.37201,10.11976,1.50838,-0.14387,-0.12508,0.03327,0.98110,-4.72017,-3.01798,-0.13965,
594556498733,6.89695,9.81848,1.49989,-0.14067,-0.12045,0.03304,0.98215,-4.81282,-2.91362,-0.15596,
594655970407,6.41616,9.53276,1.49088,-0.13705,-0.11658,0.03271,0.98314,-4.86841,-2.81715,-0.14913,
594755617407,5.92939,9.25885,1.48190,-0.13347,-0.11117,0.03273,0.98425,-4.93796,-2.70845,-0.13976,
594855078792,5.43753,8.99668,1.47195,-0.12925,-0.10528,0.03341,0.98544,-4.99541,-2.59478,-0.13730,
594954519406,4.94418,8.75384,1.46379,-0.12565,-0.09942,0.03378,0.98650,-5.03377,-2.47192,-0.13047,
595054048406,4.44623,8.52005,1.45818,-0.12262,-0.09420,0.03455,0.98737,-5.06715,-2.36671,-0.10798,
595153559520,3.94827,8.29635,1.45000,-0.12023,-0.09054,0.03571,0.98796,-5.06288,-2.24119,-0.14209,
595253080468,3.44839,8.08316,1.44410,-0.11833,-0.09043,0.03611,0.98819,-5.08074,-2.12411,-0.11000,
595352586571,2.94839,7.88174,1.43879,-0.11742,-0.08977,0.03550,0.98838,-5.08475,-2.03123,-0.10868,
595452104622,2.44736,7.69055,1.43410,-0.11755,-0.08995,0.03560,0.98834,-5.09248,-1.91831,-0.10738,
595551633122,1.94535,7.50922,1.42869,-0.12127,-0.08919,0.03402,0.98802,-5.08658,-1.82654,-0.10900,
595651139071,1.44635,7.33805,1.42453,-0.13148,-0.08740,0.03228,0.98693,-5.08378,-1.72383,-0.09391,
595750657810,0.94531,7.17318,1.42036,-0.14548,-0.08154,0.02558,0.98566,-5.10360,-1.63929,-0.08561,
595850178126,0.43983,7.00996,1.41740,-0.16185,-0.07325,0.01732,0.98394,-5.08938,-1.60096,-0.06884,
595949799335,-0.06782,6.84913,1.41751,-0.17916,-0.06672,0.00864,0.98152,-5.05982,-1.56137,-0.05188,
596049292970,-0.57131,6.69664,1.41808,-0.19712,-0.05974,0.00156,0.97856,-5.04532,-1.51572,-0.03997,
596148811158,-1.06766,6.55244,1.41953,-0.21616,-0.05186,-0.00689,0.97496,-4.98423,-1.47923,-0.02464,
596248296455,-1.55801,6.40996,1.42306,-0.23565,-0.04559,-0.01563,0.97064,-4.91407,-1.47154,0.01522,
596347809716,-2.04106,6.26707,1.43291,-0.25512,-0.03943,-0.02474,0.96579,-4.83726,-1.48466,0.05859,
596447281516,-2.51647,6.12688,1.44476,-0.27476,-0.03317,-0.03284,0.96038,-4.72671,-1.47769,0.08611,
596546846714,-2.98373,5.98325,1.45846,-0.29499,-0.02682,-0.03997,0.95429,-4.62950,-1.48697,0.08166,
596646322141,-3.43912,5.83904,1.47154,-0.31595,-0.02138,-0.04793,0.94732,-4.50536,-1.52037,0.08280,
596745837464,-3.88520,5.68865,1.48439,-0.33679,-0.01655,-0.05354,0.93991,-4.36341,-1.56792,0.07410,
596845459203,-4.32046,5.53436,1.49660,-0.35768,-0.01151,-0.05804,0.93197,-4.25364,-1.62587,0.06971,
596944923463,-4.74594,5.37445,1.50425,-0.37894,-0.00622,-0.06267,0.92327,-4.11266,-1.67135,0.01590,
597044396203,-5.16655,5.20622,1.50571,-0.40023,-0.00057,-0.06762,0.91392,-3.96747,-1.74134,-0.03449,
597143914255,-5.57595,5.02970,1.50340,-0.42103,0.00496,-0.07044,0.90429,-3.80869,-1.81332,-0.06195,
597243432672,-5.97365,4.84710,1.49985,-0.44116,0.00971,-0.07168,0.89451,-3.63470,-1.85758,-0.09865,
597342954151,-6.36721,4.65895,1.48971,-0.46131,0.01450,-0.07243,0.88416,-3.48256,-1.89845,-0.14516,
597442469463,-6.74704,4.46569,1.47507,-0.48093,0.01882,-0.07226,0.87357,-3.33521,-1.92877,-0.19991,
597541991015,-7.11120,4.26910,1.45501,0.50019,-0.02386,0.07174,-0.86261,-3.16043,-1.96198,-0.23458,
597641507151,-7.45910,4.06614,1.43235,0.51799,-0.02626,0.07119,-0.85201,-2.99162,-2.00113,-0.27671,
597741068141,-7.78821,3.86101,1.40530,0.53311,-0.02931,0.07009,-0.84263,-2.81993,-2.03284,-0.32670,
597840545151,-8.10571,3.64874,1.37466,0.54566,-0.03103,0.06666,-0.83477,-2.66451,-2.07189,-0.36207,
597940169619,-8.40885,3.43449,1.34036,0.55677,-0.02968,0.06252,-0.82778,-2.52592,-2.06672,-0.42245,
598039627516,-8.69148,3.22022,1.30248,0.56691,-0.02580,0.05855,-0.82129,-2.40718,-2.11618,-0.43474,
598139205151,-8.95746,2.99989,1.26600,0.57736,-0.02463,0.05923,-0.81396,-2.28564,-2.14137,-0.43098,
598238681598,-9.21708,2.77302,1.23178,0.58767,-0.02344,0.05841,-0.80665,-2.14736,-2.16927,-0.38201,
598338140151,-9.47036,2.54076,1.20440,0.59786,-0.02220,0.05812,-0.79918,-2.03239,-2.19413,-0.32873,
598437659151,-9.70719,2.30793,1.18246,0.60789,-0.01995,0.05788,-0.79165,-1.92428,-2.21289,-0.28558,
598537269307,-9.92876,2.07449,1.16635,0.61755,-0.01777,0.05650,-0.78430,-1.81073,-2.22616,-0.23629,
598636743151,-10.12945,1.84069,1.15654,0.62692,-0.01624,0.05239,-0.77715,-1.69296,-2.26601,-0.16775,
598736218203,-10.31299,1.60563,1.15292,0.63582,-0.01320,0.04909,-0.77016,-1.59901,-2.29018,-0.11927,
598835735307,-10.48352,1.36957,1.15371,0.64429,-0.01162,0.04815,-0.76318,-1.49734,-2.29441,-0.07953,
598935255464,-10.63983,1.13430,1.15582,0.65140,-0.00992,0.04798,-0.75715,-1.40789,-2.31562,-0.05283,
599034814203,-10.78074,0.89994,1.15889,0.65760,-0.00831,0.04646,-0.75189,-1.30280,-2.31721,-0.05295,
599134421204,-10.90874,0.66641,1.15797,0.66390,-0.00582,0.04246,-0.74659,-1.22216,-2.33099,-0.10367,
599233812098,-11.02955,0.43346,1.15245,0.67032,-0.00447,0.03997,-0.74098,-1.14594,-2.28918,-0.18364,
599333329308,-11.14238,0.20333,1.14063,0.67731,-0.00517,0.03964,-0.73461,-1.05516,-2.26273,-0.16371,
599432890307,-11.24361,-0.02457,1.13270,0.68451,-0.00497,0.03869,-0.72795,-0.96654,-2.26148,-0.11230,
599532409255,-11.33697,-0.25223,1.13259,0.69204,-0.00532,0.03774,-0.72085,-0.87904,-2.24742,-0.03456,
599665101151,-11.44937,-0.55428,1.14595,0.70221,-0.00570,0.03825,-0.71092,-0.77256,-2.24153,0.10327,
599731434463,-11.50216,-0.70791,1.16664,0.70728,-0.00541,0.03720,-0.70594,-0.72310,-2.24498,0.18474,
599864142515,-11.59282,-1.01047,1.21062,0.71669,-0.00220,0.03487,-0.69652,-0.61910,-2.25740,0.31372,
599930443724,-11.63436,-1.16326,1.24255,0.72066,-0.00061,0.03311,-0.69249,-0.57439,-2.24269,0.34482,
600030077151,-11.68535,-1.38707,1.29032,0.72593,-0.00015,0.03218,-0.68702,-0.50150,-2.23224,0.38782,
600129569568,-11.73170,-1.61074,1.34117,0.73074,0.00020,0.03264,-0.68188,-0.44817,-2.22633,0.39789,
600229002203,-11.77340,-1.83203,1.39249,0.73555,-0.00709,0.03999,-0.67625,-0.40465,-2.20812,0.38730,
600361695360,-11.81886,-2.12815,1.45449,0.74153,-0.02159,0.05510,-0.66831,-0.27722,-2.20908,0.39574,
600428130151,-11.83290,-2.27587,1.48842,0.74481,-0.02642,0.06026,-0.66403,-0.18431,-2.20012,0.39950,
600527632203,-11.84515,-2.49624,1.53434,0.75089,-0.03241,0.06631,-0.65629,-0.04890,-2.18776,0.41203,
600627080204,-11.84574,-2.71694,1.57972,0.75728,-0.04319,0.07386,-0.64746,0.09076,-2.18200,0.41679,
600726596307,-11.83251,-2.93496,1.62183,0.76248,-0.05365,0.07935,-0.63988,0.25854,-2.14595,0.36538,
600826116672,-11.80117,-3.14927,1.65612,0.76737,-0.05062,0.07642,-0.63462,0.40977,-2.13681,0.29843,
600925634515,-11.75491,-3.36277,1.68209,0.77253,-0.04205,0.06727,-0.63000,0.54354,-2.10405,0.19294,
601025270360,-11.69723,-3.57459,1.69959,0.77813,-0.03636,0.06045,-0.62413,0.65154,-2.09316,0.11796,
601124672359,-11.63251,-3.78605,1.71178,0.78340,-0.03264,0.05502,-0.61821,0.74213,-2.06222,0.04518,
601224296151,-11.55986,-3.99453,1.71668,0.78769,-0.02686,0.04754,-0.61364,0.80901,-2.02802,-0.04015,
601323792203,-11.48177,-4.20004,1.71354,0.79160,-0.01639,0.03451,-0.60984,0.85800,-2.01354,-0.12164,
601456415464,-11.37391,-4.47339,1.70326,0.79808,-0.00730,0.01642,-0.60229,0.88706,-1.96032,-0.16084,
601522794307,-11.32721,-4.61522,1.70217,0.80143,-0.00309,0.00748,-0.59803,0.85999,-1.96156,-0.16526,
601622303273,-11.24957,-4.81994,1.69398,0.80645,0.00074,-0.00374,-0.59129,0.82805,-1.93180,-0.16316,
601721831003,-11.17219,-5.02099,1.68624,0.81082,0.00201,-0.01501,-0.58509,0.77787,-1.91066,-0.17296,
601821436055,-11.10045,-5.22269,1.67975,0.81522,-0.00343,-0.02597,-0.57855,0.70784,-1.86419,-0.18166,
601920901351,-11.03200,-5.41858,1.66939,0.81898,-0.01083,-0.03477,-0.57267,0.63508,-1.79514,-0.20289,
602020327351,-10.96876,-5.60976,1.65771,0.82239,-0.02179,-0.03387,-0.56750,0.57079,-1.72342,-0.20620,
602153014968,-10.89395,-5.84374,1.63406,0.82576,-0.03241,-0.02602,-0.56249,0.53311,-1.60198,-0.20609,
602252569395,-10.83494,-6.01580,1.61805,0.82773,-0.03685,-0.02111,-0.55952,0.52407,-1.51733,-0.22515,
602318867732,-10.79205,-6.13500,1.61030,0.82907,-0.03928,-0.01779,-0.55748,0.53761,-1.48022,-0.22157,
602451626784,-10.71263,-6.33973,1.58706,0.83147,-0.04317,-0.02458,-0.55334,0.55296,-1.36650,-0.21256,
602517901163,-10.66965,-6.44301,1.57693,0.83265,-0.04608,-0.03126,-0.55099,0.55442,-1.29008,-0.21347,
602617417111,-10.61105,-6.58572,1.55698,0.83407,-0.04848,-0.04060,-0.54803,0.51236,-1.18158,-0.23274,
602716927359,-10.55549,-6.71449,1.53428,0.83535,-0.04873,-0.04916,-0.54534,0.46118,-1.08853,-0.27182,
602816579307,-10.50303,-6.83620,1.50978,0.83656,-0.04530,-0.05362,-0.54337,0.41802,-0.97657,-0.32214,
602915957898,-10.45683,-6.95035,1.48023,0.83755,-0.03674,-0.05604,-0.54224,0.37898,-0.89632,-0.33637,
603015467576,-10.41302,-7.05799,1.44658,0.83894,-0.02511,-0.05965,-0.54037,0.32442,-0.80916,-0.41114,
603114986680,-10.37597,-7.15177,1.40419,0.84101,-0.01706,-0.06129,-0.53727,0.23533,-0.74367,-0.41704,
603214575623,-10.35054,-7.23489,1.36108,0.84402,-0.01521,-0.05880,-0.53285,0.13776,-0.70105,-0.39348,
603314018831,-10.33374,-7.30860,1.31915,0.84707,-0.01676,-0.05594,-0.52826,0.06757,-0.61375,-0.41714,
603413535904,-10.32639,-7.37032,1.27393,0.84978,-0.02073,-0.05128,-0.52422,-0.01415,-0.54545,-0.45294,
603513045397,-10.32217,-7.42562,1.22831,0.85142,-0.02996,-0.04355,-0.52182,-0.03596,-0.46303,-0.44284,
603612571397,-10.32100,-7.47487,1.18098,0.85285,-0.03495,-0.03784,-0.51961,-0.05543,-0.39934,-0.45097,
603712079867,-10.32357,-7.51255,1.13468,0.85500,-0.01492,-0.03639,-0.51713,0.02747,-0.10292,-0.48192,
603811598815,-10.32487,-7.53566,1.13799,0.86295,-0.00450,0.00195,-0.50526,0.05084,-0.28049,0.49790,
603911119867,-10.31811,-7.56338,1.17587,0.86421,-0.01382,-0.02018,-0.50254,-0.00157,-0.17552,0.27951,
604010677815,-10.31562,-7.58889,1.20562,0.86571,-0.01310,-0.01761,-0.50007,0.00750,-0.24172,0.26442,
604110154972,-10.31574,-7.61451,1.22039,0.86665,-0.01391,-0.02005,-0.49832,-0.03597,-0.21077,-0.00361,
604209673763,-10.31895,-7.64193,1.20642,0.86748,-0.01469,-0.01986,-0.49685,-0.05799,-0.21304,-0.30300,
604309211763,-10.32131,-7.67106,1.16702,0.86772,-0.01703,-0.02232,-0.49626,-0.05677,-0.21269,-0.71448,
604408751815,-10.32602,-7.69519,1.09976,0.86834,0.01716,-0.00045,-0.49568,-0.22788,-0.15877,-0.05128,
604508271815,-10.33175,-7.71522,1.13614,0.86806,0.00531,-0.02099,-0.49598,-0.07221,-0.18949,0.09426,
604607752002,-10.33836,-7.72880,1.11789,0.86910,0.01045,-0.00912,-0.49443,-0.11648,-0.16311,-0.29872,
604707308815,-10.33732,-7.73749,1.11605,0.86978,0.00557,-0.01213,-0.49327,-0.00990,-0.04315,-0.15000,
604806830847,-10.33836,-7.74023,1.11124,0.87112,0.00386,-0.01236,-0.49090,-0.01046,-0.05830,-0.04968,
604906347763,-10.33735,-7.74665,1.10749,0.87115,0.00300,-0.01357,-0.49081,0.02061,-0.07523,-0.03259,
605005827231,-10.33538,-7.75450,1.10501,0.87131,0.00292,-0.01413,-0.49053,0.01972,-0.07690,-0.04660,
605105396867,-10.33276,-7.76321,1.10280,0.87135,0.00305,-0.01391,-0.49046,0.01887,-0.08732,-0.04984,
605204962076,-10.33033,-7.77234,1.10043,0.87126,0.00300,-0.01373,-0.49062,0.02427,-0.08637,-0.04764,
605304383867,-10.32768,-7.78276,1.09669,0.87127,0.00307,-0.01355,-0.49061,0.02695,-0.08507,-0.05787,
605403901763,-10.33184,-7.78774,1.08453,0.87143,0.00267,-0.01414,-0.49030,0.02119,-0.08227,-0.06881,
605503420763,-10.33856,-7.79064,1.07236,0.87156,0.00247,-0.01499,-0.49005,0.00704,-0.07387,-0.08174,
605602939711,-10.34236,-7.79413,1.06369,0.87167,0.00242,-0.01538,-0.48984,0.00110,-0.07018,-0.08723,
605702458815,-10.34737,-7.79521,1.05449,0.87176,0.00226,-0.01598,-0.48967,-0.00380,-0.05997,-0.09385,
605801977868,-10.35402,-7.79417,1.04451,0.87183,0.00209,-0.01656,-0.48952,-0.01185,-0.04901,-0.10133,
605934671180,-10.36388,-7.78690,1.03030,0.87185,0.00173,-0.01739,-0.48945,-0.02522,-0.02603,-0.11075,
606001111128,-10.37917,-7.75591,1.02275,0.87149,0.00081,-0.01872,-0.49006,-0.04644,0.01740,-0.11405,
606100533972,-10.38359,-7.75563,1.01035,0.87145,0.00095,-0.01892,-0.49011,-0.05001,0.02006,-0.12005,
606200055763,-10.38942,-7.75902,0.99837,0.87146,0.00099,-0.01904,-0.49010,-0.05470,0.02276,-0.12628,
606299572867,-10.39663,-7.76282,0.98614,0.87142,0.00096,-0.01909,-0.49017,-0.05906,0.02376,-0.13124,
606399096815,-10.40314,-7.76651,0.97307,0.87142,0.00093,-0.01921,-0.49016,-0.06319,0.02664,-0.13709,
606531799075,-10.41143,-7.76936,0.95489,0.87137,0.00094,-0.01934,-0.49024,-0.06790,0.03062,-0.14495,
606598134763,-10.41651,-7.77617,0.94664,0.87140,0.00102,-0.01938,-0.49019,-0.07386,0.02915,-0.14830,
606697674920,-10.42296,-7.77912,0.93157,0.87139,0.00105,-0.01954,-0.49021,-0.07720,0.03055,-0.15500,
606797168920,-10.43021,-7.78383,0.91611,0.87139,0.00102,-0.01958,-0.49020,-0.08036,0.03155,-0.16055,
606896730076,-10.43800,-7.78899,0.90017,0.87139,0.00114,-0.01960,-0.49020,-0.08519,0.03177,-0.16583,
606996206867,-10.44601,-7.79397,0.88347,0.87138,0.00117,-0.01970,-0.49021,-0.08995,0.03245,-0.17128,
607095724763,-10.45476,-7.79875,0.86613,0.87141,0.00121,-0.01991,-0.49015,-0.09617,0.03380,-0.17745,
607195244763,-10.46329,-7.80441,0.84816,0.87141,0.00126,-0.01993,-0.49016,-0.10013,0.03438,-0.18322,
607294807919,-10.47270,-7.81005,0.82896,0.87135,0.00141,-0.01974,-0.49026,-0.10336,0.03195,-0.18924,
607394413815,-10.48221,-7.81561,0.80911,0.87133,0.00148,-0.01971,-0.49029,-0.10761,0.03154,-0.19621,
607493801815,-10.49320,-7.82128,0.78856,0.87136,0.00160,-0.01970,-0.49024,-0.11332,0.03036,-0.20278,
607593319388,-10.50503,-7.82701,0.76703,0.87136,0.00177,-0.01959,-0.49025,-0.11849,0.02805,-0.20919,
607692838763,-10.51564,-7.83361,0.74516,0.87134,0.00184,-0.01946,-0.49029,-0.12106,0.02678,-0.21545,
607792357971,-10.52776,-7.83894,0.72243,0.87133,0.00195,-0.01940,-0.49031,-0.12577,0.02580,-0.22167,
607891877815,-10.54072,-7.84384,0.69912,0.87136,0.00203,-0.01954,-0.49025,-0.13230,0.02701,-0.22819,
607991442815,-10.55406,-7.85136,0.67515,0.87137,0.00221,-0.01935,-0.49024,-0.13635,0.02346,-0.23419,
608091012815,-10.56892,-7.85797,0.65052,0.87141,0.00244,-0.01929,-0.49017,-0.14278,0.02039,-0.24021,
608190478076,-10.58353,-7.86475,0.62547,0.87144,0.00255,-0.01934,-0.49011,-0.14940,0.01941,-0.24605,
608289999815,-10.59824,-7.87142,0.59958,0.87140,0.00275,-0.01913,-0.49019,-0.15313,0.01520,-0.25242,
608389471815,-10.61239,-7.87845,0.57323,0.87137,0.00286,-0.01889,-0.49025,-0.15601,0.01170,-0.25893,
608489033815,-10.62750,-7.88491,0.54639,0.87142,0.00292,-0.01912,-0.49016,-0.16512,0.01307,-0.26460,
608588509763,-10.64323,-7.89147,0.51900,0.87144,0.00298,-0.01927,-0.49011,-0.17256,0.01268,-0.27031,
608688031951,-10.66000,-7.89993,0.49086,0.87143,0.00316,-0.01902,-0.49013,-0.17612,0.00724,-0.27642,
608787573971,-10.67719,-7.90799,0.46208,0.87143,0.00331,-0.01884,-0.49015,-0.17963,0.00290,-0.28301,
