2013349512989,0.03020,-0.04337,0.01861,0.97786,0.08857,0.18556,0.03889,-0.35078,-0.22258,-0.16909,
2013449030989,-0.01254,-0.05095,-0.00021,0.97617,0.08306,0.19832,0.02951,-0.34567,-0.00326,-0.25140,
2013581763145,-0.06129,-0.02999,-0.03339,0.97206,0.09269,0.21444,0.02310,-0.27672,0.26789,-0.26560,
2013681242041,-0.08584,0.00795,-0.05734,0.96818,0.10824,0.22408,0.02656,-0.16623,0.39965,-0.19190,
2013780890354,-0.09613,0.05613,-0.06918,0.96559,0.12662,0.22395,0.03814,-0.02157,0.49242,0.01563,
2013913501197,-0.08575,0.12725,-0.05170,0.96600,0.14264,0.20503,0.06678,0.13633,0.51745,0.25782,
2014079322093,-0.04491,0.19878,0.00907,0.97545,0.13934,0.13592,0.10298,0.28817,0.24321,0.44597,
2014178941479,-0.01216,0.21137,0.05395,0.98395,0.12809,0.08263,0.09275,0.23235,-0.02650,0.43640,
2014311533250,0.00986,0.18471,0.10635,0.99114,0.11210,0.03613,0.06132,-0.01705,-0.33315,0.30145,
2014477400510,-0.02085,0.11164,0.12543,0.99363,0.10022,0.04901,0.01566,-0.39281,-0.43219,-0.07230,
2014577016823,-0.07054,0.07029,0.10826,0.99236,0.09818,0.07475,0.00187,-0.55458,-0.39829,-0.22677,
2014742781145,-0.17937,0.00838,0.06440,0.98689,0.09408,0.13089,0.00827,-0.61694,-0.41618,-0.18835,
2014908722042,-0.26504,-0.06479,0.04424,0.98485,0.06446,0.16081,-0.00796,-0.32411,-0.47664,0.01621,
2015008203197,-0.28373,-0.10669,0.04297,0.98326,0.04480,0.17487,-0.02479,-0.03383,-0.39126,0.07426,
2015174140197,-0.25011,-0.15819,0.05464,0.98598,0.00785,0.16221,-0.03843,0.43279,-0.17609,0.11363,
2015306720353,-0.17242,-0.17317,0.06137,0.98875,-0.01909,0.14621,-0.02529,0.58229,0.02510,-0.01158,
2015439453197,-0.09184,-0.15959,0.04755,0.98640,-0.02278,0.16190,-0.01686,0.60310,0.23019,-0.20119,
2015538970145,-0.03140,-0.12684,0.02651,0.98648,-0.00846,0.16300,-0.01440,0.59503,0.37219,-0.32851,
2015671622145,0.04802,-0.06857,-0.02450,0.98808,0.00817,0.15369,-0.00377,0.56778,0.36967,-0.46605,
2015804316989,0.11912,-0.02375,-0.08874,0.99212,0.01003,0.12375,0.01656,0.49062,0.27442,-0.49771,
2015937007041,0.17736,0.00348,-0.16051,0.99492,0.00997,0.09327,0.03665,0.32947,0.12547,-0.55395,
2016036524093,0.20594,0.01011,-0.21805,0.99602,0.00399,0.07503,0.04788,0.22534,0.06013,-0.53719,
2016169218145,0.22583,0.01339,-0.28897,0.99717,-0.00281,0.04182,0.06238,0.10279,0.04871,-0.47134,
2016268735093,0.23287,0.01757,-0.33579,0.99721,-0.01633,0.01731,0.07078,0.05138,0.08066,-0.38811,
2016434603124,0.23347,0.03143,-0.39218,0.99680,-0.01911,-0.00195,0.07757,-0.02934,0.05915,-0.24455,
2016534048554,0.23026,0.03849,-0.41718,0.99702,-0.01670,-0.01092,0.07451,-0.02144,0.03629,-0.13790,
2016633595198,0.22795,0.04489,-0.43305,0.99699,-0.01270,-0.02363,0.07279,-0.00931,0.03039,-0.08353,
2016799444386,0.22886,0.04710,-0.44269,0.99701,-0.00530,-0.02398,0.07324,-0.00435,0.02590,-0.07434,
2016898837840,0.22786,0.04893,-0.45128,0.99692,0.00205,-0.01369,0.07713,-0.00484,0.00352,-0.06528,
2017031495632,0.22785,0.04766,-0.45960,0.99715,0.00839,-0.00539,0.07478,-0.01476,-0.02330,-0.05767,
2017130945149,0.22613,0.04605,-0.46407,0.99740,0.00893,-0.00209,0.07145,-0.01725,-0.01728,-0.01448,
2017230459681,0.22533,0.04512,-0.46543,0.99759,0.00748,-0.00509,0.06876,-0.01505,0.00042,-0.00872,
2017363149472,0.22486,0.04616,-0.46626,0.99737,0.00728,-0.00532,0.07194,0.00160,0.00877,-0.01428,
2017462709628,0.22527,0.04661,-0.46747,0.99727,0.00504,-0.00257,0.07357,0.00547,0.00134,-0.00897,
2017562191576,0.22522,0.04678,-0.46827,0.99724,0.00338,-0.00053,0.07417,-0.00230,0.00765,-0.00527,
2017661706628,0.22465,0.04756,-0.46911,0.99721,0.00203,0.00151,0.07455,-0.00969,0.00333,-0.01275,
2017827608212,0.22439,0.04713,-0.47027,0.99736,-0.00094,0.00370,0.07245,-0.00253,0.01103,0.00049,
2017993388108,0.22446,0.04738,-0.47047,0.99737,-0.00130,0.00350,0.07239,0.00111,-0.01555,0.00004,
2018092908369,0.22430,0.04642,-0.47121,0.99745,0.00049,0.00427,0.07121,0.01560,-0.01053,-0.00066,
2018192464160,0.22402,0.04649,-0.47152,0.99745,0.00073,0.00377,0.07120,0.01300,-0.00760,0.00194,
2018291944004,0.22389,0.04639,-0.47157,0.99747,0.00103,0.00411,0.07094,0.00864,-0.00397,0.00281,
2018391503160,0.22381,0.04639,-0.47151,0.99750,0.00077,0.00382,0.07061,0.00283,0.00048,-0.00259,
2018491026212,0.22370,0.04632,-0.47149,0.99751,0.00071,0.00393,0.07037,0.00227,0.00297,0.00143,
2018590547369,0.22368,0.04630,-0.47149,0.99752,0.00053,0.00382,0.07026,0.00213,0.00297,0.00056,
2018789540619,0.22362,0.04627,-0.47150,0.99754,0.00046,0.00372,0.07001,0.00022,0.00245,0.00052,
2018922232993,0.22361,0.04633,-0.47149,0.99755,0.00039,0.00381,0.06991,0.00195,0.00163,0.00081,
2019054928265,0.22360,0.04637,-0.47150,0.99755,0.00035,0.00379,0.06992,0.00068,0.00045,0.00035,
2019187616004,0.22359,0.04633,-0.47151,0.99753,0.00015,0.00357,0.07018,0.00052,0.00011,-0.00022,
2019287238108,0.22356,0.04630,-0.47149,0.99751,0.00004,0.00346,0.07047,-0.00027,0.00000,0.00042,
2019419830577,0.22352,0.04629,-0.47148,0.99751,-0.00008,0.00349,0.07043,0.00006,0.00109,-0.00020,
2019519350108,0.22349,0.04631,-0.47150,0.99752,-0.00012,0.00340,0.07032,0.00025,0.00077,-0.00004,
2019618971942,0.22348,0.04635,-0.47153,0.99753,-0.00016,0.00336,0.07021,0.00032,0.00065,-0.00022,
2019751559108,0.22350,0.04634,-0.47156,0.99752,-0.00016,0.00330,0.07027,0.00006,0.00154,0.00036,
2019851076056,0.22348,0.04642,-0.47156,0.99755,-0.00035,0.00323,0.06992,-0.00015,0.00141,-0.00034,
2019983773004,0.22344,0.04642,-0.47161,0.99755,-0.00011,0.00312,0.06983,-0.00014,0.00119,-0.00029,
2020116459316,0.22341,0.04641,-0.47165,0.99755,0.00008,0.00311,0.06991,0.00048,0.00157,-0.00049,
2020215980056,0.22340,0.04644,-0.47167,0.99756,0.00020,0.00310,0.06975,0.00050,0.00131,-0.00035,
2020315585629,0.22333,0.04643,-0.47164,0.99757,0.00027,0.00308,0.06965,0.00032,0.00132,-0.00045,
2020448232525,0.22332,0.04643,-0.47163,0.99757,0.00026,0.00299,0.06957,-0.00148,0.00265,-0.00386,
2020580882056,0.22327,0.04648,-0.47166,0.99759,0.00030,0.00297,0.06935,-0.00000,-0.00062,-0.00208,
2020713877160,0.22324,0.04649,-0.47168,0.99760,0.00035,0.00300,0.06911,0.00051,0.00023,0.00068,
2020912652421,0.22325,0.04654,-0.47166,0.99761,-0.00001,0.00276,0.06911,-0.00286,0.00176,-0.00752,
2021078557264,0.22321,0.04658,-0.47173,0.99761,-0.00007,0.00255,0.06899,-0.00322,0.00071,0.00044,
2021177995942,0.22320,0.04656,-0.47169,0.99761,-0.00032,0.00263,0.06904,-0.00346,0.00268,-0.00163,
2021277515098,0.22313,0.04656,-0.47163,0.99762,-0.00057,0.00254,0.06884,-0.00722,0.00559,-0.00065,
2021377033473,0.22304,0.04651,-0.47163,0.99765,-0.00036,0.00257,0.06853,-0.00658,0.00902,-0.00439,
2021476628212,0.22311,0.04660,-0.47177,0.99765,-0.00017,0.00231,0.06842,-0.00732,0.00525,-0.01043,
2021576071108,0.22316,0.04663,-0.47192,0.99767,0.00033,0.00196,0.06825,-0.00068,-0.02198,-0.04980,
2021675590161,0.22331,0.04671,-0.47193,0.99765,-0.00078,0.00158,0.06845,-0.00069,-0.00149,-0.01233,
2021808284629,0.22328,0.04678,-0.47202,0.99768,-0.00087,0.00128,0.06812,0.00488,0.00332,-0.01203,
2021940978577,0.22320,0.04669,-0.47201,0.99769,-0.00073,0.00112,0.06789,0.00237,0.00147,-0.00342,
2022073668108,0.22323,0.04677,-0.47209,0.99772,-0.00060,0.00076,0.06743,0.00386,0.00274,-0.00076,
2022173186160,0.22323,0.04681,-0.47227,0.99773,-0.00035,0.00073,0.06740,0.00886,0.00547,-0.00829,
2022272704734,0.22319,0.04679,-0.47215,0.99772,-0.00029,0.00059,0.06744,-0.00369,0.00585,-0.00299,
2022405399056,0.22314,0.04676,-0.47209,0.99773,-0.00039,0.00053,0.06736,0.00102,0.00600,-0.00087,
2022571301941,0.22307,0.04670,-0.47202,0.99774,-0.00002,0.00039,0.06726,-0.00323,0.00849,0.01246,
2022703953369,0.22298,0.04665,-0.47195,0.99775,0.00040,0.00061,0.06706,-0.00477,0.00286,0.00328,
2022803473004,0.22293,0.04661,-0.47191,0.99774,0.00031,0.00063,0.06713,-0.00512,0.00810,0.00247,
2022903036108,0.22298,0.04666,-0.47197,0.99774,0.00041,0.00036,0.06713,-0.00507,-0.00543,-0.00181,
2023002550952,0.22285,0.04661,-0.47191,0.99775,0.00044,0.00057,0.06706,-0.00883,-0.00554,0.00992,
2023102034213,0.22293,0.04668,-0.47193,0.99775,0.00042,0.00023,0.06699,-0.00538,0.00002,0.00442,
2023234721264,0.22298,0.04682,-0.47190,0.99776,0.00037,0.00028,0.06684,-0.00419,-0.00212,-0.00780,
2023367454004,0.22302,0.04698,-0.47188,0.99777,0.00033,0.00042,0.06667,-0.00854,-0.00088,-0.00071,
2023500152108,0.22304,0.04725,-0.47097,0.99779,-0.00073,-0.00029,0.06639,-0.00948,0.00724,-0.01079,
2023599625108,0.22325,0.04767,-0.47008,0.99786,-0.00204,0.00001,0.06540,0.01195,0.01544,-0.00149,
2023699218004,0.22443,0.04759,-0.46943,0.99809,-0.00574,0.00065,0.06143,0.02251,0.00342,0.02752,
2023831838347,0.23033,0.04730,-0.45589,0.99865,-0.00907,0.00633,0.05078,0.06040,0.00965,0.19080,
2023931355160,0.23842,0.04882,-0.42898,0.99881,-0.00424,0.01930,0.04450,0.09434,0.00927,0.34706,
2024064124932,0.25794,0.05145,-0.35938,0.99817,-0.00367,0.04619,0.03886,0.21220,0.03114,0.70446,
2024196886817,0.30039,0.05966,-0.24096,0.99560,0.00336,0.07870,0.05068,0.41704,0.06006,1.07293,
2024329690096,0.37527,0.06585,-0.08339,0.98996,0.00572,0.12175,0.07161,0.68979,0.05585,1.25115,
2024429329346,0.46133,0.06923,0.04393,0.98159,0.01751,0.16745,0.09020,1.01102,0.05052,1.32627,
2024528886606,0.57931,0.07380,0.18026,0.97461,0.02890,0.19623,0.10393,1.42797,0.01341,1.37448,
2024661641411,0.80227,0.07365,0.35478,0.96477,0.03784,0.23612,0.10966,1.95820,-0.02898,1.26790,
2024860616515,1.29153,0.06060,0.59378,0.95616,0.02400,0.26787,0.11589,2.97655,-0.08185,1.12080,
2024993412856,1.73023,0.05182,0.72980,0.95458,-0.00936,0.26162,0.14230,3.59984,-0.00746,0.91725,
2025126063565,2.23525,0.05754,0.82467,0.94970,-0.05442,0.24956,0.18120,4.01669,0.15092,0.53038,
2025225579752,2.64797,0.07916,0.86233,0.94243,-0.08029,0.24244,0.21587,4.27098,0.36295,0.24061,
2025325100961,3.08977,0.11473,0.87285,0.93175,-0.10109,0.23252,0.25992,4.53615,0.59356,-0.01120,
2025424618647,3.55971,0.18805,0.85915,0.91414,-0.12809,0.21600,0.31826,4.75047,0.90827,-0.22588,
2025524136857,4.05620,0.30065,0.82907,0.88613,-0.16534,0.18432,0.39175,4.94072,1.30428,-0.33902,
2025623656804,4.55835,0.45734,0.78686,0.84364,-0.21146,0.13144,0.47569,4.92590,1.75770,-0.49418,
2025756354752,5.19806,0.72971,0.70684,0.75980,-0.26292,0.05595,0.59199,4.61384,2.37488,-0.67256,
2025855833329,5.65365,0.99351,0.63013,0.67987,-0.30032,-0.00834,0.66897,4.15707,2.79793,-0.73362,
2025988555766,6.15063,1.40872,0.52833,0.57237,-0.32946,-0.06156,0.74837,3.13297,3.24343,-0.74336,
2026121083628,6.49755,1.86020,0.43096,0.49903,-0.32205,-0.05340,0.80275,1.91483,3.55491,-0.64255,
2026220528963,6.66506,2.22186,0.37116,0.45997,-0.29250,-0.04884,0.83695,1.09461,3.78217,-0.45370,
2026353327255,6.77688,2.71372,0.32054,0.43638,-0.24407,-0.05110,0.86452,0.21961,3.90370,-0.17161,
2026452783172,6.76429,3.07982,0.31172,0.43902,-0.22556,-0.05252,0.86811,-0.35296,3.92191,-0.00157,
2026618615067,6.65523,3.72327,0.30704,0.46395,-0.20005,-0.03376,0.86232,-1.13995,3.91615,0.01055,
2026718167255,6.52817,4.11246,0.30528,0.48385,-0.18442,-0.00695,0.85547,-1.46761,4.00912,0.01159,
2026817710963,6.38381,4.54611,0.30378,0.49514,-0.17244,0.01002,0.85147,-1.79537,4.15162,0.10842,
2026917202015,6.19412,4.97795,0.31818,0.50485,-0.15192,0.04173,0.84871,-2.04766,4.30908,0.19635,
2027016721016,5.98527,5.43449,0.32199,0.50910,-0.13717,0.06253,0.84740,-2.16015,4.51852,0.21340,
2027116201015,5.76028,5.89255,0.33308,0.50799,-0.13441,0.06288,0.84849,-2.29230,4.68754,0.24322,
2027215766224,5.51514,6.36560,0.35601,0.50840,-0.13323,0.06357,0.84837,-2.45276,4.84965,0.28733,
2027348413911,5.17102,7.02591,0.38700,0.51659,-0.11544,0.08955,0.84368,-2.59801,5.05770,0.22302,
2027447935275,4.91212,7.53815,0.40246,0.52763,-0.10096,0.10956,0.83631,-2.59864,5.23872,0.12457,
2027580624203,4.57711,8.24019,0.40924,0.53601,-0.08770,0.12729,0.82994,-2.53322,5.44793,-0.06332,
2027746486963,4.16428,9.18221,0.37974,0.53654,-0.09005,0.11815,0.83070,-2.46220,5.75307,-0.21840,
2027846047911,3.92356,9.76081,0.35132,0.53620,-0.09100,0.11383,0.83142,-2.43976,5.89009,-0.35072,
2027978703120,3.58582,10.57770,0.28357,0.53326,-0.08320,0.10684,0.83504,-2.43764,6.11557,-0.52597,
2028111430911,3.24666,11.42821,0.21276,0.52494,-0.07703,0.07431,0.84439,-2.45053,6.32009,-0.37357,
2028211004517,3.04796,12.01410,0.20715,0.51643,-0.06217,0.06307,0.85174,-2.45335,6.34865,-0.04301,
2028310525517,2.81897,12.62964,0.22824,0.49782,-0.04413,0.05228,0.86458,-2.44404,6.37621,0.33880,
2028410003517,2.60188,13.26087,0.28243,0.46051,-0.03290,0.03159,0.88648,-2.38840,6.34546,0.70267,
2028509562621,2.38028,13.89940,0.36836,0.40976,-0.03265,-0.00953,0.91156,-2.35716,6.25561,0.98786,
2028609082569,2.17675,14.51738,0.48760,0.35343,-0.04010,-0.05525,0.93297,-2.40136,6.05783,1.23796,
2028708642768,1.93391,15.09276,0.62621,0.29213,-0.04698,-0.09415,0.95057,-2.52930,5.72101,1.44512,
2028808031663,1.68978,15.65426,0.77787,0.22547,-0.05329,-0.13184,0.96382,-2.64389,5.35384,1.58761,
2028907546663,1.43147,16.12416,0.95159,0.16526,-0.05973,-0.17283,0.96915,-2.77424,4.87011,1.65059,
2029007152716,1.13826,16.61901,1.10884,0.12124,-0.06876,-0.20268,0.96927,-2.91681,4.41461,1.62695,
2029106585663,0.83244,17.08511,1.25834,0.09491,-0.07399,-0.22885,0.96600,-3.05999,3.98842,1.54411,
2029272449507,0.29364,17.74242,1.49185,0.07807,-0.08124,-0.26749,0.95695,-3.30430,3.15980,1.28857,
2029405143664,-0.18267,18.18225,1.63018,0.05726,-0.08909,-0.30279,0.94715,-3.48030,2.60760,0.75024,
2029504726920,-0.53029,18.43213,1.68271,0.03148,-0.09814,-0.32789,0.93908,-3.53163,2.27041,0.14640,
2029604325664,-0.90697,18.67762,1.67065,0.00566,-0.10516,-0.32924,0.93835,-3.62090,1.87948,-0.43866,
2029737152247,-1.39064,18.87965,1.58241,-0.03288,-0.11322,-0.31161,0.94287,-3.73224,1.24221,-0.95911,
2029869910818,-1.89153,18.97956,1.44762,-0.07795,-0.11419,-0.30283,0.94296,-3.85525,0.43667,-1.22285,
2030002576339,-2.42089,18.96447,1.28772,-0.12980,-0.11706,-0.29503,0.93937,-4.02751,-0.54952,-1.22071,
2030135381230,-2.96205,18.81831,1.14274,-0.20160,-0.11237,-0.25605,0.93871,-4.08334,-1.65879,-0.90780,
2030234932756,-3.36383,18.61765,1.06696,-0.27862,-0.11110,-0.21598,0.92918,-4.05848,-2.33864,-0.63056,
2030367671652,-3.89879,18.27362,0.99144,-0.39543,-0.10113,-0.19181,0.89253,-4.01676,-2.78146,-0.65991,
2030467337122,-4.28890,17.98041,0.91064,-0.48047,-0.08529,-0.19924,0.84981,-3.95612,-2.96571,-1.06981,
2030599949330,-4.74981,17.54576,0.74785,0.58761,0.02499,0.23809,-0.77292,-3.67920,-3.32935,-1.46542,
2030699560180,-5.09430,17.19094,0.60440,0.64830,-0.02137,0.26726,-0.71262,-3.24694,-3.65446,-1.45671,
2030865468688,-5.54779,16.54325,0.37984,0.71823,-0.06530,0.28557,-0.63114,-2.04647,-4.14484,-1.23913,
2030964986948,-5.71944,16.11342,0.27102,0.74823,-0.05937,0.27309,-0.60170,-1.24840,-4.42470,-0.95127,
2031097775732,-5.82638,15.50742,0.17604,0.77684,-0.06001,0.26629,-0.56745,-0.28463,-4.73553,-0.49260,
2031230427524,-5.79993,14.86916,0.13815,0.79854,-0.06909,0.27428,-0.53134,0.80143,-4.91213,-0.05772,
2031330044212,-5.73099,14.34780,0.14096,0.80814,-0.04442,0.26336,-0.52496,1.42240,-5.07817,0.10899,
2031462837477,-5.54969,13.63367,0.15481,0.80502,0.02303,0.22670,-0.54774,1.89480,-5.28121,0.02447,
2031595494477,-5.31188,12.89228,0.16540,0.79067,0.09169,0.19270,-0.57384,2.07580,-5.62153,-0.10892,
2031728200926,-5.04959,12.11923,0.13641,0.79328,0.09628,0.18597,-0.57171,2.12987,-5.85454,-0.51594,
2031860892238,-4.76437,11.35058,0.04706,0.80242,0.11114,0.17301,-0.56021,2.31473,-6.02831,-0.87431,
2031960451926,-4.55843,10.72685,-0.03189,0.81123,0.13118,0.14054,-0.55222,2.32440,-6.40017,-0.70529,
2032059930978,-4.33929,10.07474,-0.07752,0.82730,0.11384,0.11840,-0.53721,2.32309,-6.74298,-0.25345,
2032159453926,-4.10836,9.38973,-0.08471,0.84307,0.10756,0.11822,-0.51350,2.33112,-6.97442,0.08915,
2032259063482,-3.87323,8.68751,-0.06861,0.86234,0.10131,0.12622,-0.47976,2.38418,-7.12365,0.14544,
2032358650586,-3.64078,7.96103,-0.05474,0.88338,0.08536,0.14421,-0.43767,2.46263,-7.27598,0.15748,
2032458180534,-3.38296,7.21371,-0.04014,0.90222,0.07385,0.15436,-0.39588,2.66154,-7.43191,0.25693,
2032557749482,-3.10648,6.46411,-0.01361,0.91994,0.04609,0.16448,-0.35289,2.85040,-7.51947,0.28280,
2032657139430,-2.81465,5.71563,0.01336,0.93546,0.00880,0.17467,-0.30714,3.06949,-7.50608,0.24141,
2032756729430,-2.54096,4.95209,0.04081,0.95027,-0.04191,0.17840,-0.25178,3.30685,-7.44445,0.23473,
2032856177430,-2.19727,4.22555,0.06632,0.95998,-0.10384,0.17739,-0.19021,3.63200,-7.16913,0.24168,
2032955640163,-1.81783,3.53109,0.09369,0.96273,-0.15163,0.18030,-0.13287,4.00374,-6.75720,0.32119,
2033055113173,-1.40049,2.89308,0.12907,0.96166,-0.18672,0.18237,-0.08417,4.36347,-6.17569,0.36280,
2033154672485,-0.95036,2.34695,0.17104,0.96399,-0.17884,0.19049,-0.04959,4.70599,-5.53260,0.37763,
2033254136617,-0.36097,1.82092,0.20316,0.96323,-0.18016,0.19923,-0.00666,5.16217,-5.06871,0.33188,
2033353617616,0.28077,1.34226,0.22079,0.95611,-0.20942,0.19909,0.04854,5.61407,-4.56267,0.21841,
2033453079221,0.85845,0.91826,0.23669,0.94336,-0.24781,0.18986,0.11234,5.85472,-3.95228,0.08126,
2033552554895,1.47157,0.63041,0.25234,0.92467,-0.28621,0.17112,0.18384,6.05223,-3.13797,-0.02028,
2033652087634,2.08979,0.39638,0.26449,0.90100,-0.31911,0.14267,0.25694,6.12021,-2.29302,-0.09810,
2033751489002,2.70624,0.22034,0.25581,0.86953,-0.35501,0.10162,0.32798,6.01163,-1.39220,-0.19203,
2033851006793,3.26465,0.14280,0.23839,0.84837,-0.36102,0.08294,0.37823,5.60178,-0.49832,-0.37468,
2033983612618,3.99903,0.13649,0.18123,0.83390,-0.32205,0.06941,0.44280,5.28190,0.44429,-0.57852,
2034116398461,4.70083,0.21745,0.09200,0.80658,-0.29506,0.05709,0.50903,4.88830,1.08250,-0.81695,
2034248997617,5.29439,0.43047,-0.00786,0.75216,-0.30767,0.02915,0.58202,4.40471,1.84872,-0.83730,
2034381715900,5.81797,0.72302,-0.11552,0.68480,-0.32824,-0.01940,0.65033,3.60102,2.51314,-0.87036,
2034514405952,6.18144,1.11030,-0.20851,0.62953,-0.32177,-0.03735,0.70623,2.54836,3.13949,-0.79522,
2034646946063,6.44088,1.57013,-0.29492,0.57708,-0.30179,-0.04428,0.75759,1.54718,3.60969,-0.63140,
2034746467115,6.52330,1.95989,-0.33703,0.53511,-0.28646,-0.03702,0.79387,0.76773,3.87883,-0.46974,
2034845989063,6.44488,2.40670,-0.36211,0.50533,-0.26311,-0.01629,0.82168,0.01053,4.12649,-0.30343,
2034945635959,6.39245,2.83749,-0.37367,0.49405,-0.24434,0.01296,0.83429,-0.50607,4.35811,-0.15182,
2035078194793,6.26363,3.42549,-0.36798,0.49967,-0.22081,0.05513,0.83578,-1.10134,4.68386,0.02007,
2035210885116,6.09165,4.08321,-0.35295,0.51278,-0.19193,0.10208,0.83054,-1.47773,5.14093,0.26619,
2035310413220,5.93910,4.61266,-0.31704,0.51078,-0.18832,0.10389,0.83238,-1.65110,5.50403,0.43770,
2035410005959,5.76523,5.18057,-0.26567,0.50471,-0.18770,0.10358,0.83624,-1.84909,5.79103,0.52787,
2035509483011,5.56723,5.77115,-0.21107,0.50277,-0.18748,0.10389,0.83743,-2.02098,6.04764,0.49568,
2035608961115,5.35243,6.38333,-0.15406,0.50504,-0.18351,0.11012,0.83614,-2.18892,6.26918,0.41997,
2035708405623,5.12834,7.02133,-0.11004,0.50401,-0.17772,0.11932,0.83675,-2.30880,6.51632,0.37190,
2035807925467,4.88876,7.66803,-0.06900,0.49417,-0.17540,0.11985,0.84301,-2.42526,6.71518,0.27747,
2035907442520,4.62345,8.32302,-0.03922,0.48257,-0.17085,0.11983,0.85063,-2.56619,6.90080,0.16025,
2036007004832,4.36525,9.02399,-0.02831,0.47008,-0.15106,0.11380,0.86213,-2.65684,7.08131,0.02431,
2036106484467,4.07440,9.72361,-0.03296,0.45609,-0.12183,0.11096,0.87454,-2.72196,7.15730,-0.11771,
2036206067571,3.79921,10.44330,-0.05547,0.43624,-0.10122,0.10308,0.88816,-2.71952,7.23582,-0.32896,
2036305587738,3.54067,11.18135,-0.09485,0.41208,-0.09544,0.08595,0.90205,-2.71181,7.31891,-0.42079,
2036438280582,3.12879,12.14455,-0.13565,0.37059,-0.07640,0.07060,0.92295,-2.89266,7.37477,-0.04480,
2036537799530,2.82098,12.89690,-0.12699,0.32387,-0.05948,0.04129,0.94333,-2.94573,7.40872,0.32642,
2036637318634,2.52755,13.62667,-0.07913,0.26577,-0.05085,-0.01384,0.96260,-2.97961,7.28401,0.57938,
2036769955889,2.11390,14.58201,0.00643,0.18899,-0.05066,-0.11205,0.97425,-3.09458,6.95526,0.71426,
2036869474994,1.79769,15.25681,0.08187,0.13778,-0.05379,-0.20292,0.96796,-3.22386,6.48831,0.77523,
2036969035837,1.47018,15.86096,0.16222,0.10351,-0.05886,-0.26611,0.95656,-3.36533,5.77131,0.74788,
2037068513046,1.13590,16.41900,0.23582,0.07725,-0.06266,-0.30259,0.94792,-3.51351,4.98755,0.75146,
2037168112993,0.79645,16.95381,0.31275,0.04869,-0.06819,-0.33040,0.94011,-3.62210,4.26617,0.68221,
2037300723786,0.31801,17.58554,0.39565,0.00628,-0.08023,-0.32303,0.94296,-3.72686,3.23465,0.51598,
2037400367290,-0.10030,18.00521,0.43135,-0.02493,-0.09183,-0.27294,0.95731,-3.86576,2.60440,0.47908,
2037499826237,-0.46118,18.21522,0.49360,-0.05849,-0.09844,-0.21653,0.96954,-3.92689,1.96109,0.53551,
2037599413119,-0.74383,18.19940,0.58165,-0.09238,-0.10309,-0.15353,0.97840,-3.88177,1.20256,0.71138,
2037698932119,-1.09249,18.24872,0.68351,-0.13467,-0.10440,-0.11968,0.97808,-3.97495,0.82025,1.08174,
2037798534478,-1.41659,18.23621,0.81305,-0.18291,-0.10416,-0.13783,0.96783,-3.95274,0.47485,1.13713,
2037898212507,-1.72772,18.17698,0.91505,-0.23360,-0.10081,-0.19436,0.94736,-3.86768,0.14720,0.70228,
2037997748560,-2.11642,18.18279,0.94992,-0.29204,-0.09485,-0.26489,0.91409,-3.85033,0.00304,-0.00555,
2038097362764,-2.52958,18.19057,0.91662,-0.34563,-0.09020,-0.32403,0.87602,-3.81940,-0.19170,-0.75506,
2038229985659,-3.04086,18.12672,0.76846,-0.41589,-0.09769,-0.31762,0.84653,-3.58388,-1.00952,-1.27169,
2038329580246,-3.42317,18.00779,0.65463,-0.48358,-0.07101,-0.27846,0.82678,-3.31512,-1.86421,-0.92822,
2038429147415,-3.77676,17.82578,0.59134,0.54680,0.05533,0.25258,-0.79634,-2.99175,-2.43170,-0.41577,
2038528711363,-4.07673,17.57060,0.56075,0.59541,0.03313,0.29394,-0.74699,-2.80517,-2.85677,-0.35924,
2038628244321,-4.36865,17.27044,0.51000,0.63319,0.00309,0.35137,-0.68964,-2.45432,-3.18376,-0.72410,
2038727763737,-4.58373,16.93430,0.42098,0.66039,0.00028,0.37065,-0.65307,-1.91158,-3.54583,-1.08966,
2038827338475,-4.77551,16.54229,0.30865,0.68882,0.01365,0.35297,-0.63306,-1.34111,-4.09227,-1.15353,
2038926866528,-4.93139,16.10075,0.19532,0.71472,0.02904,0.33107,-0.61541,-0.78758,-4.56725,-1.09848,
2039026417423,-5.00511,15.61649,0.09244,0.74297,0.03510,0.31811,-0.58786,-0.23469,-5.04060,-0.99304,
2039159071527,-5.01207,14.89369,-0.03802,0.77174,0.07011,0.29630,-0.55831,0.45608,-5.53695,-0.98075,
2039325039683,-4.89580,13.89110,-0.20403,0.79193,0.14491,0.24788,-0.53889,1.02296,-6.30382,-0.90459,
2039457735475,-4.75117,12.97377,-0.30984,0.79517,0.20102,0.19227,-0.53882,1.18700,-7.08330,-0.64553,
2039557265475,-4.63473,12.23873,-0.36008,0.80622,0.19327,0.18635,-0.52718,1.18743,-7.56777,-0.50990,
2039656666579,-4.50867,11.47360,-0.39921,0.81559,0.17701,0.20043,-0.51313,1.26838,-7.95471,-0.46960,
2039756186423,-4.36725,10.65462,-0.45699,0.82809,0.14445,0.22380,-0.49327,1.42272,-8.22721,-0.62604,
2039855704632,-4.19962,9.77918,-0.54203,0.83490,0.14003,0.22942,-0.48032,1.72913,-8.49579,-0.75659,
2039955387652,-3.99681,8.86507,-0.62547,0.84594,0.13904,0.22254,-0.46425,2.00351,-8.94849,-0.58732,
2040054895319,-3.78948,7.94112,-0.66514,0.86476,0.10338,0.23296,-0.43271,2.31351,-9.34020,-0.23981,
2040187645632,-3.45071,6.68757,-0.66267,0.90199,0.02327,0.25133,-0.35029,2.92423,-9.52635,0.11452,
2040287105371,-3.12603,5.71033,-0.65789,0.92315,-0.05190,0.26605,-0.27260,3.45593,-9.46777,0.22106,
2040386624215,-2.73955,4.77452,-0.62832,0.93057,-0.11718,0.27869,-0.20651,4.15774,-9.11849,0.39415,
2040486186267,-2.28573,3.88476,-0.58251,0.93499,-0.13517,0.28535,-0.16158,4.87386,-8.59808,0.53854,
2040585662267,-1.73832,3.06281,-0.52559,0.93591,-0.15906,0.29220,-0.11572,5.54290,-8.11873,0.57023,
2040685188215,-1.17064,2.27690,-0.46728,0.93482,-0.18791,0.29460,-0.06328,6.12628,-7.50452,0.53278,
2040784626923,-0.53163,1.56160,-0.41699,0.93529,-0.20129,0.29101,0.00465,6.68712,-6.86853,0.46990,
2040884145766,0.16853,0.91778,-0.37164,0.92483,-0.24728,0.27535,0.08787,7.15458,-6.15440,0.39394,
2040983582803,0.94510,0.39354,-0.33534,0.90333,-0.29525,0.26166,0.16842,7.52301,-5.20911,0.22709,
2041083012542,1.70291,0.01101,-0.29210,0.87529,-0.33732,0.24173,0.24829,7.75599,-4.07581,0.11002,
2041182530437,2.47381,-0.30642,-0.27488,0.83588,-0.38521,0.20678,0.33190,7.78096,-2.81244,0.02092,
2041281987696,3.24696,-0.54159,-0.27658,0.78029,-0.43495,0.16283,0.41887,7.53418,-1.55770,-0.12858,
2041381553904,3.95339,-0.60730,-0.28120,0.71845,-0.46586,0.10748,0.50522,6.95632,-0.23879,-0.32141,
2041480912535,4.61440,-0.58553,-0.31062,0.65081,-0.48514,0.05252,0.58166,6.10841,0.80767,-0.53144,
2041613515269,5.38047,-0.43256,-0.39835,0.57960,-0.48246,0.01596,0.65654,4.72002,1.94658,-0.83930,
2041746207165,5.92492,-0.11150,-0.51329,0.54703,-0.44122,0.02076,0.71109,3.36217,2.92079,-0.96487,
2041845672090,6.20570,0.21005,-0.56586,0.54036,-0.40513,0.02242,0.73714,2.44294,3.53435,-0.92567,
2042011537038,6.45539,0.86078,-0.70255,0.53450,-0.34567,0.00934,0.77119,1.01484,4.44058,-0.73681,
2042111004589,6.46217,1.31587,-0.74295,0.52615,-0.32305,-0.01069,0.78657,0.13206,4.81916,-0.50225,
2042210562642,6.41238,1.80533,-0.76847,0.51591,-0.30922,-0.03460,0.79814,-0.63575,5.10033,-0.27902,
2042310112590,6.30901,2.31946,-0.78304,0.51333,-0.30328,-0.03605,0.80200,-1.40942,5.25786,-0.10268,
2042442733485,6.05773,3.03591,-0.77295,0.52107,-0.27876,0.00485,0.80669,-2.27315,5.56729,0.15282,
2042542252380,5.82390,3.62023,-0.76099,0.52687,-0.25588,0.03941,0.80956,-2.67357,5.82441,0.19708,
2042641771485,5.54822,4.21006,-0.74397,0.53407,-0.23270,0.07676,0.80915,-2.90766,6.05219,0.09352,
2042741291433,5.27135,4.84754,-0.75501,0.54532,-0.20203,0.12093,0.80447,-3.04629,6.28566,-0.13398,
2042874061485,4.86737,5.71276,-0.79485,0.55851,-0.15753,0.18551,0.79299,-3.01411,6.65264,-0.37207,
2043006677849,4.48485,6.64165,-0.84608,0.56368,-0.13013,0.21422,0.78705,-2.86100,7.14099,-0.37702,
2043106322006,4.20607,7.39002,-0.87903,0.56377,-0.12216,0.21531,0.78796,-2.68152,7.56430,-0.28226,
2043205824953,3.94477,8.17119,-0.89599,0.56530,-0.11336,0.22233,0.78622,-2.52809,7.97403,-0.08226,
2043305270589,3.71124,8.97122,-0.88778,0.56986,-0.09649,0.24323,0.77897,-2.29094,8.33210,0.00683,
2043404750433,3.48437,9.83428,-0.90389,0.56270,-0.09847,0.23281,0.78706,-2.08730,8.62481,-0.16942,
2043504377323,3.27709,10.71418,-0.92102,0.52542,-0.11100,0.17868,0.82443,-1.94141,8.95574,-0.08263,
2043603896323,3.07736,11.64362,-0.91598,0.47086,-0.12819,0.09072,0.86812,-1.99622,9.27239,0.39039,
2043703415635,2.86088,12.57019,-0.84353,0.40371,-0.14402,-0.00753,0.90345,-2.32021,9.26927,1.07026,
2043802808093,2.58016,13.49104,-0.70826,0.33177,-0.15639,-0.09229,0.92572,-2.85251,8.99891,1.75549,
2043902368196,2.26560,14.36309,-0.50172,0.26090,-0.16440,-0.16909,0.93612,-3.44243,8.41700,2.34037,
2044001837796,1.88302,15.16277,-0.24722,0.19249,-0.16453,-0.23900,0.93742,-4.06712,7.60899,2.75219,
2044101316796,1.42783,15.84737,0.04431,0.12178,-0.16570,-0.31578,0.92628,-4.59048,6.58566,2.95896,
2044200834848,0.94447,16.49013,0.31779,0.05068,-0.17054,-0.41089,0.89416,-4.94631,5.70217,2.74031,
2044333596687,0.26458,17.14742,0.63497,-0.05736,-0.17430,-0.54379,0.81891,-5.16772,4.64340,1.82841,
2044433114843,-0.26757,17.60215,0.76310,-0.14984,-0.17127,-0.60927,0.75961,-5.18063,4.04828,0.85733,
2044565899763,-0.97711,18.14478,0.78188,-0.27420,-0.17489,-0.61085,0.72187,-5.02290,3.06841,-0.41035,
2044731809836,-1.82276,18.60093,0.61728,-0.36315,-0.21123,-0.51449,0.74753,-4.70681,0.62127,-1.25180,
2044831388408,-2.30172,18.71983,0.49829,-0.43795,-0.18642,-0.47088,0.74278,-4.38708,-0.93608,-1.21326,
2044964180333,-2.82185,18.49326,0.34939,-0.47817,-0.15847,-0.41063,0.76001,-3.67586,-3.06902,-1.05491,
2045063698593,-3.13032,18.10151,0.25250,-0.45469,-0.08050,-0.18421,0.86767,-3.28857,-4.10915,-0.79165,
2045196500140,-3.65546,17.66318,0.14270,-0.44123,-0.00474,0.05299,0.89581,-3.54126,-3.33073,-0.88244,
2045329191036,-4.12467,17.23378,0.00799,-0.44742,0.03250,0.03901,0.89288,-3.51205,-3.14553,-1.08556,
2045461980933,-4.55728,16.81699,-0.14757,-0.47871,0.06079,0.02200,0.87559,-3.30833,-2.87562,-1.19104,
2045561510777,-4.78907,16.47961,-0.26149,0.54011,-0.10036,0.04791,-0.83421,-2.96932,-2.84542,-1.01013,
2045660977141,-5.05890,16.14612,-0.36834,0.61992,-0.23161,0.16768,-0.73071,-2.77924,-2.89429,-1.21019,
2045760514964,-5.29298,15.84410,-0.52405,0.64810,-0.40548,0.32855,-0.55463,-2.25740,-2.76118,-1.95669,
2045860056090,-5.46856,15.53839,-0.76666,0.67776,-0.41825,0.40607,-0.44813,-1.38292,-2.56670,-2.70258,
2045959658829,-5.57055,15.27102,-1.05960,0.70456,-0.39891,0.43142,-0.39791,-0.09081,-2.18089,-3.19449,
2046059052829,-5.52065,15.06067,-1.38327,0.74876,-0.30959,0.40124,-0.42721,1.41284,-1.83266,-3.39349,
2046158615090,-5.30136,14.87443,-1.69953,0.80965,-0.12235,0.19627,-0.53942,2.64230,-1.83868,-2.60825,
2046258259461,-5.04383,14.71549,-1.91508,0.75862,-0.09383,0.41069,-0.49702,3.15525,-1.92904,-1.92194,
2046357753513,-4.64063,14.48435,-2.09985,0.75158,0.04685,0.25821,-0.60520,4.47715,-2.68649,-1.44658,
2046457253513,-4.19560,14.16723,-2.17478,0.74984,0.08523,0.23330,-0.61323,4.77000,-3.69136,-0.31635,
2046556814617,-3.70836,13.75720,-2.15964,0.75472,0.09339,0.22351,-0.60969,5.11616,-4.48504,0.41082,
2046656293513,-3.19281,13.29224,-2.11770,0.75302,0.11027,0.20577,-0.61519,5.20321,-4.85251,0.21684,
2046755784857,-2.67123,12.80976,-2.13363,0.75403,0.12272,0.17632,-0.62071,5.14708,-4.90559,-0.59436,
2046855263544,-2.16104,12.32330,-2.23972,0.75485,0.12155,0.16743,-0.62241,5.02331,-4.85759,-1.56431,
2046954704092,-1.65375,11.84381,-2.44078,0.75296,0.12184,0.16992,-0.62397,5.05020,-4.83097,-2.50771,
2047054157203,-1.13068,11.34937,-2.72997,0.71987,0.19931,0.09590,-0.65793,5.18685,-4.91097,-3.25955,
2047153676099,-0.60591,10.84975,-3.08983,0.60676,0.34158,-0.04869,-0.71610,4.93311,-5.06630,-3.95889,
2047253102338,-0.15691,10.30963,-3.51706,-0.41769,-0.45172,0.18389,0.76660,4.19313,-5.21776,-4.66617,
2047352661129,0.23018,9.79196,-4.02439,-0.16342,-0.49606,0.26345,0.81106,3.20438,-4.80434,-5.50537,
2047452226234,0.51233,9.33820,-4.60706,0.07828,-0.47530,0.21285,0.85009,2.21600,-3.92023,-6.10150,
2047551704286,0.68311,8.97559,-5.21059,0.26466,-0.36871,0.07897,0.88756,1.14385,-3.17779,-5.92215,
2047651263234,0.73817,8.62921,-5.77028,0.38409,-0.24656,-0.03227,0.88918,0.32970,-2.93085,-5.26848,
2047750713286,0.71186,8.23544,-6.26642,0.47347,-0.16292,-0.07650,0.86223,-0.50026,-3.12914,-4.57499,
2047883390390,0.57957,7.85108,-6.83853,0.57012,-0.00606,0.07899,0.81773,-0.93159,-3.00875,-4.41924,
2048016124286,0.47752,7.47793,-7.46515,0.62992,0.12751,0.23147,0.73031,-0.32475,-2.67468,-5.10281,
2048115670547,0.49690,7.18823,-7.98786,0.69342,0.13262,0.21669,0.67426,0.35208,-2.59196,-5.38235,
2048248334338,0.58405,6.82129,-8.69136,0.76480,0.07694,0.20847,0.60474,0.96075,-2.48174,-5.16849,
2048381033827,0.72924,6.51802,-9.33663,0.79039,0.00275,0.18530,0.58390,1.64553,-2.02046,-4.51357,
2048480552670,0.88369,6.31087,-9.75037,0.78739,-0.04073,0.16378,0.59290,1.81063,-1.61456,-3.91378,
2048580111410,1.10588,6.14036,-10.11482,0.75678,-0.05764,0.16335,0.63030,2.02115,-1.17545,-3.57658,
2048679639410,1.31576,6.08133,-10.46472,0.70058,-0.08074,0.13072,0.69684,2.16145,-0.78983,-3.50692,
2048779108358,1.49065,6.01911,-10.82358,0.63082,-0.11402,0.10101,0.76083,2.05098,-0.53905,-3.62620,
2048878671358,1.66458,5.97422,-11.19451,0.54909,-0.13749,0.06832,0.82154,1.90719,-0.30968,-3.83387,
2048978187358,1.84099,5.94718,-11.59164,0.46164,-0.16141,0.02697,0.87184,1.75999,-0.19594,-4.19179,
2049077735462,1.99301,5.92890,-12.02807,0.36728,-0.18182,-0.00516,0.91215,1.48379,-0.20008,-4.58141,
2049177188077,2.13489,5.91780,-12.49430,0.27377,-0.19076,-0.01739,0.94253,1.18735,-0.15200,-4.77641,
2049276704358,2.19706,5.90682,-12.96435,0.18249,-0.19848,-0.04311,0.96200,0.67622,-0.17577,-4.67886,
2049376267514,2.28487,5.87898,-13.41351,0.09326,-0.19436,-0.07012,0.97397,0.13560,-0.39764,-4.30948,
2049475816306,2.27519,5.82497,-13.82340,0.00197,-0.18646,-0.08715,0.97859,-0.40557,-0.72705,-3.89287,
2049575261515,2.21011,5.73317,-14.18745,-0.09691,-0.18317,-0.10851,0.97226,-0.88421,-1.19323,-3.45545,
2049674780462,2.09440,5.60888,-14.52657,-0.20759,-0.18246,-0.13827,0.95105,-1.23513,-1.58110,-3.29832,
2049774340410,1.95892,5.43585,-14.86344,-0.31881,-0.15883,-0.20690,0.91122,-1.41608,-1.95380,-3.51903,
2049873818514,1.81890,5.21829,-15.22893,-0.42586,-0.12093,-0.27734,0.85270,-1.36171,-2.45609,-3.88172,
2049973337410,1.68805,4.94902,-15.62998,0.53307,0.05812,0.34380,-0.77088,-1.20896,-2.97537,-4.20486,
2050073011576,1.58842,4.62655,-16.06702,0.61576,-0.02350,0.42385,-0.66381,-0.78270,-3.41676,-4.68342,
2050172498410,1.55001,4.26605,-16.55866,0.67522,-0.05646,0.44914,-0.58238,0.11962,-3.85044,-5.22574,
2050272017514,1.61710,3.85326,-17.09151,0.72296,-0.03541,0.41912,-0.54809,1.16281,-4.39694,-5.35704,
2050371632214,1.79856,3.37793,-17.61775,0.75546,0.00158,0.36812,-0.54200,2.44834,-5.10151,-5.04998,
2050471104422,2.08055,2.83004,-18.08343,0.77930,0.02461,0.32193,-0.53707,3.49787,-5.91273,-4.40177,
2050570715193,2.48818,2.19391,-18.48662,0.78708,0.05766,0.28286,-0.54513,4.50998,-6.56369,-3.74679,
2050670193610,2.95981,1.49488,-18.83619,0.79032,0.09145,0.24813,-0.55269,4.84473,-7.19618,-3.43872,
2050769753506,3.44548,0.75843,-19.19725,0.79445,0.06872,0.26583,-0.54172,5.01063,-7.38725,-3.84833,
2050869313290,3.95231,0.00837,-19.60661,0.78596,0.09180,0.26013,-0.55332,5.26271,-7.52432,-4.39011,
2050968875394,4.48842,-0.75847,-20.05948,0.77339,0.14433,0.21794,-0.57752,5.46106,-7.85292,-4.65182,
2051068473250,5.03160,-1.56742,-20.52026,0.77660,0.14996,0.20002,-0.57827,5.48104,-8.32563,-4.60973,
2051167921615,5.62441,-2.44320,-20.99104,0.79915,0.13658,0.21306,-0.54527,5.69383,-8.76562,-4.58169,
2051300745084,6.41974,-3.64407,-21.60119,0.85163,0.08634,0.24937,-0.45286,6.08373,-9.22182,-4.58315,
2051400116649,7.07779,-4.57438,-22.05980,0.88150,0.07193,0.26479,-0.38429,6.57647,-9.37892,-4.63582,
2051499598753,7.76464,-5.52470,-22.52476,0.90287,0.09715,0.25900,-0.32910,6.98064,-9.56809,-4.72050,
2051599082243,8.47333,-6.50179,-22.99613,0.91897,0.11759,0.25063,-0.28082,7.32665,-9.81091,-4.78578,
2051698453818,9.21656,-7.50058,-23.47363,0.93737,0.11431,0.23865,-0.22656,7.67015,-10.05716,-4.86316,
2051798016766,10.00159,-8.50740,-23.96936,0.95831,0.06245,0.22984,-0.15784,7.93134,-10.15825,-5.09241,
2051897447051,10.78350,-9.53218,-24.48241,0.97191,-0.01902,0.21955,-0.08264,8.22715,-10.12251,-5.24635,
2051996996104,11.59025,-10.55489,-25.00136,0.97261,-0.11700,0.20052,-0.01184,8.57951,-9.84108,-5.20470,
2052096467156,12.49811,-11.49328,-25.51989,0.96284,-0.19292,0.18568,0.03518,8.95454,-9.19581,-5.13789,
2052195906283,13.40306,-12.37565,-26.02578,0.95152,-0.24065,0.17882,0.06870,9.25537,-8.41021,-5.04313,
2052295423554,14.33087,-13.17987,-26.52521,0.93680,-0.28090,0.17663,0.11090,9.47234,-7.52986,-5.02304,
2052394913426,15.46813,-13.75802,-27.04672,0.91805,-0.31054,0.17963,0.16875,9.88456,-6.42207,-5.04281,
2052494394426,16.45996,-14.35156,-27.54988,0.88056,-0.37075,0.16061,0.24773,9.97445,-5.42412,-5.10293,
2052627007274,17.77793,-14.98612,-28.25455,0.83112,-0.40240,0.15050,0.35308,9.70187,-4.00710,-5.49555,
2052726517397,18.75256,-15.35314,-28.81670,0.78371,-0.39999,0.12156,0.45938,9.49162,-3.02126,-5.67667,
2052859296449,19.96020,-15.67474,-29.58129,0.69606,-0.40228,0.04330,0.59313,8.61313,-1.83929,-5.83850,
2052958685553,20.77194,-15.81397,-30.15584,0.63168,-0.37567,-0.00421,0.67811,7.65981,-1.07407,-5.74705,
2053058248345,21.48634,-15.89726,-30.71888,0.57820,-0.34831,-0.03829,0.73682,6.64348,-0.58350,-5.57090,
2053157649465,22.10228,-15.94215,-31.26299,0.55025,-0.31995,-0.04813,0.76977,5.63567,-0.22988,-5.38664,
2053257119872,22.59163,-15.95347,-31.77187,0.52141,-0.26914,-0.06515,0.80713,4.60619,0.04693,-4.99961,
2053356642883,22.99535,-15.92593,-32.24765,0.50442,-0.21710,-0.06512,0.83318,3.73424,0.08366,-4.56441,
2053456201925,23.34462,-15.91263,-32.67979,0.50462,-0.16763,-0.02637,0.84650,3.16814,0.08269,-4.16974,
2053555677925,23.65850,-15.89519,-33.08273,0.50265,-0.15408,-0.01972,0.85042,2.87208,0.16151,-3.96365,
2053655236978,23.91275,-15.85849,-33.47308,0.51120,-0.13578,0.01219,0.84858,2.43913,0.14198,-3.85856,
2053754755925,24.06397,-15.79195,-33.86234,0.52393,-0.09795,0.08224,0.84211,2.20860,0.30949,-3.83280,
2053854278925,24.34552,-15.77001,-34.23668,0.52779,-0.08177,0.10728,0.83859,2.32360,0.45860,-3.93471,
2053953792925,24.58744,-15.72035,-34.63636,0.52780,-0.07573,0.11593,0.83800,2.36334,0.54678,-4.18742,
2054053270925,24.67317,-15.61244,-35.09304,0.51984,-0.08490,0.10741,0.84322,2.22042,0.68965,-4.55340,
2054152790925,25.01622,-15.57982,-35.54211,0.50968,-0.10152,0.07565,0.85100,2.38288,0.70013,-4.94562,
2054252395133,25.21496,-15.49829,-36.06203,0.49992,-0.11975,0.04865,0.85637,2.26045,0.70416,-5.41686,
2054351906321,25.32631,-15.41566,-36.62901,0.49361,-0.11090,0.05451,0.86086,1.95219,0.76885,-5.58270,
2054451439977,25.65301,-15.37541,-37.15087,0.49364,-0.07451,0.06804,0.86379,2.00963,0.81307,-5.37345,
2054550891603,25.81564,-15.26052,-37.68135,0.49219,-0.05234,0.07932,0.86529,2.01805,0.95263,-5.15106,
2054650494863,26.00367,-15.16161,-38.18471,0.48508,-0.05192,0.07414,0.86977,2.01530,1.00651,-4.90316,
2054749908977,26.17407,-15.05556,-38.65772,0.46805,-0.05462,0.07068,0.87918,1.96911,1.08569,-4.52487,
2054849490341,26.39639,-14.94131,-39.07982,0.44318,-0.06058,0.06040,0.89234,1.94224,1.14840,-4.01829,
2054949023332,26.55884,-14.81657,-39.45648,0.40805,-0.06487,0.05533,0.90897,1.79529,1.15528,-3.46578,
2055048541020,26.76343,-14.70602,-39.77963,0.37080,-0.07104,0.05027,0.92463,1.82863,1.19038,-3.19990,
2055148060457,26.94441,-14.58441,-40.10454,0.33868,-0.09683,0.00030,0.93590,1.79432,1.17047,-3.37366,
2055247578301,27.11463,-14.47686,-40.45427,0.30630,-0.11952,-0.05137,0.94300,1.64233,0.98251,-3.65577,
2055347022353,27.26709,-14.38945,-40.82736,0.27106,-0.12792,-0.09694,0.94909,1.40504,0.77772,-3.81784,
2055446478385,27.34464,-14.33553,-41.21411,0.21860,-0.12100,-0.16478,0.95416,1.04872,0.35451,-3.81852,
2055546037385,27.51995,-14.32677,-41.57831,0.14864,-0.11468,-0.23785,0.95299,0.83339,-0.30916,-3.71679,
2055645515437,27.48285,-14.43525,-41.95204,0.04536,-0.11171,-0.32872,0.93670,0.37659,-1.35748,-3.59824,
2055745213608,27.42010,-14.67596,-42.31956,-0.05417,-0.11246,-0.38432,0.91472,0.13603,-2.78844,-3.66488,
2055844629817,27.53190,-15.07780,-42.66909,-0.13706,-0.13165,-0.37820,0.90601,0.22337,-4.17961,-3.71889,
2055944304783,27.83144,-15.46605,-43.01540,-0.20687,-0.15083,-0.35656,0.89851,0.51182,-5.23141,-3.71988,
2056043790991,27.77370,-15.88971,-43.41421,-0.26461,-0.17323,-0.33661,0.88694,0.44936,-5.95447,-3.95803,
2056143368223,27.87065,-16.52976,-43.80970,-0.35088,-0.17733,-0.33919,0.85463,0.41762,-6.95720,-4.00609,
2056242987276,27.75419,-17.33685,-44.23096,-0.44663,-0.13624,-0.36996,0.80317,0.45119,-7.97715,-4.19013,
2056342547328,27.74611,-18.12865,-44.67639,0.52115,0.09637,0.39578,-0.74998,0.70492,-8.55677,-4.61139,
2056442143103,27.79095,-19.03591,-45.16728,0.57924,0.03928,0.44176,-0.68395,0.99178,-9.06435,-5.14243,
2056541789478,27.90619,-19.97113,-45.71010,0.61317,-0.00959,0.47345,-0.63228,1.78074,-9.53938,-5.71975,
2056641280509,28.04784,-20.95442,-46.30635,0.63658,0.00586,0.45662,-0.62147,2.56044,-10.23568,-6.05171,
2056740871106,28.38187,-22.00864,-46.91809,0.66606,-0.00769,0.46474,-0.58337,3.49054,-10.80036,-6.33540,
2056840390158,28.63305,-23.13390,-47.57240,0.69452,0.01907,0.45644,-0.55583,4.47738,-11.49477,-6.53313,
2056973082054,29.30271,-24.81711,-48.45827,0.74259,0.05518,0.43290,-0.50805,5.80356,-12.52424,-6.59604,
2057072640418,29.73787,-26.15045,-49.13542,0.76838,0.07452,0.42156,-0.47574,6.48966,-13.19546,-6.65492,
2057172170107,30.10445,-27.56281,-49.82388,0.78681,0.08963,0.40748,-0.45481,6.96894,-13.84202,-6.73361,
2057271641158,30.37985,-29.03537,-50.51916,0.79185,0.10937,0.38906,-0.45787,7.12805,-14.38768,-6.88053,
2057371158262,30.21044,-30.64490,-51.23631,0.79360,0.11570,0.38535,-0.45642,6.52649,-14.87237,-7.23771,
2057470678262,30.91116,-32.28560,-52.02111,0.79296,0.11173,0.39350,-0.45154,6.88467,-15.21503,-7.82888,
2057570286158,31.65272,-34.04320,-52.87479,0.79071,0.12362,0.38711,-0.45786,7.35003,-15.67647,-8.32298,
2057669716263,32.43440,-35.84667,-53.76606,0.78722,0.15755,0.36051,-0.47487,7.83625,-16.33301,-8.60514,
2057769235106,33.25416,-37.76363,-54.68313,0.79451,0.17250,0.33332,-0.47739,8.29818,-17.18419,-8.68233,
2057868795054,34.08320,-39.87255,-55.62244,0.81257,0.17191,0.30665,-0.46491,8.71601,-18.19373,-8.60757,
2057968333293,34.36373,-41.80921,-56.42561,0.83648,0.15279,0.27819,-0.44672,8.57327,-19.04240,-8.03660,
2058067897241,34.86350,-43.74400,-57.14250,0.86229,0.11309,0.25707,-0.42140,8.72227,-19.62154,-7.22336,
2058167371240,35.62988,-46.19026,-57.92013,0.88542,0.06224,0.26045,-0.37989,9.12344,-20.48970,-6.72142,
2058266888241,36.52654,-48.56806,-58.65260,0.90735,-0.00106,0.26929,-0.32279,9.60275,-20.83596,-6.60653,
2058366407345,37.49074,-50.81298,-59.35870,0.92446,-0.04462,0.27424,-0.26112,10.01788,-20.81704,-6.69641,
2058465833479,38.51497,-52.98363,-60.06020,0.93644,-0.07070,0.27629,-0.20431,10.49105,-20.64274,-6.77930,
2058565353687,39.60419,-55.19376,-60.78449,0.94759,-0.08631,0.26836,-0.15036,10.99620,-20.48300,-6.82251,
2058664801706,40.72547,-57.19880,-61.45592,0.95830,-0.13330,0.24308,-0.06928,11.52443,-20.06016,-6.74389,
2058764243386,41.89478,-59.13915,-62.11354,0.95270,-0.23356,0.18692,0.05354,11.92444,-19.30010,-6.60680,
2058863762282,43.09778,-61.03106,-62.76423,0.90862,-0.35275,0.11477,0.19185,12.01024,-18.02992,-6.37238,
2058963161702,44.28032,-62.74120,-63.39021,0.84422,-0.43313,0.06327,0.30933,11.55725,-16.25204,-6.27914,
2059062651754,45.39977,-64.27517,-64.01615,0.80390,-0.43035,0.04774,0.40775,10.77855,-14.59269,-6.30280,
2059162073984,46.44200,-65.70466,-64.64450,0.74219,-0.43630,0.02770,0.50796,9.89023,-13.25840,-6.23922,
2059261552775,47.35829,-66.88273,-65.25240,0.66726,-0.41313,-0.00684,0.61971,8.58324,-11.94161,-6.17975,
2059361071724,48.16452,-68.05353,-65.85893,0.57735,-0.38730,-0.04441,0.71742,7.39203,-11.24134,-5.94881,
2059460539902,48.85623,-69.13060,-66.44740,0.50965,-0.37659,-0.06442,0.77090,6.26432,-10.87146,-5.94836,
2059560149954,49.46284,-70.27060,-67.04880,0.49251,-0.34515,-0.04818,0.79749,5.30653,-10.60721,-5.97720,
2059659513622,49.94387,-71.27045,-67.64073,0.49291,-0.30154,-0.04842,0.81472,4.50983,-10.28949,-5.95973,
2059759034934,50.29340,-72.23217,-68.22417,0.49388,-0.29520,-0.04770,0.81649,3.72802,-10.11851,-5.96771,
2059858563559,50.62486,-73.23832,-68.81433,0.49341,-0.28707,-0.04586,0.81978,2.96769,-9.91143,-5.95193,
2059958120611,50.79478,-74.03662,-69.40061,0.47235,-0.26445,-0.05455,0.83904,2.16514,-9.57356,-5.95513,
2060057596247,51.04552,-75.20307,-69.98859,0.41876,-0.25014,-0.09513,0.86777,1.67949,-9.80818,-5.98880,
2060157066221,51.05346,-76.31060,-70.55808,0.35859,-0.24013,-0.10818,0.89557,0.84547,-10.15115,-5.98178,
2060256581503,51.40038,-77.39861,-71.17285,0.29876,-0.19709,-0.10056,0.92832,0.64822,-10.36389,-5.99752,
2060356097450,51.62796,-78.31601,-71.81179,0.22282,-0.15261,-0.09671,0.95797,0.60206,-10.43667,-6.22072,
2060455715613,51.50986,-79.11801,-72.45742,0.12247,-0.12815,-0.12507,0.97618,0.24379,-10.38216,-6.45695,
2060555233300,51.43421,-80.27543,-73.09845,0.01598,-0.11897,-0.17292,0.97759,0.01357,-10.87483,-6.70768,
2060654816919,51.46144,-81.50915,-73.76997,-0.09062,-0.11264,-0.21302,0.96629,-0.04746,-11.48624,-6.90259,
2060754405958,51.42440,-82.41131,-74.47983,-0.18592,-0.11295,-0.24035,0.94600,-0.11798,-11.80487,-7.01214,
2060853881271,51.40233,-84.00563,-75.15815,-0.27834,-0.12343,-0.25848,0.91678,-0.11673,-13.00869,-7.01668,
2060953453591,51.32137,-85.28805,-75.85017,-0.36158,-0.12952,-0.25237,0.88814,-0.13369,-13.79237,-6.87697,
2061053071705,51.29996,-86.52619,-76.52993,-0.43188,-0.14272,-0.24031,0.85753,-0.08908,-14.49134,-6.59321,
2061152490862,51.23329,-87.83878,-77.17440,-0.49157,-0.15263,-0.22773,0.82656,-0.03239,-15.20797,-6.24188,
2061252009757,51.27286,-89.41784,-77.77551,0.54219,0.16888,0.21317,-0.79503,0.09589,-16.14455,-5.83773,
2061351528653,51.20202,-91.09436,-78.34393,0.57569,0.18268,0.20085,-0.77128,0.03779,-16.93184,-5.65533,
2061451048861,51.16290,-92.82881,-78.91153,0.59523,0.19058,0.19367,-0.75622,0.01938,-17.49199,-5.78142,
2061550606653,51.09663,-94.57781,-79.49958,0.60756,0.19312,0.18799,-0.74715,-0.02459,-17.93924,-6.05707,
2061650166705,50.50824,-95.85496,-80.10906,0.61845,0.18639,0.17062,-0.74409,-0.64928,-17.77112,-6.32630,
2061749644653,50.17553,-97.55239,-80.74540,0.63463,0.16379,0.17224,-0.73536,-0.91980,-18.02956,-6.63862,
2061849208705,49.83496,-99.27627,-81.41936,0.65011,0.14100,0.17325,-0.72627,-1.06837,-18.24830,-6.93606,
2061948645705,49.46585,-100.96853,-82.10387,0.66024,0.12996,0.15232,-0.72387,-1.23747,-18.44939,-7.14691,
2062048291705,49.14944,-102.92297,-82.82911,0.67746,0.10414,0.12024,-0.71815,-1.34269,-18.85712,-7.27898,
2062147797606,48.86491,-104.88714,-83.56298,0.70639,0.08412,0.09068,-0.69693,-1.34409,-19.11848,-7.35592,
2062247316386,48.22201,-106.83978,-84.30150,0.74188,0.08442,0.06021,-0.66246,-1.78083,-19.29198,-7.42830,
2062346837438,46.85125,-108.33737,-84.99320,0.77292,0.09690,0.02040,-0.62672,-3.04760,-18.94581,-7.50989,
2062446382386,45.75768,-110.14824,-85.72553,0.80518,0.09198,-0.00562,-0.58582,-3.93403,-18.97044,-7.57423,
2062545877011,44.01212,-111.90217,-86.41405,0.83392,0.08936,-0.02366,-0.54408,-5.46214,-18.89373,-7.50515,
2062645518594,41.81880,-113.92867,-87.13675,0.85980,0.08041,-0.03664,-0.50293,-7.32742,-19.12516,-7.51885,
2062744955334,40.01892,-115.80884,-87.86202,0.88635,0.05980,-0.03485,-0.45781,-8.53382,-19.13986,-7.57972,
2062844469542,36.66558,-117.53564,-88.54353,0.90722,0.04885,-0.04631,-0.41523,-11.28847,-19.01395,-7.59867,
2062944071489,34.23697,-119.13194,-89.14986,0.92939,0.03673,-0.04303,-0.36474,-12.71922,-18.70652,-7.46464,
2063043520332,32.79704,-120.87972,-89.80855,0.95090,0.03322,-0.03582,-0.30563,-12.88300,-18.53482,-7.28104,
2063176214165,30.85411,-123.25886,-90.68841,0.97292,0.03695,-0.05449,-0.22156,-13.16893,-18.44696,-7.02197,
2063308915436,28.87918,-125.72268,-91.56352,0.98672,0.03876,-0.06656,-0.14303,-13.53432,-18.44968,-6.82947,
2063408423384,27.41908,-127.59321,-92.21250,0.99266,0.04059,-0.07346,-0.08712,-13.76469,-18.49073,-6.73970,
2063508018270,25.96792,-129.48315,-92.86564,0.99558,0.04073,-0.07776,-0.03349,-13.97989,-18.55867,-6.67898,
2063640633645,24.07193,-131.97366,-93.72062,0.99446,0.04006,-0.09140,0.03317,-14.19537,-18.63551,-6.58038,
2063740153800,22.63725,-133.84804,-94.35484,0.99073,0.03782,-0.10263,0.08059,-14.39885,-18.69528,-6.54541,
2063839671384,21.19164,-135.72922,-94.98653,0.98507,0.03692,-0.11336,0.12422,-14.60247,-18.77228,-6.51072,
2063939191332,19.74446,-137.61985,-95.60768,0.97706,0.03689,-0.12616,0.16756,-14.79245,-18.86946,-6.54005,
2064038654137,18.27513,-139.52739,-96.24478,0.96708,0.02561,-0.14071,0.21050,-14.99733,-18.97088,-6.68793,
2064138172293,16.79230,-141.44164,-96.90547,0.95418,0.00676,-0.15144,0.25798,-15.22179,-19.04313,-6.88781,
2064237696189,15.31432,-143.36398,-97.59080,0.93761,-0.01174,-0.15921,0.30887,-15.41800,-19.10705,-7.09681,
2064337212293,13.82407,-145.30572,-98.30400,0.91733,-0.03282,-0.16727,0.35979,-15.63969,-19.17811,-7.33374,
2064436746189,12.32588,-147.27609,-99.04109,0.89495,-0.04357,-0.16733,0.41129,-15.89168,-19.27500,-7.52916,
2064536250137,10.85057,-149.25089,-99.78096,0.86997,-0.04983,-0.16231,0.46295,-16.08343,-19.37312,-7.61521,
2064635769137,9.34943,-151.25378,-100.54444,0.84068,-0.05896,-0.16054,0.51381,-16.31791,-19.47580,-7.63061,
2064735287449,7.82947,-153.25617,-101.29583,0.80458,-0.06552,-0.16553,0.56654,-16.54100,-19.59799,-7.66892,
2064834807085,6.23449,-155.23545,-102.05703,0.76273,-0.07486,-0.16860,0.61985,-16.83974,-19.69030,-7.75964,
2064934327189,4.59729,-157.21408,-102.82206,0.71520,-0.08231,-0.16746,0.67355,-17.13990,-19.79189,-7.85554,
2065033897349,2.89691,-159.20672,-103.61182,0.66135,-0.09087,-0.17020,0.72484,-17.45331,-19.93486,-7.99038,
2065133413453,1.14324,-161.19755,-104.41466,0.60378,-0.10369,-0.17369,0.77106,-17.79884,-20.08022,-8.14349,
2065232936047,-0.64576,-163.20367,-105.23293,0.54364,-0.11680,-0.17459,0.81261,-18.15133,-20.24090,-8.29994,
2065332514100,-2.47094,-165.22764,-106.06747,0.48112,-0.13396,-0.17973,0.84751,-18.50489,-20.40818,-8.46775,
2065432033360,-4.19054,-167.37899,-106.91172,0.41279,-0.14783,-0.18879,0.87870,-18.72320,-20.73068,-8.63625,
2065531619544,-6.18180,-169.38594,-107.79857,0.35655,-0.16990,-0.19019,0.89880,-19.25630,-20.87220,-8.85812,
2065631137085,-8.12084,-171.47172,-108.68977,0.30442,-0.18556,-0.18567,0.91566,-19.68578,-21.10233,-9.05376,
2067190785044,1.49414,0.80748,-0.60493,0.59137,-0.01019,-0.06554,0.80367,0.28782,0.99827,-0.48394,
2067290227940,1.53299,0.91311,-0.66609,0.52590,-0.00189,-0.07034,0.84763,0.15843,0.88046,-0.51073,
2067389833784,1.55245,0.99987,-0.72461,0.45577,0.00570,-0.07435,0.88697,0.05138,0.73483,-0.52837,
2067489265888,1.55609,1.06688,-0.78110,0.38432,0.01168,-0.07210,0.92031,-0.03075,0.56881,-0.53731,
2067588894940,1.52005,1.06385,-0.80684,0.31694,0.01590,-0.03960,0.94748,-0.06314,0.37734,-0.47077,
2067688430200,1.52653,1.12671,-0.86081,0.25368,0.02587,-0.00269,0.96694,-0.06701,0.31356,-0.21868,
2067854168096,1.54093,1.23255,-0.89844,0.15601,0.03632,0.03146,0.98659,0.01167,0.34653,0.17979,
2068019957890,1.54714,1.28015,-0.82589,0.06256,0.03737,0.00970,0.99729,0.11407,0.45027,0.45845,
2068152690942,1.56617,1.32775,-0.75111,-0.00850,0.03202,-0.01952,0.99926,0.17980,0.34084,0.54941,
2068252091702,1.58757,1.35534,-0.69027,-0.06118,0.02153,-0.01472,0.99779,0.21273,0.31821,0.52405,
2068384794866,1.61683,1.39201,-0.62203,-0.13154,0.01158,-0.01210,0.99117,0.22005,0.25170,0.45675,
2068484233022,1.63850,1.41465,-0.57857,-0.18348,0.00853,-0.00948,0.98294,0.22067,0.21340,0.34744,
2068583728351,1.66093,1.43432,-0.54788,-0.23062,0.00270,-0.00711,0.97301,0.21692,0.17219,0.20123,
2068683244508,1.68130,1.45087,-0.53173,-0.27348,-0.00112,-0.01191,0.96180,0.18332,0.15506,0.05631,
2068815899403,1.70365,1.47233,-0.53276,-0.32045,-0.00486,-0.02312,0.94697,0.18459,0.08728,-0.14924,
2068948630455,1.72480,1.48094,-0.55702,-0.35585,-0.01552,-0.01739,0.93425,0.13328,-0.01528,-0.23420,
2069048149403,1.73517,1.47873,-0.58262,-0.37762,-0.01895,-0.00878,0.92572,0.10223,-0.07937,-0.26982,
2069147668247,1.74246,1.46691,-0.60653,-0.39785,-0.03014,0.01572,0.91682,0.04904,-0.14041,-0.16624,
2069247190403,1.74026,1.45276,-0.61865,-0.41726,-0.03351,0.03020,0.90767,-0.07526,-0.13222,-0.04282,
2069346705248,1.72603,1.43935,-0.62201,-0.43256,-0.03152,0.03196,0.90049,-0.18215,-0.13371,0.02333,
2069446225248,1.70265,1.42553,-0.62131,-0.44570,-0.02922,0.03313,0.89409,-0.26384,-0.13948,-0.00836,
2069545746143,1.67197,1.41125,-0.62344,-0.45530,-0.02789,0.03342,0.88927,-0.34553,-0.14463,-0.03433,
2069645228299,1.63440,1.39630,-0.62624,-0.46369,-0.03061,0.03027,0.88495,-0.41045,-0.15374,-0.04605,
2069744741300,1.58996,1.37874,-0.63097,-0.47285,-0.03436,0.02769,0.88004,-0.47903,-0.18328,-0.09206,
2069844262497,1.53922,1.35864,-0.64244,-0.48230,-0.03769,0.02550,0.87482,-0.53968,-0.21454,-0.17003,
2069943859403,1.48118,1.33517,-0.66165,-0.49200,-0.04029,0.02483,0.86931,-0.62286,-0.25245,-0.24187,
2070043298664,1.41540,1.30780,-0.68605,0.50033,0.03855,-0.02697,-0.86455,-0.69911,-0.29773,-0.27489,
2070142886299,1.34140,1.27688,-0.71199,0.50839,0.03213,-0.03381,-0.85986,-0.78399,-0.31889,-0.28346,
2070242378403,1.26020,1.24536,-0.73884,0.51720,0.02225,-0.03768,-0.85475,-0.83755,-0.31959,-0.28864,
2070341858247,1.17233,1.21343,-0.76449,0.52798,0.00711,-0.04083,-0.84824,-0.90671,-0.32366,-0.25548,
2070441326973,1.07992,1.18344,-0.78875,0.54057,-0.01975,-0.03858,-0.84018,-0.90711,-0.28572,-0.28155,
2070540845869,0.99100,1.15844,-0.81995,0.55242,-0.03406,-0.03603,-0.83209,-0.87502,-0.23302,-0.33763,
2070640438869,0.90551,1.13966,-0.85818,0.56455,-0.04577,-0.03293,-0.82347,-0.81917,-0.16841,-0.40653,
2070739991973,0.82820,1.12813,-0.90208,0.57680,-0.04992,-0.03233,-0.81472,-0.74080,-0.10181,-0.46086,
2070839409025,0.75949,1.12402,-0.95000,0.58985,-0.05251,-0.03266,-0.80515,-0.67864,-0.02020,-0.50246,
2070938922129,0.69652,1.12829,-1.00286,0.60366,-0.05415,-0.03105,-0.79479,-0.61375,0.06360,-0.55628,
2071104785817,0.60436,1.15084,-1.10325,0.62561,-0.05398,-0.02852,-0.77774,-0.49817,0.18939,-0.62914,
2071204309359,0.55629,1.17663,-1.16710,0.63733,-0.05372,-0.02856,-0.76819,-0.43675,0.26768,-0.62291,
2071303823973,0.51150,1.20976,-1.23130,0.65006,-0.04518,-0.02978,-0.75795,-0.35371,0.36027,-0.64103,
2071403342974,0.47470,1.25004,-1.29547,0.66269,-0.02084,-0.03786,-0.74765,-0.34021,0.41087,-0.61404,
2071502862869,0.43808,1.29399,-1.35513,0.67253,0.00483,-0.05046,-0.73833,-0.36108,0.44689,-0.56347,
2071602422973,0.39776,1.33996,-1.40834,0.68184,0.02767,-0.05988,-0.72852,-0.47236,0.45082,-0.47832,
2071701999804,0.34802,1.37921,-1.42030,0.69648,-0.00740,-0.04375,-0.71621,-0.52079,0.40285,0.12244,
2071801482304,0.31378,1.41411,-1.39653,0.70727,0.00043,-0.03123,-0.70625,-0.23358,0.20693,0.33891,
2071934214960,0.26720,1.45456,-1.39454,0.72064,-0.01037,-0.04126,-0.69201,-0.34467,0.31495,-0.30075,
2072066872804,0.21321,1.49039,-1.44684,0.72629,-0.00320,-0.01886,-0.68712,-0.56290,0.02019,0.23316,
2072166382013,0.19648,1.49554,-1.44203,0.73036,0.00335,-0.04255,-0.68173,-0.22537,0.08099,-0.34788,
2072265900856,0.18165,1.50092,-1.46046,0.72743,-0.00137,-0.03194,-0.68543,0.12167,0.07890,-0.11114,
2072365420168,0.18980,1.50641,-1.47606,0.72748,-0.00262,-0.03226,-0.68536,0.09868,0.09289,-0.13100,
2072464937908,0.19706,1.50609,-1.48998,0.72787,0.00126,-0.03297,-0.68492,0.13067,0.05668,-0.15365,
2072630849960,0.21815,1.51197,-1.51330,0.72689,0.00171,-0.03379,-0.68592,0.12549,0.07329,-0.14486,
2072730400752,0.24647,1.54351,-1.52656,0.72906,-0.00052,-0.03362,-0.68362,0.14209,0.10641,-0.13733,
2072829882804,0.26693,1.56289,-1.54185,0.72923,-0.00175,-0.03426,-0.68341,0.14790,0.12584,-0.14325,
2072929364856,0.28743,1.57384,-1.55473,0.72933,-0.00159,-0.03394,-0.68332,0.15150,0.12810,-0.14401,
2073028880856,0.30579,1.58578,-1.56877,0.72905,-0.00157,-0.03393,-0.68362,0.15385,0.13452,-0.14704,
2073128397856,0.31990,1.59768,-1.58417,0.72851,-0.00133,-0.03373,-0.68420,0.15181,0.13851,-0.14865,
2073227918741,0.33801,1.61255,-1.60027,0.72836,-0.00167,-0.03350,-0.68437,0.15828,0.14993,-0.15407,
2073327435752,0.34875,1.63020,-1.61889,0.72817,-0.00160,-0.03347,-0.68457,0.15577,0.15906,-0.15683,
2073427023908,0.36335,1.64724,-1.63584,0.72802,-0.00180,-0.03348,-0.68473,0.15613,0.17043,-0.16244,
2073526474065,0.38199,1.66929,-1.65263,0.72789,-0.00232,-0.03355,-0.68486,0.16160,0.18811,-0.16561,
2073625993856,0.39700,1.68852,-1.66979,0.72782,-0.00242,-0.03347,-0.68495,0.16138,0.19756,-0.16970,
2073725511856,0.41220,1.70971,-1.68738,0.72768,-0.00260,-0.03349,-0.68510,0.16207,0.20894,-0.17296,
2073825127856,0.42109,1.72828,-1.70527,0.72763,-0.00230,-0.03346,-0.68515,0.15500,0.21418,-0.17654,
2073924549804,0.43246,1.74597,-1.72359,0.72761,-0.00206,-0.03335,-0.68517,0.15180,0.21740,-0.18046,
2074024110116,0.44524,1.76714,-1.74197,0.72762,-0.00199,-0.03324,-0.68517,0.15071,0.22483,-0.18386,
2074123640013,0.44504,1.78392,-1.76066,0.72771,-0.00150,-0.03339,-0.68507,0.13596,0.22669,-0.18675,
2074223106856,0.43030,1.78762,-1.78044,0.72796,-0.00023,-0.03353,-0.68480,0.10567,0.21505,-0.19109,
2074322666908,0.41521,1.78681,-1.80061,0.72805,0.00072,-0.03372,-0.68469,0.07796,0.20080,-0.19497,
2074422146887,0.37316,1.79044,-1.82062,0.72803,0.00158,-0.03502,-0.68465,0.02579,0.20031,-0.19958,
2074521664961,0.36251,1.80045,-1.84114,0.72800,0.00191,-0.03531,-0.68466,0.00597,0.20041,-0.20251,
2074621183961,0.36045,1.81362,-1.86228,0.72793,0.00194,-0.03535,-0.68473,-0.00353,0.20134,-0.20693,
2074720702804,0.36678,1.83232,-1.88369,0.72790,0.00185,-0.03522,-0.68478,-0.00421,0.20688,-0.21071,
2074820220908,0.36685,1.84890,-1.90516,0.72789,0.00182,-0.03512,-0.68479,-0.00981,0.20920,-0.21394,
2074919740804,0.90803,1.99501,-1.90153,0.72751,-0.00513,-0.02584,-0.68559,0.42447,0.26258,-0.20317,
2075019258856,0.69982,1.97941,-1.94330,0.72579,-0.00300,-0.03001,-0.68725,0.24759,0.25219,-0.21658,
2075118777751,0.60044,2.03570,-1.96296,0.72494,-0.00256,-0.03292,-0.68802,0.15299,0.29272,-0.22051,
2075218391116,0.58933,2.10977,-1.98284,0.72425,-0.00348,-0.03426,-0.68868,0.13296,0.34000,-0.22290,
2075317890752,0.60440,2.12579,-2.00419,0.72413,-0.00332,-0.03408,-0.68882,0.13396,0.33564,-0.22522,
2075417336637,0.64776,2.12768,-2.02653,0.72412,-0.00336,-0.03321,-0.68887,0.15612,0.31809,-0.22834,
2075516947273,0.69588,2.13176,-2.04981,0.72407,-0.00366,-0.03245,-0.68895,0.18180,0.30566,-0.23128,
2075616376960,0.75232,2.11766,-2.07445,0.72396,-0.00382,-0.03147,-0.68912,0.21087,0.28282,-0.23442,
2075715895012,0.78215,2.12231,-2.09809,0.72376,-0.00387,-0.03113,-0.68934,0.22125,0.27346,-0.23677,
2075815416783,0.81163,2.13861,-2.12124,0.72361,-0.00402,-0.03091,-0.68950,0.23146,0.27210,-0.23959,
2075915023376,0.83347,2.16476,-2.14443,0.72347,-0.00423,-0.03083,-0.68965,0.23697,0.27683,-0.24253,
2076014493429,0.85151,2.20011,-2.16740,0.72333,-0.00440,-0.03092,-0.68979,0.24010,0.28634,-0.24471,
2076114007013,0.86922,2.23181,-2.19092,0.72317,-0.00452,-0.03095,-0.68996,0.24220,0.29454,-0.24685,
2076213488116,0.88928,2.25816,-2.21533,0.72297,-0.00467,-0.03102,-0.69017,0.24603,0.30038,-0.24933,
2076313047857,0.91182,2.29169,-2.24039,0.72285,-0.00487,-0.03102,-0.69029,0.25134,0.30856,-0.25192,
2076412571856,0.93086,2.31592,-2.26505,0.72275,-0.00494,-0.03093,-0.69040,0.25427,0.31130,-0.25405,
2076512043856,0.95671,2.34153,-2.28975,0.72265,-0.00509,-0.03079,-0.69051,0.26213,0.31378,-0.25639,
2076611562960,0.98763,2.36869,-2.31460,0.72253,-0.00523,-0.03062,-0.69064,0.27236,0.31698,-0.25907,
2076711123117,1.00831,2.38234,-2.34061,0.72235,-0.00519,-0.03054,-0.69083,0.27490,0.31491,-0.26246,
2076810602742,1.03040,2.40885,-2.36629,0.72225,-0.00521,-0.03046,-0.69094,0.27981,0.31705,-0.26526,
2076910119804,1.05888,2.43722,-2.39273,0.72211,-0.00539,-0.03030,-0.69109,0.28857,0.32145,-0.26723,
2077042811856,1.10830,2.46802,-2.42763,0.72220,-0.00541,-0.02980,-0.69102,0.30801,0.31764,-0.27045,
