533912176529,-0.00550,-0.00190,0.03954,0.99694,-0.07321,0.02565,-0.00964,-0.02795,0.05523,0.24471,
534044864174,-0.01313,0.00498,0.06717,0.99822,-0.05764,0.01502,0.00304,-0.06827,0.04552,0.17473,
534177596382,-0.02196,0.00677,0.08292,0.99867,-0.04938,0.01380,0.00558,-0.03390,-0.00913,0.08193,
534310291205,-0.01894,0.00344,0.09134,0.99872,-0.04737,0.01613,0.00701,0.13009,-0.06477,0.05597,
534442941487,0.00886,-0.00715,0.10284,0.99891,-0.04663,0.00133,-0.00094,0.36558,-0.11888,0.10531,
534575634674,0.06309,-0.02576,0.11650,0.99786,-0.04927,-0.01228,-0.04110,0.39578,-0.13915,0.10876,
534675202104,0.09763,-0.03506,0.12682,0.99616,-0.05666,-0.02084,-0.06348,0.23909,-0.08016,0.07984,
534774680053,0.11137,-0.04151,0.13308,0.99431,-0.06118,-0.02334,-0.08401,-0.01247,-0.04478,0.04815,
534874278254,0.09947,-0.03742,0.13704,0.99459,-0.05733,-0.00818,-0.08619,-0.32592,0.09623,0.02536,
534973777717,0.05639,-0.02496,0.14059,0.99684,-0.04537,0.00485,-0.06505,-0.57833,0.16453,0.02600,
535073332926,-0.00591,-0.00944,0.14264,0.99839,-0.02902,0.03706,-0.03172,-0.67204,0.14191,0.02753,
535205940931,-0.08306,0.00127,0.14536,0.99758,-0.01929,0.06540,0.01364,-0.40322,0.03251,0.03934,
535305524036,-0.10730,0.00357,0.14692,0.99702,-0.01179,0.07058,0.02888,-0.02600,0.00544,0.01160,
535438146349,-0.08201,0.00072,0.14234,0.99772,-0.02230,0.05896,0.02409,0.44689,-0.06221,-0.05352,
535537657708,-0.03227,-0.00735,0.13605,0.99848,-0.03470,0.04285,-0.00126,0.64690,-0.11897,-0.03670,
535637181812,0.03353,-0.02308,0.13614,0.99783,-0.04371,0.02316,-0.04347,0.63975,-0.18273,0.04744,
535736706326,0.08854,-0.03813,0.14524,0.99572,-0.04507,0.00658,-0.08042,0.41258,-0.10639,0.11303,
535836224431,0.11437,-0.04513,0.15435,0.99428,-0.04709,-0.00711,-0.09561,0.06128,-0.00690,0.06614,
535935833788,0.10714,-0.04198,0.15591,0.99484,-0.04265,-0.00939,-0.09160,-0.28811,0.08305,-0.03843,
536035322302,0.07216,-0.03267,0.15051,0.99664,-0.03589,0.00111,-0.07365,-0.51838,0.10832,-0.08020,
536134841354,0.01577,-0.02236,0.14146,0.99793,-0.03978,0.02327,-0.04484,-0.62456,0.09640,-0.08041,
536234447605,-0.04754,-0.01355,0.13456,0.99757,-0.04877,0.04883,-0.00951,-0.59379,0.07517,-0.03409,
536333972562,-0.09663,-0.00849,0.13428,0.99631,-0.05108,0.06583,0.02051,-0.33139,0.03372,0.04249,
536433398758,-0.11195,-0.00582,0.13638,0.99585,-0.04787,0.06903,0.03491,0.05090,0.01171,0.01585,
536532872810,-0.09482,-0.00535,0.13538,0.99615,-0.05061,0.06262,0.03468,0.33595,0.00475,-0.01611,
536632391550,-0.05515,-0.00464,0.13462,0.99723,-0.05353,0.04240,0.02941,0.48430,-0.00805,-0.01894,
536731948420,-0.00538,-0.00966,0.13349,0.99748,-0.06500,0.02458,0.01412,0.45779,-0.10275,-0.00018,
536897782420,0.03816,-0.02343,0.13429,0.99693,-0.07373,0.01910,-0.01802,0.03186,-0.01431,-0.03314,
536997385368,0.03813,-0.02308,0.13132,0.99629,-0.08130,0.02437,-0.01432,-0.05379,0.02262,0.01507,
537096809420,0.03256,-0.01608,0.14212,0.99611,-0.08450,0.02458,-0.00451,-0.07145,0.14945,0.26528,
537196327473,0.02765,0.00220,0.18446,0.99672,-0.07480,0.03068,0.00199,-0.03054,0.19507,0.58858,
537295890138,0.02459,0.02194,0.24704,0.99758,-0.05937,0.03574,0.00487,-0.01515,0.19026,0.61052,
537395366473,0.02403,0.03631,0.28923,0.99878,-0.03283,0.03646,0.00581,-0.01897,0.07987,0.15887,
537494926316,0.02026,0.03684,0.27516,0.99740,-0.05017,0.05041,0.01203,-0.05237,-0.11700,-0.40974,
537594405920,0.01657,0.02174,0.22578,0.99431,-0.09000,0.05672,0.00579,-0.04100,-0.20861,-0.62877,
537727096472,0.00884,-0.00764,0.14349,0.99144,-0.11738,0.05715,0.00138,-0.02603,-0.21760,-0.48740,
537859815368,0.00680,-0.03026,0.12414,0.98622,-0.15801,0.04907,0.00172,-0.01329,0.05505,0.25087,
537959306368,0.00720,-0.01053,0.16739,0.99167,-0.12129,0.04304,0.00543,0.02151,0.27776,0.63480,
538058867420,0.00608,0.01650,0.23052,0.99626,-0.07919,0.03232,0.01224,0.01433,0.21812,0.73900,
538158346420,0.00994,0.03515,0.29242,0.99901,-0.03462,0.02581,0.01062,0.01967,0.11244,0.47199,
538257905420,0.01069,0.04188,0.31408,0.99939,-0.01341,0.03205,0.00384,-0.04462,-0.00088,-0.08477,
538390686243,0.00685,0.03207,0.26720,0.99758,-0.05537,0.04212,0.00095,-0.04195,-0.18900,-0.65073,
538523249576,0.00289,-0.00042,0.17051,0.99334,-0.10829,0.03910,-0.00488,-0.04036,-0.36131,-0.75701,
538655944441,-0.00198,-0.03971,0.11219,0.98711,-0.15168,0.05063,-0.00694,-0.00681,-0.11904,0.01163,
538788632368,-0.00137,-0.02303,0.15340,0.99128,-0.12678,0.03464,0.00916,-0.00482,0.28023,0.57781,
538888154608,-0.00433,0.00480,0.21777,0.99502,-0.09154,0.03290,0.02165,-0.01691,0.27238,0.77137,
539020845889,-0.00314,0.02446,0.29443,0.99849,-0.04267,0.03233,0.01256,0.04477,0.09424,0.42923,
539153551472,0.00368,0.03538,0.30289,0.99918,-0.02652,0.02594,0.01615,0.01206,-0.01544,-0.33241,
539253055941,0.00450,0.02512,0.25739,0.99733,-0.06493,0.03183,0.01065,-0.02144,-0.13654,-0.62033,
539452192659,0.00078,-0.02263,0.16218,0.99416,-0.09405,0.05166,-0.01138,-0.00721,-0.33492,-0.17886,
539651260628,-0.00598,-0.09796,0.15778,0.99474,-0.08925,0.04106,-0.02898,-0.04842,-0.24934,0.05050,
539750651524,-0.01041,-0.10773,0.15676,0.99584,-0.07973,0.03687,-0.02425,-0.04215,0.12722,-0.04620,
539850168785,-0.01051,-0.07837,0.14926,0.99621,-0.07818,0.03662,-0.01050,0.01958,0.45321,-0.03657,
539949687983,-0.00534,-0.02206,0.14660,0.99671,-0.07509,0.02985,-0.00583,0.05022,0.61771,-0.01482,
540082374099,0.00077,0.05575,0.14407,0.99795,-0.05742,0.02592,-0.01109,0.00593,0.41937,-0.02014,
540181935464,-0.00288,0.08035,0.14051,0.99749,-0.06495,0.02822,-0.00274,-0.04986,0.00931,-0.04549,
540314669047,-0.00877,0.05429,0.13801,0.99639,-0.08083,0.02611,-0.00019,-0.03762,-0.39674,-0.02067,
540447323995,-0.01192,-0.01730,0.13629,0.99470,-0.09662,0.03427,-0.00835,0.01650,-0.62963,0.02984,
540546794042,-0.00949,-0.07539,0.13967,0.99256,-0.11746,0.02599,-0.01860,0.01637,-0.42684,0.01124,
540646334042,-0.00906,-0.09851,0.13679,0.99081,-0.13027,0.03150,-0.01803,-0.01947,0.00511,-0.05450,
540745919199,-0.00952,-0.08360,0.13306,0.99075,-0.12936,0.03703,-0.01752,0.00326,0.34300,-0.00541,
540845348034,-0.00876,-0.04314,0.13172,0.99291,-0.11319,0.03462,-0.01074,0.01071,0.50350,0.00653,
540944865159,-0.00543,0.00751,0.13330,0.99523,-0.09378,0.02491,-0.00972,0.04587,0.49069,0.02741,
541044394211,0.00144,0.04783,0.13616,0.99653,-0.08191,0.01369,-0.00500,0.05419,0.28720,0.01797,
541144001524,0.00409,0.06527,0.13544,0.99675,-0.07893,0.01543,-0.00371,0.00141,0.01054,-0.01240,
541276637263,0.00212,0.04426,0.13445,0.99647,-0.08039,0.02379,-0.00496,-0.02643,-0.32820,-0.00933,
541409290243,-0.00079,-0.01378,0.13682,0.99618,-0.08229,0.02846,-0.00589,-0.02078,-0.48074,0.02846,
541541979159,-0.00155,-0.07726,0.14253,0.99527,-0.09323,0.02322,-0.01472,0.01144,-0.37261,0.03258,
541707845472,-0.00438,-0.09391,0.13723,0.99427,-0.10004,0.03316,-0.01793,-0.00904,0.17776,-0.05319,
541840605159,-0.00554,-0.05809,0.13107,0.99452,-0.09645,0.03797,-0.01381,0.01785,0.37662,-0.00891,
541973324159,-0.00041,-0.00778,0.13203,0.99571,-0.08722,0.02900,-0.01082,0.03188,0.35802,0.02298,
542072746263,0.00121,0.01996,0.13267,0.99654,-0.07573,0.03156,-0.01341,-0.00242,0.14483,-0.01072,
542205444315,0.00068,0.01656,0.12657,0.99662,-0.07409,0.03235,-0.01472,-0.00439,-0.18223,-0.09377,
542305001211,0.00299,-0.00702,0.11404,0.99544,-0.08637,0.03623,-0.01790,0.05660,-0.26442,-0.13947,
542404477367,0.01496,-0.03247,0.10319,0.99378,-0.10201,0.03474,-0.02803,0.20884,-0.19985,-0.03197,
542537169679,0.04810,-0.04778,0.11714,0.99193,-0.11035,0.01663,-0.06024,0.24721,0.00388,0.25977,
542703145326,0.05912,-0.02903,0.17643,0.99498,-0.06466,0.01292,-0.07523,-0.18981,0.22262,0.38379,
542802601701,0.02676,-0.00811,0.20750,0.99751,-0.03475,0.02967,-0.05374,-0.46400,0.23701,0.21160,
542902089586,-0.02119,0.01210,0.21410,0.99787,-0.01277,0.06001,-0.02235,-0.52694,0.07541,-0.13125,
543001654638,-0.06273,0.01183,0.18872,0.99571,-0.03222,0.08669,-0.00274,-0.33687,-0.10255,-0.38493,
543101167481,-0.08169,-0.00365,0.14635,0.99163,-0.05669,0.11600,-0.00196,-0.00659,-0.19838,-0.39976,
543200645586,-0.06311,-0.02479,0.11507,0.99126,-0.07598,0.10684,-0.01454,0.36695,-0.18726,-0.20038,
543333339638,-0.00559,-0.04687,0.10855,0.99214,-0.09652,0.06746,-0.04225,0.46008,-0.05619,0.15882,
543466144638,0.03949,-0.04400,0.15102,0.99434,-0.07202,0.03383,-0.07044,0.16223,0.17002,0.48374,
543565556074,0.04001,-0.02445,0.20184,0.99686,-0.03388,0.02198,-0.06809,-0.16922,0.26592,0.53487,
543698323804,-0.00017,0.00960,0.25532,0.99895,0.01846,0.02709,-0.03202,-0.45824,0.21285,0.19625,
543797771477,-0.04331,0.02594,0.25714,0.99848,0.02493,0.04876,0.00626,-0.45700,0.07137,-0.22638,
543897292206,-0.08189,0.02695,0.22375,0.99747,-0.01075,0.06484,0.02722,-0.29693,-0.08384,-0.47472,
543996893477,-0.09550,0.01596,0.18022,0.99631,-0.04045,0.06789,0.03338,0.06097,-0.18699,-0.38665,
544096328685,-0.07584,-0.00729,0.14611,0.99636,-0.06256,0.05484,0.01837,0.35649,-0.23279,-0.29084,
544195922581,-0.03347,-0.03116,0.12207,0.99509,-0.09268,0.03370,-0.00861,0.50457,-0.20876,-0.14134,
544295371519,0.01488,-0.04908,0.11948,0.99345,-0.10556,0.01264,-0.04188,0.42548,-0.10357,0.09036,
544394999842,0.04905,-0.05651,0.13696,0.99329,-0.09148,0.00548,-0.07051,0.24240,0.01268,0.25585,
544560793946,0.07318,-0.03212,0.18323,0.99377,-0.03439,0.00357,-0.10591,0.06750,0.33596,0.20551,
544693449468,0.06829,0.02379,0.20210,0.99380,-0.01746,0.01973,-0.10805,-0.21839,0.44779,0.05234,
544792967729,0.03545,0.06093,0.20423,0.99709,-0.01975,0.03086,-0.06680,-0.47314,0.26273,-0.00871,
544925742364,-0.03941,0.07904,0.19641,0.99894,-0.01920,0.04193,-0.00111,-0.61528,-0.07709,-0.11134,
545058390364,-0.10866,0.04711,0.18079,0.99647,-0.03077,0.06886,0.03690,-0.33076,-0.40776,-0.09858,
545191119416,-0.11904,-0.01459,0.16837,0.99468,-0.05269,0.07549,0.04615,0.18821,-0.45334,-0.09083,
545356912760,-0.04802,-0.07272,0.15854,0.99536,-0.08813,0.03834,0.00530,0.62220,-0.19925,-0.01654,
545456427416,0.01198,-0.08600,0.15855,0.99412,-0.09455,0.01482,-0.05068,0.59845,0.05095,-0.00654,
545555990447,0.06493,-0.07624,0.16340,0.99170,-0.09581,-0.01962,-0.08351,0.40462,0.28315,0.02699,
545655478020,0.08839,-0.04301,0.16512,0.99117,-0.09049,-0.02896,-0.09253,0.02063,0.43402,0.00118,
545754984624,0.07405,0.00181,0.16582,0.99368,-0.07768,-0.01272,-0.08007,-0.35422,0.42551,0.01443,
545887750312,0.00708,0.04458,0.16852,0.99763,-0.06338,0.01090,-0.02457,-0.60565,0.15963,0.04458,
546020409469,-0.07384,0.04545,0.16620,0.99674,-0.05749,0.03597,0.04361,-0.53006,-0.17449,-0.06128,
546119929573,-0.11635,0.02018,0.15557,0.99273,-0.06854,0.05781,0.08034,-0.26261,-0.28844,-0.10160,
546252580468,-0.11982,-0.02081,0.14148,0.98946,-0.08778,0.06038,0.09806,0.22108,-0.28402,-0.10062,
546352176593,-0.08904,-0.05164,0.13230,0.98997,-0.10454,0.05439,0.07789,0.45565,-0.26843,-0.05766,
546484789280,-0.02610,-0.08057,0.13162,0.99245,-0.11653,0.02280,0.03088,0.55425,-0.10910,0.06471,
546617481551,0.03648,-0.08507,0.14580,0.99431,-0.10334,-0.00364,-0.02544,0.38741,0.11067,0.11820,
546750173551,0.06488,-0.07070,0.15572,0.99455,-0.08663,-0.00317,-0.05787,0.06752,0.18000,0.02261,
546882862499,0.05985,-0.04662,0.15212,0.99473,-0.08187,0.01077,-0.06084,-0.13953,0.20348,-0.04599,
547015642551,0.02950,-0.02682,0.15025,0.99478,-0.08145,0.03120,-0.05300,-0.30693,0.09755,0.07623,
547115074343,-0.00820,-0.01628,0.16359,0.99629,-0.06900,0.04590,-0.02305,-0.41253,0.10884,0.20368,
547214634552,-0.05022,-0.00677,0.18816,0.99574,-0.05185,0.07585,0.00814,-0.37096,0.11358,0.31656,
547380544551,-0.07505,0.01567,0.25228,0.99439,-0.00580,0.10298,0.02346,0.14252,0.15333,0.42011,
547513151864,-0.03644,0.02944,0.29644,0.99709,0.02997,0.06995,0.00436,0.42976,0.07497,0.19665,
547712194169,0.05010,0.00910,0.27190,0.99747,0.00752,0.03749,-0.05989,0.33098,-0.21436,-0.43450,
547844885273,0.07465,-0.03057,0.20599,0.99465,-0.04263,0.03074,-0.08894,0.00590,-0.27442,-0.53014,
547944411065,0.06231,-0.05777,0.15714,0.99223,-0.07966,0.04224,-0.08571,-0.24107,-0.24712,-0.40114,
548043964065,0.03145,-0.08059,0.12946,0.99017,-0.11038,0.05361,-0.06706,-0.38366,-0.19963,-0.12990,
548143483169,-0.01593,-0.09223,0.12352,0.98865,-0.11795,0.08349,-0.04113,-0.52335,-0.04051,0.06046,
548243002117,-0.06700,-0.08790,0.13809,0.98769,-0.11229,0.10880,-0.00405,-0.43930,0.14163,0.27240,
548342481065,-0.10106,-0.07147,0.17375,0.98807,-0.08693,0.12609,0.01587,-0.17409,0.20463,0.50111,
548442039961,-0.10708,-0.04689,0.23197,0.99234,-0.04742,0.11211,0.02103,0.09129,0.32581,0.67061,
548541524849,-0.09178,-0.01053,0.29242,0.99611,0.00651,0.08538,0.02069,0.19880,0.43003,0.47585,
548641042954,-0.07201,0.03572,0.32025,0.99760,0.02119,0.06453,0.01373,0.19125,0.46322,0.05068,
548740562734,-0.05694,0.07828,0.30554,0.99780,0.00836,0.06531,0.00758,0.12609,0.33455,-0.36708,
548840173901,-0.04555,0.09866,0.25736,0.99765,-0.01570,0.06589,-0.00989,0.12277,0.05059,-0.55551,
548939606266,-0.03860,0.08599,0.20151,0.99725,-0.05436,0.04821,-0.01468,0.02748,-0.28815,-0.55984,
549072347422,-0.03918,0.03094,0.14518,0.99425,-0.09526,0.04635,-0.01532,-0.01024,-0.46145,-0.25605,
549171891953,-0.04301,-0.01874,0.12725,0.99167,-0.11611,0.05133,-0.02173,-0.04898,-0.47156,-0.05411,
549404136349,-0.04226,-0.07496,0.19342,0.99218,-0.11130,0.05169,-0.02292,0.01370,0.07587,0.53014,
549536719193,-0.03961,-0.04861,0.26358,0.99717,-0.04272,0.05817,-0.02087,0.04257,0.40363,0.54547,
549636277454,-0.03520,-0.00403,0.30677,0.99884,0.01115,0.04519,-0.01268,0.03020,0.45723,0.28823,
549768928683,-0.03501,0.05675,0.30882,0.99807,0.03430,0.05079,-0.01024,0.03357,0.33600,-0.23966,
549868456797,-0.03111,0.08118,0.27483,0.99908,0.00518,0.03927,-0.01622,0.05765,0.04554,-0.47207,
550001134308,-0.02905,0.05742,0.20679,0.99687,-0.06401,0.04005,-0.02326,0.02068,-0.39612,-0.48838,
550100655797,-0.02769,0.01356,0.16760,0.99370,-0.10045,0.04025,-0.02920,0.01777,-0.44934,-0.30347,
550233387849,-0.02748,-0.04400,0.13715,0.98998,-0.12834,0.04440,-0.03862,-0.00531,-0.35613,-0.14164,
550366132797,-0.03076,-0.07520,0.12528,0.98892,-0.12954,0.05895,-0.04224,-0.02131,-0.06910,-0.04796,
550465558797,-0.03117,-0.07580,0.11909,0.99086,-0.11475,0.05905,-0.03934,0.02186,0.04393,-0.05549,
550565116954,-0.02615,-0.06973,0.11180,0.99338,-0.09546,0.05043,-0.03923,0.04071,0.06678,-0.10263,
550664648901,-0.02248,-0.06171,0.09987,0.99582,-0.07506,0.03623,-0.03736,0.02992,0.05923,-0.16134,
550764155849,-0.02142,-0.05598,0.08153,0.99678,-0.06956,0.02250,-0.03298,0.00738,0.04949,-0.18681,
550863744974,-0.02268,-0.05057,0.06400,0.99734,-0.06567,0.01302,-0.02879,-0.00261,0.05149,-0.12707,
551029494922,-0.02465,-0.04081,0.04756,0.99808,-0.05142,0.01189,-0.03235,0.00264,0.05591,-0.07811,
551162260393,-0.02467,-0.03336,0.03486,0.99823,-0.04827,0.01579,-0.03090,0.01324,0.03663,-0.09920,
551261775891,-0.02302,-0.03108,0.02566,0.99804,-0.05107,0.01662,-0.03197,0.03114,-0.00436,-0.08067,
551361211839,-0.01875,-0.03265,0.01950,0.99770,-0.05511,0.01657,-0.03586,0.03352,-0.00083,-0.05205,
551460724921,-0.01687,-0.03145,0.01563,0.99773,-0.05349,0.01929,-0.03617,0.02223,0.01221,-0.04023,
551560243025,-0.01605,-0.03052,0.01191,0.99754,-0.05757,0.02094,-0.03393,0.00310,-0.00331,-0.03411,
551659755785,-0.01731,-0.03072,0.00902,0.99761,-0.05773,0.02282,-0.03040,-0.01362,-0.00331,-0.01677,
551759270495,-0.01889,-0.03028,0.00796,0.99775,-0.05816,0.02011,-0.02658,-0.01444,0.00872,-0.00448,
551858787860,-0.02006,-0.02950,0.00768,0.99796,-0.05654,0.01736,-0.02410,-0.00089,-0.00646,-0.00764,
551958339264,-0.01898,-0.03070,0.00682,0.99763,-0.06095,0.01612,-0.02766,0.01890,-0.02382,-0.02079,
552057819212,-0.01735,-0.03439,0.00275,0.99646,-0.07467,0.01781,-0.03438,0.01891,-0.06139,-0.05934,
552190586895,-0.01628,-0.03774,-0.00078,0.99580,-0.08048,0.02043,-0.03853,-0.00112,-0.00403,-0.00752,
552290061016,-0.01650,-0.03721,-0.00124,0.99580,-0.08069,0.02031,-0.03824,0.00960,-0.00253,-0.00408,
552389581016,-0.01640,-0.03652,-0.00163,0.99578,-0.08121,0.01995,-0.03779,0.00187,0.00368,-0.00778,
552522305282,-0.01633,-0.03597,-0.00230,0.99574,-0.08179,0.01993,-0.03773,0.00195,0.00383,0.00312,
552621743593,-0.01634,-0.03611,-0.00240,0.99566,-0.08291,0.01991,-0.03738,0.00434,-0.00488,0.00261,
552721258569,-0.01635,-0.03656,-0.00242,0.99556,-0.08377,0.02005,-0.03785,-0.00139,-0.00388,-0.00063,
552820772823,-0.01654,-0.03690,-0.00256,0.99548,-0.08440,0.02052,-0.03836,0.00155,-0.00407,0.00143,
552920290719,-0.01604,-0.03708,-0.00240,0.99544,-0.08533,0.01957,-0.03786,0.00570,0.02577,-0.01554,
553019810719,-0.01662,-0.03620,-0.00295,0.99545,-0.08453,0.02032,-0.03891,0.00410,-0.00316,-0.00043,
553119370771,-0.01635,-0.03589,-0.00285,0.99552,-0.08399,0.02021,-0.03841,-0.00444,-0.00001,0.00413,
553218891771,-0.01608,-0.03607,-0.00265,0.99551,-0.08415,0.02008,-0.03830,-0.00740,0.00929,-0.00235,
553318363549,-0.01606,-0.03625,-0.00268,0.99548,-0.08435,0.02032,-0.03854,0.00040,0.00385,0.00150,
553417929476,-0.01616,-0.03606,-0.00271,0.99549,-0.08420,0.02039,-0.03867,0.00858,-0.00359,0.00559,
553517439101,-0.01631,-0.03585,-0.00273,0.99550,-0.08397,0.02053,-0.03875,0.00954,-0.00177,0.00375,
553616957101,-0.01640,-0.03593,-0.00275,0.99548,-0.08407,0.02063,-0.03899,0.00764,0.00536,0.00297,
553716429217,-0.01634,-0.03600,-0.00269,0.99546,-0.08422,0.02067,-0.03918,0.00440,0.00492,0.00234,
553815946530,-0.01633,-0.03593,-0.00268,0.99547,-0.08417,0.02069,-0.03919,0.00178,-0.00057,0.00285,
553915464238,-0.01627,-0.03585,-0.00266,0.99548,-0.08404,0.02070,-0.03919,0.00213,-0.00142,0.00325,
554015090004,-0.01626,-0.03586,-0.00265,0.99547,-0.08403,0.02073,-0.03928,0.00299,0.00148,0.00269,
554114498213,-0.01624,-0.03591,-0.00263,0.99546,-0.08410,0.02076,-0.03941,0.00389,0.00317,0.00309,
554214017004,-0.01624,-0.03587,-0.00258,0.99545,-0.08410,0.02087,-0.03956,0.00419,0.00123,0.00386,
554313616108,-0.01625,-0.03580,-0.00256,0.99545,-0.08405,0.02098,-0.03969,0.00492,-0.00015,0.00328,
554413057400,-0.01628,-0.03578,-0.00255,0.99545,-0.08400,0.02100,-0.03978,0.00428,0.00058,0.00311,
554512573941,-0.01625,-0.03579,-0.00253,0.99545,-0.08398,0.02106,-0.03988,0.00417,0.00165,0.00310,
554612180577,-0.01626,-0.03580,-0.00253,0.99544,-0.08398,0.02108,-0.03998,0.00385,0.00121,0.00289,
554711612212,-0.01625,-0.03577,-0.00253,0.99544,-0.08395,0.02109,-0.04007,0.00349,0.00083,0.00291,
554811135046,-0.01623,-0.03574,-0.00252,0.99544,-0.08390,0.02111,-0.04016,0.00402,0.00004,0.00319,
554910658420,-0.01622,-0.03573,-0.00252,0.99544,-0.08387,0.02114,-0.04026,0.00380,0.00035,0.00286,
555010170317,-0.01618,-0.03573,-0.00251,0.99544,-0.08386,0.02117,-0.04036,0.00390,0.00076,0.00361,
555176105369,-0.01618,-0.03573,-0.00252,0.99544,-0.08379,0.02118,-0.04043,0.00484,0.00010,0.00221,
555275592004,-0.01620,-0.03571,-0.00249,0.99543,-0.08379,0.02121,-0.04053,0.00371,0.00054,0.00358,
555375072004,-0.01619,-0.03570,-0.00248,0.99543,-0.08377,0.02123,-0.04062,0.00344,0.00057,0.00359,
555474592004,-0.01619,-0.03567,-0.00246,0.99543,-0.08376,0.02127,-0.04073,0.00311,0.00080,0.00402,
555574181952,-0.01618,-0.03566,-0.00245,0.99543,-0.08372,0.02130,-0.04081,0.00372,0.00027,0.00452,
555673672952,-0.01615,-0.03564,-0.00244,0.99542,-0.08369,0.02134,-0.04092,0.00355,0.00040,0.00424,
555773284160,-0.01617,-0.03562,-0.00243,0.99542,-0.08365,0.02137,-0.04102,0.00316,0.00027,0.00452,
555872820389,-0.01618,-0.03559,-0.00241,0.99542,-0.08366,0.02138,-0.04109,0.00341,0.00070,0.00433,
555972185681,-0.01604,-0.03556,-0.00245,0.99542,-0.08363,0.02131,-0.04109,0.00409,0.00085,0.00446,
556071747317,-0.01600,-0.03556,-0.00250,0.99543,-0.08357,0.02123,-0.04111,0.00345,0.00032,0.00436,
556171316004,-0.01598,-0.03552,-0.00249,0.99543,-0.08353,0.02126,-0.04122,0.00296,0.00062,0.00468,
556270743004,-0.01600,-0.03551,-0.00247,0.99542,-0.08350,0.02128,-0.04130,0.00287,0.00051,0.00533,
556370262108,-0.01597,-0.03550,-0.00248,0.99542,-0.08347,0.02130,-0.04139,0.00335,-0.00005,0.00459,
556469823056,-0.01597,-0.03548,-0.00248,0.99542,-0.08346,0.02133,-0.04150,0.00283,0.00008,0.00559,
556569299952,-0.01595,-0.03545,-0.00246,0.99542,-0.08343,0.02136,-0.04161,0.00335,0.00024,0.00508,
556668817952,-0.01578,-0.03570,-0.00239,0.99544,-0.08330,0.02151,-0.04127,0.00360,-0.00005,0.00577,
556768338994,-0.01589,-0.03556,-0.00241,0.99545,-0.08292,0.02156,-0.04163,0.00333,-0.00122,0.00590,
556867857056,-0.01590,-0.03555,-0.00239,0.99545,-0.08286,0.02160,-0.04173,0.00361,-0.00054,0.00627,
556967446056,-0.01590,-0.03555,-0.00239,0.99545,-0.08281,0.02159,-0.04180,0.00301,-0.00095,0.00579,
557066896108,-0.01589,-0.03557,-0.00239,0.99546,-0.08274,0.02162,-0.04184,0.00295,-0.00106,0.00582,
557166413108,-0.01586,-0.03557,-0.00241,0.99546,-0.08273,0.02161,-0.04191,0.00337,-0.00131,0.00605,
557265933463,-0.01584,-0.03559,-0.00239,0.99546,-0.08271,0.02164,-0.04195,0.00330,-0.00164,0.00579,
557365453056,-0.01579,-0.03558,-0.00239,0.99545,-0.08269,0.02167,-0.04202,0.00384,-0.00089,0.00628,
557465012004,-0.01574,-0.03556,-0.00238,0.99545,-0.08264,0.02168,-0.04213,0.00371,-0.00119,0.00610,
557564560213,-0.01568,-0.03560,-0.00239,0.99546,-0.08257,0.02166,-0.04219,0.00399,-0.00181,0.00630,
557697220952,-0.01562,-0.03559,-0.00241,0.99546,-0.08253,0.02170,-0.04227,0.00397,-0.00111,0.00479,
557796787265,-0.01560,-0.03556,-0.00241,0.99545,-0.08252,0.02165,-0.04237,0.00289,-0.00093,0.00646,
557896266108,-0.01547,-0.03553,-0.00243,0.99545,-0.08249,0.02160,-0.04247,0.00347,-0.00068,0.00680,
558028918525,-0.01467,-0.03529,-0.00235,0.99538,-0.08291,0.02229,-0.04287,0.00856,-0.00004,0.00260,
558161689952,-0.01377,-0.03525,-0.00221,0.99535,-0.08333,0.02233,-0.04280,0.01340,0.00005,0.00295,
558261123004,-0.01359,-0.03514,-0.00231,0.99535,-0.08325,0.02219,-0.04303,0.01473,0.00013,0.00262,
558360642317,-0.01345,-0.03511,-0.00247,0.99536,-0.08316,0.02187,-0.04313,0.01505,0.00024,0.00200,
558460202057,-0.01338,-0.03512,-0.00259,0.99537,-0.08309,0.02164,-0.04315,0.01493,-0.00020,0.00183,
558559720056,-0.01335,-0.03515,-0.00265,0.99538,-0.08307,0.02147,-0.04318,0.01476,-0.00002,0.00274,
558659239057,-0.01332,-0.03519,-0.00272,0.99538,-0.08303,0.02128,-0.04318,0.01501,-0.00017,0.00317,
558758718004,-0.01329,-0.03523,-0.00281,0.99539,-0.08299,0.02107,-0.04317,0.01477,0.00016,0.00393,
558858276952,-0.01328,-0.03530,-0.00288,0.99541,-0.08290,0.02090,-0.04311,0.01388,0.00035,0.00428,
558957831161,-0.01327,-0.03535,-0.00295,0.99541,-0.08286,0.02079,-0.04313,0.01326,0.00017,0.00372,
559057279160,-0.01326,-0.03539,-0.00298,0.99541,-0.08285,0.02072,-0.04313,0.01318,0.00056,0.00418,
559156796264,-0.01325,-0.03540,-0.00301,0.99542,-0.08280,0.02064,-0.04319,0.01259,0.00060,0.00408,
559256314108,-0.01324,-0.03541,-0.00304,0.99542,-0.08277,0.02059,-0.04323,0.01299,0.00112,0.00475,
559355916056,-0.01323,-0.03542,-0.00307,0.99543,-0.08266,0.02051,-0.04327,0.01202,0.00103,0.00545,
559455358556,-0.01323,-0.03545,-0.00307,0.99543,-0.08261,0.02050,-0.04329,0.01208,0.00097,0.00539,
559554878785,-0.01322,-0.03547,-0.00310,0.99544,-0.08254,0.02045,-0.04333,0.01124,0.00111,0.00578,
559654390681,-0.01322,-0.03550,-0.00312,0.99544,-0.08249,0.02039,-0.04336,0.01088,0.00074,0.00587,
559753930306,-0.01321,-0.03552,-0.00314,0.99544,-0.08245,0.02038,-0.04338,0.01051,0.00054,0.00574,
559919916160,-0.01322,-0.03561,-0.00324,0.99546,-0.08225,0.02020,-0.04333,0.00459,-0.00148,0.00377,
560019295161,-0.01329,-0.03566,-0.00335,0.99547,-0.08222,0.02010,-0.04335,0.00133,-0.00100,0.00236,
560152092264,-0.01341,-0.03570,-0.00343,0.99547,-0.08225,0.02014,-0.04335,0.00101,-0.00162,0.00149,
560284681317,-0.01343,-0.03571,-0.00341,0.99546,-0.08229,0.02022,-0.04338,0.00066,-0.00095,0.00139,
560384242056,-0.01342,-0.03571,-0.00342,0.99546,-0.08221,0.02023,-0.04345,-0.00004,-0.00130,0.00147,
560483714056,-0.01340,-0.03569,-0.00343,0.99546,-0.08220,0.02024,-0.04353,-0.00010,-0.00151,0.00114,
560583315057,-0.01339,-0.03568,-0.00344,0.99546,-0.08218,0.02028,-0.04360,-0.00020,-0.00159,0.00129,
560682828004,-0.01338,-0.03567,-0.00346,0.99546,-0.08214,0.02029,-0.04369,-0.00016,-0.00166,0.00169,
560782272161,-0.01339,-0.03568,-0.00347,0.99546,-0.08209,0.02030,-0.04377,-0.00056,-0.00187,0.00202,
560915052004,-0.01338,-0.03566,-0.00347,0.99545,-0.08207,0.02038,-0.04387,0.00078,-0.00161,0.00149,
561014483004,-0.01337,-0.03566,-0.00348,0.99545,-0.08201,0.02039,-0.04394,-0.00044,-0.00194,0.00217,
561114002420,-0.01339,-0.03568,-0.00348,0.99546,-0.08192,0.02035,-0.04404,-0.00158,-0.00253,0.00276,
561213520213,-0.01336,-0.03567,-0.00347,0.99546,-0.08187,0.02038,-0.04413,-0.00180,-0.00274,0.00303,
561313168004,-0.01333,-0.03566,-0.00346,0.99545,-0.08184,0.02043,-0.04421,-0.00159,-0.00218,0.00278,
561412558004,-0.01332,-0.03566,-0.00346,0.99545,-0.08183,0.02047,-0.04429,-0.00138,-0.00240,0.00359,
561512077004,-0.01327,-0.03565,-0.00346,0.99545,-0.08182,0.02050,-0.04440,-0.00131,-0.00209,0.00339,
561611639004,-0.01327,-0.03564,-0.00347,0.99545,-0.08177,0.02054,-0.04449,-0.00102,-0.00237,0.00395,
561711117004,-0.01326,-0.03564,-0.00346,0.99544,-0.08175,0.02060,-0.04459,-0.00154,-0.00285,0.00333,
561810633004,-0.01320,-0.03563,-0.00343,0.99544,-0.08172,0.02066,-0.04468,-0.00053,-0.00233,0.00433,
561910224109,-0.01327,-0.03564,-0.00350,0.99544,-0.08168,0.02065,-0.04475,-0.00168,-0.00257,0.00357,
562009715056,-0.01309,-0.03561,-0.00337,0.99543,-0.08171,0.02080,-0.04483,0.00006,-0.00240,0.00545,
562109323056,-0.01331,-0.03564,-0.00355,0.99543,-0.08166,0.02080,-0.04492,-0.00191,-0.00286,0.00265,
562208709212,-0.01312,-0.03561,-0.00334,0.99542,-0.08169,0.02104,-0.04507,0.00019,-0.00233,0.00533,
562308300056,-0.01332,-0.03564,-0.00353,0.99542,-0.08164,0.02094,-0.04514,-0.00190,-0.00289,0.00289,
562407788056,-0.01309,-0.03560,-0.00333,0.99541,-0.08167,0.02119,-0.04528,0.00056,-0.00264,0.00506,
562507265004,-0.01328,-0.03563,-0.00352,0.99541,-0.08160,0.02107,-0.04537,-0.00179,-0.00301,0.00374,
562606830369,-0.01307,-0.03559,-0.00332,0.99539,-0.08165,0.02133,-0.04552,0.00051,-0.00239,0.00541,
562739552056,-0.01313,-0.03558,-0.00346,0.99540,-0.08153,0.02129,-0.04563,0.00149,-0.00217,0.00333,
562839044317,-0.01320,-0.03576,-0.00349,0.99538,-0.08172,0.02157,-0.04558,0.00282,-0.00081,0.00069,
562938516316,-0.01329,-0.03582,-0.00351,0.99541,-0.08154,0.02100,-0.04553,0.00173,-0.00061,0.00051,
563038077629,-0.01333,-0.03580,-0.00356,0.99541,-0.08156,0.02080,-0.04557,0.00099,-0.00069,0.00008,
563137553952,-0.01332,-0.03580,-0.00357,0.99540,-0.08160,0.02080,-0.04566,0.00089,-0.00052,0.00060,
563237073369,-0.01332,-0.03579,-0.00358,0.99540,-0.08162,0.02081,-0.04573,0.00087,-0.00050,0.00082,
563336593108,-0.01332,-0.03579,-0.00359,0.99540,-0.08158,0.02081,-0.04580,0.00102,-0.00046,0.00085,
563436110004,-0.01332,-0.03579,-0.00360,0.99539,-0.08157,0.02083,-0.04588,0.00111,-0.00035,0.00042,
563535670421,-0.01332,-0.03579,-0.00361,0.99539,-0.08151,0.02084,-0.04597,0.00145,-0.00039,0.00053,
563635177056,-0.01332,-0.03579,-0.00361,0.99539,-0.08149,0.02087,-0.04602,0.00091,-0.00047,0.00037,
563734668212,-0.01332,-0.03579,-0.00361,0.99539,-0.08144,0.02091,-0.04610,0.00126,-0.00071,0.00065,
563834228368,-0.01327,-0.03582,-0.00362,0.99539,-0.08139,0.02092,-0.04616,0.00179,-0.00105,0.00105,
563966879057,-0.01327,-0.03581,-0.00363,0.99539,-0.08139,0.02095,-0.04627,0.00243,-0.00113,0.00131,
564066398004,-0.01326,-0.03581,-0.00362,0.99539,-0.08135,0.02102,-0.04631,0.00191,-0.00165,0.00063,
564165917056,-0.01324,-0.03583,-0.00361,0.99538,-0.08134,0.02107,-0.04638,0.00215,-0.00128,0.00007,
564265479369,-0.01331,-0.03582,-0.00361,0.99538,-0.08132,0.02111,-0.04641,0.00187,-0.00124,0.00030,
564365084161,-0.01332,-0.03580,-0.00360,0.99538,-0.08134,0.02118,-0.04649,0.00152,-0.00099,0.00029,
564464474160,-0.01332,-0.03581,-0.00360,0.99537,-0.08132,0.02121,-0.04654,0.00208,-0.00115,0.00039,
564597169702,-0.01322,-0.03585,-0.00360,0.99538,-0.08118,0.02121,-0.04661,0.00301,-0.00180,0.00124,
564729858265,-0.01308,-0.03599,-0.00366,0.99541,-0.08093,0.02110,-0.04643,0.00200,-0.00169,0.00035,
564862550472,-0.01299,-0.03606,-0.00369,0.99543,-0.08081,0.02108,-0.04638,0.00239,-0.00144,0.00117,
564995244160,-0.01297,-0.03608,-0.00369,0.99543,-0.08081,0.02110,-0.04641,0.00211,-0.00152,0.00017,
565127937160,-0.01297,-0.03610,-0.00369,0.99543,-0.08077,0.02114,-0.04645,0.00214,-0.00176,0.00067,
565227456369,-0.01296,-0.03612,-0.00369,0.99543,-0.08074,0.02116,-0.04645,0.00192,-0.00125,0.00035,
565393319369,-0.01295,-0.03613,-0.00370,0.99543,-0.08072,0.02119,-0.04650,0.00275,-0.00224,0.00045,
565625536264,-0.01295,-0.03613,-0.00369,0.99542,-0.08070,0.02121,-0.04654,0.00371,-0.00215,0.00208,
565758262369,-0.01297,-0.03614,-0.00366,0.99543,-0.08066,0.02128,-0.04656,0.00239,-0.00180,0.00077,
565890914952,-0.01297,-0.03615,-0.00366,0.99543,-0.08062,0.02131,-0.04661,0.00239,-0.00160,0.00074,
565990433108,-0.01298,-0.03616,-0.00366,0.99543,-0.08058,0.02135,-0.04664,0.00189,-0.00108,0.00056,
566089992212,-0.01297,-0.03617,-0.00366,0.99543,-0.08056,0.02136,-0.04668,0.00186,-0.00109,0.00085,
566189511264,-0.01297,-0.03617,-0.00365,0.99543,-0.08053,0.02140,-0.04672,0.00167,-0.00132,0.00069,
566288992108,-0.01296,-0.03618,-0.00365,0.99543,-0.08051,0.02142,-0.04675,0.00181,-0.00142,0.00072,
566388548004,-0.01296,-0.03618,-0.00365,0.99543,-0.08048,0.02144,-0.04681,0.00180,-0.00140,0.00044,
566488028109,-0.01296,-0.03619,-0.00365,0.99542,-0.08048,0.02147,-0.04686,0.00182,-0.00147,0.00043,
566587590004,-0.01296,-0.03620,-0.00365,0.99542,-0.08045,0.02148,-0.04689,0.00198,-0.00121,0.00075,
566687151473,-0.01295,-0.03620,-0.00365,0.99542,-0.08045,0.02150,-0.04694,0.00196,-0.00137,0.00055,
566786583952,-0.01296,-0.03621,-0.00365,0.99542,-0.08041,0.02159,-0.04705,0.00207,-0.00129,0.00054,
566919359056,-0.01296,-0.03621,-0.00365,0.99541,-0.08038,0.02168,-0.04715,0.00286,-0.00194,0.00113,
567052009264,-0.01291,-0.03622,-0.00365,0.99540,-0.08048,0.02173,-0.04724,0.00286,-0.00161,0.00089,
567151487004,-0.01294,-0.03623,-0.00365,0.99541,-0.08034,0.02170,-0.04725,0.00219,-0.00118,0.00061,
567251005952,-0.01295,-0.03623,-0.00365,0.99541,-0.08028,0.02171,-0.04730,0.00239,-0.00092,0.00044,
567350524108,-0.01295,-0.03623,-0.00365,0.99541,-0.08028,0.02173,-0.04735,0.00193,-0.00160,0.00026,
567450083056,-0.01294,-0.03624,-0.00365,0.99541,-0.08028,0.02174,-0.04740,0.00212,-0.00156,0.00072,
567549638525,-0.01294,-0.03625,-0.00365,0.99541,-0.08028,0.02175,-0.04745,0.00180,-0.00122,0.00053,
567649129160,-0.01296,-0.03624,-0.00366,0.99541,-0.08014,0.02169,-0.04752,0.00221,-0.00107,0.00088,
567748600160,-0.01297,-0.03622,-0.00367,0.99542,-0.07999,0.02167,-0.04760,0.00214,-0.00140,0.00062,
567848120057,-0.01296,-0.03623,-0.00367,0.99542,-0.07999,0.02168,-0.04763,0.00212,-0.00171,0.00091,
567947721056,-0.01296,-0.03623,-0.00368,0.99542,-0.07999,0.02168,-0.04769,0.00180,-0.00140,0.00047,
568080337004,-0.01294,-0.03626,-0.00371,0.99542,-0.08000,0.02165,-0.04775,0.00269,-0.00206,0.00015,
568213024160,-0.01292,-0.03647,-0.00393,0.99544,-0.07982,0.02137,-0.04763,0.00244,-0.00244,0.00113,
568312542160,-0.01294,-0.03656,-0.00398,0.99545,-0.07977,0.02122,-0.04757,0.00130,-0.00186,0.00043,
568412062994,-0.01295,-0.03659,-0.00400,0.99545,-0.07972,0.02120,-0.04760,0.00141,-0.00174,0.00074,
568511580108,-0.01294,-0.03660,-0.00402,0.99546,-0.07969,0.02117,-0.04765,0.00152,-0.00189,0.00076,
568611139160,-0.01295,-0.03661,-0.00403,0.99546,-0.07965,0.02114,-0.04770,0.00132,-0.00626,0.00315,
568743831056,-0.01300,-0.03672,-0.00406,0.99543,-0.07989,0.02116,-0.04780,0.00128,-0.00721,0.00008,
568843354108,-0.01293,-0.03677,-0.00417,0.99544,-0.07996,0.02062,-0.04775,-0.00017,-0.00300,-0.00016,
568942829004,-0.01292,-0.03678,-0.00418,0.99543,-0.08001,0.02060,-0.04790,0.00153,0.00110,0.00122,
569042349004,-0.01290,-0.03678,-0.00419,0.99541,-0.08023,0.02061,-0.04797,0.00132,-0.00314,-0.00087,
569141867056,-0.01288,-0.03679,-0.00423,0.99539,-0.08041,0.02050,-0.04805,0.00135,-0.00451,-0.00143,
569241518952,-0.01284,-0.03681,-0.00428,0.99539,-0.08054,0.02033,-0.04800,0.00354,-0.00303,0.00272,
569340905056,-0.01285,-0.03681,-0.00429,0.99539,-0.08044,0.02033,-0.04809,0.00104,-0.00374,-0.00049,
569440547004,-0.01284,-0.03683,-0.00429,0.99539,-0.08042,0.02038,-0.04821,0.00152,-0.00020,-0.00010,
569539946109,-0.01284,-0.03684,-0.00430,0.99540,-0.08026,0.02040,-0.04822,0.00175,-0.00220,-0.00169,
569639463368,-0.01284,-0.03684,-0.00430,0.99538,-0.08034,0.02051,-0.04832,0.00186,-0.00150,0.00172,
569738983056,-0.01284,-0.03687,-0.00432,0.99539,-0.08020,0.02051,-0.04835,0.00012,0.00157,0.00332,
569838608160,-0.01286,-0.03689,-0.00431,0.99541,-0.08001,0.02059,-0.04838,0.00221,-0.00302,-0.00209,
569971284316,-0.01284,-0.03690,-0.00433,0.99540,-0.08010,0.02058,-0.04841,0.00205,-0.00236,0.00162,
570070844786,-0.01284,-0.03692,-0.00434,0.99539,-0.08011,0.02059,-0.04852,0.00236,-0.00126,0.00056,
570170231993,-0.01284,-0.03694,-0.00435,0.99540,-0.08004,0.02055,-0.04852,-0.00022,-0.00083,0.00004,
570269822368,-0.01284,-0.03696,-0.00436,0.99540,-0.07991,0.02056,-0.04865,0.00040,-0.00009,0.00014,
570369365629,-0.01284,-0.03697,-0.00436,0.99540,-0.07990,0.02062,-0.04865,0.00159,-0.00241,0.00134,
570468787161,-0.01285,-0.03698,-0.00437,0.99540,-0.07983,0.02061,-0.04873,-0.00109,-0.00280,-0.00018,
570568306004,-0.01286,-0.03700,-0.00437,0.99541,-0.07972,0.02066,-0.04879,-0.00010,-0.00086,0.00081,
570667825004,-0.01285,-0.03701,-0.00438,0.99541,-0.07965,0.02069,-0.04881,0.00118,-0.00098,0.00147,
570767398212,-0.01287,-0.03702,-0.00438,0.99541,-0.07956,0.02072,-0.04892,-0.00019,-0.00206,0.00066,
570866863952,-0.01289,-0.03702,-0.00438,0.99541,-0.07947,0.02080,-0.04903,0.00019,-0.00032,-0.00049,
570966452369,-0.01287,-0.03705,-0.00439,0.99542,-0.07941,0.02081,-0.04907,0.00183,0.00081,-0.00018,
571065901004,-0.01288,-0.03705,-0.00440,0.99541,-0.07946,0.02083,-0.04908,0.00161,-0.00164,0.00157,
571165423161,-0.01290,-0.03705,-0.00441,0.99542,-0.07928,0.02081,-0.04926,0.00088,-0.00174,0.00032,
571264940952,-0.01292,-0.03705,-0.00440,0.99541,-0.07932,0.02080,-0.04937,0.00134,-0.00048,-0.00053,
571364459056,-0.01295,-0.03703,-0.00440,0.99541,-0.07922,0.02086,-0.04947,-0.00078,-0.00069,-0.00052,
571464018265,-0.01301,-0.03699,-0.00437,0.99540,-0.07903,0.02104,-0.04987,0.00000,-0.00163,-0.00321,
571563497983,-0.01308,-0.03695,-0.00435,0.99539,-0.07899,0.02115,-0.05016,0.00086,-0.00279,-0.00163,
571663064108,-0.01313,-0.03691,-0.00433,0.99538,-0.07889,0.02127,-0.05049,0.00029,0.00019,0.00005,
571762536212,-0.01315,-0.03690,-0.00433,0.99537,-0.07889,0.02133,-0.05060,0.00082,-0.00306,0.00283,
571862053056,-0.01319,-0.03687,-0.00432,0.99537,-0.07872,0.02147,-0.05085,0.00162,-0.00013,0.00248,
571961643213,-0.01325,-0.03682,-0.00431,0.99536,-0.07863,0.02152,-0.05115,0.00072,-0.00061,-0.00109,
572061092108,-0.01327,-0.03681,-0.00430,0.99534,-0.07870,0.02154,-0.05129,0.00072,-0.00185,-0.00134,
572160610525,-0.01330,-0.03679,-0.00429,0.99534,-0.07862,0.02165,-0.05146,0.00059,-0.00213,-0.00035,
572260170160,-0.01331,-0.03679,-0.00429,0.99534,-0.07856,0.02174,-0.05154,-0.00070,-0.00253,-0.00003,
572359648265,-0.01330,-0.03680,-0.00429,0.99533,-0.07865,0.02180,-0.05155,0.00326,-0.00271,0.00414,
572459211942,-0.01329,-0.03680,-0.00431,0.99533,-0.07859,0.02178,-0.05158,0.00090,0.00129,0.00230,
572558763890,-0.01324,-0.03680,-0.00428,0.99534,-0.07841,0.02188,-0.05158,0.00208,-0.00519,0.00762,
572691379837,-0.01319,-0.03686,-0.00430,0.99534,-0.07837,0.02195,-0.05174,0.00167,-0.00443,0.00354,
572857314317,-0.01330,-0.03677,-0.00426,0.99530,-0.07836,0.02232,-0.05226,-0.00473,-0.00582,-0.00445,
572989934368,-0.01332,-0.03675,-0.00422,0.99530,-0.07815,0.02267,-0.05245,0.00389,0.00873,0.00322,
573122704109,-0.01304,-0.03719,-0.00374,0.99534,-0.07802,0.02274,-0.05197,0.00155,-0.00444,0.00642,
573255318952,-0.01292,-0.03727,-0.00381,0.99534,-0.07831,0.02237,-0.05159,0.01016,-0.00392,0.00758,
573354910056,-0.01283,-0.03736,-0.00373,0.99534,-0.07855,0.02211,-0.05138,0.00256,-0.00493,0.01334,
573454398161,-0.01281,-0.03736,-0.00358,0.99529,-0.07942,0.02141,-0.05138,0.00323,-0.00199,0.01357,
573587125057,-0.01246,-0.03693,-0.00356,0.99531,-0.08072,0.02038,-0.04919,0.00333,0.00468,-0.01446,
573686604056,-0.00930,-0.03411,-0.00422,0.99546,-0.08170,0.01907,-0.04498,0.04331,0.05611,-0.01663,
573786086056,0.00188,-0.02220,-0.00357,0.99564,-0.08283,0.01690,-0.03937,0.13720,0.15387,0.01740,
573885605951,0.02024,-0.00206,0.00070,0.99579,-0.08497,0.00022,-0.03452,0.20526,0.24711,0.06992,
574018297951,0.04944,0.04364,0.01804,0.99522,-0.08864,-0.02230,-0.03426,0.21974,0.44088,0.22482,
574117857004,0.07219,0.09434,0.04731,0.99453,-0.08937,-0.04033,-0.03589,0.20169,0.57125,0.35919,
574250508108,0.09181,0.18084,0.08958,0.99374,-0.09379,-0.04699,-0.03836,0.05325,0.70892,0.21643,
574350070004,0.09688,0.26060,0.10179,0.99430,-0.09016,-0.03755,-0.04281,-0.03233,0.80697,0.05374,
574449587952,0.09102,0.34575,0.09877,0.99475,-0.08633,-0.02304,-0.04989,-0.10431,0.88992,-0.08543,
574549195056,0.07497,0.43628,0.07999,0.99495,-0.08217,0.00231,-0.05767,-0.16045,0.94496,-0.25343,
574681856056,0.04794,0.56696,0.03729,0.99478,-0.06893,0.03670,-0.06574,-0.09909,1.06439,-0.28463,
574814459727,0.03679,0.71013,0.00370,0.99493,-0.04529,0.05251,-0.07287,0.01520,1.07093,-0.23144,
574947151622,0.04285,0.85163,-0.02726,0.99384,-0.02827,0.07174,-0.07956,0.15944,1.02129,-0.23251,
575079851979,0.07448,0.98314,-0.05397,0.99265,-0.01501,0.08779,-0.08192,0.40093,0.93018,-0.17757,
575179382650,0.11844,1.07106,-0.06873,0.99235,-0.01962,0.09404,-0.07758,0.62269,0.87205,-0.07659,
575312077171,0.21637,1.18259,-0.06669,0.99315,-0.01347,0.09297,-0.06952,0.94581,0.80123,0.13107,
575477948216,0.39406,1.31488,-0.01810,0.99428,-0.01594,0.08647,-0.06068,1.23120,0.73774,0.44164,
575610649112,0.56305,1.41249,0.05093,0.99437,-0.02353,0.08340,-0.06097,1.37686,0.67864,0.60926,
575710169574,0.70328,1.48397,0.11318,0.99355,-0.03959,0.08460,-0.06427,1.50551,0.69705,0.66917,
575876135089,0.97304,1.60487,0.23888,0.99144,-0.08076,0.08703,-0.05425,1.77977,0.80331,0.87767,
576008776141,1.21954,1.72721,0.35741,0.99189,-0.08195,0.09030,-0.03593,1.93133,1.00543,0.88397,
576108339614,1.41459,1.83508,0.44030,0.99233,-0.07463,0.09702,-0.01749,2.05348,1.07394,0.81270,
576207808563,1.62376,1.95595,0.51295,0.99200,-0.06761,0.10657,0.00112,2.19112,1.16421,0.72712,
576340486972,1.92699,2.12971,0.60148,0.99156,-0.05129,0.11552,0.02896,2.41405,1.25138,0.71729,
576473225184,2.26310,2.31381,0.69520,0.99120,-0.03319,0.11481,0.05695,2.63835,1.27691,0.75266,
576605958132,2.62813,2.50619,0.78370,0.98986,-0.02944,0.11236,0.08175,2.85042,1.26563,0.71117,
576738577325,3.01876,2.71476,0.85962,0.98798,-0.02889,0.11020,0.10452,3.03337,1.28570,0.64853,
576871309220,3.43078,2.90967,0.92413,0.98434,-0.03381,0.11163,0.13218,3.15931,1.30779,0.42108,
577037145916,3.97197,3.15184,0.97555,0.97422,-0.05829,0.11168,0.18716,3.36525,1.40554,0.31265,
577136677396,4.31331,3.32408,0.99830,0.96426,-0.07685,0.10925,0.22883,3.49431,1.56182,0.39871,
577236193772,4.66507,3.51489,1.02557,0.95102,-0.09243,0.10743,0.27472,3.61538,1.74818,0.48971,
577435299772,5.39483,3.91540,1.10955,0.91859,-0.11807,0.10720,0.36162,3.73430,2.09737,0.44891,
577567961615,5.88586,4.23320,1.14025,0.89555,-0.13087,0.11294,0.41001,3.78183,2.39033,0.36499,
577700608563,6.37945,4.60728,1.17147,0.87223,-0.14047,0.12206,0.45231,3.83650,2.76003,0.38579,
577800134206,6.76071,4.92603,1.19417,0.85667,-0.14948,0.12338,0.47807,3.89534,3.06653,0.40256,
577932868945,7.26905,5.37635,1.22516,0.83801,-0.16337,0.11458,0.50786,3.89537,3.44680,0.35996,
578032383945,7.62803,5.75013,1.25167,0.82724,-0.17201,0.10817,0.52381,3.81752,3.73273,0.26663,
578131865841,7.97167,6.14824,1.25027,0.81853,-0.17968,0.10202,0.53601,3.72553,3.99973,0.09081,
578231460841,8.32237,6.56640,1.24008,0.80982,-0.18621,0.09725,0.54778,3.63834,4.24272,-0.10036,
578364119102,8.76559,7.15815,1.20684,0.79358,-0.19725,0.08986,0.56855,3.46580,4.58330,-0.27295,
578463635946,9.07707,7.63821,1.16185,0.77658,-0.20606,0.08486,0.58929,3.29232,4.89368,-0.33271,
578596323893,9.43416,8.31855,1.10529,0.74778,-0.21700,0.08006,0.62236,2.96601,5.31068,-0.32258,
578728982935,9.78629,9.05388,1.05971,0.71662,-0.22152,0.08169,0.65628,2.65972,5.74910,-0.24841,
578861719457,10.08460,9.84071,1.02195,0.68796,-0.22233,0.08513,0.68559,2.33760,6.14040,-0.23034,
578961200626,10.28973,10.46388,0.99266,0.66975,-0.22093,0.09056,0.70315,2.12481,6.41296,-0.26917,
579127103991,10.61209,11.55972,0.94183,0.64680,-0.22187,0.09118,0.72395,1.81730,6.84558,-0.35545,
579226629178,10.77771,12.25046,0.89826,0.63433,-0.22548,0.08750,0.73425,1.61622,7.06848,-0.47604,
579326107126,10.91960,12.95957,0.84820,0.61916,-0.22583,0.08416,0.74736,1.38041,7.30139,-0.51959,
579425673022,11.03443,13.69265,0.79783,0.60181,-0.22485,0.08054,0.76209,1.11913,7.53650,-0.48377,
579525144126,11.13270,14.45824,0.74829,0.58552,-0.22313,0.07781,0.77545,0.87714,7.77082,-0.45461,
579624754127,11.17705,15.21214,0.70968,0.57132,-0.22044,0.07415,0.78708,0.62004,7.94130,-0.49628,
579724272074,11.21020,15.99610,0.65862,0.55881,-0.21987,0.06595,0.79689,0.38770,8.05430,-0.58900,
579823703970,11.22463,16.79367,0.59078,0.54569,-0.21923,0.05655,0.80682,0.17529,8.15332,-0.76499,
579923338179,11.22533,17.61341,0.50718,0.52822,-0.21795,0.04187,0.81959,-0.09287,8.28126,-0.86151,
580055917126,11.18979,18.72233,0.38670,0.49276,-0.21935,0.01739,0.84189,-0.47782,8.37401,-0.90417,
580155436126,11.12180,19.55726,0.29306,0.45219,-0.22227,-0.00122,0.86378,-0.82851,8.38001,-0.92454,
580255047022,11.01771,20.39474,0.19764,0.39735,-0.22489,-0.01745,0.88951,-1.21626,8.36162,-0.86753,
580354473752,10.88663,21.23689,0.11079,0.33726,-0.23107,-0.03240,0.91204,-1.60143,8.32616,-0.79336,
580520381699,10.55484,22.60187,-0.03057,0.24268,-0.24909,-0.06061,0.93562,-2.26499,8.13631,-0.90838,
580619860386,10.31275,23.42611,-0.13265,0.19061,-0.25874,-0.07677,0.94384,-2.68674,8.00278,-1.03370,
580719375074,10.02940,24.22236,-0.23950,0.14164,-0.26836,-0.09255,0.94834,-3.13670,7.78819,-1.11192,
580852067335,9.56818,25.22759,-0.38705,0.07494,-0.27970,-0.11674,0.95001,-3.81865,7.40083,-1.12654,
580951586179,9.16707,25.94519,-0.49243,0.02922,-0.29068,-0.13212,0.94720,-4.36095,6.98482,-1.08805,
581051192178,8.70375,26.59094,-0.59518,-0.00069,-0.30460,-0.14582,0.94125,-4.86082,6.58177,-1.16726,
581183843003,8.01948,27.36360,-0.75851,-0.01776,-0.32680,-0.16271,0.93081,-5.38436,5.99848,-1.53223,
581316493316,7.28186,28.07387,-0.96352,-0.03272,-0.35056,-0.15264,0.92344,-6.02614,5.35153,-1.80586,
581449193486,6.44099,28.77556,-1.21722,-0.06290,-0.37143,-0.13724,0.91611,-6.72667,4.80879,-2.00456,
581581987537,5.51919,29.38128,-1.49193,-0.09175,-0.39291,-0.12033,0.90704,-7.35786,4.30859,-2.28130,
581681451710,4.76087,29.79559,-1.72825,-0.11225,-0.39678,-0.11204,0.90411,-7.92647,3.91712,-2.43899,
581814116025,3.65049,30.25040,-2.03571,-0.12861,-0.39946,-0.10762,0.90128,-8.98082,3.21305,-2.22307,
581913633024,2.71733,30.53709,-2.23758,-0.13170,-0.40209,-0.10773,0.89965,-9.88495,2.62248,-1.88351,
582013160429,1.69672,30.73008,-2.39037,-0.13522,-0.40515,-0.10884,0.89762,-10.87368,1.92835,-1.38051,
582145868616,0.17173,30.93684,-2.54102,-0.13682,-0.40899,-0.10471,0.89612,-11.98707,1.15275,-0.92793,
582311726335,-1.88335,31.05383,-2.68314,-0.13130,-0.41236,-0.09075,0.89693,-12.88424,0.50074,-0.85970,
582411319602,-3.19515,31.09767,-2.76766,-0.12887,-0.41151,-0.08111,0.89859,-13.37707,0.19444,-0.81128,
582543941289,-4.99732,31.11203,-2.89616,-0.12638,-0.41132,-0.07067,0.89992,-13.72997,-0.05708,-1.09514,
582709888539,-7.32028,31.08409,-3.10239,-0.12951,-0.39816,-0.07043,0.90539,-14.27721,-0.38171,-1.25875,
582809371487,-8.76548,31.02766,-3.21657,-0.13347,-0.38324,-0.06998,0.91127,-14.80293,-0.67509,-1.01975,
582942102435,-10.77930,30.91026,-3.31498,-0.13983,-0.36165,-0.06725,0.91931,-15.53326,-1.08797,-0.41542,
583041619165,-12.34461,30.76831,-3.32963,-0.14309,-0.35029,-0.06187,0.92358,-15.98141,-1.40001,0.09757,
583174311269,-14.48499,30.50655,-3.27687,-0.14322,-0.34637,-0.05146,0.92567,-16.42945,-1.75035,0.66783,
583273758061,-16.12841,30.30116,-3.19464,-0.14164,-0.34853,-0.04465,0.92546,-16.67731,-1.90342,0.93273,
583406450165,-18.34117,30.01402,-3.07457,-0.13829,-0.35170,-0.04406,0.92479,-16.72105,-2.00567,0.81674,
583506010217,-19.98795,29.74587,-3.00256,-0.13401,-0.35251,-0.04369,0.92513,-16.63389,-2.11539,0.59474,
583605488269,-21.60920,29.40475,-2.95639,-0.12966,-0.35307,-0.04505,0.92547,-16.51101,-2.25385,0.31942,
583705046217,-23.24024,29.13500,-2.94089,-0.12675,-0.35367,-0.04627,0.92559,-16.38204,-2.30876,-0.01536,
583837698165,-25.38612,28.79963,-2.97415,-0.12413,-0.35141,-0.04766,0.92673,-16.18112,-2.33559,-0.49164,
583937259425,-26.98440,28.53312,-3.04061,-0.12751,-0.34771,-0.04833,0.92763,-16.08404,-2.38784,-0.82566,
584036780165,-28.58493,28.27642,-3.14221,-0.13680,-0.34533,-0.04601,0.92732,-15.98943,-2.41643,-1.14461,
584136256113,-30.16504,28.01233,-3.26595,-0.15659,-0.33207,-0.04973,0.92883,-15.99727,-2.47854,-1.30539,
584235775113,-31.77741,27.75965,-3.39922,-0.18392,-0.31680,-0.05298,0.92898,-16.07899,-2.58306,-1.27055,
584335334165,-33.35146,27.47058,-3.51725,-0.21242,-0.29414,-0.05357,0.93032,-16.09498,-2.73721,-1.13488,
584434812113,-34.95147,27.19081,-3.62314,-0.23414,-0.27241,-0.04856,0.93199,-16.07904,-2.82998,-1.00829,
584534372374,-36.57620,26.90860,-3.72844,-0.25189,-0.25399,-0.05200,0.93238,-16.01103,-2.88262,-1.03168,
584633851165,-38.17788,26.61569,-3.83710,-0.26879,-0.23746,-0.06647,0.93110,-15.88540,-2.95076,-1.13949,
584733479060,-39.76242,26.33136,-3.95410,-0.28870,-0.22066,-0.08298,0.92794,-15.73561,-3.04413,-1.19020,
584832886345,-41.32514,26.03821,-4.06611,-0.31418,-0.20307,-0.09694,0.92231,-15.58802,-3.19687,-1.07582,
584932549397,-42.87663,25.73333,-4.16127,-0.34183,-0.18583,-0.10828,0.91482,-15.43893,-3.39815,-0.86832,
585032035128,-44.39772,25.38515,-4.23230,-0.37362,-0.16606,-0.11915,0.90479,-15.23867,-3.67774,-0.58377,
585131432549,-45.90168,25.03390,-4.27809,-0.40829,-0.14451,-0.13010,0.89190,-14.96208,-3.92194,-0.35997,
585297299705,-48.33026,24.34743,-4.31333,-0.47403,-0.10874,-0.14722,0.86128,-14.36530,-4.33835,-0.10666,
585429986000,-50.19693,23.74013,-4.31124,0.53180,0.08082,0.16246,-0.82720,-13.81164,-4.73329,0.07019,
585595849115,-52.41912,22.93066,-4.28004,0.60650,0.04751,0.17813,-0.77342,-13.01795,-5.19420,0.23369,
585761706522,-54.50650,22.03231,-4.22758,0.68489,0.01150,0.19682,-0.70147,-12.06366,-5.64118,0.40570,
585894390119,-56.02092,21.30268,-4.12853,0.75395,-0.02155,0.20842,-0.62262,-11.07025,-5.91567,0.69348,
586027127453,-57.41172,20.55354,-3.99049,0.82395,-0.05383,0.21480,-0.52160,-10.01114,-6.05597,0.98293,
586159807977,-58.65276,19.80786,-3.81415,0.88067,-0.08972,0.21615,-0.41189,-8.90094,-6.03900,1.21604,
586259361123,-59.35785,19.28593,-3.62788,0.90903,-0.09781,0.22362,-0.33777,-8.03025,-5.81717,1.26723,
586392014516,-60.18057,18.58853,-3.40058,0.94012,-0.08816,0.22199,-0.24316,-6.84352,-5.60634,1.34925,
586591082308,-61.09605,17.61818,-3.06327,0.97048,-0.07736,0.20693,-0.09673,-5.25004,-5.08626,1.30600,
586690531360,-61.37547,17.20657,-2.88588,0.97710,-0.06653,0.20075,-0.02352,-4.47991,-4.77298,1.29640,
586790121360,-61.59355,16.85355,-2.70831,0.97844,-0.06006,0.19379,0.03862,-3.80618,-4.49552,1.19783,
586889608516,-61.79398,16.50516,-2.57244,0.97539,-0.06425,0.19249,0.08626,-3.25727,-4.24052,0.94924,
586989170412,-61.98986,16.15020,-2.48019,0.97038,-0.07558,0.19455,0.12164,-2.75524,-3.97425,0.67142,
587121781308,-62.26165,15.67939,-2.41174,0.96393,-0.09616,0.19358,0.15528,-2.19839,-3.61816,0.25504,
587221407621,-62.43489,15.35073,-2.39824,0.95933,-0.11054,0.19256,0.17431,-1.82758,-3.33523,-0.07187,
587320861360,-62.58692,15.04411,-2.41692,0.95390,-0.12731,0.19357,0.19077,-1.47747,-3.00999,-0.37185,
587453512361,-62.75571,14.67884,-2.49293,0.94941,-0.14032,0.19489,0.20235,-1.13583,-2.63162,-0.88033,
587553072360,-62.85755,14.44492,-2.59632,0.94835,-0.13944,0.20167,0.20128,-0.87915,-2.34695,-1.29052,
587652548360,-62.93084,14.23701,-2.73821,0.94557,-0.14043,0.21480,0.20007,-0.57606,-2.03027,-1.61267,
587752069360,-62.97280,14.06437,-2.90746,0.94382,-0.14399,0.22159,0.19843,-0.22806,-1.62941,-1.80607,
587851690329,-62.98780,13.92229,-3.09297,0.94270,-0.14194,0.23112,0.19429,0.10627,-1.24944,-1.94890,
587951144308,-62.96761,13.81347,-3.29198,0.94199,-0.13907,0.23908,0.19013,0.51979,-0.85733,-2.01383,
588083797673,-62.86987,13.72895,-3.56096,0.94257,-0.12899,0.24833,0.18235,1.11241,-0.29233,-1.99138,
588183316361,-62.73930,13.71475,-3.75990,0.94392,-0.11049,0.25875,0.17280,1.60774,0.07648,-1.94691,
588349318558,-62.39359,13.77655,-4.06887,0.94306,-0.09124,0.27514,0.16312,2.53228,0.58402,-1.77721,
588515046142,-61.88224,13.92021,-4.32675,0.93594,-0.09007,0.29734,0.16582,3.65884,1.13799,-1.31660,
588680985360,-61.17417,14.15756,-4.50366,0.92775,-0.09182,0.31884,0.17085,4.88509,1.71418,-0.83991,
588780465465,-60.65386,14.34423,-4.57373,0.92301,-0.09325,0.33039,0.17377,5.60806,2.05803,-0.59876,
588879949465,-60.06275,14.56797,-4.62146,0.91810,-0.09489,0.34213,0.17615,6.31321,2.39749,-0.40225,
588979472308,-59.39993,14.82668,-4.65262,0.91440,-0.09570,0.35026,0.17898,7.03567,2.74811,-0.23949,
589079033724,-58.66640,15.12080,-4.67022,0.91442,-0.09513,0.34923,0.18116,7.68827,3.07996,-0.09907,
589178513567,-57.87178,15.44510,-4.67412,0.91381,-0.09502,0.35034,0.18218,8.32070,3.38814,0.03588,
589311253216,-56.70806,15.92924,-4.64379,0.91286,-0.09501,0.35307,0.18166,9.24956,3.86450,0.42473,
589443912657,-55.41718,16.47481,-4.55679,0.91252,-0.09060,0.35611,0.17970,10.22241,4.32009,0.87038,
589576601709,-54.00461,17.07678,-4.41845,0.91223,-0.08842,0.35974,0.17494,11.07893,4.69960,1.19303,
589709345217,-52.49763,17.72029,-4.25610,0.90841,-0.09586,0.37543,0.15701,11.58452,4.94910,1.17090,
589808860165,-51.33070,18.22365,-4.14607,0.90275,-0.10185,0.39283,0.14269,11.91107,5.10440,1.00250,
589941627317,-49.71609,18.91670,-4.02581,0.89380,-0.10782,0.41481,0.13203,12.43716,5.33728,0.79615,
590041167577,-48.45464,19.46005,-3.95276,0.88748,-0.11064,0.42839,0.12894,12.91774,5.54682,0.68151,
590140557317,-47.14484,20.02250,-3.89040,0.88170,-0.11254,0.43985,0.12835,13.43149,5.76605,0.57568,
590240074817,-45.78028,20.60814,-3.83635,0.87713,-0.11430,0.44831,0.12879,13.93937,5.99406,0.49192,
590372852682,-43.87939,21.42541,-3.77540,0.87372,-0.11221,0.45482,0.13098,14.72452,6.31689,0.46542,
590472284473,-42.38102,22.06721,-3.72437,0.87159,-0.11165,0.45813,0.13409,15.43491,6.61025,0.56978,
590638152931,-39.72239,23.20596,-3.61291,0.86693,-0.09900,0.47073,0.13060,16.60283,7.08300,0.74698,
590804122151,-36.88795,24.43311,-3.48475,0.86144,-0.08648,0.48417,0.12662,17.65118,7.37485,0.80616,
590936707317,-34.49602,25.42610,-3.37548,0.85766,-0.08732,0.49018,0.12853,18.44735,7.56446,0.83344,
591036238369,-32.64219,26.18388,-3.29797,0.85741,-0.08740,0.49174,0.12413,18.75124,7.62696,0.66581,
591135783213,-30.76859,26.92738,-3.25179,0.86196,-0.09335,0.48494,0.11466,18.75132,7.55940,0.23087,
591235303577,-28.90664,27.67741,-3.25276,0.87253,-0.09883,0.46774,0.10067,18.65623,7.49413,-0.24866,
591334783369,-27.04353,28.38459,-3.29624,0.88834,-0.10681,0.43853,0.08454,18.57449,7.39693,-0.64904,
591467472265,-24.57538,29.17680,-3.38511,0.90939,-0.11350,0.39557,0.06047,18.35392,7.13026,-1.05340,
591566993473,-22.74187,29.84357,-3.49912,0.91920,-0.11780,0.37211,0.05216,18.27034,7.09154,-1.23216,
591732932317,-19.71235,31.02549,-3.69423,0.93318,-0.10540,0.34027,0.04771,18.25399,7.18924,-1.08864,
591931972914,-16.04501,32.38119,-3.90958,0.94352,-0.06065,0.32453,0.02766,18.11027,7.00911,-1.05414,
592097774862,-12.95458,33.45926,-4.10980,0.95186,-0.02118,0.30579,-0.00201,18.10859,6.67732,-0.98647,
592197286359,-11.09203,33.98002,-4.19590,0.95805,0.01073,0.28544,-0.02352,18.19216,6.30799,-0.65913,
592296806568,-9.27742,34.56232,-4.24131,0.96313,0.04340,0.26066,-0.05053,18.17669,5.90053,-0.28224,
592396330550,-7.47546,35.07876,-4.25298,0.96524,0.07160,0.23503,-0.08917,18.04440,5.39820,-0.02824,
592495853660,-5.67876,35.54623,-4.24117,0.96277,0.09548,0.21139,-0.13883,17.87253,4.87507,0.21257,
592661721972,-2.74258,36.27039,-4.17642,0.94574,0.14401,0.16717,-0.23851,17.46582,3.91909,0.57064,
592860759847,0.66845,36.89528,-4.00339,0.90222,0.21328,0.10546,-0.35972,16.70931,2.31885,1.21424,
592993448608,2.83116,37.12336,-3.80598,0.85680,0.25981,0.06025,-0.44131,15.84796,0.98755,1.77685,
593093008503,4.37014,37.17673,-3.61015,0.81434,0.28827,0.03060,-0.50281,14.98742,0.01529,2.14720,
593192486503,5.81278,37.10904,-3.37956,0.76222,0.31055,0.00775,-0.56791,13.94316,-0.96757,2.43792,
593292006660,7.15378,36.96276,-3.13413,0.69312,0.33191,-0.00856,-0.63981,12.87007,-1.73974,2.57027,
593391524815,8.38804,36.58749,-2.92762,0.60729,0.35623,-0.01727,-0.70993,11.78187,-2.50726,2.43877,
593491043660,9.51179,36.30620,-2.69283,0.51838,0.37466,-0.01244,-0.76860,10.76939,-2.90203,2.26024,
593590602555,10.59044,35.99483,-2.49500,-0.43787,-0.38729,0.00188,0.81134,9.81202,-3.34746,2.06044,
593723390540,11.86775,35.52196,-2.25215,-0.35089,-0.38533,0.02460,0.85310,8.40384,-3.79983,1.88402,
593822779592,12.68941,35.12432,-2.08918,-0.29817,-0.37911,0.05625,0.87419,7.18894,-3.96734,1.79222,
593922305626,13.33999,34.72000,-1.92196,-0.25098,-0.36907,0.09755,0.88954,5.98057,-3.91623,1.70254,
594021863938,13.79765,34.34112,-1.75114,-0.21394,-0.36577,0.12914,0.89653,4.81485,-3.72567,1.50463,
594121388383,14.20195,33.97328,-1.62049,-0.17820,-0.36028,0.16363,0.90093,3.90951,-3.48236,1.19436,
594254087262,14.66489,33.53278,-1.50340,-0.14128,-0.35304,0.19857,0.90331,2.88608,-3.02490,0.69980,
594386780209,15.02080,33.18392,-1.45392,-0.14602,-0.27952,0.19853,0.92797,2.01205,-2.45226,0.15132,
594519481328,15.22341,32.90610,-1.44468,-0.14560,-0.28982,0.25856,0.90992,1.11769,-1.88876,-0.04500,
594619000432,15.23500,32.76454,-1.44219,-0.12866,-0.28143,0.29713,0.90330,0.49857,-1.22647,-0.31268,
594751766124,15.16157,32.72512,-1.48733,-0.16355,-0.30350,0.36287,0.86572,-0.62313,-0.08346,-0.52624,
594884358107,15.05750,32.73769,-1.58817,-0.17051,-0.27832,0.40319,0.85493,-1.58208,0.88039,-1.05230,
594983917002,14.84942,32.86239,-1.70442,-0.14982,-0.26004,0.39234,0.86948,-2.20022,1.56684,-1.47322,
595116570002,14.49574,33.14013,-1.91159,-0.11146,-0.23687,0.31645,0.91177,-2.99888,2.60185,-1.81466,
595216179106,14.16546,33.44149,-2.09096,-0.08271,-0.22345,0.21550,0.94699,-3.41963,3.10232,-1.83146,
595348782210,13.67924,33.88162,-2.33622,-0.02876,-0.23001,0.14945,0.96122,-3.84320,3.34361,-1.86685,
595448377054,13.27494,34.24661,-2.52720,-0.00049,-0.23291,0.11366,0.96583,-4.13843,3.55261,-1.94540,
595547906106,12.83666,34.62050,-2.71382,0.01168,-0.23305,0.07137,0.96977,-4.53664,3.69619,-1.78563,
595680548465,12.19166,35.12487,-2.92195,0.00950,-0.22581,0.01093,0.97406,-5.14526,3.72135,-1.34006,
595780078517,11.65524,35.49493,-3.03774,0.00640,-0.21851,-0.01718,0.97566,-5.54975,3.59705,-1.02450,
595912691517,10.88838,35.96005,-3.15073,0.00308,-0.20602,-0.03280,0.97799,-5.95741,3.38886,-0.76003,
596012267466,10.28203,36.29159,-3.21820,-0.00384,-0.19265,-0.04449,0.98025,-6.17687,3.23537,-0.69158,
596111714569,9.65557,36.60316,-3.27793,-0.02149,-0.17697,-0.06100,0.98209,-6.35686,3.05594,-0.66383,
596211225261,9.01218,36.89113,-3.33257,-0.04757,-0.16137,-0.08569,0.98201,-6.47235,2.81250,-0.60474,
596310743521,8.36314,37.15128,-3.38231,-0.07394,-0.15194,-0.10835,0.97965,-6.54762,2.52540,-0.62605,
596410258592,7.70590,37.37310,-3.42885,-0.09787,-0.15151,-0.12419,0.97573,-6.62192,2.19176,-0.63798,
596509772353,7.03601,37.53924,-3.47477,-0.11978,-0.15324,-0.13652,0.97136,-6.71494,1.82812,-0.70250,
596642467020,6.13543,37.73663,-3.57136,-0.14110,-0.15505,-0.14606,0.96681,-6.77674,1.38412,-0.81097,
596808423502,4.99657,37.90924,-3.70696,-0.15847,-0.15464,-0.15399,0.96294,-6.87950,0.77204,-0.84302,
596941049514,4.07230,37.97378,-3.81363,-0.16449,-0.15651,-0.14278,0.96336,-6.96492,0.27885,-0.79813,
597040532953,3.36880,37.98520,-3.88609,-0.16625,-0.15835,-0.12989,0.96458,-7.04901,-0.03892,-0.73139,
597140094005,2.66361,37.96578,-3.95594,-0.16485,-0.16042,-0.11693,0.96614,-7.08531,-0.31067,-0.74267,
597239570006,1.96089,37.92019,-4.02913,-0.16347,-0.16169,-0.10489,0.96754,-7.14926,-0.52749,-0.76097,
597339131163,1.25073,37.85489,-4.10186,-0.16482,-0.15875,-0.09474,0.96884,-7.20008,-0.76012,-0.68958,
597438614214,0.54918,37.75819,-4.16211,-0.17019,-0.15471,-0.07975,0.96992,-7.23847,-0.96187,-0.62760,
597604472305,-0.65576,37.58386,-4.26007,-0.18227,-0.14932,-0.05094,0.97051,-7.31254,-1.15085,-0.59147,
597737159098,-1.62112,37.42512,-4.33814,-0.19386,-0.14641,-0.03863,0.96927,-7.32339,-1.19311,-0.63127,
597836682045,-2.35138,37.30187,-4.39771,-0.20204,-0.14458,-0.03901,0.96786,-7.36832,-1.25078,-0.61636,
597936193384,-3.07961,37.16867,-4.45584,-0.20868,-0.14284,-0.03913,0.96671,-7.38135,-1.31212,-0.58624,
598035711249,-3.80604,37.02518,-4.51197,-0.21312,-0.14162,-0.03940,0.96591,-7.39774,-1.38133,-0.54204,
598135229145,-4.53348,36.87485,-4.56210,-0.21441,-0.14096,-0.03972,0.96570,-7.40597,-1.44737,-0.51500,
598234748145,-5.26359,36.72000,-4.61115,-0.21491,-0.13992,-0.03992,0.96573,-7.40814,-1.51339,-0.49800,
598334310510,-5.99484,36.55676,-4.65795,-0.21418,-0.13977,-0.04023,0.96590,-7.41002,-1.57256,-0.49975,
598433868145,-6.72943,36.38589,-4.70573,-0.21367,-0.13845,-0.04000,0.96622,-7.43099,-1.64615,-0.47540,
598599656145,-7.96550,36.09496,-4.77887,-0.21223,-0.13687,-0.04023,0.96675,-7.46116,-1.74377,-0.43331,
598732453145,-8.95735,35.84965,-4.83208,-0.21158,-0.13245,-0.03975,0.96753,-7.47637,-1.83119,-0.38939,
598831865458,-9.70500,35.66123,-4.86878,-0.21143,-0.12486,-0.03557,0.96873,-7.47884,-1.88514,-0.38620,
598931384197,-10.44959,35.45874,-4.90096,-0.21103,-0.11787,-0.03146,0.96984,-7.47772,-1.94100,-0.32179,
599030896679,-11.19422,35.25154,-4.92877,-0.21097,-0.11755,-0.03197,0.96987,-7.39983,-1.97658,-0.30563,
599130414628,-11.92851,35.03364,-4.95820,-0.21151,-0.11747,-0.03228,0.96975,-7.37653,-2.00596,-0.35865,
599229930748,-12.66500,34.81788,-4.98722,-0.21212,-0.11745,-0.03176,0.96964,-7.35780,-2.04148,-0.40514,
599329490592,-13.38915,34.58649,-5.01972,-0.21157,-0.11746,-0.02774,0.96988,-7.32492,-2.10106,-0.47268,
599428967644,-14.11985,34.35714,-5.06176,-0.21038,-0.11401,-0.01990,0.97074,-7.30110,-2.13509,-0.50534,
599528482594,-14.84575,34.13509,-5.10815,-0.21755,-0.11461,-0.01628,0.96916,-7.26828,-2.14912,-0.53007,
599628003646,-15.57316,33.91091,-5.15124,-0.24229,-0.11320,-0.01646,0.96344,-7.24326,-2.15398,-0.53502,
599727517019,-16.30731,33.68076,-5.19205,-0.28277,-0.10723,-0.02521,0.95284,-7.24093,-2.16122,-0.45627,
599827027285,-17.05328,33.44575,-5.21936,-0.33104,-0.09098,-0.04225,0.93827,-7.24662,-2.21568,-0.27760,
599926652754,-17.79404,33.20127,-5.21804,-0.38708,-0.06678,-0.06124,0.91758,-7.15304,-2.32155,0.01649,
600026057841,-18.51945,32.95358,-5.19343,-0.44479,-0.04397,-0.08129,0.89085,-6.97465,-2.45019,0.31829,
600125575424,-19.23227,32.68959,-5.14808,-0.49688,-0.02524,-0.10047,0.86162,-6.70123,-2.59607,0.57605,
600225199978,-19.93216,32.40883,-5.09044,0.53370,0.02527,0.10365,-0.83892,-6.45852,-2.75331,0.72454,
600324703555,-20.62159,32.11273,-5.01948,0.55953,0.02753,0.10521,-0.82165,-6.24569,-2.91512,0.91402,
600424232253,-21.29064,31.79452,-4.92388,0.57756,0.03031,0.10484,-0.80902,-6.01952,-3.08208,1.18170,
600556804622,-22.14496,31.35537,-4.75257,0.59456,0.03261,0.10571,-0.79640,-5.71555,-3.28131,1.56657,
600656426569,-22.79727,30.99965,-4.60919,0.60207,0.03528,0.10263,-0.79103,-5.57368,-3.41141,1.65299,
600755940314,-23.41221,30.63029,-4.45497,0.60767,0.03682,0.10045,-0.78695,-5.40461,-3.51983,1.68829,
600888522133,-24.19648,30.13342,-4.24088,0.61643,0.04081,0.09918,-0.78007,-5.16844,-3.64699,1.72337,
600988040133,-24.73388,29.74805,-4.07659,0.62636,0.04244,0.09881,-0.77208,-4.98664,-3.73610,1.74408,
601087651625,-25.23070,29.36620,-3.90629,0.63668,0.04378,0.09880,-0.76352,-4.76392,-3.80251,1.77841,
601187119146,-25.69610,28.98003,-3.73443,0.64760,0.04549,0.09750,-0.75435,-4.56276,-3.87579,1.74491,
601286588601,-26.15537,28.58599,-3.56769,0.65895,0.04716,0.09712,-0.74440,-4.40636,-3.92952,1.66023,
601386103856,-26.57993,28.18900,-3.40742,0.66521,0.05136,0.09962,-0.73820,-4.23064,-3.98093,1.58785,
601485617908,-26.98666,27.78703,-3.25570,0.66824,0.05644,0.10266,-0.73467,-4.04693,-4.04681,1.48460,
601618310960,-27.49939,27.24623,-3.06205,0.67070,0.05904,0.10490,-0.73189,-3.83218,-4.15781,1.40960,
601717920272,-27.86500,26.82654,-2.92329,0.67175,0.05996,0.10481,-0.73087,-3.65264,-4.24245,1.37297,
601817348960,-28.21198,26.39934,-2.78846,0.67156,0.06263,0.10444,-0.73087,-3.47601,-4.31284,1.33526,
601916911960,-28.54691,25.96554,-2.65697,0.67100,0.06678,0.10475,-0.73097,-3.32123,-4.38650,1.27746,
602049560960,-28.97607,25.36981,-2.48709,0.67093,0.06938,0.10425,-0.73087,-3.14063,-4.52030,1.25001,
602215504273,-29.48240,24.60496,-2.27446,0.67041,0.07618,0.09984,-0.73129,-2.91062,-4.63650,1.22813,
602348194064,-29.85461,23.98098,-2.11775,0.66870,0.09356,0.09626,-0.73131,-2.78482,-4.73953,1.05445,
602447635960,-30.13787,23.49955,-2.01304,0.66759,0.10469,0.09567,-0.73090,-2.72874,-4.82581,0.95179,
602547286908,-30.41619,23.00686,-1.91307,0.66682,0.11448,0.09529,-0.73018,-2.68480,-4.91483,0.90998,
602646680856,-30.68710,22.50519,-1.81922,0.66664,0.12240,0.09602,-0.72896,-2.66144,-5.02351,0.87358,
602746194429,-30.95996,21.98679,-1.72539,0.66783,0.12413,0.09883,-0.72720,-2.64764,-5.17912,0.91898,
602845808272,-31.23233,21.45241,-1.62638,0.66807,0.12793,0.10172,-0.72592,-2.62551,-5.31518,0.90851,
602945233855,-31.51006,20.90060,-1.52694,0.66823,0.12902,0.10196,-0.72555,-2.60531,-5.46851,0.90001,
603044753169,-31.77975,20.34023,-1.42944,0.66832,0.12809,0.10150,-0.72570,-2.57966,-5.60311,0.93795,
603144309116,-32.04565,19.76643,-1.32602,0.66935,0.12638,0.10020,-0.72523,-2.56330,-5.74804,0.98744,
603243861908,-32.30371,19.18355,-1.21727,0.67349,0.12378,0.09576,-0.72244,-2.52658,-5.86437,0.99666,
603343310908,-32.56357,18.58450,-1.11024,0.67873,0.11914,0.08935,-0.71913,-2.50977,-5.96626,0.94625,
603442827325,-32.81841,17.98067,-1.00601,0.68411,0.11589,0.08209,-0.71541,-2.48546,-6.03228,0.90157,
603542363960,-33.07372,17.36929,-0.91019,0.69160,0.11081,0.07696,-0.70957,-2.47602,-6.08549,0.85404,
603641865960,-33.32488,16.75168,-0.81472,0.70124,0.10464,0.07675,-0.70101,-2.44266,-6.16763,0.94447,
603741423960,-33.57460,16.12842,-0.71119,0.71285,0.09972,0.07618,-0.69000,-2.40647,-6.20235,0.96499,
603840902960,-33.82027,15.50656,-0.61652,0.72523,0.09711,0.07450,-0.67754,-2.36449,-6.23014,0.88799,
603940422169,-34.06365,14.88106,-0.52822,0.73872,0.09370,0.07289,-0.66347,-2.33730,-6.24550,0.84640,
604039941898,-34.30830,14.25363,-0.44624,0.75398,0.08359,0.07609,-0.64710,-2.30492,-6.26007,0.78902,
604139458960,-34.54060,13.63366,-0.37118,0.76895,0.06915,0.08340,-0.63006,-2.23177,-6.26123,0.70611,
604239018960,-34.77375,13.00413,-0.30641,0.78203,0.05918,0.08951,-0.61394,-2.12949,-6.26051,0.57344,
604338496908,-34.99508,12.37298,-0.25515,0.79421,0.05308,0.09175,-0.59833,-2.02429,-6.28101,0.45083,
604438057168,-35.20219,11.73683,-0.20945,0.80647,0.04525,0.09680,-0.58154,-1.87727,-6.29524,0.47215,
604537535168,-35.39947,11.09138,-0.16347,0.81825,0.03821,0.10156,-0.56453,-1.72793,-6.28266,0.48233,
604637101158,-35.58263,10.44635,-0.11579,0.82948,0.03196,0.10582,-0.54750,-1.56396,-6.29711,0.51031,
604736574523,-35.74867,9.80365,-0.06966,0.84000,0.02704,0.10802,-0.53104,-1.39451,-6.29315,0.47726,
604869266168,-35.93536,8.95770,-0.01706,0.85365,0.02247,0.11142,-0.50830,-1.16483,-6.25438,0.34023,
605001956960,-36.10301,8.10340,0.01458,0.86737,0.01310,0.11755,-0.48340,-0.94317,-6.21392,0.17693,
605134650221,-36.23033,7.26319,0.02870,0.88373,0.00203,0.12527,-0.45091,-0.67219,-6.15349,0.06328,
605234261960,-36.31015,6.62023,0.03559,0.89729,-0.00857,0.13280,-0.42090,-0.43336,-6.12139,0.08543,
605333795960,-36.38737,5.94496,0.04518,0.91057,-0.01940,0.13993,-0.38848,-0.19054,-6.09901,0.11514,
605433285856,-36.44238,5.26465,0.05800,0.92264,-0.03042,0.14698,-0.35525,0.04547,-6.07388,0.09377,
605532726169,-36.47736,4.57920,0.07022,0.93260,-0.04180,0.15404,-0.32371,0.29319,-6.01200,0.06642,
605665420481,-36.44997,3.72168,0.08382,0.94427,-0.05539,0.15896,-0.28286,0.69037,-5.87180,0.06164,
605764941293,-36.38803,3.10023,0.09577,0.95169,-0.06549,0.16159,-0.25276,1.00580,-5.73734,0.06023,
605897630960,-36.25583,2.29329,0.11231,0.95830,-0.07770,0.16067,-0.22316,1.42383,-5.50646,0.10908,
605997157908,-36.11808,1.72194,0.12865,0.96183,-0.08667,0.16016,-0.20427,1.71784,-5.32628,0.09742,
606163149960,-35.80120,0.85933,0.15148,0.96644,-0.10244,0.15684,-0.17578,2.22851,-4.92218,0.09964,
606262577012,-35.56783,0.39223,0.16688,0.96743,-0.10524,0.15697,-0.16839,2.52134,-4.62969,0.04635,
606362090960,-35.30763,-0.04878,0.17570,0.96876,-0.10659,0.15406,-0.16253,2.78678,-4.37233,-0.01686,
606461619960,-35.02095,-0.45474,0.18140,0.96995,-0.10855,0.15149,-0.15643,3.03812,-4.09504,-0.07466,
606627436668,-34.48882,-1.08156,0.17037,0.97209,-0.11136,0.14632,-0.14567,3.39861,-3.68405,-0.21937,
606726956039,-34.14601,-1.42681,0.15266,0.97309,-0.11409,0.14376,-0.13932,3.58723,-3.41518,-0.29651,
606826464326,-33.78031,-1.73680,0.12727,0.97403,-0.11721,0.14089,-0.13294,3.79501,-3.14294,-0.35928,
606925983378,-33.39464,-2.02446,0.09538,0.97479,-0.12037,0.13856,-0.12687,3.97492,-2.86379,-0.40805,
607025570163,-32.98898,-2.27293,0.06601,0.97555,-0.12256,0.13544,-0.12220,4.17534,-2.57378,-0.43532,
607125017945,-32.56176,-2.50438,0.03416,0.97788,-0.10511,0.13200,-0.12359,4.36956,-2.30316,-0.41829,
607224530997,-32.11560,-2.70697,-0.00129,0.97980,-0.09007,0.12765,-0.12481,4.50965,-2.07657,-0.44080,
607324143806,-31.65571,-2.89435,-0.03675,0.98153,-0.07319,0.12380,-0.12619,4.68138,-1.87233,-0.38536,
607423637754,-31.17643,-3.07536,-0.06318,0.98300,-0.05303,0.11874,-0.12964,4.85130,-1.73602,-0.23671,
607523222650,-30.67974,-3.24554,-0.07206,0.98349,-0.03520,0.11015,-0.13920,5.01691,-1.66172,-0.05581,
607622601859,-30.16903,-3.40322,-0.06225,0.98303,-0.01782,0.10004,-0.15275,5.13515,-1.58133,0.16596,
607788468650,-29.29859,-3.66348,-0.01248,0.98016,0.02155,0.08191,-0.17920,5.23781,-1.57518,0.35827,
607887987702,-28.76547,-3.82529,0.03083,0.97826,0.04472,0.07466,-0.18826,5.24763,-1.63522,0.43726,
608020683702,-28.05909,-4.05723,0.10668,0.97762,0.05918,0.06794,-0.19011,5.24201,-1.81367,0.69684,
608153417650,-27.36214,-4.31589,0.21111,0.97862,0.05724,0.05930,-0.18842,5.19745,-1.99058,0.85372,
608252889702,-26.84414,-4.51988,0.30046,0.97901,0.05556,0.05791,-0.18737,5.14428,-2.08550,0.88383,
608352409379,-26.32726,-4.73101,0.38869,0.97940,0.05042,0.05973,-0.18618,5.11101,-2.17083,0.85718,
608451924079,-25.81405,-4.95188,0.47572,0.98035,0.04544,0.05869,-0.18276,5.08573,-2.22862,0.87149,
608551523111,-25.31219,-5.17566,0.56563,0.98118,0.04495,0.05733,-0.17884,5.04310,-2.28991,0.91165,
608684140273,-24.65387,-5.48776,0.68876,0.98166,0.04570,0.05616,-0.17637,4.98073,-2.37840,0.84882,
608783649138,-24.16294,-5.72818,0.76970,0.98166,0.04505,0.05485,-0.17691,4.94081,-2.43612,0.69237,
608916362453,-23.51324,-6.05699,0.85738,0.98200,0.03483,0.05519,-0.17724,4.89218,-2.51719,0.56308,
609015845685,-23.03096,-6.30795,0.91116,0.98243,0.01441,0.05701,-0.17710,4.85310,-2.52804,0.43352,
609148579258,-22.38279,-6.63841,0.95432,0.98204,0.00092,0.05905,-0.17920,4.85216,-2.46293,0.12856,
609281267681,-21.74425,-6.96751,0.95549,0.98220,0.00351,0.05679,-0.17899,4.82803,-2.44340,-0.18229,
609380782493,-21.25451,-7.22801,0.94047,0.98301,0.00231,0.04935,-0.17678,4.81778,-2.43957,-0.34274,
609513469861,-20.60054,-7.56316,0.88456,0.98380,-0.00855,0.04057,-0.17441,4.77109,-2.42331,-0.63676,
609612941402,-20.09445,-7.82570,0.82365,0.98445,-0.01747,0.03165,-0.17191,4.78335,-2.38313,-0.79586,
609745674037,-19.40654,-8.17746,0.72413,0.98521,-0.02873,0.01161,-0.16851,4.76438,-2.31388,-0.85868,
609845187135,-18.86252,-8.42997,0.64551,0.98587,-0.03802,-0.00348,-0.16308,4.76363,-2.22663,-0.85613,
609944721812,-18.32712,-8.69784,0.57539,0.98651,-0.04773,-0.01821,-0.15552,4.72136,-2.11963,-0.78130,
610044176769,-17.80511,-8.94430,0.50762,0.98691,-0.05198,-0.03011,-0.14964,4.67171,-2.02211,-0.80718,
610143784153,-17.27879,-9.18483,0.43217,0.98716,-0.05642,-0.03978,-0.14406,4.62651,-1.92920,-0.91000,
610243207789,-16.79604,-9.41097,0.34773,0.98780,-0.05673,-0.04484,-0.13795,4.51249,-1.83466,-0.94599,
610342718381,-16.33604,-9.60090,0.26345,0.98854,-0.05625,-0.04203,-0.13362,4.37936,-1.68936,-0.86485,
610442239485,-15.89033,-9.77424,0.18556,0.98924,-0.05361,-0.03992,-0.13016,4.26405,-1.56557,-0.77245,
610541751645,-15.47778,-9.91874,0.12013,0.98993,-0.04802,-0.03859,-0.12744,4.10808,-1.40687,-0.64427,
610641268067,-15.08617,-10.04765,0.06545,0.99043,-0.04282,-0.03820,-0.12550,3.95040,-1.28074,-0.54814,
610740870868,-14.70063,-10.16954,0.02109,0.99066,-0.04000,-0.03744,-0.12487,3.81673,-1.18598,-0.45086,
610840399921,-14.33444,-10.27038,-0.01734,0.99084,-0.03218,-0.03810,-0.12550,3.68285,-1.07346,-0.43863,
611006169504,-13.75885,-10.41532,-0.07882,0.99052,-0.00787,-0.04586,-0.12926,3.44387,-0.95450,-0.46771,
611205208920,-13.11367,-10.60495,-0.16045,0.98969,-0.00444,-0.04681,-0.13526,3.12438,-0.92703,-0.48079,
611371151505,-12.64293,-10.74148,-0.22334,0.98920,-0.00379,-0.04643,-0.13896,2.85302,-0.87473,-0.43757,
611503809452,-12.29828,-10.84566,-0.26387,0.98872,0.00565,-0.04935,-0.14130,2.65422,-0.85644,-0.31177,
611636466556,-11.98546,-10.95177,-0.28547,0.98794,0.00399,-0.05921,-0.14301,2.40751,-0.88240,-0.20476,
611735975504,-11.77632,-11.03340,-0.29164,0.98772,0.00169,-0.05938,-0.14450,2.22195,-0.87914,-0.12698,
611835569077,-11.57410,-11.12071,-0.28806,0.98724,-0.00031,-0.06280,-0.14631,2.06591,-0.88410,-0.09623,
611935052608,-11.38920,-11.21742,-0.28653,0.98638,-0.01214,-0.07204,-0.14739,1.89587,-0.90603,-0.08636,
612034538505,-11.23416,-11.30094,-0.27685,0.98492,-0.02947,-0.08090,-0.15008,1.69509,-0.84233,-0.03681,
612134089421,-11.08418,-11.37771,-0.26585,0.98360,-0.03897,-0.08702,-0.15311,1.49726,-0.74281,-0.06184,
612233643265,-10.94845,-11.45457,-0.26676,0.98276,-0.04261,-0.08981,-0.15589,1.33261,-0.67643,-0.15378,
612333122353,-10.84517,-11.51469,-0.26757,0.98213,-0.04534,-0.09004,-0.15891,1.17363,-0.56201,-0.20245,
612432597694,-10.75450,-11.56371,-0.27608,0.98172,-0.04488,-0.09027,-0.16142,0.99731,-0.46142,-0.21044,
612532114641,-10.69419,-11.60933,-0.27934,0.98198,-0.04432,-0.08655,-0.16204,0.80287,-0.36907,-0.19258,
612631633162,-10.66855,-11.65577,-0.27557,0.98248,-0.04526,-0.08157,-0.16134,0.61559,-0.29967,-0.13053,
612731196849,-10.66224,-11.68743,-0.27237,0.98284,-0.04654,-0.07908,-0.15999,0.44136,-0.22263,-0.05596,
612830671849,-10.66306,-11.69209,-0.26360,0.98273,-0.04783,-0.07954,-0.16007,0.28379,-0.12477,0.01518,
612930231589,-10.67789,-11.67902,-0.24940,0.98239,-0.05088,-0.08069,-0.16064,0.11861,0.00183,0.06593,
613029710745,-10.68282,-11.66775,-0.23818,0.98219,-0.05245,-0.08086,-0.16129,0.00586,0.09155,0.04841,
613129274693,-10.68560,-11.65581,-0.23836,0.98190,-0.05295,-0.08138,-0.16262,-0.08075,0.14957,-0.10339,
613228751006,-10.69579,-11.63771,-0.25626,0.98182,-0.05196,-0.08080,-0.16372,-0.16356,0.22933,-0.27542,
613328266745,-10.71695,-11.61099,-0.29148,0.98196,-0.05136,-0.07700,-0.16486,-0.25580,0.30925,-0.43726,
613427826902,-10.74890,-11.58252,-0.31668,0.98618,-0.00316,-0.01516,-0.16496,-0.19213,-0.06505,0.18184,
613527302641,-10.76517,-11.58020,-0.30017,0.98543,-0.01860,-0.03185,-0.16602,-0.22274,0.14392,0.04120,
613660083954,-10.79154,-11.56825,-0.30170,0.98631,-0.00443,-0.01126,-0.16448,-0.16351,0.07277,-0.07529,
613759515641,-10.80796,-11.56272,-0.31906,0.98659,-0.02699,-0.01900,-0.15986,-0.10313,0.03727,-0.06130,
613892207693,-10.81780,-11.53379,-0.33025,0.98724,-0.02612,-0.01427,-0.15644,-0.00764,0.09034,-0.07765,
613991726006,-10.82155,-11.52319,-0.33546,0.98667,-0.02813,-0.01748,-0.15930,0.00430,0.03751,-0.03519,
614091244693,-10.82578,-11.51948,-0.33892,0.98659,-0.02971,-0.01898,-0.15939,-0.04345,0.04178,-0.03760,
614223936745,-10.82892,-11.51731,-0.34059,0.98691,-0.02734,-0.01986,-0.15771,-0.05027,0.04655,-0.04249,
614356629953,-10.83633,-11.50523,-0.34730,0.98714,-0.02681,-0.01992,-0.15634,-0.05571,0.06642,-0.05219,
614456192006,-10.84249,-11.49255,-0.35510,0.98727,-0.02767,-0.01981,-0.15535,-0.06336,0.08218,-0.06293,
614622014255,-10.85778,-11.47569,-0.36709,0.98741,-0.02689,-0.02050,-0.15452,-0.07654,0.10697,-0.07006,
614721573693,-10.86923,-11.45192,-0.37505,0.98756,-0.02833,-0.02172,-0.15313,-0.10886,0.11164,-0.08579,
614821050641,-10.87913,-11.44083,-0.38485,0.98764,-0.02783,-0.02157,-0.15275,-0.10975,0.11981,-0.09008,
614920572422,-10.89335,-11.42005,-0.39486,0.98755,-0.02848,-0.02194,-0.15314,-0.12567,0.14844,-0.09529,
615020171589,-10.91058,-11.40166,-0.40649,0.98746,-0.02837,-0.02226,-0.15371,-0.14754,0.15993,-0.10540,
615119721006,-10.92721,-11.37938,-0.41968,0.98743,-0.02851,-0.02240,-0.15387,-0.16580,0.17441,-0.11778,
615219129693,-10.94559,-11.35674,-0.43317,0.98744,-0.02859,-0.02261,-0.15372,-0.18244,0.18934,-0.12944,
615318649266,-10.96667,-11.33244,-0.44735,0.98743,-0.02881,-0.02283,-0.15374,-0.19868,0.20775,-0.13948,
615418167110,-10.98771,-11.30292,-0.46248,0.98738,-0.02933,-0.02289,-0.15391,-0.21389,0.22950,-0.14970,
615550859058,-11.01621,-11.26638,-0.48424,0.98745,-0.02948,-0.02299,-0.15342,-0.23267,0.24707,-0.16401,
615683639798,-11.04980,-11.23247,-0.50816,0.98745,-0.02922,-0.02307,-0.15351,-0.25465,0.25645,-0.17811,
615783069006,-11.07773,-11.19323,-0.52721,0.98743,-0.02964,-0.02317,-0.15354,-0.27349,0.28239,-0.18848,
615882589641,-11.10361,-11.16597,-0.54735,0.98745,-0.02935,-0.02308,-0.15348,-0.28805,0.28926,-0.19912,
615982207849,-11.13953,-11.13679,-0.56881,0.98746,-0.02923,-0.02349,-0.15336,-0.31274,0.29895,-0.20982,
616081626902,-11.17772,-11.11219,-0.59097,0.98747,-0.02870,-0.02366,-0.15339,-0.33619,0.30051,-0.22033,
616214317693,-11.22235,-11.10994,-0.62213,0.98760,-0.02676,-0.02327,-0.15292,-0.35666,0.26444,-0.23449,
616313835953,-11.25527,-11.12804,-0.64714,0.98770,-0.02475,-0.02273,-0.15271,-0.37009,0.21938,-0.24483,
616413353693,-11.29232,-11.11319,-0.67248,0.98771,-0.02438,-0.02250,-0.15276,-0.38559,0.21329,-0.25441,
616512876005,-11.33260,-11.09121,-0.69880,0.98770,-0.02421,-0.02243,-0.15282,-0.40238,0.21444,-0.26458,
616612393474,-11.37300,-11.05644,-0.72659,0.98769,-0.02433,-0.02241,-0.15287,-0.41831,0.22618,-0.27590,
616711953641,-11.41430,-11.01530,-0.75551,0.98768,-0.02452,-0.02239,-0.15293,-0.43375,0.24176,-0.28633,
616811472693,-11.45843,-10.97975,-0.78515,0.98767,-0.02467,-0.02234,-0.15299,-0.45043,0.25290,-0.29702,
616910990797,-11.50594,-10.94420,-0.81581,0.98766,-0.02476,-0.02232,-0.15305,-0.46814,0.26248,-0.30711,
617010469693,-11.55528,-10.90813,-0.84745,0.98765,-0.02487,-0.02230,-0.15310,-0.48528,0.27199,-0.31827,
617110030214,-11.60814,-10.85628,-0.88088,0.98763,-0.02511,-0.02230,-0.15317,-0.50316,0.29148,-0.32855,
