1540822822455886592,0.02436,-0.02191,0.18618,0.99952,-0.02763,0.01310,-0.00448,-0.00932,-0.00027,0.24242,
1540822822588577024,0.02606,-0.02017,0.21755,0.99919,-0.03256,0.02162,-0.00922,0.00801,-0.03347,0.24427,
1540822822721314816,0.03204,-0.02579,0.24853,0.99857,-0.04183,0.02259,-0.02430,0.09869,-0.06122,0.17096,
1540822822820825856,0.05127,-0.02799,0.26772,0.99783,-0.04806,0.03297,-0.03076,0.26233,-0.01608,0.11066,
1540822822920382976,0.08658,-0.02407,0.27824,0.99741,-0.05813,0.03789,-0.01877,0.40745,0.00316,0.07743,
1540822823019899904,0.13010,-0.02227,0.28047,0.99677,-0.07005,0.03729,0.01259,0.42566,0.05027,0.03913,
1540822823119345408,0.16973,-0.01906,0.27907,0.99578,-0.07212,0.03565,0.04416,0.38866,0.01549,-0.00328,
1540822823252079360,0.21455,-0.01781,0.27902,0.99542,-0.06336,0.02936,0.06526,0.31362,0.02039,0.03286,
1540822823351566080,0.23692,-0.01549,0.28521,0.99608,-0.05209,0.01046,0.07067,0.22627,0.04046,0.04199,
1540822823451113984,0.24836,-0.00887,0.28923,0.99567,-0.05360,-0.00716,0.07563,0.01189,0.06831,0.00823,
1540822823583810816,0.22650,-0.00442,0.28326,0.99644,-0.05028,-0.00515,0.06748,-0.31210,0.00660,-0.05175,
1540822823683324928,0.18863,-0.00699,0.27686,0.99761,-0.04663,0.01320,0.04926,-0.41854,-0.03875,-0.02835,
1540822823782836992,0.15069,-0.01317,0.27628,0.99808,-0.04908,0.03144,0.02098,-0.29016,-0.07134,0.03960,
1540822823882364160,0.13354,-0.01872,0.28023,0.99753,-0.05980,0.03653,-0.00486,-0.00396,-0.04049,0.05613,
1540822824015014912,0.15381,-0.01823,0.28474,0.99742,-0.06413,0.03061,-0.01025,0.32429,0.02750,0.03362,
1540822824147836928,0.20402,-0.01200,0.29159,0.99746,-0.07063,0.00762,0.00574,0.41817,0.03681,0.03780,
1540822824280406016,0.25220,-0.00276,0.29372,0.99713,-0.07088,-0.01259,0.02343,0.24296,0.10090,-0.01249,
1540822824379920640,0.26920,0.00775,0.29068,0.99712,-0.06515,-0.01786,0.03454,0.06258,0.04089,-0.05025,
1540822824479436800,0.27136,0.00045,0.28292,0.99667,-0.06859,-0.01056,0.04288,-0.02705,-0.22600,-0.09448,
1540822824578958080,0.26895,-0.03091,0.27447,0.99728,-0.06236,-0.00117,0.03935,-0.03700,-0.40781,-0.04066,
1540822824678558464,0.26600,-0.06988,0.27243,0.99698,-0.07034,-0.00285,0.03275,-0.02719,-0.34938,0.03202,
1540822824811167232,0.26204,-0.09721,0.27985,0.99683,-0.07736,-0.00322,0.01856,-0.02869,-0.00650,0.06977,
1540822824943969024,0.25921,-0.07447,0.28465,0.99706,-0.07617,-0.00585,0.00545,-0.01691,0.35583,-0.01333,
1540822825076647936,0.25552,-0.01697,0.28134,0.99825,-0.05624,-0.01412,-0.01148,-0.03838,0.44715,-0.03885,
1540822825209243904,0.24805,0.02971,0.27374,0.99866,-0.04576,-0.01553,-0.01862,-0.05594,0.14172,-0.06725,
1540822825341934848,0.24057,0.01775,0.26513,0.99916,-0.03729,-0.00116,-0.01669,-0.03995,-0.32274,-0.01129,
1540822825441453824,0.23685,-0.01880,0.26759,0.99884,-0.04698,0.00190,-0.01067,0.00246,-0.40601,0.06378,
1540822825540973312,0.23908,-0.05464,0.27620,0.99829,-0.05782,0.00052,-0.00828,0.06016,-0.27335,0.08790,
1540822825640535808,0.24684,-0.07264,0.28398,0.99762,-0.06856,-0.00259,-0.00703,0.08085,-0.01988,0.05564,
1540822825740011264,0.25270,-0.06422,0.28657,0.99767,-0.06699,-0.01080,-0.00642,0.02848,0.23599,-0.01441,
1540822825839529216,0.25408,-0.03644,0.28376,0.99807,-0.05815,-0.01820,-0.01191,0.00660,0.30385,-0.04314,
1540822825939091968,0.25645,-0.01003,0.27978,0.99803,-0.05334,-0.02586,-0.02062,0.04960,0.17930,-0.03571,
1540822826038574848,0.26221,0.00147,0.27635,0.99819,-0.04803,-0.03003,-0.02037,0.05814,0.03226,-0.03756,
1540822826171301376,0.26454,0.00122,0.27410,0.99873,-0.04343,-0.02450,-0.00693,-0.02292,-0.08221,-0.00666,
1540822826303991296,0.25594,-0.01167,0.27114,0.99878,-0.04194,-0.02270,-0.01265,-0.06831,-0.09012,-0.03402,
1540822826436662272,0.24968,-0.01906,0.26808,0.99880,-0.04184,-0.01725,-0.01864,-0.00684,-0.01911,-0.01385,
1540822826536203264,0.24990,-0.02088,0.26718,0.99873,-0.04481,-0.01717,-0.01523,0.01299,-0.00841,-0.02604,
1540822826668984832,0.25080,-0.02049,0.26413,0.99900,-0.04010,-0.01616,-0.01137,0.00813,0.00342,-0.01546,
1540822826768372992,0.25121,-0.01938,0.26364,0.99898,-0.04059,-0.01671,-0.01069,0.00013,0.00407,-0.00083,
1540822826901064960,0.25013,-0.01906,0.26447,0.99891,-0.04303,-0.01629,-0.00788,-0.02004,-0.01359,0.00922,
1540822827000625920,0.24652,-0.02024,0.26596,0.99884,-0.04425,-0.01674,-0.00916,-0.05275,-0.02463,0.01021,
1540822827100180992,0.23895,-0.02255,0.26639,0.99882,-0.04519,-0.01363,-0.01167,-0.10203,-0.02142,-0.00286,
1540822827232796160,0.21940,-0.02523,0.26498,0.99877,-0.04653,-0.00172,-0.01688,-0.20522,-0.02741,-0.01602,
1540822827332314112,0.19598,-0.02871,0.26353,0.99850,-0.04776,0.01132,-0.02414,-0.24852,-0.04909,-0.00179,
1540822827431874816,0.17382,-0.03411,0.26431,0.99773,-0.05230,0.01975,-0.03753,-0.15428,-0.06139,0.00607,
1540822827564599040,0.17130,-0.04149,0.26441,0.99705,-0.05154,0.02614,-0.05043,0.16139,-0.04341,0.01097,
1540822827664044800,0.19569,-0.04443,0.26707,0.99741,-0.05439,0.01366,-0.04498,0.38115,-0.01035,0.02296,
1540822827796737024,0.25561,-0.04123,0.27143,0.99847,-0.04991,-0.01059,-0.02112,0.46528,0.04718,0.03690,
1540822827896304896,0.29470,-0.03496,0.27350,0.99850,-0.04870,-0.02485,0.00216,0.27665,0.06842,0.00194,
1540822827995853824,0.30822,-0.02876,0.27079,0.99859,-0.04196,-0.02716,0.01790,-0.03788,0.02731,-0.06372,
1540822828194862848,0.26480,-0.03081,0.25136,0.99971,-0.02386,0.00003,0.00450,-0.24257,-0.02484,-0.01906,
1540822828327504128,0.24431,-0.03515,0.27260,0.99981,-0.01556,0.00063,-0.01156,-0.07099,-0.03418,0.34894,
1540822828460235776,0.23955,-0.04074,0.32782,0.99936,-0.02482,-0.00747,-0.02457,0.01776,-0.08612,0.47899,
1540822828592889600,0.24031,-0.05430,0.38689,0.99761,-0.06065,-0.00987,-0.03162,0.02190,-0.11298,0.37986,
1540822828692448000,0.24133,-0.06365,0.41363,0.99470,-0.09793,-0.00862,-0.03029,0.02870,-0.08759,0.10508,
1540822828791926016,0.24442,-0.06829,0.40806,0.99296,-0.11318,-0.01963,-0.02897,0.04025,-0.01731,-0.28524,
1540822828891443712,0.24588,-0.06693,0.36845,0.99451,-0.10074,-0.01689,-0.02288,0.02359,0.04548,-0.54028,
1540822828990963968,0.24426,-0.05986,0.31650,0.99752,-0.06793,-0.00696,-0.01718,-0.00234,0.06879,-0.49227,
1540822829090482944,0.23834,-0.05145,0.27665,0.99875,-0.04333,-0.00425,-0.02475,-0.04368,0.05831,-0.31988,
1540822829190003456,0.23008,-0.04422,0.25443,0.99927,-0.02278,0.00584,-0.03025,-0.04855,0.05708,-0.08005,
1540822829289520896,0.22269,-0.04316,0.25816,0.99932,-0.01103,0.01682,-0.03084,-0.04390,-0.04754,0.23281,
1540822829389039872,0.22032,-0.04828,0.29171,0.99927,-0.01136,0.00602,-0.03596,-0.01901,-0.09837,0.42508,
1540822829488559104,0.21972,-0.06004,0.33239,0.99839,-0.03715,0.01087,-0.04141,0.00275,-0.14132,0.38819,
1540822829588078848,0.22333,-0.07059,0.36148,0.99648,-0.06909,0.00121,-0.04749,0.05287,-0.06257,0.11002,
1540822829720851968,0.23356,-0.06983,0.34145,0.99644,-0.06275,-0.01453,-0.05447,0.08656,0.07692,-0.40814,
1540822829820290816,0.23569,-0.05950,0.29875,0.99834,-0.03100,-0.00531,-0.04825,-0.00807,0.12936,-0.47303,
1540822829919808000,0.22565,-0.04807,0.26166,0.99854,-0.00105,0.00926,-0.05325,-0.16341,0.05975,-0.28015,
1540822830019412992,0.20292,-0.04968,0.24328,0.99772,0.00895,0.02237,-0.06300,-0.23119,-0.10568,-0.07730,
1540822830118847488,0.18083,-0.06826,0.24173,0.99671,-0.00201,0.03098,-0.07483,-0.16054,-0.25791,0.05889,
1540822830218366976,0.17068,-0.09501,0.24917,0.99537,-0.02118,0.02786,-0.08953,-0.00081,-0.27287,0.12653,
1540822830351095040,0.18678,-0.12534,0.26883,0.99497,-0.04640,0.01353,-0.08777,0.26690,-0.15602,0.15064,
1540822830450576896,0.21926,-0.13454,0.28282,0.99571,-0.06231,0.00237,-0.06836,0.39259,-0.02243,0.10222,
1540822830550096128,0.26044,-0.12769,0.29008,0.99706,-0.06430,-0.01000,-0.04048,0.41670,0.17871,0.03045,
1540822830649614336,0.29574,-0.10082,0.29077,0.99825,-0.05535,-0.01862,-0.00968,0.27228,0.36100,-0.03965,
1540822830749132800,0.31061,-0.05868,0.28394,0.99919,-0.03025,-0.02165,0.01522,-0.01199,0.42865,-0.10540,
1540822830848651776,0.29366,-0.01924,0.27171,0.99968,-0.00950,-0.01168,0.02029,-0.32463,0.30044,-0.11673,
1540822830948171008,0.25197,-0.00196,0.26214,0.99985,0.00699,0.00712,0.01393,-0.48376,-0.02042,-0.06713,
1540822831047689984,0.20294,-0.01882,0.26017,0.99932,0.00142,0.03411,-0.01427,-0.43834,-0.33143,0.04142,
1540822831147208960,0.16614,-0.05538,0.26520,0.99770,-0.01625,0.04942,-0.04353,-0.25621,-0.46683,0.06370,
1540822831246727936,0.15303,-0.09612,0.27093,0.99598,-0.03546,0.05624,-0.06009,0.07192,-0.42406,0.09858,
1540822831346247936,0.17036,-0.13052,0.28006,0.99564,-0.05809,0.03984,-0.06110,0.31744,-0.27230,0.08895,
1540822831445765888,0.20046,-0.14317,0.28485,0.99598,-0.07218,0.02028,-0.04906,0.33339,0.05377,-0.03254,
1540822831545284864,0.22510,-0.12446,0.27785,0.99746,-0.06299,0.01477,-0.02975,0.19333,0.30557,-0.14836,
1540822831644804096,0.23800,-0.08730,0.26440,0.99906,-0.03773,0.01168,-0.01791,0.07873,0.39157,-0.13476,
1540822831744323328,0.24058,-0.04603,0.25304,0.99966,-0.01026,0.01472,-0.01878,-0.00539,0.40853,-0.07097,
1540822831877091328,0.23764,0.01018,0.25670,0.99944,0.01584,0.02845,-0.00812,-0.00365,0.37437,0.19526,
1540822832009708032,0.23812,0.04463,0.29867,0.99953,0.01293,0.02700,0.00582,0.03347,0.05335,0.46497,
1540822832109334784,0.24024,0.03925,0.34826,0.99974,-0.01863,0.01299,0.00291,0.03860,-0.24233,0.52022,
1540822832208877056,0.24122,0.00650,0.39557,0.99772,-0.06664,0.00859,-0.00551,-0.00743,-0.48086,0.39119,
1540822832308264960,0.23974,-0.04204,0.42950,0.99264,-0.12051,0.00343,-0.01175,-0.01354,-0.52877,0.22847,
1540822832407825664,0.23668,-0.09129,0.44068,0.98903,-0.14590,-0.00224,-0.02276,-0.03394,-0.47155,-0.02396,
1540822832606832896,0.22972,-0.14950,0.39857,0.98891,-0.14199,-0.00334,-0.04340,-0.04077,-0.10716,-0.42690,
1540822832706414848,0.22283,-0.14810,0.35326,0.99225,-0.11381,0.00790,-0.04926,-0.02703,0.13107,-0.50791,
1540822832805860096,0.21736,-0.12682,0.30375,0.99613,-0.06519,0.01264,-0.05767,-0.01344,0.28472,-0.48328,
1540822832905378048,0.21307,-0.09993,0.26144,0.99762,-0.02780,0.02008,-0.05987,0.00780,0.25769,-0.34606,
1540822833004941824,0.21563,-0.07611,0.23302,0.99796,-0.00420,0.02142,-0.05999,0.11749,0.18952,-0.20842,
1540822833104416000,0.23203,-0.05952,0.21912,0.99800,0.01592,0.01530,-0.05926,0.28604,0.13512,-0.01785,
1540822833203935744,0.26470,-0.04896,0.22728,0.99911,0.01800,-0.00193,-0.03821,0.41588,0.07011,0.20485,
1540822833303493120,0.30876,-0.04378,0.25741,0.99960,0.01288,-0.02280,-0.01040,0.45194,0.02202,0.41731,
1540822833403046912,0.34953,-0.04459,0.30626,0.99893,0.00033,-0.04262,0.01810,0.33215,-0.05181,0.56707,
1540822833502535936,0.37320,-0.05131,0.36485,0.99740,-0.03203,-0.04990,0.04100,0.13370,-0.10107,0.58993,
1540822833602011904,0.37573,-0.06270,0.42275,0.99458,-0.07514,-0.04727,0.05412,-0.08140,-0.15087,0.53982,
1540822833701530880,0.35582,-0.07617,0.47042,0.99077,-0.12011,-0.03718,0.05060,-0.30431,-0.18673,0.35293,
1540822833801049088,0.31499,-0.09284,0.49540,0.98663,-0.16032,-0.01182,0.02689,-0.45682,-0.22719,0.07082,
1540822833900610816,0.26643,-0.10642,0.49516,0.98449,-0.17486,0.01256,-0.00696,-0.44904,-0.16008,-0.19193,
1540822834000129024,0.22122,-0.11519,0.46630,0.98384,-0.17245,0.03375,-0.03446,-0.37315,-0.08780,-0.47143,
1540822834099607040,0.19079,-0.11433,0.41165,0.98674,-0.14297,0.05113,-0.05735,-0.17799,0.02267,-0.63305,
1540822834199126016,0.18265,-0.10319,0.34657,0.99251,-0.08906,0.04515,-0.07039,0.05533,0.11727,-0.64503,
1540822834298735872,0.19643,-0.08829,0.28777,0.99647,-0.03604,0.03003,-0.06957,0.27860,0.14797,-0.48254,
1540822834398167552,0.22513,-0.07325,0.24725,0.99867,-0.00476,0.01283,-0.04963,0.41963,0.13076,-0.26263,
1540822834497683712,0.26085,-0.06163,0.23217,0.99954,0.01620,-0.00828,-0.02411,0.52146,0.09037,0.02649,
1540822834597202944,0.30911,-0.05466,0.24550,0.99961,0.01156,-0.02396,0.00790,0.53338,0.04340,0.29524,
1540822834696721408,0.35763,-0.05280,0.28466,0.99845,-0.01210,-0.03790,0.03891,0.40836,-0.03080,0.48473,
1540822834796243200,0.38691,-0.06016,0.33640,0.99651,-0.04227,-0.04759,0.05409,0.16085,-0.12356,0.53995,
1540822834995413504,0.36820,-0.09273,0.42491,0.99165,-0.11374,-0.04595,0.03970,-0.30989,-0.21155,0.26899,
1540822835094879232,0.33060,-0.10792,0.44421,0.98966,-0.13937,-0.03135,0.01282,-0.43252,-0.19121,0.07308,
1540822835194529024,0.28596,-0.11976,0.44319,0.98732,-0.15741,-0.01739,-0.01100,-0.43389,-0.11552,-0.14009,
1540822835293837056,0.24568,-0.12582,0.41995,0.98774,-0.15259,-0.00977,-0.03158,-0.32451,-0.06597,-0.34293,
1540822835393395968,0.21458,-0.12620,0.38028,0.98899,-0.13690,-0.00679,-0.05576,-0.22233,0.01364,-0.47323,
1540822835492876800,0.19413,-0.11977,0.33128,0.99050,-0.11841,-0.00047,-0.06986,-0.09915,0.06738,-0.51524,
1540822835592398336,0.18725,-0.10958,0.28132,0.99248,-0.10079,0.00244,-0.06942,0.01596,0.07430,-0.47518,
1540822835691911936,0.18762,-0.09898,0.23727,0.99495,-0.08195,0.00209,-0.05795,0.06132,0.06589,-0.39527,
1540822835791430912,0.19227,-0.09016,0.20262,0.99606,-0.07451,0.00101,-0.04810,0.07457,0.07904,-0.31074,
1540822835924122880,0.20035,-0.07727,0.16374,0.99739,-0.06476,0.00055,-0.03192,0.07212,0.10753,-0.27175,
1540822836023640832,0.20675,-0.06631,0.13792,0.99805,-0.05906,0.00466,-0.01986,0.07380,0.09214,-0.22464,
1540822836123159552,0.21236,-0.05759,0.11710,0.99827,-0.05664,0.00607,-0.01446,0.05959,0.07426,-0.18738,
1540822836222718208,0.21528,-0.05083,0.09896,0.99861,-0.05094,0.00832,-0.01045,0.01989,0.04044,-0.17870,
1540822836322197248,0.21565,-0.04716,0.08292,0.99876,-0.04686,0.01260,-0.01120,0.00427,0.01780,-0.13732,
1540822836454962688,0.21598,-0.04375,0.06675,0.99918,-0.03593,0.00882,-0.01630,0.00542,0.02060,-0.11118,
1540822836620793088,0.21561,-0.04122,0.04934,0.99945,-0.02468,0.01563,-0.01546,-0.01321,-0.00466,-0.09502,
1540822836720352000,0.21342,-0.04224,0.04162,0.99946,-0.01785,0.01797,-0.02100,-0.01282,-0.01520,-0.06075,
1540822836853039104,0.21122,-0.04320,0.03469,0.99945,-0.01112,0.01575,-0.02692,-0.01121,-0.01054,-0.05280,
1540822836952562688,0.21050,-0.04299,0.03008,0.99944,-0.00805,0.01673,-0.02786,0.00296,0.00040,-0.04645,
1540822837052005120,0.21076,-0.04198,0.02596,0.99945,-0.00440,0.01640,-0.02866,0.01329,0.00645,-0.04063,
1540822837151620864,0.21193,-0.04125,0.02242,0.99942,-0.00025,0.01547,-0.03031,0.01395,0.00537,-0.02859,
1540822837284264192,0.21221,-0.04045,0.01935,0.99937,0.00376,0.01587,-0.03143,0.00467,-0.00066,-0.01826,
1540822837383733248,0.21227,-0.04043,0.01767,0.99933,0.00177,0.01561,-0.03308,0.00731,0.00273,-0.01168,
1540822837483252992,0.21242,-0.04065,0.01703,0.99934,-0.00012,0.01609,-0.03256,0.00500,-0.00422,0.00009,
1540822837615996416,0.21240,-0.04037,0.01609,0.99935,-0.00352,0.01589,-0.03230,0.00304,0.00382,-0.01311,
1540822837715463168,0.21204,-0.04023,0.01576,0.99934,-0.00523,0.01494,-0.03271,0.00702,-0.00424,0.00133,
1540822837914578432,0.21124,-0.04187,0.01516,0.99922,-0.00676,0.01282,-0.03670,-0.00266,0.02926,-0.00668,
1540822838080368128,0.21139,-0.04109,0.01497,0.99925,-0.00494,0.01317,-0.03596,0.00016,0.00867,0.00397,
1540822838179923968,0.21127,-0.04058,0.01507,0.99929,-0.00459,0.01367,-0.03493,-0.00005,0.01252,0.00348,
1540822838279404800,0.21084,-0.04049,0.01496,0.99926,-0.00433,0.01447,-0.03545,0.02096,-0.02403,0.00221,
1540822838379001856,0.21077,-0.04001,0.01500,0.99926,-0.00364,0.01465,-0.03528,0.00998,-0.02032,0.00324,
1540822838478441984,0.21107,-0.04034,0.01510,0.99927,-0.00428,0.01426,-0.03507,-0.00643,0.00419,-0.00256,
1540822838577960960,0.21139,-0.04079,0.01515,0.99927,-0.00533,0.01390,-0.03510,-0.00619,0.00904,-0.00248,
1540822838677479936,0.21126,-0.04070,0.01516,0.99927,-0.00547,0.01422,-0.03517,0.00575,-0.00472,0.00181,
1540822838777040128,0.21102,-0.04044,0.01511,0.99925,-0.00512,0.01455,-0.03538,0.01089,-0.01083,0.00237,
1540822838876564992,0.21101,-0.04042,0.01510,0.99925,-0.00521,0.01460,-0.03546,0.00533,-0.00442,0.00155,
1540822838976037376,0.21118,-0.04061,0.01514,0.99925,-0.00560,0.01447,-0.03550,-0.00142,0.00254,-0.00105,
1540822839075555840,0.21128,-0.04069,0.01517,0.99925,-0.00578,0.01440,-0.03558,0.00001,-0.00048,-0.00012,
1540822839175074816,0.21124,-0.04060,0.01515,0.99924,-0.00574,0.01449,-0.03572,0.00542,-0.00552,0.00100,
1540822839274639872,0.21116,-0.04053,0.01512,0.99923,-0.00548,0.01459,-0.03589,0.00716,-0.00630,0.00177,
1540822839374112256,0.21114,-0.04056,0.01511,0.99923,-0.00547,0.01460,-0.03594,0.00426,-0.00299,0.00069,
1540822839473635072,0.21118,-0.04062,0.01515,0.99923,-0.00571,0.01462,-0.03607,0.00204,-0.00087,0.00072,
1540822839573150976,0.21121,-0.04063,0.01516,0.99922,-0.00582,0.01454,-0.03628,0.00251,-0.00130,0.00025,
1540822839672670720,0.21119,-0.04059,0.01514,0.99921,-0.00577,0.01455,-0.03643,0.00469,-0.00401,0.00052,
1540822839772189952,0.21113,-0.04053,0.01516,0.99920,-0.00572,0.01465,-0.03668,0.00521,-0.00427,0.00141,
1540822839871709696,0.21112,-0.04054,0.01516,0.99920,-0.00565,0.01464,-0.03677,0.00444,-0.00340,0.00120,
1540822839971227904,0.21113,-0.04058,0.01519,0.99920,-0.00571,0.01468,-0.03680,0.00354,-0.00242,0.00125,
1540822840070787072,0.21114,-0.04062,0.01521,0.99920,-0.00573,0.01468,-0.03687,0.00382,-0.00246,0.00109,
1540822840170398976,0.21112,-0.04061,0.01522,0.99919,-0.00572,0.01477,-0.03705,0.00462,-0.00310,0.00163,
1540822840269786112,0.21118,-0.04051,0.01512,0.99917,-0.00623,0.01443,-0.03751,0.00316,-0.00343,0.00043,
1540822840369405952,0.21120,-0.04054,0.01511,0.99917,-0.00621,0.01454,-0.03760,0.00328,-0.00334,0.00033,
1540822840468824832,0.21118,-0.04054,0.01510,0.99916,-0.00642,0.01439,-0.03782,0.00263,-0.00274,0.00064,
1540822840568386304,0.21113,-0.04051,0.01518,0.99915,-0.00676,0.01445,-0.03805,0.00257,-0.00298,0.00103,
1540822840667861248,0.21110,-0.04051,0.01524,0.99914,-0.00698,0.01464,-0.03813,0.00351,-0.00308,0.00126,
1540822840767379968,0.21109,-0.04052,0.01526,0.99914,-0.00711,0.01469,-0.03821,0.00394,-0.00375,0.00130,
1540822840866938112,0.21108,-0.04051,0.01528,0.99913,-0.00711,0.01480,-0.03841,0.00419,-0.00404,0.00143,
1540822840966416896,0.21109,-0.04050,0.01530,0.99912,-0.00713,0.01496,-0.03860,0.00387,-0.00286,0.00072,
1540822841066001920,0.21107,-0.04048,0.01533,0.99911,-0.00709,0.01500,-0.03872,0.00358,-0.00274,0.00067,
1540822841165457664,0.21108,-0.04051,0.01531,0.99911,-0.00706,0.01504,-0.03874,0.00417,-0.00281,0.00049,
1540822841265021440,0.21107,-0.04048,0.01533,0.99910,-0.00709,0.01508,-0.03890,0.00474,-0.00272,0.00078,
1540822841397666048,0.21104,-0.04046,0.01532,0.99909,-0.00710,0.01507,-0.03916,0.00558,-0.00291,0.00072,
1540822841497184768,0.21105,-0.04048,0.01533,0.99909,-0.00701,0.01509,-0.03926,0.00458,-0.00295,0.00039,
1540822841596704000,0.21106,-0.04047,0.01533,0.99908,-0.00705,0.01521,-0.03945,0.00451,-0.00272,0.00017,
1540822841696265984,0.21107,-0.04049,0.01533,0.99908,-0.00700,0.01528,-0.03950,0.00495,-0.00299,0.00031,
1540822841795742976,0.21107,-0.04050,0.01534,0.99907,-0.00702,0.01525,-0.03963,0.00471,-0.00271,0.00095,
1540822841895302400,0.21107,-0.04050,0.01536,0.99906,-0.00708,0.01531,-0.03983,0.00481,-0.00251,0.00065,
1540822841994876416,0.21109,-0.04052,0.01536,0.99907,-0.00712,0.01537,-0.03970,0.00515,-0.00264,0.00046,
1540822842094338816,0.21108,-0.04050,0.01536,0.99906,-0.00722,0.01538,-0.03992,0.00471,-0.00276,0.00128,
1540822842193818112,0.21108,-0.04051,0.01537,0.99905,-0.00726,0.01540,-0.04012,0.00509,-0.00282,0.00066,
1540822842326580992,0.21106,-0.04050,0.01537,0.99905,-0.00701,0.01539,-0.04020,0.00715,-0.00353,0.00093,
1540822842426029824,0.21110,-0.04060,0.01540,0.99902,-0.00736,0.01570,-0.04068,0.00476,-0.00635,0.00211,
1540822842525588736,0.21112,-0.04053,0.01539,0.99905,-0.00733,0.01566,-0.04008,0.00658,-0.00426,-0.00335,
1540822842625143040,0.21113,-0.04052,0.01524,0.99906,-0.00734,0.01491,-0.04011,0.00408,-0.00288,-0.00214,
1540822842724584960,0.21114,-0.04063,0.01527,0.99906,-0.00768,0.01498,-0.03992,0.00123,-0.00284,0.00045,
1540822842824105984,0.21112,-0.04063,0.01528,0.99905,-0.00792,0.01509,-0.04009,0.00277,-0.00396,-0.00112,
1540822842923623680,0.21116,-0.04069,0.01529,0.99905,-0.00808,0.01508,-0.04005,0.00144,-0.00082,0.00350,
1540822843023216384,0.21111,-0.04063,0.01527,0.99904,-0.00807,0.01498,-0.04034,0.00303,-0.00146,-0.00073,
1540822843122661888,0.21108,-0.04061,0.01526,0.99904,-0.00818,0.01482,-0.04044,0.00213,-0.00072,0.00129,
1540822843222276864,0.21108,-0.04062,0.01527,0.99903,-0.00831,0.01501,-0.04064,0.00308,-0.00164,-0.00046,
1540822843321742336,0.21109,-0.04063,0.01526,0.99903,-0.00823,0.01491,-0.04067,0.00329,-0.00160,0.00025,
1540822843421219072,0.21107,-0.04062,0.01526,0.99902,-0.00828,0.01493,-0.04081,0.00262,-0.00276,0.00070,
1540822843553953024,0.21109,-0.04064,0.01526,0.99902,-0.00835,0.01491,-0.04086,0.00619,-0.00350,-0.00083,
1540822843653430016,0.21109,-0.04064,0.01527,0.99902,-0.00831,0.01494,-0.04091,0.00412,-0.00247,0.00041,
1540822843752950016,0.21108,-0.04064,0.01527,0.99901,-0.00825,0.01497,-0.04108,0.00470,-0.00094,0.00043,
1540822843852507904,0.21109,-0.04065,0.01527,0.99901,-0.00822,0.01507,-0.04113,0.00385,-0.00163,0.00091,
1540822843952028928,0.21109,-0.04065,0.01530,0.99900,-0.00827,0.01509,-0.04122,0.00347,-0.00466,-0.00092,
1540822844084719872,0.21108,-0.04061,0.01533,0.99899,-0.00850,0.01533,-0.04149,0.00515,-0.00264,0.00146,
1540822844184238848,0.21110,-0.04061,0.01535,0.99898,-0.00837,0.01528,-0.04158,0.00629,-0.00158,0.00265,
1540822844283760128,0.21111,-0.04067,0.01538,0.99898,-0.00847,0.01521,-0.04155,0.01164,0.00025,-0.00165,
1540822844383371776,0.21111,-0.04064,0.01537,0.99898,-0.00855,0.01475,-0.04178,0.00691,0.00342,0.00277,
1540822844482798080,0.21116,-0.04072,0.01543,0.99899,-0.00870,0.01465,-0.04164,0.00518,-0.00913,-0.00514,
1540822844582342912,0.21116,-0.04067,0.01540,0.99897,-0.00877,0.01473,-0.04204,0.00217,0.00163,0.00065,
1540822844681794048,0.21115,-0.04069,0.01546,0.99899,-0.00861,0.01456,-0.04163,0.00392,0.00302,0.00143,
1540822844781357824,0.21112,-0.04074,0.01546,0.99896,-0.00911,0.01448,-0.04222,0.00352,-0.00092,-0.00133,
1540822844880942848,0.21115,-0.04077,0.01552,0.99897,-0.00881,0.01443,-0.04217,0.00628,-0.01032,-0.00058,
1540822844980465920,0.21145,-0.04135,0.01542,0.99897,-0.00941,0.01454,-0.04196,0.00808,-0.01223,-0.02088,
1540822845079870208,0.21351,-0.04340,0.01255,0.99905,-0.00833,0.01358,-0.04059,0.02420,-0.03105,-0.02872,
1540822845179398400,0.21219,-0.04118,0.01465,0.99903,-0.00991,0.01287,-0.04102,0.01854,0.00543,0.01068,
1540822845278907904,0.21138,-0.04059,0.01612,0.99899,-0.00930,0.01399,-0.04171,0.00061,-0.00326,0.01713,
1540822845378428928,0.21102,-0.04042,0.01720,0.99899,-0.00782,0.01414,-0.04189,0.00350,0.00123,0.03222,
1540822845477946880,0.21142,-0.04030,0.01656,0.99903,-0.00819,0.01209,-0.04160,-0.00557,-0.00284,0.03698,
1540822845577464832,0.21088,-0.04090,0.01843,0.99901,-0.00965,0.00992,-0.04237,-0.00524,-0.01297,0.02587,
1540822845677024768,0.20970,-0.04172,0.02109,0.99888,-0.01206,0.00463,-0.04550,0.00139,-0.00883,0.05263,
1540822845776500992,0.20927,-0.04341,0.02489,0.99875,-0.01689,-0.00094,-0.04710,-0.01089,-0.02816,0.04371,
1540822845876020992,0.20569,-0.04385,0.03176,0.99856,-0.02480,-0.00501,-0.04740,-0.04092,0.00337,0.07461,
1540822845975581440,0.19704,-0.04082,0.04069,0.99851,-0.02722,-0.00574,-0.04697,-0.09570,0.03814,0.08728,
1540822846075132160,0.18232,-0.03444,0.04784,0.99886,-0.02821,0.00581,-0.03817,-0.15368,0.07855,0.08010,
1540822846174625024,0.16574,-0.02560,0.05752,0.99922,-0.02480,0.01787,-0.02517,-0.16163,0.10365,0.14598,
1540822846274097920,0.14888,-0.01355,0.07599,0.99938,-0.02250,0.02324,-0.01366,-0.15325,0.12188,0.27024,
1540822846373617920,0.13395,-0.00066,0.10247,0.99945,-0.02211,0.02358,-0.00739,-0.09832,0.11805,0.37788,
1540822846473212672,0.12525,0.01145,0.13981,0.99957,-0.01870,0.02168,-0.00599,-0.06978,0.13516,0.40024,
1540822846572701440,0.11634,0.02460,0.18220,0.99970,-0.01163,0.02051,-0.00714,-0.06883,0.11788,0.45731,
1540822846672253952,0.10672,0.03587,0.22850,0.99969,-0.01137,0.02067,-0.00820,-0.06300,0.09733,0.48399,
1540822846771691776,0.09746,0.04519,0.27684,0.99954,-0.00972,0.02744,-0.00846,-0.07994,0.10084,0.49532,
1540822846871284992,0.09025,0.05416,0.32867,0.99912,-0.00427,0.04140,-0.00547,-0.03027,0.07411,0.54092,
1540822846970858240,0.08993,0.05991,0.38530,0.99851,-0.00362,0.05433,-0.00269,0.03532,0.03938,0.58920,
1540822847070249728,0.09800,0.06149,0.44555,0.99786,-0.00314,0.06525,-0.00255,0.14005,0.00192,0.63721,
1540822847169768704,0.11767,0.05922,0.51084,0.99773,-0.00360,0.06720,-0.00317,0.26850,-0.03084,0.65314,
1540822847269336320,0.14847,0.05406,0.57638,0.99713,-0.00190,0.07559,-0.00211,0.34495,-0.04804,0.67459,
1540822847368878848,0.18978,0.04734,0.64466,0.99602,0.00039,0.08899,0.00405,0.48764,-0.08486,0.69534,
1540822847468370176,0.24622,0.03762,0.71456,0.99432,0.00168,0.10554,0.01396,0.61343,-0.11833,0.70763,
1540822847567843840,0.31883,0.02526,0.78563,0.99171,0.00425,0.12615,0.02406,0.82012,-0.15260,0.74183,
1540822847667436032,0.41323,0.00879,0.86191,0.98945,-0.00682,0.14046,0.03479,1.06089,-0.20603,0.76728,
1540822847766956800,0.53185,-0.00893,0.93849,0.98752,-0.01955,0.14923,0.04637,1.29464,-0.15925,0.77155,
1540822847866401792,0.67393,-0.02329,1.01370,0.98510,-0.01802,0.16152,0.05617,1.58180,-0.15476,0.74760,
1540822847965920000,0.84643,-0.03768,1.08681,0.98370,-0.01789,0.16618,0.06635,1.88554,-0.13887,0.70714,
1540822848065493760,1.04699,-0.04878,1.15468,0.98358,-0.01577,0.16282,0.07623,2.14567,-0.10771,0.66255,
1540822848165090816,1.26960,-0.05538,1.21372,0.98331,-0.00777,0.16057,0.08516,2.38512,-0.08107,0.58447,
1540822848264664832,1.51616,-0.06091,1.26472,0.98297,-0.00325,0.15765,0.09442,2.61504,-0.10323,0.44683,
1540822848364173312,1.78297,-0.06465,1.30383,0.98245,-0.00420,0.15362,0.10575,2.82273,-0.06677,0.37727,
1540822848463693056,2.07160,-0.06415,1.33484,0.98113,-0.00890,0.14906,0.12281,3.05956,-0.06728,0.23282,
1540822848563267584,2.38528,-0.06655,1.35531,0.97878,-0.02434,0.14400,0.14377,3.23585,-0.02098,0.16376,
1540822848662863616,2.71293,-0.06048,1.36991,0.97529,-0.04161,0.13880,0.16679,3.40739,0.06357,0.11755,
1540822848762306816,3.05935,-0.04218,1.38099,0.97023,-0.05940,0.13350,0.19314,3.58141,0.18702,0.05203,
1540822848861931776,3.42328,-0.00914,1.38837,0.96316,-0.07852,0.12873,0.22268,3.72423,0.34527,0.00229,
1540822848961384704,3.79374,0.04281,1.39098,0.95339,-0.09748,0.12357,0.25746,3.81123,0.56081,-0.02799,
1540822849060862976,4.17470,0.11911,1.39132,0.94030,-0.11400,0.11932,0.29767,3.89340,0.81333,-0.05505,
1540822849160423168,4.56318,0.22205,1.39292,0.92523,-0.12535,0.11609,0.33876,3.94181,1.08587,-0.07701,
1540822849259900928,4.95450,0.35303,1.39253,0.90886,-0.13035,0.11531,0.37907,3.96484,1.37726,-0.09694,
1540822849392794368,5.47350,0.57073,1.38206,0.88584,-0.12495,0.11773,0.43106,3.98272,1.75586,-0.13221,
1540822849492152832,5.86246,0.76808,1.37184,0.86313,-0.13893,0.11110,0.47261,4.03627,2.02684,-0.18711,
1540822849657978624,6.51745,1.15861,1.34181,0.80404,-0.19147,0.08228,0.55686,3.88357,2.57768,-0.23496,
1540822849757495808,6.86737,1.44398,1.32497,0.76274,-0.21871,0.06545,0.60507,3.65373,2.95616,-0.32712,
1540822849890187776,7.27947,1.88643,1.29673,0.70747,-0.23879,0.03788,0.66410,3.20093,3.48858,-0.35832,
1540822850022879744,7.61943,2.39127,1.26015,0.64709,-0.25152,-0.00253,0.71973,2.62789,3.93562,-0.42750,
1540822850122399744,7.83055,2.80254,1.22842,0.59324,-0.25848,-0.03760,0.76147,2.06757,4.19257,-0.41769,
1540822850255090688,8.03927,3.37430,1.17790,0.50646,-0.24916,-0.08514,0.82108,1.25186,4.35120,-0.43038,
1540822850354609920,8.12255,3.80421,1.14396,0.43080,-0.23252,-0.11873,0.86386,0.66738,4.28016,-0.42735,
1540822850487303168,8.14362,4.34889,1.10168,0.32679,-0.21303,-0.16580,0.90572,-0.05731,4.00489,-0.42670,
1540822850620000000,8.06903,4.83720,1.05629,0.23590,-0.20438,-0.19668,0.92946,-0.76459,3.50020,-0.52870,
1540822850719641600,7.93584,5.14509,1.01905,0.18253,-0.19922,-0.18513,0.94484,-1.32938,3.09829,-0.54314,
1540822850885453824,7.63782,5.58407,0.93916,0.11009,-0.16530,-0.16150,0.96668,-2.01320,2.39132,-0.50674,
1540822850984967680,7.41410,5.80124,0.89166,0.07641,-0.14739,-0.13491,0.97685,-2.34237,2.08091,-0.42267,
1540822851084416512,7.16407,6.01019,0.85062,0.04124,-0.13644,-0.13212,0.98093,-2.60024,1.81128,-0.35083,
1540822851217109760,6.79475,6.23145,0.80879,0.00511,-0.14367,-0.12674,0.98146,-2.97657,1.41948,-0.22488,
1540822851349927936,6.37831,6.39211,0.78364,-0.02725,-0.14118,-0.11430,0.98298,-3.31412,1.00352,-0.10773,
1540822851482620672,5.92033,6.50594,0.77397,-0.04541,-0.13966,-0.08301,0.98567,-3.61652,0.65395,0.03436,
1540822851582013440,5.54496,6.57453,0.77472,-0.05090,-0.13595,-0.05840,0.98768,-3.85157,0.53002,0.12134,
1540822851681529856,5.14216,6.62893,0.78324,-0.05037,-0.13563,-0.04502,0.98845,-4.08899,0.44240,0.20564,
1540822851814260736,4.57873,6.68013,0.81603,-0.04650,-0.12694,-0.03411,0.99023,-4.36139,0.28205,0.37148,
1540822851946927872,3.98987,6.71562,0.86798,-0.04060,-0.11593,-0.01109,0.99237,-4.54030,0.21964,0.49178,
1540822852046475776,3.53249,6.73936,0.91215,-0.03711,-0.11456,0.00050,0.99272,-4.69378,0.22939,0.51886,
1540822852146036992,3.06251,6.76183,0.96166,-0.03440,-0.11072,0.00947,0.99321,-4.83706,0.25579,0.52914,
1540822852245549824,2.57880,6.79475,1.01218,-0.03075,-0.10353,0.01025,0.99410,-4.91706,0.28739,0.49169,
1540822852378304512,1.92607,6.84037,1.07006,-0.01620,-0.10355,0.00746,0.99446,-5.04347,0.32563,0.39315,
1540822852577259008,0.91196,6.91352,1.12509,0.02623,-0.10151,-0.00761,0.99446,-5.20937,0.38378,0.10830,
1540822852676860928,0.39849,6.95083,1.13277,0.05045,-0.10035,-0.01448,0.99357,-5.25767,0.31856,0.00619,
1540822852809553152,-0.29792,6.99531,1.12372,0.07818,-0.09477,-0.00795,0.99239,-5.36649,0.30758,-0.12607,
1540822852942415360,-1.01164,7.04503,1.10155,0.10336,-0.07046,-0.00197,0.99214,-5.42955,0.33924,-0.15594,
1540822853041902592,-1.54362,7.09546,1.08365,0.12705,-0.05627,0.00004,0.99030,-5.40885,0.39196,-0.18884,
1540822853174674688,-2.24766,7.16165,1.05354,0.17678,-0.04360,0.00967,0.98324,-5.34787,0.44155,-0.24090,
1540822853274113536,-2.75486,7.22588,1.02580,0.23075,-0.03913,0.03159,0.97171,-5.29310,0.53346,-0.27865,
1540822853373674752,-3.24757,7.30598,0.99840,0.29038,-0.03617,0.05929,0.95439,-5.14481,0.69265,-0.27689,
1540822853506325760,-3.88765,7.44049,0.96558,0.36634,-0.03068,0.08935,0.92567,-4.93689,0.95863,-0.25554,
1540822853605932800,-4.32428,7.58159,0.94510,0.41400,-0.03166,0.09612,0.90464,-4.69093,1.24271,-0.18875,
1540822853705402880,-4.74121,7.74185,0.93682,0.45414,-0.03465,0.09596,0.88507,-4.46329,1.44047,-0.08549,
1540822853838136576,-5.28884,7.97555,0.94409,0.50566,-0.03770,0.10354,0.85566,-4.18751,1.77439,0.06678,
1540822853937575680,-5.64170,8.20697,0.98137,0.54593,-0.03916,0.11402,0.82911,-3.91815,2.05809,0.16273,
1540822854070268672,-6.13100,8.51562,1.01113,0.60543,-0.03979,0.12692,0.78470,-3.59957,2.37016,0.25216,
1540822854169785856,-6.50639,8.77264,1.03315,0.64667,-0.03831,0.13815,0.74918,-3.38185,2.60879,0.29473,
1540822854269345792,-6.87182,9.05635,1.05900,0.68415,-0.03566,0.14946,0.71297,-3.14974,2.83532,0.35262,
1540822854401995776,-7.28260,9.46304,1.10483,0.72783,-0.02695,0.16655,0.66468,-2.74446,3.13095,0.41923,
1540822854501556736,-7.56863,9.79702,1.13912,0.75703,-0.02170,0.17696,0.62859,-2.38586,3.35022,0.42353,
1540822854601074688,-7.82460,10.15263,1.17428,0.78506,-0.01818,0.18215,0.59175,-2.02595,3.53362,0.45725,
1540822854700655872,-8.04988,10.52945,1.21237,0.81145,-0.01704,0.18250,0.55494,-1.67940,3.69918,0.48833,
1540822854800077312,-8.23288,10.91942,1.25283,0.83563,-0.01315,0.18765,0.51608,-1.31985,3.84707,0.48134,
1540822854932751616,-8.38027,11.44421,1.31426,0.86667,0.00005,0.19185,0.46051,-0.77468,3.97978,0.50352,
1540822855065544192,-8.45098,11.97373,1.37585,0.89330,0.01780,0.20331,0.40047,-0.23719,4.00681,0.45513,
1540822855164872192,-8.45260,12.36864,1.41681,0.91024,0.03181,0.21287,0.35374,0.21371,3.99485,0.41944,
1540822855297560320,-8.38070,12.89263,1.46865,0.93095,0.04755,0.21647,0.29018,0.86888,3.89852,0.37911,
1540822855563030784,-7.98410,13.87919,1.55967,0.96256,0.07519,0.21090,0.15278,2.07854,3.48712,0.30893,
1540822855761917184,-7.48234,14.51217,1.61826,0.97424,0.10343,0.19752,0.03398,2.90473,2.91402,0.26554,
1540822855927785728,-6.95524,14.94850,1.66054,0.97332,0.12903,0.17602,-0.07075,3.41183,2.29787,0.20831,
1540822856027304704,-6.60068,15.15826,1.68716,0.96663,0.14361,0.16638,-0.13160,3.63586,1.88542,0.20061,
1540822856193862656,-5.96958,15.41769,1.72638,0.94602,0.17009,0.15057,-0.23117,3.89162,1.13797,0.17383,
1540822856325927424,-5.45249,15.50594,1.75566,0.92028,0.20003,0.13594,-0.30757,3.97696,0.44178,0.14124,
1540822856458547712,-4.93669,15.50228,1.77687,0.88579,0.23434,0.12002,-0.38218,3.91439,-0.31710,0.06788,
1540822856558066944,-4.56036,15.43268,1.78233,0.85668,0.25491,0.10762,-0.43536,3.77502,-0.91633,-0.02142,
1540822856690802688,-4.08940,15.24972,1.77212,0.81505,0.27426,0.08971,-0.50242,3.46473,-1.68868,-0.13876,
1540822856790279680,-3.76850,15.04670,1.75577,0.78474,0.27795,0.07672,-0.54867,3.16045,-2.23957,-0.21480,
1540822856889796864,-3.47934,14.79315,1.73033,0.75876,0.27021,0.06485,-0.58912,2.81165,-2.74798,-0.28483,
1540822856989394688,-3.22869,14.49379,1.70205,0.74138,0.25059,0.05632,-0.61999,2.47639,-3.16908,-0.27183,
1540822857155181568,-2.87769,13.90642,1.65534,0.73314,0.22696,0.04690,-0.63937,1.87737,-3.82657,-0.22049,
1540822857254775552,-2.72155,13.50269,1.63232,0.73773,0.20662,0.05029,-0.64073,1.55369,-4.16595,-0.16463,
1540822857387453184,-2.54504,12.91937,1.61255,0.75406,0.18940,0.05330,-0.62664,1.22463,-4.60414,-0.06925,
1540822857486970880,-2.44140,12.44681,1.60447,0.77108,0.17167,0.05748,-0.61046,0.98598,-4.87498,0.08340,
1540822857586560512,-2.35887,11.94524,1.61108,0.78872,0.14838,0.06631,-0.59288,0.79265,-5.18560,0.20087,
1540822857686077696,-2.28826,11.41679,1.62915,0.80636,0.12056,0.08049,-0.57338,0.69753,-5.40217,0.33730,
1540822857785662464,-2.21868,10.86675,1.66272,0.82021,0.09586,0.09722,-0.55553,0.66376,-5.61340,0.44583,
1540822857918422016,-2.12154,10.10670,1.72393,0.83448,0.06247,0.11825,-0.53456,0.77439,-5.79987,0.54216,
1540822858051111680,-1.99889,9.32692,1.79371,0.84811,0.04169,0.12952,-0.51205,0.98811,-5.92111,0.57474,
1540822858183892224,-1.84850,8.53406,1.86584,0.86646,0.02160,0.13839,-0.47920,1.22401,-6.01463,0.58035,
1540822858316542976,-1.65817,7.73675,1.94296,0.88533,0.00811,0.14428,-0.44194,1.54780,-6.01242,0.59084,
1540822858416067072,-1.48146,7.13714,1.99914,0.89846,0.01157,0.14331,-0.41484,1.76330,-6.04789,0.55323,
1540822858548755456,-1.21807,6.33451,2.06091,0.91587,0.00643,0.14542,-0.37416,2.02584,-6.08024,0.44576,
1540822858648273920,-0.99528,5.73194,2.09810,0.93047,-0.01038,0.14559,-0.33603,2.23332,-6.05525,0.36020,
1540822858747833344,-0.74526,5.14196,2.12476,0.94345,-0.02886,0.14982,-0.29432,2.44802,-5.94959,0.24840,
1540822858847414016,-0.47623,4.56344,2.14215,0.95540,-0.04491,0.15618,-0.24657,2.67950,-5.80243,0.15008,
1540822858946779136,-0.18004,4.01235,2.14984,0.96487,-0.06068,0.16218,-0.19761,2.93350,-5.65605,-0.01130,
1540822859046298112,0.13680,3.47534,2.14858,0.97107,-0.08407,0.16765,-0.14781,3.19042,-5.45103,-0.14093,
1540822859145817088,0.48363,2.97378,2.13965,0.97400,-0.10935,0.17162,-0.09956,3.46442,-5.16753,-0.21764,
1540822859245335808,0.85829,2.50557,2.12313,0.97384,-0.13454,0.17442,-0.05569,3.72918,-4.81434,-0.35775,
1540822859344855040,1.25899,2.06535,2.09314,0.97342,-0.14806,0.17424,-0.01305,4.00923,-4.41862,-0.42430,
1540822859444485376,1.68015,1.63945,2.05355,0.97289,-0.15759,0.16615,0.03227,4.29242,-3.98303,-0.47919,
1540822859544006400,2.12452,1.24869,2.00585,0.96928,-0.17046,0.15874,0.07902,4.49604,-3.59797,-0.54132,
1540822859709869568,2.90216,0.69802,1.90698,0.95638,-0.19547,0.14820,0.15867,4.76508,-2.81003,-0.66046,
1540822859875693568,3.71903,0.27299,1.78905,0.93578,-0.21424,0.13648,0.24453,4.94100,-1.95445,-0.74025,
1540822860008386560,4.39081,0.02265,1.68468,0.91328,-0.22551,0.12168,0.31665,4.94560,-1.23109,-0.76300,
1540822860141079552,5.05529,-0.13079,1.57738,0.89223,-0.20683,0.11361,0.38501,4.87817,-0.50591,-0.72762,
1540822860240595456,5.56457,-0.21768,1.50057,0.87303,-0.19130,0.10292,0.43661,4.80478,-0.10069,-0.73208,
1540822860340210688,6.04230,-0.22232,1.42578,0.85003,-0.18403,0.09748,0.48382,4.70081,0.31762,-0.68609,
1540822860439715584,6.49477,-0.16674,1.36119,0.82329,-0.18642,0.08368,0.52957,4.54936,0.74352,-0.62730,
1540822860539196416,6.92380,-0.06632,1.29910,0.79416,-0.18956,0.07151,0.57293,4.29607,1.15238,-0.59459,
1540822860638788096,7.32594,0.07461,1.24166,0.76703,-0.18148,0.07905,0.61031,4.05895,1.55738,-0.52766,
1540822860738191616,7.70697,0.25463,1.19159,0.73988,-0.17461,0.08271,0.64440,3.85758,1.96350,-0.44056,
1540822860837807104,8.07032,0.47362,1.15088,0.71188,-0.16783,0.08480,0.67666,3.64504,2.33755,-0.32610,
1540822860937233152,8.41994,0.72484,1.12388,0.68033,-0.16442,0.08002,0.70973,3.43829,2.68371,-0.21257,
1540822861036836352,8.74551,1.01023,1.11039,0.64529,-0.16291,0.06612,0.74343,3.19350,2.99432,-0.06957,
1540822861136268544,9.04257,1.32077,1.11194,0.60705,-0.16460,0.04389,0.77619,2.91681,3.22051,0.06616,
1540822861235826688,9.30003,1.65426,1.12518,0.56773,-0.17216,0.02104,0.80474,2.59285,3.41847,0.14654,
1540822861335347456,9.53099,2.00584,1.14143,0.52886,-0.18160,0.00246,0.82905,2.22701,3.61118,0.19228,
1540822861434970624,9.72163,2.37276,1.16624,0.48952,-0.18977,-0.01672,0.85093,1.79221,3.72363,0.24928,
1540822861534390528,9.87092,2.74582,1.19498,0.45461,-0.19232,-0.01415,0.86956,1.32335,3.78724,0.29003,
1540822861633902336,9.97573,3.12681,1.22989,0.42136,-0.19010,-0.00601,0.88673,0.90950,3.88606,0.34749,
1540822861733485568,10.04307,3.51564,1.27088,0.38812,-0.18854,-0.00002,0.90212,0.52086,3.98918,0.35449,
1540822861832942592,10.07433,3.91274,1.31269,0.35478,-0.18946,-0.00157,0.91555,0.15251,4.05700,0.39185,
1540822861932419328,10.06719,4.31242,1.35998,0.32015,-0.19206,-0.00905,0.92765,-0.22707,4.08072,0.44043,
1540822862098288384,9.96349,4.97561,1.44703,0.25602,-0.19501,-0.04251,0.94584,-0.89612,4.04998,0.49679,
1540822862197752064,9.84218,5.35493,1.50498,0.21732,-0.19582,-0.06785,0.95385,-1.28898,3.90677,0.48476,
1540822862330484224,9.62470,5.84671,1.57009,0.16757,-0.19706,-0.10363,0.96039,-1.82204,3.69211,0.40243,
1540822862430046208,9.41565,6.18596,1.61026,0.13163,-0.19759,-0.13103,0.96253,-2.17357,3.43114,0.34213,
1540822862529480704,9.17116,6.49539,1.64117,0.09827,-0.19816,-0.15377,0.96303,-2.58060,3.13792,0.20081,
1540822862662211328,8.79306,6.86833,1.66225,0.06047,-0.20296,-0.16800,0.96277,-3.06115,2.65371,0.06820,
1540822862761783296,8.46849,7.10252,1.66593,0.04148,-0.20395,-0.16804,0.96356,-3.42063,2.28302,-0.06128,
1540822862894382336,7.98111,7.35611,1.65477,0.02499,-0.19454,-0.16388,0.96679,-3.88373,1.80692,-0.12360,
1540822862993973248,7.57911,7.50626,1.64097,0.01708,-0.18385,-0.15849,0.96994,-4.16320,1.44582,-0.17666,
1540822863093421568,7.15209,7.61081,1.62533,0.01176,-0.17436,-0.15185,0.97283,-4.44407,1.08304,-0.20167,
1540822863226182656,6.54384,7.70169,1.59932,0.01544,-0.16349,-0.12075,0.97901,-4.74996,0.64291,-0.22153,
1540822863358845184,5.89806,7.74152,1.57435,0.02651,-0.14837,-0.08079,0.98527,-5.02908,0.33089,-0.17836,
1540822863491496960,5.22280,7.74587,1.56007,0.03303,-0.13390,-0.04401,0.98947,-5.26140,0.17732,-0.07793,
1540822863591016448,4.69110,7.75087,1.55198,0.03486,-0.12786,-0.02665,0.99082,-5.40035,0.12253,-0.06117,
1540822863723707392,3.95927,7.76146,1.53926,0.03732,-0.12308,-0.00168,0.99169,-5.57565,0.12066,-0.12368,
1540822863856399360,3.20568,7.78495,1.51471,0.04096,-0.12094,0.00108,0.99181,-5.71075,0.21543,-0.24977,
1540822863955989248,2.62871,7.80788,1.48597,0.05471,-0.11923,0.00079,0.99136,-5.82084,0.22036,-0.30134,
1540822864088672512,1.84411,7.84089,1.44246,0.08794,-0.11594,0.02542,0.98903,-5.94881,0.31798,-0.38978,
1540822864188193024,1.24406,7.88039,1.40123,0.10944,-0.11309,0.03685,0.98685,-6.03078,0.41992,-0.46274,
1540822864287821568,0.63555,7.93223,1.34877,0.12505,-0.11152,0.04181,0.98498,-6.08443,0.54724,-0.56258,
1540822864387340544,0.02523,7.99323,1.28826,0.13919,-0.11208,0.04132,0.98303,-6.15841,0.66903,-0.66300,
1540822864486926336,-0.59405,8.06598,1.22264,0.15731,-0.11074,0.04474,0.98030,-6.19105,0.75281,-0.68884,
1540822864586461184,-1.21205,8.15249,1.15251,0.18213,-0.10876,0.05421,0.97574,-6.21090,0.90454,-0.77141,
1540822864686021120,-1.82683,8.25173,1.07289,0.21342,-0.10673,0.07094,0.96852,-6.22354,1.05948,-0.83267,
1540822864785593088,-2.44440,8.37003,0.99173,0.24761,-0.09962,0.09171,0.95935,-6.22105,1.25474,-0.83751,
1540822864885071104,-3.05879,8.51060,0.91610,0.28426,-0.08864,0.12053,0.94700,-6.18559,1.51912,-0.77770,
1540822864984590080,-3.67124,8.67915,0.84716,0.32144,-0.07333,0.15244,0.93170,-6.09252,1.86199,-0.69752,
1540822865084172800,-4.26670,8.88695,0.78829,0.36010,-0.05452,0.17822,0.91411,-5.92546,2.29140,-0.56741,
1540822865183802624,-4.84527,9.14128,0.74421,0.39889,-0.02732,0.19846,0.89485,-5.67714,2.74409,-0.38712,
1540822865316383488,-5.56623,9.54979,0.70668,0.45800,0.00774,0.21745,0.86191,-5.16795,3.34932,-0.23308,
1540822865449078016,-6.21049,10.03158,0.68836,0.52993,0.04495,0.23161,0.81456,-4.53330,3.87059,-0.07524,
1540822865548602368,-6.63338,10.43379,0.68573,0.59130,0.07726,0.23714,0.76692,-3.89854,4.20849,0.00503,
1540822865648207616,-6.99132,10.86422,0.68607,0.65979,0.10677,0.23426,0.70597,-3.19624,4.39248,0.04763,
1540822865747633920,-7.26978,11.30708,0.68913,0.72702,0.12995,0.22865,0.63425,-2.43795,4.45823,0.09503,
1540822865847104256,-7.49189,11.75242,0.69138,0.78833,0.14594,0.22062,0.55548,-1.72772,4.37251,0.12308,
1540822865979794176,-7.66904,12.32283,0.70015,0.85635,0.14340,0.21214,0.44845,-0.86552,4.09194,0.16722,
1540822866112411904,-7.73648,12.84533,0.72571,0.89858,0.12590,0.21482,0.36132,-0.09154,3.76054,0.27442,
1540822866245042176,-7.69351,13.32960,0.76316,0.92363,0.10634,0.22385,0.29239,0.79151,3.47350,0.42389,
1540822866377777152,-7.56311,13.78455,0.83551,0.94410,0.09838,0.21999,0.22496,1.52618,3.18033,0.61934,
1540822866477254144,-7.40124,14.10678,0.90606,0.95505,0.09351,0.21966,0.17573,2.06107,2.96109,0.76215,
1540822866576814336,-7.18532,14.40700,0.99418,0.96457,0.09594,0.21317,0.12234,2.54400,2.73568,0.93269,
1540822866676235520,-6.90753,14.65886,1.09228,0.97038,0.09930,0.20960,0.06764,2.98860,2.40913,1.02630,
1540822866809060352,-6.46560,14.94011,1.23482,0.97132,0.09881,0.21620,-0.00526,3.54214,1.96762,1.08824,
1540822866908447232,-6.08963,15.10414,1.34254,0.96749,0.10375,0.22214,-0.06205,3.92806,1.64348,1.09647,
1540822867074317568,-5.39054,15.32565,1.51804,0.95135,0.12814,0.22698,-0.16429,4.47611,1.06221,1.01780,
1540822867207003392,-4.77225,15.42172,1.64846,0.92964,0.16375,0.21358,-0.25167,4.83679,0.45292,0.92224,
1540822867306608640,-4.28877,15.42838,1.73865,0.90886,0.19461,0.19500,-0.31318,4.98717,-0.08679,0.87370,
1540822867406175488,-3.78996,15.38447,1.82500,0.88184,0.23225,0.17516,-0.37114,5.04411,-0.67201,0.83135,
1540822867505640448,-3.29085,15.28122,1.90747,0.85095,0.27324,0.15180,-0.42210,4.99605,-1.31735,0.76999,
1540822867605120512,-2.80250,15.11425,1.98216,0.81680,0.31639,0.11759,-0.46787,4.81077,-1.99377,0.63112,
1540822867704728576,-2.33958,14.87714,2.03512,0.78002,0.35236,0.08233,-0.51052,4.45076,-2.68629,0.44091,
1540822867804174592,-1.91808,14.57669,2.06864,0.74906,0.36729,0.05631,-0.54849,3.93970,-3.29958,0.21700,
1540822867936907008,-1.44444,14.08360,2.08435,0.72933,0.34728,0.05254,-0.58713,3.26944,-4.03947,-0.03349,
1540822868036386816,-1.15570,13.65121,2.07193,0.71949,0.33671,0.05703,-0.60474,2.82451,-4.49822,-0.25014,
1540822868136008448,-0.90815,13.17694,2.04442,0.71484,0.32191,0.06627,-0.61724,2.41327,-4.92757,-0.39284,
1540822868301832448,-0.57635,12.29813,1.95380,0.72859,0.27079,0.08667,-0.62314,1.80606,-5.62197,-0.70773,
1540822868401453824,-0.42895,11.71954,1.87781,0.74361,0.23037,0.10491,-0.61885,1.55079,-6.01114,-0.81095,
1540822868534158592,-0.24711,10.89103,1.77569,0.76550,0.17973,0.12503,-0.60504,1.37277,-6.48818,-0.72839,
1540822868666839040,-0.07185,10.00223,1.68991,0.79081,0.13179,0.14109,-0.58081,1.34699,-6.86181,-0.58641,
1540822868766392576,0.07162,9.30321,1.63783,0.81046,0.10161,0.14843,-0.55749,1.45084,-7.07358,-0.50988,
1540822868865836544,0.22587,8.58519,1.59209,0.83247,0.07449,0.15423,-0.52693,1.59050,-7.25509,-0.41282,
1540822868965356288,0.39499,7.85499,1.55930,0.85709,0.04296,0.15573,-0.48919,1.79863,-7.36840,-0.25665,
1540822869064879360,0.58801,7.11660,1.54507,0.88388,0.01087,0.15899,-0.43973,2.06508,-7.39427,-0.06552,
1540822869164393472,0.80508,6.38346,1.54686,0.91023,-0.02464,0.16497,-0.37903,2.33259,-7.31234,0.09189,
1540822869263848192,1.05739,5.66538,1.56177,0.93267,-0.07250,0.17481,-0.30712,2.66456,-7.15735,0.18988,
1540822869363408640,1.34382,4.96308,1.58485,0.94733,-0.11967,0.18508,-0.23236,3.04576,-6.88173,0.24522,
1540822869462930176,1.66852,4.29318,1.60956,0.95530,-0.15947,0.19239,-0.15798,3.44563,-6.48028,0.28146,
1540822869562461952,2.03290,3.66821,1.64014,0.95736,-0.19411,0.19760,-0.08204,3.85047,-5.94494,0.31983,
1540822869662018560,2.43288,3.09445,1.67342,0.95494,-0.22125,0.19778,-0.00466,4.21068,-5.32450,0.33605,
1540822869761498368,2.87047,2.58125,1.70420,0.94680,-0.24732,0.19328,0.07105,4.53019,-4.66052,0.32129,
1540822869861059328,3.33865,2.13204,1.72940,0.93332,-0.27108,0.18708,0.14294,4.76609,-3.92575,0.26957,
1540822869960535552,3.82729,1.75012,1.74493,0.91735,-0.28718,0.17577,0.21239,4.91898,-3.18570,0.15395,
1540822870060054528,4.32797,1.44442,1.75245,0.89736,-0.29992,0.16153,0.28055,4.97697,-2.44146,0.04530,
1540822870159574528,4.83262,1.19880,1.75035,0.87613,-0.30429,0.14811,0.34331,4.93548,-1.67658,-0.04561,
1540822870259174656,5.32851,1.04128,1.74452,0.85582,-0.29996,0.13729,0.39843,4.85352,-0.93644,-0.11372,
1540822870358722560,5.81503,0.96130,1.73425,0.83551,-0.29281,0.12571,0.44764,4.68360,-0.23914,-0.15623,
1540822870491387392,6.42822,0.96751,1.71747,0.80984,-0.27785,0.12098,0.50231,4.36582,0.62660,-0.13629,
1540822870590865920,6.86640,1.04183,1.70569,0.78829,-0.26893,0.11297,0.54177,4.18994,1.24345,-0.11908,
1540822870690391552,7.27461,1.19273,1.69500,0.76184,-0.26805,0.09506,0.58199,3.92757,1.84215,-0.07611,
1540822870823026176,7.77381,1.47969,1.68577,0.72546,-0.26752,0.07257,0.62998,3.47651,2.53987,-0.02002,
1540822870955763456,8.21319,1.85375,1.68283,0.68697,-0.27089,0.05114,0.67237,2.94769,3.16043,0.06470,
1540822871055281664,8.49291,2.18400,1.68972,0.65577,-0.27078,0.04373,0.70337,2.45804,3.54041,0.17915,
1540822871221164032,8.84727,2.82494,1.71599,0.59294,-0.27241,0.03387,0.75701,1.71392,4.15656,0.22778,
1540822871320577536,9.00561,3.25635,1.72795,0.54856,-0.27795,0.02127,0.78827,1.24365,4.49289,0.23050,
1540822871453269504,9.13247,3.87968,1.74812,0.48342,-0.28387,0.00056,0.82809,0.52340,4.84093,0.25360,
1540822871619134976,9.14291,4.70878,1.78447,0.38386,-0.28295,-0.04342,0.87790,-0.45175,5.10979,0.26543,
1540822871785001984,8.96991,5.54693,1.82281,0.27254,-0.27369,-0.10138,0.91681,-1.48659,4.99966,0.25892,
1540822871884521984,8.77985,6.02541,1.84624,0.20729,-0.26821,-0.13558,0.93097,-2.11765,4.74889,0.23534,
1540822871984080640,8.53188,6.47124,1.86917,0.14534,-0.26190,-0.16584,0.93956,-2.71311,4.40418,0.22289,
1540822872083651584,8.22476,6.87227,1.89027,0.08733,-0.25475,-0.19381,0.94335,-3.26869,3.94203,0.18610,
1540822872183076864,7.86142,7.21476,1.90758,0.04190,-0.25181,-0.20993,0.94380,-3.78160,3.37332,0.12608,
1540822872315808512,7.31126,7.59970,1.92506,0.00254,-0.25497,-0.20609,0.94473,-4.42008,2.67604,0.06963,
1540822872415413504,6.84370,7.81559,1.93942,-0.01696,-0.25560,-0.19995,0.94573,-4.89213,2.08818,0.07233,
1540822872581153024,5.97320,8.07660,1.95591,-0.03236,-0.24878,-0.18712,0.94976,-5.57036,1.26028,0.03374,
1540822872680773888,5.39930,8.16606,1.96203,-0.03398,-0.24676,-0.16919,0.95359,-5.95514,0.81882,-0.01331,
1540822872780294656,4.78884,8.21593,1.96209,-0.03133,-0.24240,-0.14948,0.95808,-6.31185,0.45380,-0.08294,
1540822872879847424,4.14534,8.23622,1.95157,-0.02452,-0.24147,-0.12238,0.96235,-6.61633,0.16004,-0.15586,
1540822873045672704,3.00749,8.22704,1.91503,-0.01226,-0.24002,-0.07641,0.96768,-7.10628,-0.16165,-0.27902,
1540822873178337792,2.03793,8.19037,1.87032,-0.00203,-0.23635,-0.03894,0.97089,-7.52330,-0.31053,-0.37642,
1540822873344228864,0.74529,8.13242,1.80676,0.02997,-0.21300,0.01924,0.97640,-8.04219,-0.25011,-0.33431,
1540822873477016832,-0.34349,8.11008,1.76779,0.08565,-0.18999,0.06715,0.97574,-8.31673,-0.03305,-0.20599,
1540822873576531968,-1.18172,8.11809,1.74768,0.14235,-0.17356,0.11425,0.96776,-8.48566,0.23320,-0.14175,
1540822873676059136,-2.02836,8.15822,1.73503,0.20420,-0.15842,0.16507,0.95182,-8.52214,0.62049,-0.10330,
1540822873775579648,-2.87667,8.24733,1.72412,0.27194,-0.14421,0.20957,0.92808,-8.50016,1.14173,-0.10867,
1540822873875230464,-3.71574,8.39738,1.71128,0.34599,-0.12839,0.25144,0.89475,-8.35111,1.74465,-0.13383,
1540822873974716672,-4.53344,8.61050,1.69853,0.42692,-0.10298,0.28818,0.85093,-8.05935,2.49460,-0.10883,
1540822874074279424,-5.30760,8.90809,1.69789,0.51306,-0.07114,0.31407,0.79565,-7.59098,3.21926,-0.04272,
1540822874173751552,-6.02459,9.27158,1.70089,0.59743,-0.03279,0.33940,0.72582,-6.92205,3.89702,-0.03302,
1540822874306404608,-6.85933,9.83798,1.70270,0.69596,0.02122,0.35686,0.62277,-5.74739,4.60368,-0.01376,
1540822874405922560,-7.38659,10.31020,1.70409,0.75171,0.05851,0.36059,0.54907,-4.74126,4.94341,-0.02075,
1540822874505485568,-7.81004,10.81486,1.70217,0.79702,0.09331,0.34532,0.48662,-3.64088,5.12108,-0.01849,
1540822874604960768,-8.13056,11.32529,1.69828,0.83620,0.12137,0.32088,0.42787,-2.62781,5.06631,-0.01856,
1540822874704430592,-8.35096,11.82553,1.69356,0.86909,0.13878,0.29370,0.37304,-1.65145,4.87406,-0.00518,
1540822874803928832,-8.47398,12.29591,1.69401,0.90204,0.13595,0.25120,0.32363,-0.81036,4.56434,0.05451,
1540822874903371520,-8.51883,12.73105,1.70506,0.92554,0.12509,0.22559,0.27721,-0.14065,4.22691,0.17140,
1540822875036063232,-8.48019,13.25607,1.73908,0.94523,0.10030,0.22328,0.21592,0.65920,3.80354,0.37503,
1540822875168703744,-8.33600,13.73203,1.80173,0.95697,0.07967,0.22993,0.15806,1.46206,3.45822,0.60777,
1540822875268223744,-8.16422,14.06340,1.86593,0.96305,0.06497,0.23416,0.11615,2.00541,3.22340,0.76597,
1540822875367741696,-7.93889,14.37065,1.94654,0.96656,0.05486,0.23886,0.07553,2.54219,3.03125,0.90357,
1540822875467264000,-7.66228,14.66505,2.03884,0.96748,0.06725,0.24166,0.03256,3.03953,2.82962,0.96783,
1540822875633128960,-7.09656,15.10051,2.19639,0.96203,0.11245,0.24481,-0.04375,3.77260,2.33663,0.90685,
1540822875732580864,-6.70166,15.31714,2.28440,0.95300,0.14325,0.25078,-0.09157,4.14351,1.94567,0.83479,
1540822875865274624,-6.11728,15.54224,2.39469,0.92835,0.20268,0.26554,-0.16300,4.64953,1.28141,0.74192,
1540822876031222016,-5.29615,15.67358,2.50548,0.88829,0.27282,0.26579,-0.25664,5.19771,0.09874,0.54559,
1540822876163831296,-4.58040,15.62401,2.56586,0.85668,0.31142,0.24010,-0.33386,5.44910,-1.06511,0.34631,
1540822876329695232,-3.67274,15.33746,2.59994,0.80815,0.36208,0.18181,-0.42747,5.35529,-2.48435,0.06624,
1540822876462385920,-2.97979,14.94053,2.58661,0.76602,0.39798,0.13895,-0.48529,4.92306,-3.58858,-0.24537,
1540822876595149056,-2.35116,14.40405,2.53617,0.72310,0.42702,0.10971,-0.53173,4.35282,-4.60500,-0.53727,
1540822876694598912,-1.94170,13.91235,2.46704,0.70444,0.42933,0.10036,-0.55621,3.74942,-5.32199,-0.86839,
1540822876794185728,-1.58851,13.34943,2.37157,0.70373,0.41517,0.10837,-0.56626,3.24569,-5.99643,-1.09588,
1540822876893746432,-1.28032,12.71616,2.25636,0.71789,0.38319,0.12558,-0.56748,2.73509,-6.74191,-1.23591,
1540822877026464768,-0.94518,11.75656,2.09300,0.75161,0.31624,0.15732,-0.55707,2.29819,-7.65871,-1.23536,
1540822877126035200,-0.72442,10.96318,1.97621,0.78506,0.25726,0.17785,-0.53467,2.15355,-8.25866,-1.14745,
1540822877225554944,-0.50256,10.11483,1.87289,0.82023,0.19447,0.19691,-0.50063,2.18231,-8.75501,-0.98065,
1540822877358288896,-0.19464,8.91402,1.76781,0.86662,0.10219,0.21905,-0.43652,2.48838,-9.25845,-0.61589,
1540822877491024640,0.17231,7.67028,1.71956,0.90195,0.01965,0.23374,-0.36258,3.07196,-9.38867,-0.20938,
1540822877590445312,0.51212,6.73557,1.71622,0.92107,-0.03049,0.24025,-0.30491,3.61802,-9.32249,0.09392,
1540822877756309248,1.19475,5.21756,1.77063,0.93825,-0.14348,0.25301,-0.18733,4.60309,-8.80945,0.50162,
1540822877888962304,1.87102,4.10176,1.85623,0.93426,-0.22788,0.26409,-0.07403,5.47614,-7.86400,0.70729,
1540822878021770496,2.65408,3.12906,1.95462,0.92547,-0.27465,0.25573,0.05166,6.24233,-6.64760,0.71809,
1540822878121243392,3.29903,2.50950,2.02433,0.91195,-0.30290,0.22669,0.15880,6.60143,-5.61330,0.70698,
1540822878220802560,3.95727,1.99004,2.09392,0.88485,-0.32683,0.19796,0.26651,6.71753,-4.45825,0.73787,
1540822878386626816,5.05331,1.38646,2.21122,0.80585,-0.37788,0.15140,0.42998,6.44721,-2.69726,0.61051,
1540822878486145536,5.68364,1.14254,2.25646,0.74877,-0.40977,0.13537,0.50310,6.03938,-1.70513,0.39672,
1540822878585665536,6.26783,1.00639,2.27753,0.71076,-0.40354,0.14186,0.55844,5.45085,-0.69227,0.17475,
1540822878685183744,6.80165,0.94880,2.27856,0.68740,-0.37567,0.15889,0.60092,4.99309,0.22898,0.01419,
1540822878784705280,7.31507,0.94239,2.26483,0.66608,-0.34369,0.15831,0.64277,4.54793,1.07005,-0.03549,
1540822878884221440,7.76780,1.05726,2.26380,0.63624,-0.31709,0.15227,0.68664,4.14572,1.81381,-0.02526,
1540822878983740672,8.16506,1.26845,2.26299,0.58011,-0.31687,0.12959,0.73910,3.73322,2.48978,-0.00701,
1540822879083337984,8.52067,1.54057,2.26221,0.51717,-0.32849,0.09225,0.78493,3.17089,3.06320,0.01991,
1540822879216023808,8.88857,1.98696,2.25951,0.45056,-0.34479,0.05885,0.82138,2.24567,3.64161,0.00842,
1540822879381846016,9.16696,2.64513,2.25572,0.40414,-0.33891,0.04574,0.84836,1.05322,4.27542,0.01413,
1540822879514560768,9.24633,3.24171,2.25218,0.36423,-0.33607,0.02011,0.86833,0.09720,4.65594,0.02184,
1540822879647206144,9.19870,3.87631,2.24717,0.32168,-0.33809,-0.00288,0.88443,-0.85826,4.89260,0.01709,
1540822879746710784,9.07861,4.37499,2.24259,0.27878,-0.34031,-0.03777,0.89724,-1.57715,5.03852,0.00467,
1540822879879406080,8.80239,5.03963,2.23500,0.21902,-0.34551,-0.08720,0.90832,-2.58520,4.90247,-0.03543,
1540822880045271552,8.26444,5.82896,2.21679,0.15656,-0.35092,-0.10556,0.91717,-3.92930,4.60780,-0.10778,
1540822880244265728,7.33733,6.68291,2.18982,0.06585,-0.31757,-0.12645,0.93746,-5.32187,3.91074,-0.10547,
1540822880410172672,6.37067,7.29076,2.16344,0.01513,-0.27017,-0.11362,0.95597,-6.28537,3.40565,-0.08814,
1540822880542822144,5.50667,7.71140,2.14309,0.00594,-0.24270,-0.09727,0.96520,-6.79985,2.99652,-0.11690,
1540822880675583744,4.57437,8.08451,2.11904,-0.00431,-0.19109,-0.10090,0.97636,-7.17549,2.67407,-0.15945,
1540822880775033600,3.84996,8.32953,2.10036,-0.01242,-0.16303,-0.11117,0.98026,-7.34410,2.39252,-0.16399,
1540822880874553088,3.11101,8.54611,2.08705,-0.01333,-0.14671,-0.11562,0.98231,-7.45600,2.07230,-0.11968,
1540822881007246080,2.11043,8.79801,2.07971,-0.00388,-0.14426,-0.11563,0.98275,-7.62155,1.67430,-0.05973,
1540822881106813184,1.34327,8.95795,2.07627,0.00606,-0.14427,-0.11533,0.98278,-7.74703,1.43438,-0.03539,
1540822881239505920,0.30344,9.13179,2.06873,0.05472,-0.13975,-0.08259,0.98522,-7.90725,1.13959,-0.04096,
1540822881339078144,-0.48751,9.23624,2.06237,0.11074,-0.13263,-0.04029,0.98413,-8.01191,0.98365,-0.00796,
1540822881438638336,-1.29124,9.33512,2.06070,0.17940,-0.12163,0.02378,0.97594,-8.05242,1.00889,0.02698,
1540822881604462336,-2.62891,9.53439,2.06661,0.31286,-0.09957,0.13538,0.93482,-7.99032,1.40232,0.05025,
1540822881703979264,-3.41931,9.70490,2.07196,0.40784,-0.07479,0.19250,0.88939,-7.80978,1.86639,0.05418,
1540822881836673536,-4.42519,10.01815,2.08630,0.55786,-0.01680,0.24577,0.79253,-7.21868,2.54762,0.12295,
1540822881936190464,-5.10862,10.30539,2.10449,0.66103,0.02654,0.27914,0.69600,-6.50640,2.97353,0.16196,
1540822882068883200,-5.88749,10.75402,2.12614,0.77809,0.07468,0.29888,0.54742,-5.33761,3.33040,0.15134,
1540822882168402176,-6.37475,11.09256,2.13387,0.83517,0.08314,0.30697,0.44873,-4.49067,3.32632,0.06048,
1540822882267965440,-6.77471,11.42376,2.13664,0.88016,0.05985,0.29045,0.37064,-3.61212,3.30976,0.02906,
1540822882367574272,-7.10390,11.75367,2.14296,0.90849,0.03451,0.27226,0.31516,-2.97443,3.28425,0.02055,
1540822882466903808,-7.36268,12.07920,2.14342,0.91751,0.00184,0.26566,0.29596,-2.41533,3.32349,-0.06795,
1540822882566416896,-7.56013,12.41263,2.12645,0.92304,-0.01002,0.26226,0.28128,-1.84528,3.39159,-0.26078,
1540822882666024960,-7.69969,12.74837,2.09082,0.93655,-0.00316,0.24442,0.25125,-1.25424,3.43262,-0.39994,
1540822882765540352,-7.78167,13.08611,2.04461,0.95430,0.04562,0.22682,0.18916,-0.65985,3.35221,-0.43678,
1540822882864977152,-7.81572,13.40639,1.99730,0.96701,0.08832,0.20550,0.12188,-0.19060,3.12822,-0.43975,
1540822882964510976,-7.80601,13.69546,1.94703,0.96971,0.12894,0.19675,0.06573,0.21319,2.81986,-0.49283,
1540822883064014848,-7.75965,13.95339,1.88564,0.96643,0.15868,0.19958,0.03170,0.59887,2.44394,-0.61797,
1540822883163574016,-7.67455,14.16918,1.80904,0.96558,0.16570,0.20007,0.01308,1.01602,1.95734,-0.83393,
1540822883263051776,-7.55318,14.34540,1.71852,0.96978,0.14697,0.19471,-0.00462,1.38301,1.54474,-0.92802,
1540822883362569984,-7.39568,14.47933,1.62942,0.97510,0.11426,0.18897,-0.02063,1.76588,1.16552,-0.88719,
1540822883495203072,-7.12894,14.60808,1.52447,0.97847,0.09831,0.17470,-0.04914,2.24187,0.80178,-0.76304,
1540822883627994624,-6.80641,14.69005,1.43000,0.98164,0.09138,0.14945,-0.07545,2.60225,0.43525,-0.69490,
1540822883760587008,-6.44023,14.72443,1.34781,0.98409,0.08845,0.10733,-0.11052,2.85020,0.08756,-0.58208,
1540822883860107264,-6.14855,14.72090,1.29868,0.98202,0.09338,0.08534,-0.14009,2.94937,-0.16689,-0.46280,
1540822883992796928,-5.74948,14.67867,1.25016,0.97987,0.08322,0.06603,-0.16903,3.00753,-0.44626,-0.31578,
1540822884092423936,-5.44415,14.62672,1.22183,0.97816,0.08128,0.06577,-0.17967,3.02814,-0.64922,-0.33554,
1540822884191835392,-5.13310,14.55621,1.19526,0.97713,0.06432,0.07076,-0.18992,3.07681,-0.85216,-0.28615,
1540822884324530688,-4.70877,14.44027,1.17509,0.97368,0.05607,0.07263,-0.20865,3.18779,-1.00171,-0.11492,
1540822884423998208,-4.37791,14.34162,1.17722,0.97135,0.05491,0.06288,-0.22252,3.28023,-1.17939,0.01261,
1540822884523516160,-4.04171,14.22901,1.19100,0.96911,0.04856,0.04704,-0.23716,3.27088,-1.25950,0.13545,
1540822884656213248,-3.59784,14.06739,1.22118,0.96485,0.04877,0.04915,-0.25350,3.27138,-1.37827,0.24246,
1540822884755729408,-3.26229,13.94019,1.25639,0.96196,0.04763,0.04749,-0.26480,3.28436,-1.47139,0.34884,
1540822884855288832,-2.92387,13.80559,1.30240,0.95920,0.04515,0.04725,-0.27509,3.28276,-1.49793,0.47348,
1540822884954765312,-2.58559,13.66592,1.35553,0.95643,0.04269,0.04698,-0.28498,3.29561,-1.56587,0.56242,
1540822885087458048,-2.13219,13.46542,1.44102,0.94925,0.06674,0.03134,-0.30575,3.31572,-1.65691,0.66106,
1540822885220149248,-1.68770,13.24545,1.52109,0.93906,0.09573,0.00883,-0.33004,3.21184,-1.85270,0.51385,
1540822885319669248,-1.36187,13.06446,1.56391,0.93075,0.10313,-0.01752,-0.35037,3.09085,-2.00726,0.33606,
1540822885419187968,-1.05532,12.86837,1.58783,0.92067,0.11369,-0.03854,-0.37144,2.90046,-2.12604,0.11920,
1540822885518718976,-0.76657,12.65766,1.59146,0.91091,0.11299,-0.05317,-0.39326,2.71674,-2.26189,-0.09878,
1540822885618225152,-0.49755,12.43738,1.57266,0.90219,0.10662,-0.05577,-0.41422,2.50441,-2.31811,-0.31898,
1540822885750919168,-0.17630,12.13089,1.51695,0.89231,0.10729,-0.05316,-0.43526,2.23315,-2.42359,-0.51818,
1540822885850580736,0.04570,11.89325,1.46717,0.88557,0.10484,-0.05130,-0.44961,2.03317,-2.51900,-0.58594,
1540822885983180288,0.29371,11.56712,1.38802,0.87814,0.10282,-0.04964,-0.46459,1.74706,-2.60316,-0.68040,
1540822886149095424,0.55533,11.13657,1.27009,0.87332,0.09713,-0.04688,-0.47506,1.39290,-2.76929,-0.80315,
1540822886281880576,0.72722,10.77161,1.16458,0.87366,0.05184,-0.03269,-0.48266,1.16439,-2.85574,-0.85943,
1540822886381309184,0.84059,10.49587,1.08840,0.87423,0.02921,-0.02020,-0.48421,1.07482,-2.83841,-0.81564,
1540822886480947968,0.94545,10.22094,1.01791,0.87455,0.01410,-0.01204,-0.48459,1.02934,-2.78424,-0.73681,
1540822886646693888,1.11006,9.76439,0.91415,0.86057,0.04031,-0.03181,-0.50674,0.87539,-2.80048,-0.64105,
1540822886746371328,1.19688,9.48356,0.85881,0.83325,0.05035,-0.06111,-0.54720,0.72001,-2.80786,-0.64479,
1540822886845824768,1.26001,9.21075,0.79961,0.80067,0.06378,-0.07912,-0.59042,0.49446,-2.76863,-0.70014,
1540822886945378816,1.30591,8.94050,0.73215,0.77295,0.06682,-0.07630,-0.62630,0.31065,-2.71286,-0.77645,
1540822887044952064,1.33599,8.67377,0.66283,0.75499,0.06950,-0.07306,-0.64794,0.13611,-2.65226,-0.76284,
1540822887144434944,1.34909,8.40947,0.59582,0.73776,0.07809,-0.08089,-0.66563,-0.05742,-2.63419,-0.79001,
1540822887243907584,1.33641,8.14806,0.52390,0.72155,0.07646,-0.08551,-0.68279,-0.30770,-2.57302,-0.75667,
1540822887343427840,1.30005,7.89590,0.45309,0.70976,0.07370,-0.08263,-0.69569,-0.49990,-2.50846,-0.70456,
1540822887442947840,1.23586,7.65218,0.39832,0.70663,0.04976,-0.07738,-0.70157,-0.78271,-2.44607,-0.45949,
1540822887542566656,1.14927,7.42187,0.37221,0.70373,0.01290,-0.06509,-0.70736,-0.90300,-2.25891,-0.14485,
1540822887642031104,1.05485,7.20654,0.37151,0.70333,-0.00011,-0.05456,-0.70877,-0.97958,-2.10297,0.07075,
1540822887741631744,0.95148,7.00622,0.38887,0.70613,-0.01528,-0.04426,-0.70653,-1.01180,-1.96998,0.23219,
1540822887841022720,0.85055,6.81953,0.41762,0.72023,-0.02464,-0.03437,-0.69245,-1.00135,-1.82807,0.30605,
1540822887940558592,0.75158,6.64980,0.45768,0.73908,-0.02806,-0.03153,-0.67230,-0.99612,-1.71302,0.38476,
1540822888040162816,0.65606,6.49387,0.50753,0.75747,-0.03275,-0.03611,-0.65105,-0.96971,-1.53477,0.51831,
1540822888139623936,0.56136,6.35778,0.56858,0.77255,-0.03355,-0.03622,-0.63303,-0.96713,-1.36093,0.65107,
1540822888239099648,0.46437,6.24218,0.64346,0.78302,-0.03626,-0.03768,-0.61979,-0.98412,-1.19254,0.77573,
1540822888338618112,0.37114,6.14379,0.72794,0.78959,-0.03648,-0.03781,-0.61138,-0.98033,-1.01558,0.90227,
1540822888471309568,0.24441,6.03130,0.85615,0.79536,-0.03625,-0.03881,-0.60380,-0.99048,-0.81661,1.01780,
1540822888570829824,0.14890,5.96199,0.96014,0.79636,-0.03627,-0.03850,-0.60251,-1.01308,-0.72635,1.05626,
1540822888670432768,0.05554,5.90196,1.06208,0.79587,-0.03046,-0.04577,-0.60296,-1.01053,-0.58529,0.99934,
1540822888803041024,-0.07281,5.84135,1.18239,0.79472,-0.02916,-0.04370,-0.60470,-1.05293,-0.44738,0.84212,
1540822888902561280,-0.16649,5.81281,1.25995,0.79483,-0.02626,-0.03883,-0.60502,-1.03551,-0.29017,0.70252,
1540822889035292928,-0.29721,5.78909,1.33288,0.79877,-0.00658,-0.01182,-0.60148,-1.06032,-0.19551,0.42224,
1540822889201115904,-0.45963,5.76319,1.40193,0.80143,0.02169,0.02613,-0.59712,-0.99428,-0.25799,0.41362,
1540822889300635904,-0.54584,5.74264,1.45170,0.80524,0.02174,0.02969,-0.59181,-0.93071,-0.30153,0.48178,
1540822889400155904,-0.62847,5.71432,1.50459,0.81008,0.01745,0.03516,-0.58501,-0.89449,-0.37555,0.50162,
1540822889499745792,-0.71435,5.67162,1.55656,0.81488,0.01289,0.03660,-0.57833,-0.83635,-0.44689,0.49565,
1540822889632365056,-0.81174,5.60803,1.62632,0.81855,0.01156,0.03517,-0.57325,-0.76969,-0.53559,0.40394,
1540822889731883776,-0.87655,5.55347,1.66723,0.81933,0.01429,0.03961,-0.57177,-0.71169,-0.55096,0.31153,
1540822889831444992,-0.94125,5.49577,1.70262,0.81963,0.02248,0.04970,-0.57029,-0.63581,-0.62100,0.34147,
1540822889930922752,-0.99992,5.42891,1.73543,0.82045,0.02156,0.04953,-0.56916,-0.57174,-0.70021,0.35678,
1540822890030440704,-1.05100,5.35206,1.76874,0.82065,0.02185,0.05145,-0.56869,-0.52038,-0.76764,0.32645,
1540822890130001152,-1.09644,5.27078,1.79443,0.82174,0.02474,0.05590,-0.56657,-0.44405,-0.85282,0.24479,
1540822890229519872,-1.13503,5.17647,1.80919,0.82589,0.02358,0.05433,-0.56072,-0.38409,-0.94885,0.13385,
1540822890328998912,-1.16484,5.07643,1.80465,0.83106,0.02220,0.05319,-0.55319,-0.32471,-1.03635,-0.06396,
1540822890428517120,-1.19426,4.96715,1.78488,0.83659,0.02062,0.05243,-0.54493,-0.28026,-1.10742,-0.26113,
1540822890561209088,-1.22881,4.81098,1.73098,0.84358,0.01897,0.04838,-0.53448,-0.22253,-1.19965,-0.54360,
1540822890660770048,-1.24789,4.68827,1.66897,0.84879,0.01856,0.04770,-0.52625,-0.18047,-1.25455,-0.73590,
1540822890793419776,-1.26940,4.51461,1.56293,0.85702,0.01724,0.04577,-0.51296,-0.11054,-1.30753,-0.96031,
1540822890892939776,-1.28119,4.37420,1.46607,0.86370,0.01567,0.04508,-0.50175,-0.05684,-1.36573,-1.10721,
1540822890992557824,-1.28427,4.23088,1.35266,0.87219,0.01521,0.04301,-0.48704,0.00553,-1.41958,-1.22391,
1540822891092017664,-1.27913,4.08661,1.22877,0.88106,0.01320,0.04156,-0.47099,0.03796,-1.43190,-1.26850,
1540822891191496960,-1.26871,3.94252,1.10175,0.88922,0.01146,0.04111,-0.45549,0.11351,-1.45996,-1.33964,
1540822891291016960,-1.25228,3.79857,0.96913,0.89686,0.00826,0.03932,-0.44048,0.16985,-1.45860,-1.37642,
1540822891423795968,-1.21953,3.60600,0.78281,0.90607,0.00494,0.03890,-0.42130,0.25066,-1.46859,-1.41410,
1540822891556406016,-1.17486,3.40680,0.59439,0.91275,0.00303,0.03630,-0.40688,0.34139,-1.53023,-1.40915,
1540822891722270208,-1.10610,3.15286,0.37745,0.92369,-0.00090,0.03573,-0.38148,0.46139,-1.52181,-1.09786,
1540822891854957056,-1.03673,2.94999,0.24927,0.93107,-0.00409,0.03306,-0.36333,0.56301,-1.49702,-0.81095,
1540822891987587328,-0.95460,2.74695,0.15950,0.93818,-0.00570,0.02859,-0.34491,0.68800,-1.45132,-0.44539,
1540822892087106816,-0.88697,2.59206,0.11548,0.94448,-0.01090,0.01369,-0.32809,0.70271,-1.39044,-0.31694,
1540822892186586624,-0.81961,2.44343,0.08387,0.95243,-0.00936,0.00840,-0.30450,0.70366,-1.34282,-0.22293,
1540822892319307520,-0.72844,2.26603,0.06446,0.96247,-0.01223,-0.00378,-0.27107,0.66890,-1.23397,-0.09310,
1540822892485132544,-0.62378,2.06863,0.06560,0.97375,-0.00730,-0.00327,-0.22747,0.61515,-1.12891,0.07570,
1540822892584588800,-0.56515,1.95400,0.07682,0.97852,-0.01022,-0.00271,-0.20586,0.59418,-1.09017,0.14933,
1540822892684183296,-0.50773,1.84236,0.09448,0.98227,-0.00928,-0.00335,-0.18719,0.56878,-1.03810,0.24427,
1540822892783663616,-0.45566,1.73694,0.12344,0.98545,-0.00870,-0.00749,-0.16956,0.51541,-0.97792,0.32024,
1540822892916392448,-0.39381,1.59914,0.16903,0.98915,-0.00812,-0.01008,-0.14636,0.46513,-0.94315,0.35375,
1540822893015835904,-0.34760,1.50048,0.19763,0.99194,-0.00842,-0.01014,-0.12604,0.44856,-0.92851,0.21517,
1540822893115396608,-0.30297,1.40665,0.21219,0.99423,-0.01201,-0.00909,-0.10622,0.42455,-0.92886,0.06862,
