1405891337416,-0.38921,-0.15737,0.66954,0.95379,0.12756,0.25307,0.09984,-0.10450,-0.15520,0.06304,
1405990872751,-0.37785,-0.10437,0.63670,0.95343,0.15140,0.24317,0.09446,0.19904,-0.15373,-0.02906,
1406090450003,-0.31335,-0.01075,0.60971,0.95840,0.15249,0.22785,0.07940,0.43001,-0.09257,-0.02789,
1406189970794,-0.24332,0.06077,0.57025,0.96550,0.16563,0.19172,0.06016,0.49674,-0.00385,0.02213,
1406289614950,-0.19165,0.08447,0.55644,0.97336,0.16355,0.15478,0.04322,0.45676,-0.08071,0.05906,
1406422182055,-0.14325,0.06477,0.56473,0.98104,0.16105,0.10611,0.01927,0.28778,-0.29103,0.13650,
1406521817846,-0.12797,0.02838,0.57630,0.98499,0.15713,0.07115,-0.00635,0.08489,-0.37328,0.11788,
1406621257898,-0.13562,-0.00923,0.58238,0.98519,0.15600,0.05919,-0.03957,-0.14374,-0.33603,0.03712,
1406754032898,-0.18630,-0.04569,0.57799,0.98323,0.15192,0.07736,-0.06482,-0.46854,-0.22744,-0.02980,
1406853469898,-0.25233,-0.06440,0.57066,0.98280,0.13705,0.10981,-0.05709,-0.59369,-0.23708,-0.01711,
1406952948523,-0.31549,-0.08847,0.57004,0.98272,0.11241,0.14170,-0.03938,-0.52890,-0.34470,0.04339,
1407118855315,-0.38571,-0.15624,0.58394,0.98410,0.04865,0.17080,0.00319,-0.20969,-0.47211,0.12742,
1407251546784,-0.40092,-0.20970,0.60197,0.98376,0.00115,0.17387,0.04454,0.09684,-0.38440,0.10652,
1407384200346,-0.37003,-0.23746,0.61899,0.98216,-0.02927,0.16432,0.08665,0.31950,-0.06501,0.13810,
1407516968899,-0.32499,-0.22280,0.63523,0.97201,-0.05780,0.16760,0.15416,0.23751,0.22647,0.06196,
1407616409210,-0.31035,-0.19184,0.64030,0.95445,-0.06641,0.19734,0.21370,0.01534,0.30410,-0.03907,
1407716000002,-0.31643,-0.15748,0.63218,0.93048,-0.06601,0.25100,0.25855,-0.10769,0.33322,-0.13799,
1407815508700,-0.32882,-0.11809,0.61355,0.91618,-0.05496,0.27940,0.28200,-0.10296,0.41926,-0.18931,
1407915027783,-0.33769,-0.06997,0.59463,0.91335,-0.04681,0.27561,0.29604,-0.08112,0.52914,-0.17758,
1408014596325,-0.34140,-0.01169,0.57964,0.91411,-0.02743,0.26402,0.30649,-0.02602,0.62163,-0.12427,
1408114188377,-0.33843,0.05106,0.57086,0.91449,0.00008,0.25708,0.31243,0.09668,0.62783,-0.03605,
1408246807992,-0.31348,0.12957,0.57509,0.92328,0.03851,0.22767,0.30698,0.31286,0.50863,0.10000,
1408379499221,-0.26193,0.18003,0.59542,0.94294,0.07366,0.17296,0.27481,0.43977,0.18300,0.19517,
1408512258325,-0.20610,0.17968,0.62738,0.96511,0.08694,0.11672,0.21767,0.32489,-0.18972,0.26735,
1408644822935,-0.17768,0.13385,0.65911,0.97950,0.08024,0.08539,0.16385,0.05325,-0.44935,0.16564,
1408744431727,-0.18605,0.08104,0.66954,0.98550,0.06048,0.08393,0.13448,-0.18651,-0.50584,0.04166,
1408877109414,-0.23309,0.01426,0.66262,0.98682,0.03982,0.10900,0.11274,-0.46276,-0.42431,-0.13312,
1409009865362,-0.30596,-0.02997,0.64159,0.97955,0.03673,0.17156,0.09843,-0.54536,-0.20818,-0.15754,
1409109283310,-0.35921,-0.04238,0.62485,0.97192,0.04849,0.20994,0.09463,-0.44774,-0.04533,-0.16187,
1409208765310,-0.39555,-0.03973,0.60775,0.96548,0.06778,0.23519,0.08910,-0.24619,0.10690,-0.15608,
1409308358872,-0.40969,-0.02251,0.59229,0.95977,0.09005,0.24941,0.09238,-0.02943,0.22363,-0.13907,
1409407947052,-0.39901,0.00480,0.58132,0.95739,0.10678,0.24905,0.09992,0.19763,0.29366,-0.05533,
1409507375052,-0.36617,0.03426,0.58136,0.95774,0.11962,0.23813,0.10827,0.38614,0.26727,0.04373,
1409640140052,-0.30362,0.06135,0.59070,0.96381,0.12228,0.20873,0.11206,0.50462,0.11144,0.08352,
1409772758052,-0.23363,0.06544,0.60502,0.97341,0.11681,0.16995,0.09969,0.52374,-0.05226,0.11310,
1409872278001,-0.18295,0.05499,0.61683,0.98160,0.10300,0.13568,0.08626,0.47436,-0.15471,0.09653,
1409971796948,-0.13906,0.03582,0.62425,0.98944,0.08213,0.09768,0.06873,0.39187,-0.20383,0.02329,
1410071316729,-0.10502,0.01235,0.61967,0.99501,0.05162,0.06299,0.05760,0.28574,-0.24573,-0.15469,
1410170875052,-0.08221,-0.01147,0.59560,0.99772,0.01978,0.03784,0.05225,0.16839,-0.20969,-0.35133,
1410303529240,-0.06937,-0.03515,0.53479,0.99827,-0.00391,0.02253,0.05424,0.03170,-0.15083,-0.58059,
1410403086000,-0.06918,-0.04896,0.47154,0.99806,-0.02392,0.01755,0.05471,-0.01521,-0.11835,-0.66762,
1410502606000,-0.07224,-0.05803,0.40223,0.99784,-0.03655,0.00909,0.05390,-0.03601,-0.04908,-0.68476,
1410602124104,-0.07589,-0.06082,0.33394,0.99796,-0.03723,-0.00030,0.05183,-0.03508,-0.01726,-0.64088,
1410701602948,-0.07842,-0.06126,0.27096,0.99807,-0.03726,-0.00435,0.04943,-0.02977,-0.00435,-0.56600,
1410801070127,-0.07969,-0.05967,0.21548,0.99831,-0.03066,-0.00669,0.04897,-0.03526,0.03040,-0.48860,
1410933762075,-0.08182,-0.05406,0.15696,0.99833,-0.02424,-0.00842,0.05171,0.00399,0.03601,-0.33341,
1411033239014,-0.08014,-0.05146,0.12758,0.99796,-0.02525,-0.00938,0.05796,0.01683,0.04051,-0.24791,
1411132714004,-0.07776,-0.04812,0.10686,0.99768,-0.01908,-0.00219,0.06524,0.01291,0.03478,-0.18869,
1411298627109,-0.07517,-0.04638,0.08682,0.99735,-0.01767,0.00409,0.07051,0.01467,-0.00372,-0.04695,
1411431282456,-0.07296,-0.04727,0.08191,0.99740,-0.01758,0.00062,0.06995,-0.00759,0.00139,-0.05584,
1411563871467,-0.07479,-0.04661,0.07597,0.99751,-0.01054,0.00838,0.06916,-0.01254,0.01387,-0.02197,
1411696562893,-0.07639,-0.04474,0.07454,0.99755,-0.00738,0.00827,0.06911,-0.00257,0.00516,-0.00440,
1411796079737,-0.07585,-0.04494,0.07432,0.99749,-0.00813,0.00785,0.06983,0.00528,-0.00674,-0.00937,
1411895674685,-0.07512,-0.04533,0.07373,0.99742,-0.00846,0.00831,0.07076,0.00051,-0.00315,-0.01177,
1411995192685,-0.07510,-0.04494,0.07342,0.99742,-0.00808,0.00901,0.07077,-0.00137,0.00791,-0.00232,
1412094707363,-0.07551,-0.04475,0.07306,0.99746,-0.00807,0.00993,0.07010,0.00027,-0.00294,-0.00084,
1412227346310,-0.07557,-0.04481,0.07311,0.99758,-0.00672,0.00784,0.06870,-0.00141,0.00067,-0.00225,
1412326846685,-0.07594,-0.04482,0.07305,0.99768,-0.00581,0.00604,0.06752,-0.00599,0.00002,-0.00466,
1412426366685,-0.07622,-0.04511,0.07278,0.99771,-0.00566,0.00635,0.06703,0.00175,0.00519,0.00342,
1412525887737,-0.07636,-0.04472,0.07275,0.99772,-0.00513,0.00628,0.06696,0.00062,-0.00358,-0.00132,
1412625448790,-0.07644,-0.04509,0.07271,0.99770,-0.00588,0.00640,0.06716,-0.00036,-0.00193,-0.00215,
1412724922894,-0.07678,-0.04508,0.07247,0.99770,-0.00582,0.00662,0.06719,-0.00762,0.00971,-0.00949,
1412824444247,-0.07697,-0.04426,0.07216,0.99769,-0.00561,0.00699,0.06739,-0.00572,-0.00228,0.00532,
1412923974842,-0.07699,-0.04413,0.07217,0.99768,-0.00502,0.00677,0.06756,-0.00044,-0.01214,-0.00077,
1413056697049,-0.07700,-0.04437,0.07208,0.99765,-0.00492,0.00676,0.06797,-0.00021,-0.00676,-0.00254,
1413189421789,-0.07708,-0.04448,0.07201,0.99767,-0.00521,0.00688,0.06769,0.00158,0.00046,0.00085,
1413288996789,-0.07710,-0.04439,0.07201,0.99768,-0.00511,0.00674,0.06760,0.00002,-0.00155,0.00031,
1413388382685,-0.07711,-0.04438,0.07207,0.99766,-0.00476,0.00686,0.06785,0.00077,-0.00336,0.00077,
1413487975310,-0.07711,-0.04434,0.07205,0.99765,-0.00481,0.00683,0.06797,0.00034,-0.00276,-0.00064,
1413587557518,-0.07713,-0.04431,0.07199,0.99766,-0.00494,0.00661,0.06791,0.00027,-0.00065,-0.00027,
1413686982632,-0.07717,-0.04436,0.07196,0.99766,-0.00473,0.00649,0.06787,-0.00028,-0.00006,0.00086,
1413786459633,-0.07721,-0.04441,0.07196,0.99766,-0.00458,0.00656,0.06793,-0.00054,0.00154,-0.00010,
1413885977893,-0.07722,-0.04448,0.07196,0.99765,-0.00455,0.00647,0.06806,-0.00058,0.00151,0.00018,
1413985498842,-0.07728,-0.04448,0.07194,0.99766,-0.00477,0.00640,0.06787,-0.00067,0.00205,0.00052,
1414085019789,-0.07729,-0.04446,0.07198,0.99767,-0.00478,0.00649,0.06780,-0.00020,0.00140,0.00019,
1414184535737,-0.07735,-0.04444,0.07204,0.99768,-0.00490,0.00656,0.06764,-0.00012,0.00066,0.00057,
1414284056872,-0.07740,-0.04441,0.07213,0.99769,-0.00490,0.00671,0.06743,-0.00018,0.00029,0.00072,
1414383575841,-0.07745,-0.04436,0.07217,0.99771,-0.00492,0.00674,0.06716,0.00027,-0.00021,0.00060,
1414483094893,-0.07748,-0.04435,0.07214,0.99772,-0.00490,0.00661,0.06701,0.00036,-0.00050,0.00014,
1414582613841,-0.07753,-0.04436,0.07217,0.99772,-0.00504,0.00656,0.06695,0.00017,-0.00033,0.00026,
1414682132685,-0.07761,-0.04436,0.07217,0.99773,-0.00500,0.00648,0.06686,0.00156,-0.00286,-0.00104,
1414781653581,-0.07767,-0.04441,0.07222,0.99774,-0.00499,0.00648,0.06673,-0.00131,0.00166,-0.00040,
1414881175894,-0.07764,-0.04447,0.07233,0.99776,-0.00483,0.00638,0.06637,0.00523,0.00259,0.00691,
1414980688049,-0.07774,-0.04443,0.07241,0.99777,-0.00485,0.00626,0.06622,0.00766,0.00848,0.01857,
1415080206685,-0.07777,-0.04447,0.07242,0.99776,-0.00482,0.00645,0.06636,0.01106,0.00989,0.01120,
1415212900685,-0.07783,-0.04442,0.07238,0.99779,-0.00451,0.00608,0.06596,-0.00869,0.00153,-0.01049,
1415312417789,-0.07792,-0.04455,0.07229,0.99778,-0.00466,0.00606,0.06615,-0.00330,0.00212,-0.00019,
1415411939154,-0.07791,-0.04450,0.07232,0.99780,-0.00441,0.00613,0.06588,0.00028,0.00080,0.00521,
1415544632821,-0.07798,-0.04444,0.07240,0.99781,-0.00438,0.00623,0.06565,0.00056,-0.00081,0.00438,
1415644157685,-0.07800,-0.04447,0.07241,0.99781,-0.00426,0.00651,0.06566,-0.00045,-0.00040,-0.00182,
1415743665789,-0.07802,-0.04450,0.07234,0.99780,-0.00418,0.00631,0.06580,-0.02446,-0.00237,-0.03115,
1415843188789,-0.07799,-0.04465,0.07220,0.99780,-0.00375,0.00655,0.06592,0.00345,0.00408,0.00900,
1415942703998,-0.07803,-0.04447,0.07245,0.99781,-0.00414,0.00666,0.06565,0.00525,0.00749,0.00959,
1416042225977,-0.07805,-0.04444,0.07254,0.99783,-0.00384,0.00657,0.06533,-0.00558,0.00149,-0.00362,
1416174932633,-0.07816,-0.04461,0.07248,0.99782,-0.00346,0.00743,0.06546,0.00194,0.00163,0.01307,
1416274433737,-0.07813,-0.04464,0.07251,0.99783,-0.00335,0.00716,0.06541,-0.00418,-0.00286,0.00183,
1416373979998,-0.07818,-0.04464,0.07249,0.99781,-0.00358,0.00757,0.06556,0.01475,0.00255,0.01633,
1416473475997,-0.07819,-0.04457,0.07258,0.99784,-0.00369,0.00701,0.06523,-0.00313,-0.00049,0.00492,
1416573073737,-0.07826,-0.04464,0.07250,0.99782,-0.00359,0.00725,0.06555,-0.00339,0.00163,0.00151,
1416672605623,-0.07824,-0.04462,0.07243,0.99781,-0.00392,0.00652,0.06573,0.00081,-0.00099,0.00282,
1416772028737,-0.07812,-0.04459,0.07262,0.99778,-0.00461,0.00721,0.06610,0.00080,0.00165,0.00769,
1416871689737,-0.07813,-0.04455,0.07268,0.99779,-0.00457,0.00685,0.06594,0.00115,0.00121,-0.00075,
1416971067737,-0.07813,-0.04462,0.07267,0.99779,-0.00457,0.00687,0.06596,0.00013,-0.00006,0.00094,
1417070586789,-0.07818,-0.04460,0.07269,0.99778,-0.00482,0.00668,0.06616,0.00094,0.00074,0.00500,
1417170106685,-0.07817,-0.04459,0.07273,0.99778,-0.00482,0.00682,0.06614,-0.00217,0.00221,0.00542,
1417269669310,-0.07816,-0.04461,0.07276,0.99777,-0.00474,0.00681,0.06620,0.00367,-0.00419,0.00064,
1417369142737,-0.07816,-0.04463,0.07278,0.99779,-0.00494,0.00635,0.06600,-0.00255,0.00740,0.00486,
1417468709841,-0.07815,-0.04453,0.07285,0.99780,-0.00481,0.00620,0.06580,0.00966,-0.01190,0.00489,
1417568182633,-0.07818,-0.04450,0.07288,0.99784,-0.00439,0.00596,0.06535,0.00065,0.00633,0.00272,
1417667742737,-0.07819,-0.04459,0.07284,0.99782,-0.00466,0.00594,0.06555,-0.00590,-0.00055,-0.00948,
1417767222310,-0.07816,-0.04461,0.07297,0.99784,-0.00439,0.00563,0.06529,0.00081,0.00296,0.00671,
1417866783841,-0.07797,-0.04477,0.07316,0.99786,-0.00421,0.00554,0.06498,0.00691,0.00550,0.00207,
1417966257737,-0.07760,-0.04490,0.07378,0.99790,-0.00524,0.00505,0.06435,0.00591,-0.00194,0.01181,
1418065821685,-0.07561,-0.04486,0.07523,0.99804,-0.00518,0.00338,0.06227,0.01985,0.00002,-0.00362,
1418165295789,-0.07280,-0.04532,0.07458,0.99827,-0.00446,0.00307,0.05849,0.01756,-0.02179,-0.02188,
1418264949789,-0.06934,-0.04684,0.07513,0.99851,-0.00452,0.00070,0.05440,0.03942,-0.03018,0.01429,
1418364410091,-0.06397,-0.04930,0.07813,0.99881,-0.00256,-0.00694,0.04814,0.04766,-0.03164,0.02555,
1418463892894,-0.05815,-0.05189,0.08339,0.99892,-0.00381,-0.00920,0.04544,0.06245,-0.04140,0.07898,
1418563371685,-0.05294,-0.05389,0.09488,0.99906,-0.00381,-0.01076,0.04179,0.06109,-0.02837,0.15827,
1418662891893,-0.04788,-0.05754,0.11268,0.99908,-0.00592,-0.01474,0.03988,0.03325,-0.05483,0.20223,
1418762415685,-0.04733,-0.06208,0.13070,0.99924,-0.00687,0.00076,0.03828,-0.00545,-0.04935,0.17788,
1418861966789,-0.04821,-0.06653,0.14955,0.99919,-0.00604,0.01662,0.03611,0.03313,-0.04412,0.21012,
1418961536737,-0.04435,-0.07077,0.16745,0.99894,-0.00760,0.02873,0.03511,0.04327,-0.05458,0.12051,
1419061010633,-0.03805,-0.07397,0.17447,0.99823,-0.00899,0.04854,0.03310,0.11952,-0.02500,0.02479,
1419160536271,-0.02114,-0.07682,0.17222,0.99789,-0.00860,0.05624,0.03123,0.21711,-0.01678,-0.05305,
1419326488688,0.02871,-0.08061,0.15176,0.99648,-0.00737,0.07815,0.02927,0.40349,-0.01116,-0.15359,
1419459093636,0.09904,-0.07998,0.13559,0.99557,-0.00814,0.08471,0.04005,0.69513,0.03256,-0.00009,
1419558737737,0.17947,-0.07664,0.15815,0.99581,-0.00981,0.07734,0.04778,0.93880,0.05151,0.58634,
1419658255163,0.28291,-0.06921,0.26307,0.99557,-0.01170,0.07620,0.05379,1.16206,0.08863,1.55422,
1419791005286,0.45970,-0.05614,0.53002,0.99525,-0.01064,0.07873,0.05632,1.42597,0.10614,2.28122,
1419890575683,0.60654,-0.04472,0.75248,0.99289,0.00175,0.10641,0.05323,1.51062,0.13248,2.12429,
1420023254734,0.82067,-0.02984,1.00395,0.98932,0.01736,0.13538,0.05120,1.72090,0.09166,1.65391,
1420189121787,1.13629,-0.02955,1.21904,0.98542,0.01476,0.16246,0.04831,1.95935,0.02741,0.98262,
1420288600672,1.36516,-0.04100,1.28704,0.97919,0.01501,0.19685,0.04705,2.17181,-0.01712,0.56570,
1420388156734,1.59348,-0.04941,1.32089,0.97101,0.00979,0.23353,0.05013,2.38706,-0.03488,0.14685,
1420487675786,1.84604,-0.05111,1.32505,0.96363,0.00392,0.25921,0.06493,2.77291,-0.01535,-0.10259,
1420620331682,2.25925,-0.05329,1.29579,0.96360,-0.01661,0.25150,0.08909,3.32031,0.00764,-0.37771,
1420753018682,2.73713,-0.04726,1.22530,0.96164,-0.03744,0.24368,0.12027,3.80148,0.15876,-0.62323,
1420918994630,3.41577,-0.00603,1.09875,0.95802,-0.08193,0.20790,0.17962,4.35912,0.37559,-0.86201,
1421051521301,4.01055,0.07063,0.97279,0.94758,-0.11795,0.17473,0.24008,4.59953,0.78906,-0.98965,
1421151037884,4.48237,0.15816,0.87220,0.93261,-0.13231,0.14781,0.30147,4.75163,1.12251,-0.95972,
1421350077353,5.44489,0.46792,0.72028,0.86938,-0.16711,0.07148,0.45950,4.67186,1.98183,-0.49823,
1421482655168,6.04310,0.76577,0.67384,0.80214,-0.20261,0.01272,0.56157,4.30479,2.47463,-0.22105,
1421582171283,6.44848,1.02627,0.65974,0.74029,-0.23340,-0.03959,0.62923,3.83565,2.79105,-0.08245,
1421681689460,6.80196,1.31803,0.65594,0.67608,-0.25821,-0.08644,0.68467,3.20909,3.03270,-0.02087,
1421781172304,7.08030,1.63382,0.65802,0.62016,-0.27426,-0.10872,0.72688,2.45797,3.18073,0.00144,
1421913863958,7.36808,2.07238,0.65096,0.57215,-0.26562,-0.07648,0.77216,1.53045,3.34242,0.01144,
1422079601249,7.55678,2.64379,0.65923,0.51830,-0.23869,-0.03463,0.82049,0.59598,3.55643,0.14520,
1422212285063,7.60254,3.12813,0.67947,0.47375,-0.21556,-0.01452,0.85375,-0.09064,3.76975,0.36999,
1422344956666,7.54063,3.62989,0.74100,0.43767,-0.21157,-0.01023,0.87383,-0.67561,3.92193,0.55751,
1422510781406,7.32427,4.26602,0.85146,0.41834,-0.21282,-0.00953,0.88295,-1.39568,4.07657,0.64852,
1422643473458,7.10815,4.81748,0.93526,0.41893,-0.21444,-0.00781,0.88230,-1.88302,4.18889,0.61980,
1422776209719,6.83396,5.38511,1.01419,0.42245,-0.21859,-0.00610,0.87961,-2.28978,4.28462,0.50124,
1422908901542,6.51175,5.98608,1.06699,0.42569,-0.23188,0.00428,0.87464,-2.70943,4.44173,0.31118,
1423008376615,6.22413,6.44171,1.09342,0.43271,-0.22940,0.02876,0.87139,-3.03333,4.55268,0.15082,
1423107895354,5.91186,6.89542,1.10500,0.43905,-0.21607,0.04864,0.87074,-3.28617,4.72611,0.02360,
1423240712562,5.45962,7.52864,1.09754,0.44990,-0.18841,0.08729,0.86860,-3.56187,4.92612,-0.16572,
1423340147770,5.09431,8.03571,1.06832,0.46315,-0.16634,0.12297,0.86180,-3.64949,5.15308,-0.39725,
1423439693812,4.72299,8.56447,1.01802,0.48617,-0.14107,0.15216,0.84887,-3.68994,5.39358,-0.62009,
1423539198737,4.35695,9.10035,0.95093,0.51160,-0.10837,0.17903,0.83335,-3.63524,5.65359,-0.79881,
1423638784508,4.00140,9.68870,0.86159,0.53814,-0.06746,0.17945,0.82077,-3.47413,5.94402,-0.96856,
1423738348450,3.66412,10.28623,0.76207,0.55030,-0.04535,0.15010,0.82011,-3.27211,6.07290,-1.03584,
1423837938509,3.34323,10.89335,0.66237,0.55478,-0.04784,0.11805,0.82219,-3.10340,6.21995,-0.97358,
1423937453457,3.04906,11.50793,0.57647,0.55608,-0.04512,0.08959,0.82506,-2.99104,6.31108,-0.84334,
1424037042549,2.76518,12.13775,0.50249,0.55610,-0.03982,0.05970,0.82801,-2.89469,6.36283,-0.67725,
1424169728706,2.37628,12.99267,0.42729,0.54671,-0.03450,0.02396,0.83627,-2.88314,6.31321,-0.41682,
1424269286393,2.09271,13.61588,0.39464,0.52524,-0.03370,0.01155,0.85021,-2.86256,6.23268,-0.24658,
1424368765497,1.80842,14.22911,0.38213,0.49676,-0.03323,-0.00834,0.86721,-2.88509,6.12656,-0.02554,
1424468288195,1.53231,14.82034,0.40055,0.45788,-0.02396,-0.03424,0.88803,-2.91099,5.97126,0.30793,
1424567807393,1.24667,15.40385,0.44669,0.40937,-0.01045,-0.06290,0.91014,-2.92068,5.71765,0.62370,
1424667369705,0.94376,15.98746,0.51643,0.35361,-0.00624,-0.10128,0.92987,-2.95920,5.39684,0.92272,
1424766842497,0.66558,16.50829,0.61808,0.29322,-0.00148,-0.13112,0.94701,-2.95312,4.96901,1.18845,
1424866455809,0.36083,17.00225,0.74322,0.23727,0.00042,-0.16956,0.95653,-2.98658,4.53159,1.39309,
1424965948174,0.07765,17.39522,0.89544,0.18992,-0.00387,-0.20576,0.95999,-3.00285,3.90070,1.53194,
1425065478654,-0.22429,17.77312,1.04864,0.15057,-0.01284,-0.20950,0.96606,-3.03279,3.30700,1.61037,
1425164994862,-0.49415,18.07750,1.22313,0.11737,-0.01826,-0.19766,0.97305,-3.01537,2.85146,1.56039,
1425264515363,-0.79080,18.34143,1.36980,0.08338,-0.03293,-0.16957,0.98143,-3.01522,2.39999,1.36089,
1425364128264,-1.04178,18.49814,1.50676,0.04102,-0.04803,-0.14872,0.98686,-2.98552,2.09222,1.24759,
1425496866837,-1.38416,18.68219,1.66403,-0.01353,-0.04710,-0.22415,0.97332,-2.94737,1.69807,1.00043,
1425596452738,-1.67408,18.81486,1.74853,-0.05209,-0.04572,-0.29514,0.95294,-2.94392,1.18337,0.67611,
1425695972529,-1.98128,18.92085,1.80563,-0.09650,-0.04586,-0.33516,0.93608,-2.94200,0.64277,0.34906,
1425828746424,-2.39823,18.99033,1.82613,-0.16514,-0.06298,-0.34157,0.92309,-2.84979,-0.22349,-0.12466,
1425928409231,-2.69808,18.96376,1.81952,-0.22155,-0.09722,-0.25268,0.93681,-2.76776,-0.98864,-0.13227,
1426061061179,-3.04478,18.78546,1.81264,-0.30232,-0.12502,-0.13274,0.93560,-2.82771,-1.46424,-0.09148,
1426227052018,-3.50707,18.50578,1.76639,-0.42001,-0.10757,-0.09001,0.89662,-2.99572,-1.67181,-0.41947,
1426326575529,-3.78203,18.30584,1.70999,-0.49122,-0.07676,-0.11321,0.86023,-2.99414,-1.87076,-0.56751,
1426459371086,-4.14950,18.00884,1.62412,0.57906,0.03230,0.15843,-0.79909,-2.78385,-2.22871,-0.64288,
1426625289695,-4.60846,17.60807,1.52320,0.66321,0.00308,0.19384,-0.72289,-2.42290,-2.59690,-0.72179,
1426758067936,-4.93181,17.25916,1.43500,0.70670,-0.02214,0.21568,-0.67348,-2.00296,-2.83738,-0.79640,
1426890798092,-5.16455,16.86701,1.33550,0.74355,-0.04496,0.21647,-0.63108,-1.45516,-3.09685,-0.75221,
1427156063956,-5.38757,16.00144,1.13962,0.78945,-0.07172,0.21782,-0.56936,-0.17558,-3.33570,-0.81870,
1427255706883,-5.38250,15.66158,1.05293,0.79402,-0.04534,0.19541,-0.57384,0.17602,-3.39900,-0.97661,
1427388269196,-5.32888,15.20077,0.91787,0.79223,0.00263,0.15117,-0.59120,0.54999,-3.52432,-1.18549,
1427521005196,-5.24771,14.71376,0.75819,0.77815,0.06443,0.09572,-0.61739,0.64145,-3.71066,-1.31992,
1427653767602,-5.14780,14.21147,0.59148,0.76907,0.09629,0.06657,-0.62836,0.65047,-3.91849,-1.28445,
1427753299039,-5.08120,13.81463,0.47644,0.77035,0.07729,0.08133,-0.62767,0.53836,-4.10716,-1.08307,
1427852736040,-5.02547,13.39424,0.38609,0.77331,0.02416,0.12484,-0.62114,0.62113,-4.28686,-0.74087,
1427985440102,-4.91088,12.81812,0.32311,0.77148,-0.01251,0.15231,-0.61763,1.05414,-4.45514,-0.27056,
1428084958050,-4.78972,12.37255,0.31507,0.77112,-0.01058,0.14879,-0.61897,1.39855,-4.56172,0.10777,
1428184478206,-4.63703,11.91087,0.34502,0.77130,-0.00348,0.14167,-0.62050,1.69085,-4.67064,0.42132,
1428283996790,-4.45750,11.44125,0.39106,0.77366,0.01643,0.12579,-0.62077,1.88281,-4.72814,0.38299,
1428416816545,-4.19845,10.79948,0.43428,0.78916,0.06637,0.08465,-0.60469,1.99526,-4.81812,0.25615,
1428516326452,-4.00897,10.30514,0.45923,0.80496,0.09168,0.06148,-0.58297,1.88395,-4.94224,0.19239,
1428615846400,-3.83849,9.78926,0.47672,0.82021,0.08703,0.05870,-0.56235,1.75154,-5.10124,0.22846,
1428715443674,-3.68087,9.26759,0.50910,0.83553,0.06878,0.06571,-0.54115,1.68660,-5.23334,0.44001,
1428814960726,-3.51696,8.72962,0.56604,0.84947,0.04269,0.08166,-0.51954,1.69815,-5.34464,0.61901,
1428947650883,-3.28755,8.01664,0.65504,0.86676,0.00365,0.10730,-0.48704,1.85915,-5.35784,0.68674,
1429047168778,-3.10010,7.48186,0.72924,0.88283,-0.00527,0.11532,-0.45529,2.07370,-5.30923,0.73031,
1429179900935,-2.81082,6.77943,0.82678,0.91193,0.00134,0.10369,-0.39702,2.28045,-5.25245,0.70431,
1429312634986,-2.52154,6.07902,0.91127,0.93576,-0.01343,0.10951,-0.33493,2.35379,-5.21293,0.53535,
1429412114830,-2.29334,5.56420,0.95585,0.94781,-0.02975,0.11481,-0.29594,2.49233,-5.11217,0.39954,
1429511542939,-2.03478,5.06536,0.98884,0.95540,-0.02621,0.11185,-0.27205,2.66911,-5.01207,0.26918,
1429611064783,-1.77154,4.55086,1.01092,0.96172,-0.03074,0.10452,-0.25145,2.77540,-4.95795,0.13899,
1429710620679,-1.48294,4.03269,1.01358,0.96644,-0.04403,0.10193,-0.23165,2.91334,-4.85496,-0.00803,
1429843214876,-1.09386,3.39699,1.00339,0.97345,-0.06228,0.08984,-0.20112,3.11715,-4.66620,-0.13264,
1429975910188,-0.66795,2.75864,0.96718,0.98125,-0.09368,0.07388,-0.15137,3.24104,-4.42105,-0.35867,
1430075426928,-0.34299,2.30912,0.91941,0.98593,-0.10986,0.06476,-0.10810,3.28320,-4.16514,-0.52601,
1430174925025,-0.00597,1.88948,0.86435,0.98810,-0.12740,0.06180,-0.06010,3.38001,-3.89807,-0.56825,
1430274406338,0.37921,1.46092,0.80481,0.98785,-0.14067,0.06380,-0.01721,3.50853,-3.61937,-0.58005,
1430373962921,0.76790,1.06393,0.73735,0.98711,-0.14202,0.07085,0.02047,3.61931,-3.27690,-0.60170,
1430473440973,1.12375,0.76164,0.67619,0.98674,-0.12969,0.07669,0.06037,3.65897,-2.89795,-0.62372,
1430606120928,1.63822,0.37722,0.58948,0.98265,-0.11436,0.08670,0.11747,3.79042,-2.51901,-0.59166,
1430705638032,2.03078,0.13166,0.53164,0.97464,-0.12347,0.08496,0.16618,3.89773,-2.21607,-0.53560,
1430805159189,2.41499,-0.05664,0.48527,0.96278,-0.13721,0.07234,0.22137,3.89955,-1.83840,-0.49982,
1430904575640,2.80630,-0.22186,0.44417,0.94804,-0.14657,0.06347,0.27516,3.87131,-1.46433,-0.43133,
1431037269942,3.28943,-0.35099,0.41324,0.92820,-0.14202,0.06606,0.33752,3.75126,-0.91112,-0.28825,
1431136881588,3.64575,-0.40551,0.40119,0.90855,-0.14188,0.06252,0.38794,3.68818,-0.53464,-0.16729,
1431236259373,3.99357,-0.42936,0.39835,0.88569,-0.15085,0.05262,0.43593,3.55504,-0.17770,-0.07198,
1431369059374,4.43274,-0.40610,0.41043,0.85528,-0.14550,0.06024,0.49366,3.34020,0.33010,0.11573,
1431468578217,4.70404,-0.31727,0.45724,0.83227,-0.13899,0.06428,0.53279,3.15874,0.71862,0.30274,
1431634333529,5.18372,-0.14784,0.53786,0.78769,-0.13937,0.06222,0.59687,2.93680,1.22129,0.47960,
1431800198478,5.61256,0.10473,0.63689,0.73490,-0.15452,0.03938,0.65917,2.66261,1.70177,0.53543,
1431965988150,5.96733,0.43577,0.73510,0.68520,-0.18192,0.00328,0.70526,2.18132,2.06934,0.47351,
1432098755098,6.19417,0.73705,0.80966,0.65334,-0.19640,-0.00944,0.73109,1.70229,2.34721,0.43202,
1432264571892,6.39354,1.15175,0.88618,0.61513,-0.18798,0.00554,0.76567,1.11070,2.65670,0.36115,
1432364092954,6.46041,1.41224,0.92992,0.59040,-0.18477,0.01030,0.78561,0.79536,2.80716,0.29487,
1432496707120,6.50719,1.78762,0.97534,0.56809,-0.17698,0.02123,0.80343,0.40769,3.00805,0.19179,
1432596337131,6.52216,2.10116,0.99469,0.56032,-0.17095,0.03010,0.80989,0.20375,3.17798,0.07359,
1432695782662,6.51218,2.42877,1.00531,0.55672,-0.17418,0.02624,0.81181,-0.07017,3.38270,-0.00745,
1432795354714,6.49814,2.78085,1.00600,0.55835,-0.17247,0.02565,0.81107,-0.27319,3.53942,-0.12739,
1432927953611,6.44611,3.27471,0.98109,0.55816,-0.17743,0.01538,0.81039,-0.55245,3.73103,-0.30042,
1433027472506,6.37654,3.66478,0.94863,0.55907,-0.17438,0.01518,0.81043,-0.80790,3.89668,-0.39437,
1433160206506,6.24344,4.20834,0.89154,0.55443,-0.16325,0.00908,0.81601,-1.12101,4.07750,-0.49902,
1433292870693,6.07228,4.76008,0.82431,0.54838,-0.14801,0.02045,0.82277,-1.42035,4.20940,-0.52247,
1433491893454,5.75502,5.62942,0.71768,0.53943,-0.12023,0.05087,0.83185,-1.67785,4.44835,-0.59457,
1433624584558,5.51790,6.23947,0.63520,0.53471,-0.10892,0.05488,0.83619,-1.77480,4.63996,-0.64598,
1433757352611,5.26676,6.87445,0.54568,0.53493,-0.08654,0.06703,0.83778,-1.86999,4.76391,-0.70639,
1433890009506,5.01767,7.52518,0.44316,0.53541,-0.06537,0.06696,0.83939,-1.83425,4.90706,-0.82665,
1433989530558,4.83136,8.02369,0.35838,0.53436,-0.05567,0.05480,0.84164,-1.83245,4.95719,-0.88552,
1434122179610,4.58549,8.68545,0.25291,0.53481,-0.04225,0.04311,0.84281,-1.81648,5.01123,-0.75332,
1434221776714,4.40073,9.19826,0.18414,0.53469,-0.03547,0.03619,0.84353,-1.78347,5.01682,-0.66311,
1434354471767,4.16305,9.87204,0.10772,0.53536,-0.02708,0.03098,0.84362,-1.76460,5.01696,-0.48531,
1434453910923,3.98899,10.36657,0.06886,0.53597,-0.02078,0.02745,0.84353,-1.72216,4.99535,-0.36388,
1434619774559,3.70770,11.19833,0.01784,0.53553,-0.01974,0.02522,0.84391,-1.66023,4.92290,-0.30470,
1434719295454,3.54127,11.69667,-0.00978,0.53326,-0.01604,0.02836,0.84533,-1.64661,4.88249,-0.23875,
1434818853610,3.38054,12.18814,-0.02264,0.53069,-0.00428,0.03601,0.84679,-1.57549,4.88479,-0.07137,
1434918397233,3.23407,12.67050,-0.01797,0.52568,0.00352,0.03405,0.84999,-1.48080,4.84034,0.05345,
1435017966921,3.09275,13.15703,-0.00559,0.51275,0.00074,0.02939,0.85803,-1.40219,4.79807,0.13400,
1435117513764,2.98210,13.63783,0.02046,0.49408,-0.00533,0.00966,0.86935,-1.31201,4.76548,0.22462,
1435216894005,2.87577,14.11940,0.05631,0.47201,-0.01251,-0.01476,0.88138,-1.27800,4.69529,0.32825,
1435316486057,2.77565,14.57976,0.09902,0.44409,-0.01693,-0.03635,0.89508,-1.26247,4.57195,0.38011,
1435415932214,2.67038,15.04139,0.15017,0.41454,-0.02296,-0.06475,0.90743,-1.28162,4.46285,0.41656,
1435548640870,2.52892,15.59975,0.22743,0.36599,-0.03167,-0.11260,0.92324,-1.36354,4.13754,0.43535,
1435648123818,2.40481,15.97193,0.28305,0.32249,-0.03983,-0.14038,0.93526,-1.48025,3.77235,0.40890,
1435747648171,2.26265,16.32474,0.33354,0.27046,-0.04987,-0.14235,0.95084,-1.62131,3.41383,0.40963,
1435847159765,2.11175,16.62521,0.38237,0.21714,-0.05451,-0.13710,0.96493,-1.73292,3.06204,0.38445,
1435946678870,1.97302,16.85334,0.44153,0.16675,-0.05573,-0.11961,0.97713,-1.77020,2.72528,0.38673,
1436046205817,1.81519,17.06853,0.49005,0.13034,-0.05817,-0.11329,0.98326,-1.81357,2.46454,0.37491,
1436145676765,1.65442,17.23196,0.54115,0.10621,-0.06926,-0.11376,0.98538,-1.87777,2.14983,0.34935,
1436245236817,1.46435,17.43134,0.58377,0.09079,-0.08449,-0.10955,0.98621,-2.01341,1.90777,0.35246,
1436377929026,1.18238,17.67928,0.63759,0.07312,-0.10381,-0.10628,0.98620,-2.23794,1.60992,0.38861,
1436510624817,0.86195,17.90401,0.70576,0.05836,-0.10799,-0.10062,0.98732,-2.52615,1.33400,0.52325,
1436610232945,0.59238,18.04807,0.76532,0.04655,-0.10620,-0.08520,0.98959,-2.72184,1.10780,0.62384,
1436709679684,0.31489,18.15417,0.82943,0.03273,-0.10367,-0.05741,0.99241,-2.87263,0.96924,0.62854,
1436842458542,-0.07634,18.27232,0.91166,0.01608,-0.10228,-0.02105,0.99440,-3.03978,0.85159,0.59579,
1436975148876,-0.48980,18.37801,0.99309,0.00351,-0.10361,0.01597,0.99448,-3.21637,0.88306,0.59720,
1437074819656,-0.81780,18.45651,1.05386,-0.01212,-0.10228,0.00880,0.99464,-3.33964,0.89047,0.53428,
1437174447696,-1.15646,18.53726,1.10861,-0.04050,-0.10045,-0.01293,0.99403,-3.45531,0.86687,0.49383,
1437273857539,-1.51402,18.61901,1.15990,-0.07413,-0.09764,-0.05003,0.99120,-3.57929,0.78416,0.48888,
1437406773095,-1.99987,18.70867,1.22896,-0.12657,-0.09064,-0.10939,0.98173,-3.69926,0.51870,0.51217,
1437506174564,-2.36332,18.74406,1.28112,-0.17260,-0.08660,-0.14771,0.97000,-3.72547,0.20411,0.48520,
1437605785125,-2.73945,18.74447,1.32850,-0.22531,-0.08668,-0.17224,0.95502,-3.74287,-0.15533,0.40264,
1437705412437,-3.10749,18.70663,1.36952,-0.28791,-0.07455,-0.18807,0.93604,-3.71389,-0.57251,0.34975,
1437804944281,-3.45572,18.62206,1.40462,-0.35900,-0.05482,-0.19513,0.91106,-3.57117,-0.96451,0.26759,
1437904558013,-3.79324,18.50075,1.43287,-0.43387,-0.04027,-0.19564,0.87856,-3.36907,-1.32827,0.18769,
1438004114117,-4.11529,18.34646,1.45289,0.51468,0.02577,0.19427,-0.83468,-3.16014,-1.63437,0.09997,
1438136869170,-4.50688,18.10114,1.45838,0.61631,0.00374,0.20721,-0.75974,-2.82415,-1.94213,-0.12202,
1438269561275,-4.87730,17.81894,1.43442,0.69688,-0.01045,0.21828,-0.68308,-2.46594,-2.20251,-0.37727,
1438435346274,-5.26240,17.42245,1.36340,0.75236,-0.02826,0.23236,-0.61576,-1.91838,-2.53233,-0.59027,
1438568120951,-5.50381,17.05667,1.28440,0.77623,-0.03139,0.23281,-0.58504,-1.38712,-2.76876,-0.73628,
1438700771326,-5.65443,16.65973,1.19148,0.79336,-0.03352,0.22818,-0.56337,-0.83098,-3.04425,-0.80656,
1438833422326,-5.73437,16.23067,1.08343,0.80677,-0.03825,0.22225,-0.54614,-0.28736,-3.20413,-0.92072,
1438966162222,-5.74158,15.77691,0.96024,0.81391,-0.00470,0.19719,-0.54648,0.22814,-3.39201,-0.99948,
1439098848430,-5.68453,15.29942,0.83305,0.81839,0.02842,0.16315,-0.55029,0.56257,-3.62272,-1.02248,
1439198413274,-5.61151,14.91954,0.73685,0.82101,0.05169,0.14067,-0.55089,0.76063,-3.79709,-0.99688,
1439297885222,-5.52634,14.52073,0.64119,0.82644,0.05956,0.12295,-0.54620,0.84445,-4.03039,-0.93062,
1439463710118,-5.36747,13.81482,0.49491,0.83896,0.02489,0.10883,-0.53262,1.03399,-4.26561,-0.86148,
1439563296988,-5.24783,13.37346,0.41491,0.84674,-0.00460,0.10117,-0.52228,1.19507,-4.34918,-0.82230,
1439662812041,-5.11642,12.93264,0.33520,0.85319,-0.03835,0.08895,-0.51252,1.34539,-4.32320,-0.80791,
1439762318624,-4.96885,12.50032,0.25944,0.85762,-0.05875,0.08151,-0.50438,1.50391,-4.19199,-0.79955,
1439895092624,-4.74687,11.93771,0.16481,0.86141,-0.03982,0.06689,-0.50191,1.79513,-4.04516,-0.68235,
1439994566624,-4.56228,11.52981,0.10521,0.86365,0.00368,0.03871,-0.50259,1.84805,-4.00014,-0.59290,
1440094046624,-4.38115,11.12910,0.05545,0.86443,0.03322,0.02030,-0.50125,1.80161,-4.00344,-0.51177,
1440193605624,-4.20389,10.72511,0.01086,0.86433,0.04587,0.01092,-0.50071,1.71373,-4.03774,-0.43398,
1440293159009,-4.03073,10.32070,-0.02123,0.86434,0.04290,0.01591,-0.50082,1.63599,-4.04941,-0.37488,
1440392649677,-3.86341,9.90980,-0.04889,0.86461,0.03316,0.03225,-0.50031,1.59565,-4.06049,-0.36324,
1440492240458,-3.69854,9.49906,-0.07678,0.86380,0.03089,0.05356,-0.50003,1.61122,-4.05297,-0.35446,
1440658102771,-3.42464,8.81965,-0.11570,0.86676,0.02902,0.06159,-0.49405,1.69332,-4.14083,-0.19504,
1440823991354,-3.13036,8.12680,-0.12957,0.87594,0.01966,0.07231,-0.47656,1.80062,-4.16678,0.00392,
1440923445458,-2.94193,7.70558,-0.11800,0.88438,-0.00749,0.08240,-0.45938,1.91124,-4.20243,0.17726,
1441023006614,-2.75077,7.29236,-0.09298,0.89246,-0.03127,0.09073,-0.44080,2.06617,-4.10382,0.27557,
1441155696615,-2.46417,6.75956,-0.04144,0.90720,-0.02862,0.09192,-0.40953,2.30216,-3.98430,0.43074,
1441288293403,-2.15367,6.23468,0.02386,0.92461,-0.02502,0.09151,-0.36891,2.47352,-3.88241,0.51474,
1441387812403,-1.89951,5.84664,0.07786,0.93722,-0.02199,0.09345,-0.33528,2.58901,-3.82775,0.53600,
1441487256133,-1.63584,5.46313,0.13690,0.94668,-0.02502,0.09856,-0.30571,2.69289,-3.79102,0.53126,
1441586882237,-1.36318,5.07863,0.19099,0.95333,-0.03179,0.10586,-0.28096,2.83112,-3.73888,0.53864,
1441752640925,-0.88409,4.45999,0.27939,0.96028,-0.06091,0.11473,-0.24698,3.06721,-3.58615,0.49400,
1441918531341,-0.34848,3.88865,0.36352,0.96746,-0.08228,0.12256,-0.20552,3.40210,-3.29098,0.45624,
1442018028030,0.00084,3.56290,0.40715,0.97269,-0.09496,0.12144,-0.17353,3.59572,-3.11084,0.42786,
1442117481334,0.36277,3.23113,0.44718,0.97854,-0.10888,0.11509,-0.13173,3.75446,-2.89884,0.39141,
1442217048282,0.74409,2.89373,0.49039,0.98223,-0.12560,0.11296,-0.08174,3.88277,-2.71998,0.34118,
1442316550324,1.13573,2.59607,0.52782,0.98230,-0.14906,0.10994,-0.02793,4.02353,-2.45228,0.29896,
1442416033836,1.55092,2.35143,0.55775,0.97834,-0.17884,0.09987,0.02991,4.14018,-2.12213,0.22102,
1442548743732,2.13978,2.07142,0.57619,0.96662,-0.21351,0.08652,0.11216,4.24431,-1.56115,0.09572,
1442648137620,2.61678,1.89035,0.57354,0.95255,-0.23616,0.07398,0.17724,4.30504,-1.15943,-0.03104,
1442780816651,3.22847,1.74073,0.55297,0.92581,-0.26561,0.05050,0.26416,4.22651,-0.50918,-0.21270,
1442913428359,3.81009,1.69816,0.51053,0.89181,-0.28516,0.02425,0.35037,3.99085,0.17480,-0.39397,
1443079234329,4.46583,1.78141,0.42704,0.83816,-0.30392,-0.00694,0.45285,3.50262,0.98640,-0.62167,
1443211997329,4.91638,1.94394,0.33715,0.78862,-0.31307,-0.03099,0.52831,2.94835,1.60067,-0.78878,
1443344689589,5.29474,2.19305,0.22630,0.74027,-0.29670,-0.04599,0.60154,2.26743,2.19452,-0.88990,
1443444179277,5.49883,2.43459,0.14061,0.70025,-0.26732,-0.05813,0.65941,1.70644,2.53119,-0.90634,
1443543720894,5.61861,2.70193,0.05681,0.66160,-0.22793,-0.05172,0.71250,1.13045,2.71690,-0.90958,
1443676339790,5.72736,3.07864,-0.04789,0.61240,-0.16568,-0.01864,0.77277,0.65680,2.93801,-0.71532,
1443842290519,5.78767,3.57818,-0.13782,0.55061,-0.13357,-0.00505,0.82399,0.20656,3.09381,-0.44422,
1443974899842,5.76861,3.99016,-0.16948,0.51775,-0.13084,-0.01365,0.84536,-0.11520,3.21640,-0.18752,
1444107555999,5.71593,4.42555,-0.17229,0.50309,-0.13516,-0.02384,0.85327,-0.50200,3.29511,0.04411,
1444240239946,5.62393,4.87303,-0.15094,0.50225,-0.13321,-0.01919,0.85419,-0.83464,3.36994,0.21112,
1444339801196,5.54183,5.21594,-0.12845,0.50403,-0.13466,-0.01896,0.85291,-1.03157,3.42062,0.25302,
1444439318102,5.42731,5.55715,-0.10157,0.50659,-0.13510,-0.02140,0.85127,-1.27002,3.44075,0.28485,
1444538802207,5.29555,5.90077,-0.06897,0.51189,-0.12751,-0.00372,0.84953,-1.48371,3.45783,0.28569,
1444638315894,5.14725,6.25329,-0.03520,0.51730,-0.11191,0.02626,0.84805,-1.60750,3.55289,0.27088,
1444737835894,4.99514,6.61867,0.00053,0.52077,-0.09545,0.05276,0.84670,-1.65871,3.66950,0.25095,
1444870614832,4.77113,7.11879,0.04167,0.52328,-0.07905,0.07853,0.84484,-1.67992,3.87737,0.30261,
1445036431467,4.49154,7.78913,0.09952,0.52333,-0.06987,0.08879,0.84461,-1.61624,4.14176,0.31353,
1445169171884,4.27647,8.35327,0.13230,0.52324,-0.07253,0.08381,0.84495,-1.59183,4.30266,0.16988,
1445301781102,4.05951,8.93377,0.14359,0.52485,-0.06861,0.09058,0.84357,-1.61025,4.46294,0.04108,
1445467721998,3.79250,9.69425,0.13697,0.52844,-0.05198,0.10346,0.84104,-1.50577,4.68660,-0.11165,
1445567271050,3.63206,10.17935,0.12379,0.53128,-0.03769,0.10552,0.83976,-1.48265,4.79813,-0.18325,
1445666677998,3.48707,10.66136,0.10062,0.53390,-0.01245,0.12132,0.83671,-1.37958,4.90209,-0.30572,
1445766288894,3.35744,11.16098,0.06526,0.53562,0.00095,0.11557,0.83651,-1.18699,5.02764,-0.44454,
1445865757946,3.20377,11.72993,0.01463,0.53614,-0.00526,0.09810,0.83839,-1.10761,5.19157,-0.50578,
1445998448842,3.04212,12.46494,-0.05562,0.52889,-0.01635,0.05718,0.84660,-0.99561,5.28056,-0.49302,
1446097968842,2.93279,13.02121,-0.10308,0.51791,-0.02861,0.02195,0.85467,-1.00249,5.28984,-0.42609,
1446197488894,2.82908,13.55496,-0.14601,0.50118,-0.03995,-0.01014,0.86436,-1.03406,5.23193,-0.40383,
1446330137947,2.68235,14.24394,-0.19776,0.46599,-0.05497,-0.04243,0.88206,-1.15804,5.06594,-0.38305,
1446496091404,2.47677,15.07551,-0.25829,0.40893,-0.06927,-0.06278,0.90776,-1.37271,4.80983,-0.33283,
1446628631968,2.29458,15.72194,-0.29660,0.35460,-0.07668,-0.07390,0.92893,-1.57634,4.61163,-0.20125,
1446761323468,2.07528,16.30856,-0.30943,0.30159,-0.08065,-0.07726,0.94687,-1.81864,4.33447,-0.06568,
1446860952572,1.87943,16.71463,-0.30092,0.26329,-0.07983,-0.07618,0.95838,-2.00156,4.13082,0.05999,
1446993604003,1.59693,17.25532,-0.27167,0.21417,-0.08693,-0.08798,0.96893,-2.22785,3.90132,0.25511,
1447093091795,1.37459,17.61694,-0.22808,0.18038,-0.09275,-0.10828,0.97321,-2.41290,3.64759,0.37912,
1447192513056,1.13835,17.91180,-0.16354,0.14882,-0.09708,-0.11722,0.97708,-2.60472,3.29349,0.49507,
1447325206055,0.79754,18.24185,-0.06258,0.11439,-0.09485,-0.11006,0.98275,-2.85174,2.82319,0.69084,
1447491078795,0.35388,18.57486,0.10204,0.07733,-0.09320,-0.08269,0.98919,-3.05283,2.30441,0.89506,
1447623950717,-0.03117,18.81099,0.24677,0.04467,-0.09485,-0.06654,0.99226,-3.19764,2.06770,1.01058,
1447756536404,-0.44096,19.01942,0.39676,0.00609,-0.09684,-0.09003,0.99120,-3.33316,1.80728,1.04443,
1447889428586,-0.85174,19.15931,0.53949,-0.03358,-0.09839,-0.13264,0.98570,-3.43004,1.44270,0.88996,
1447988985205,-1.17080,19.25150,0.63328,-0.06401,-0.09906,-0.16643,0.97897,-3.50334,1.09724,0.76921,
1448121583393,-1.65139,19.37665,0.72816,-0.10354,-0.10320,-0.17305,0.97400,-3.60626,0.53055,0.64641,
1448254381209,-2.12044,19.39682,0.81869,-0.15180,-0.11566,-0.11606,0.97474,-3.69960,0.07600,0.57525,
1448353898001,-2.46648,19.36758,0.87691,-0.20204,-0.12067,-0.10237,0.96651,-3.75638,-0.12164,0.42019,
1448486755703,-2.94425,19.30740,0.92129,-0.27993,-0.12275,-0.10695,0.94612,-3.84786,-0.40630,0.16899,
1448652671299,-3.55706,19.17391,0.92507,-0.40283,-0.10342,-0.16360,0.89458,-3.86543,-0.81808,-0.21107,
1448785342404,-4.04124,19.01748,0.89096,0.50015,0.06638,0.20643,-0.83835,-3.73550,-1.27959,-0.41448,
1448884957904,-4.38631,18.84097,0.85568,0.56278,0.02547,0.24393,-0.78938,-3.48866,-1.66821,-0.55644,
1449017566488,-4.84327,18.57685,0.78569,0.63192,-0.01897,0.27497,-0.72437,-2.98981,-2.18021,-0.70127,
1449150348496,-5.22383,18.24922,0.69807,0.69029,-0.05587,0.27955,-0.66500,-2.34613,-2.52271,-0.87110,
1449283002641,-5.48878,17.88243,0.58994,0.73035,-0.04250,0.26248,-0.62920,-1.61601,-2.87653,-0.93019,
1449415735443,-5.63616,17.48080,0.48564,0.75722,-0.01984,0.23215,-0.61019,-0.96651,-3.15899,-0.89103,
1449548385756,-5.70012,17.04286,0.39010,0.77222,-0.00843,0.22221,-0.59517,-0.41986,-3.44753,-0.81814,
1449681212131,-5.69888,16.56834,0.29444,0.78231,-0.00797,0.22714,-0.57995,0.12390,-3.71742,-0.77127,
1449780679183,-5.67096,16.18545,0.21483,0.78913,-0.00144,0.22483,-0.57159,0.52103,-3.90143,-0.78956,
1449880153079,-5.60566,15.77772,0.13601,0.79947,0.02218,0.20672,-0.56358,0.88588,-4.13130,-0.70722,
1449979761912,-5.51525,15.34331,0.06621,0.80950,0.04148,0.18893,-0.55434,1.13668,-4.35225,-0.60745,
1450079199287,-5.38616,14.89601,0.01037,0.81503,0.07092,0.16226,-0.55169,1.35871,-4.57346,-0.57132,
1450178807183,-5.24152,14.42425,-0.04469,0.81836,0.09198,0.12315,-0.55376,1.42357,-4.82904,-0.58333,
1450278189183,-5.09674,13.93271,-0.10256,0.82394,0.07806,0.09363,-0.55340,1.41171,-5.01537,-0.60007,
1450410882235,-4.90481,13.26194,-0.18395,0.82800,0.05717,0.07233,-0.55310,1.43505,-5.08431,-0.63183,
1450510443370,-4.75895,12.75100,-0.24509,0.82897,0.04653,0.06434,-0.55362,1.43741,-5.16343,-0.58857,
1450609921745,-4.60996,12.23498,-0.30103,0.82892,0.04219,0.06086,-0.55444,1.50094,-5.17427,-0.53200,
1450709444443,-4.45862,11.71275,-0.34586,0.82718,0.07001,0.04240,-0.55594,1.51788,-5.22940,-0.42218,
1450809062069,-4.31550,11.18625,-0.37817,0.82961,0.07898,0.03383,-0.55169,1.39640,-5.32334,-0.32991,
1450941715309,-4.13579,10.47557,-0.40929,0.84225,0.05436,0.04936,-0.53407,1.31041,-5.39633,-0.18828,
1451041272309,-4.00355,9.93836,-0.41876,0.85172,0.02901,0.06548,-0.51907,1.34801,-5.42996,-0.03989,
1451173960465,-3.81896,9.21864,-0.40875,0.86502,0.00994,0.07661,-0.49575,1.48693,-5.38678,0.10664,
1451273445466,-3.66769,8.68180,-0.39140,0.87810,0.00935,0.07767,-0.47204,1.58756,-5.34672,0.18004,
1451372998257,-3.50780,8.14677,-0.37092,0.89383,-0.00809,0.08625,-0.43995,1.65774,-5.31864,0.21140,
1451472476361,-3.33644,7.61488,-0.34739,0.90868,-0.03221,0.10086,-0.40385,1.80562,-5.22080,0.22669,
1451572037361,-3.14644,7.09496,-0.32010,0.92213,-0.04469,0.11042,-0.36808,1.99438,-5.11142,0.24166,
1451671515465,-2.94478,6.57241,-0.29112,0.93436,-0.05488,0.12029,-0.33090,2.19159,-5.02843,0.27694,
1451771033570,-2.71886,6.06996,-0.26029,0.94469,-0.06065,0.12578,-0.29676,2.41163,-4.86588,0.26948,
1451870591621,-2.47216,5.58178,-0.23430,0.95460,-0.05261,0.12588,-0.26479,2.63112,-4.71897,0.27716,
1452003181170,-2.12423,4.93440,-0.19420,0.96485,-0.05219,0.13171,-0.22135,2.85191,-4.61883,0.24980,
1452135984545,-1.73226,4.31957,-0.15836,0.97110,-0.08074,0.14020,-0.17545,3.14820,-4.40265,0.22727,
1452268564431,-1.30232,3.72473,-0.12256,0.97561,-0.10165,0.14739,-0.12699,3.47349,-4.12970,0.20996,
1452401256598,-0.82667,3.18029,-0.08657,0.97625,-0.13278,0.15442,-0.07392,3.81131,-3.75987,0.17419,
1452533967593,-0.30130,2.65701,-0.06492,0.97568,-0.15367,0.15490,-0.02076,4.14698,-3.35069,0.12026,
1452633429852,0.13873,2.25915,-0.06215,0.97441,-0.16761,0.14799,0.02307,4.38147,-3.03808,0.08133,
1452766029634,0.74552,1.86137,-0.05378,0.97242,-0.16518,0.14248,0.08261,4.62082,-2.49925,0.00214,
1452865561203,1.20563,1.63627,-0.05186,0.96965,-0.15680,0.13760,0.12749,4.74495,-2.09386,-0.06542,
1453031353047,2.00339,1.35350,-0.06140,0.95664,-0.16552,0.11335,0.21119,4.90307,-1.47126,-0.15634,
1453197158476,2.80706,1.18163,-0.09371,0.92908,-0.19593,0.08237,0.30271,4.85828,-0.80213,-0.27976,
1453296719153,3.26776,1.16081,-0.11699,0.90571,-0.22141,0.06148,0.35622,4.75361,-0.30557,-0.32663,
1453396235101,3.68886,1.23164,-0.13445,0.87757,-0.24889,0.03965,0.40786,4.52260,0.25429,-0.38714,
1453495746250,4.05761,1.33283,-0.14721,0.84733,-0.27097,0.01640,0.45643,4.17453,0.82078,-0.43783,
1453628390041,4.57230,1.49683,-0.20896,0.80701,-0.27073,0.00003,0.52482,3.62596,1.50447,-0.55426,
1453727862250,4.91386,1.67069,-0.26126,0.77504,-0.24948,-0.00393,0.58056,3.21731,1.90777,-0.60174,
1453860529545,5.24788,1.96200,-0.32372,0.72739,-0.20656,-0.00132,0.65439,2.65534,2.30459,-0.59454,
1453993181597,5.51044,2.29415,-0.38145,0.67192,-0.18567,-0.00297,0.71697,2.18992,2.55922,-0.58901,
1454092742597,5.65548,2.56165,-0.41578,0.63250,-0.18455,-0.00022,0.75225,1.82683,2.73748,-0.56983,
1454192301754,5.80736,2.84732,-0.46236,0.59706,-0.18187,0.00403,0.78130,1.47260,2.95947,-0.51444,
1454291666427,5.93963,3.15429,-0.51152,0.55923,-0.16480,0.00112,0.81247,1.13716,3.14012,-0.44523,
1454424400323,6.06571,3.58093,-0.56100,0.51165,-0.14670,-0.00643,0.84655,0.76691,3.28587,-0.30620,
1454557049375,6.13666,4.02514,-0.58728,0.47546,-0.13896,-0.00850,0.86865,0.37108,3.36687,-0.13709,
1454722924375,6.15245,4.59205,-0.59112,0.44567,-0.14789,-0.02063,0.88266,-0.06296,3.50075,0.00937,
1454822433375,6.12580,4.94128,-0.58394,0.43918,-0.15445,-0.03348,0.88439,-0.39159,3.50312,0.05272,
1454988396261,6.01462,5.52875,-0.56783,0.44514,-0.14571,-0.01942,0.88331,-0.87395,3.55029,0.10960,
1455120991271,5.87577,6.00537,-0.55099,0.45466,-0.13913,-0.01039,0.87967,-1.22095,3.60440,0.14556,
1455220516427,5.74424,6.37233,-0.53379,0.46440,-0.12844,0.00437,0.87625,-1.45293,3.67986,0.19144,
1455386377041,5.49962,7.00316,-0.50614,0.48601,-0.13128,0.01295,0.86394,-1.64910,3.80429,0.08624,
1455519067323,5.27311,7.51970,-0.49438,0.50547,-0.13110,0.05141,0.85127,-1.88550,3.91368,0.00546,
1455618586323,5.08091,7.91127,-0.49541,0.51220,-0.12615,0.07897,0.84587,-1.96177,4.07318,-0.05893,
1455751224193,4.81309,8.47237,-0.50698,0.51282,-0.12226,0.08240,0.84574,-2.03166,4.34551,-0.11523,
1455850789193,4.59832,8.91043,-0.51979,0.51388,-0.11864,0.08506,0.84535,-2.11578,4.50258,-0.11384,
1455950348193,4.38195,9.36952,-0.52948,0.51506,-0.10758,0.09374,0.84519,-2.15224,4.70750,-0.10401,
1456049821298,4.16187,9.85298,-0.53842,0.51468,-0.10343,0.08598,0.84677,-2.16570,4.88593,-0.12075,
1456149299141,3.92450,10.35014,-0.54889,0.51536,-0.10219,0.07884,0.84720,-2.23940,5.05498,-0.09575,
1456248871951,3.68655,10.87116,-0.55397,0.51664,-0.08732,0.07106,0.84877,-2.30965,5.23069,0.01374,
1456348435056,3.45488,11.40181,-0.54610,0.51797,-0.06512,0.07333,0.84976,-2.33908,5.31483,0.12359,
1456447950899,3.22681,11.93488,-0.52723,0.50924,-0.04232,0.08120,0.85574,-2.27471,5.40042,0.22927,
1456547429899,3.00872,12.47509,-0.49783,0.49455,-0.03078,0.07373,0.86547,-2.16451,5.48298,0.32817,
1456647023720,2.79675,13.02318,-0.45374,0.47732,-0.03042,0.05802,0.87629,-2.08665,5.52722,0.46608,
1456746583512,2.58746,13.57880,-0.39996,0.45949,-0.03428,0.03258,0.88692,-2.05200,5.53555,0.58721,
1456846151721,2.37799,14.12542,-0.33235,0.44202,-0.04245,0.00793,0.89597,-2.04932,5.48353,0.68577,
1456945599804,2.17969,14.66919,-0.25716,0.42264,-0.05134,-0.01657,0.90469,-2.07424,5.41629,0.77103,
1457078316596,1.91141,15.38421,-0.15045,0.39493,-0.05849,-0.03882,0.91602,-2.16771,5.24769,0.81613,
1457177728700,1.69902,15.89924,-0.07096,0.37171,-0.06165,-0.04348,0.92528,-2.21612,5.10037,0.76319,
1457310421700,1.41049,16.52678,0.03994,0.33274,-0.07160,-0.06087,0.93832,-2.34908,4.85586,0.74175,
1457409939856,1.18842,16.95341,0.12570,0.29648,-0.08092,-0.08004,0.94823,-2.45066,4.61857,0.70273,
1457542704596,0.86416,17.50174,0.22403,0.23732,-0.09848,-0.12135,0.95878,-2.63358,4.27327,0.57834,
1457642234648,0.60038,17.89791,0.28452,0.18858,-0.10810,-0.15325,0.96398,-2.82949,3.95848,0.47916,
1457741673752,0.31694,18.27324,0.33419,0.13855,-0.11742,-0.17852,0.96703,-3.00411,3.59035,0.34469,
1457841246493,0.00672,18.64621,0.36605,0.08994,-0.12305,-0.18125,0.97156,-3.19445,3.22492,0.22265,
1457940809702,-0.32873,18.98577,0.38434,0.04173,-0.12638,-0.17147,0.97616,-3.35972,2.85978,0.09378,
1458073507168,-0.79735,19.34461,0.39628,-0.01592,-0.13019,-0.11352,0.98484,-3.59118,2.39032,0.05310,
1458173025220,-1.13202,19.52660,0.41862,-0.06246,-0.13084,-0.09514,0.98485,-3.70806,2.13315,0.07568,
1458272676702,-1.48882,19.69230,0.44385,-0.11517,-0.13255,-0.10368,0.97899,-3.83717,1.85354,0.11087,
1458372321972,-1.87121,19.85652,0.46462,-0.17405,-0.12711,-0.13803,0.96669,-3.97161,1.56776,0.11178,
1458504957086,-2.41846,20.03859,0.47858,-0.24678,-0.12349,-0.17457,0.94519,-4.06396,1.01298,0.04798,
1458637657948,-2.95594,20.12038,0.48234,-0.33358,-0.11989,-0.18502,0.91658,-4.05941,0.45422,-0.09231,
1458737213000,-3.35050,20.13099,0.47293,-0.39844,-0.11794,-0.19214,0.88906,-4.01686,0.02595,-0.19350,
1458903197973,-3.99873,20.06858,0.43936,0.50541,0.10665,0.18974,-0.83497,-3.86924,-0.69919,-0.27396,
1459102243322,-4.72479,19.83890,0.38415,0.62611,0.06231,0.20954,-0.74847,-3.52432,-1.42896,-0.43361,
1459201763217,-5.05711,19.67372,0.35294,0.67148,0.03810,0.21901,-0.70689,-3.25589,-1.76635,-0.50885,
1459334514277,-5.44178,19.38460,0.30161,0.71578,0.01479,0.23073,-0.65894,-2.77695,-2.20851,-0.59385,
1459434073381,-5.71063,19.13114,0.25265,0.74455,0.00144,0.23462,-0.62498,-2.42448,-2.48905,-0.68004,
1459533683394,-5.94929,18.85479,0.19573,0.76906,-0.01189,0.23958,-0.59246,-2.03327,-2.72590,-0.73760,
1459666293603,-6.17061,18.46044,0.10704,0.79381,-0.03209,0.24840,-0.55419,-1.43310,-2.99468,-0.81426,
1459798986551,-6.31887,18.03266,0.00560,0.80980,-0.02844,0.25167,-0.52923,-0.79033,-3.23080,-0.88877,
1459931678603,-6.38668,17.57106,-0.10666,0.82115,-0.02129,0.24797,-0.51358,-0.14569,-3.47811,-0.90817,
1460031285394,-6.38112,17.20398,-0.19333,0.82750,-0.00123,0.23382,-0.51045,0.32745,-3.66956,-0.88392,
1460197102654,-6.27417,16.55668,-0.32405,0.83988,0.01826,0.20106,-0.50383,0.95998,-4.01069,-0.70087,
1460296652498,-6.16213,16.13474,-0.38870,0.84319,0.04140,0.18475,-0.50318,1.27496,-4.21669,-0.59673,
1460429368341,-5.97947,15.54529,-0.46730,0.84684,0.05213,0.17538,-0.49938,1.50388,-4.51734,-0.55482,
1460561966394,-5.75527,14.92467,-0.53525,0.85061,0.04303,0.16971,-0.49579,1.83732,-4.77999,-0.44041,
1460661484394,-5.55853,14.44135,-0.57370,0.85221,0.04719,0.15361,-0.49791,2.08871,-4.88367,-0.33894,
1460761005582,-5.34562,13.94128,-0.60245,0.84928,0.08878,0.12462,-0.50529,2.20988,-5.08957,-0.22402,
1460893695394,-5.06176,13.23183,-0.62534,0.84996,0.10289,0.10288,-0.50635,2.19118,-5.40653,-0.08579,
1460993288394,-4.84457,12.67509,-0.62914,0.85141,0.09721,0.09261,-0.50702,2.19828,-5.60039,0.00694,
1461092732499,-4.62226,12.10882,-0.62169,0.85126,0.09888,0.07730,-0.50951,2.17983,-5.75897,0.12153,
1461192253446,-4.40266,11.52995,-0.60717,0.85277,0.08964,0.07590,-0.50891,2.11792,-5.87294,0.16032,
1461291773529,-4.19167,10.94270,-0.59376,0.85706,0.06594,0.08915,-0.50314,2.12187,-5.94124,0.08472,
1461391331123,-3.97859,10.34446,-0.58441,0.86055,0.06498,0.08613,-0.49780,2.19760,-6.00427,0.05982,
1461490811394,-3.76055,9.73075,-0.57595,0.86901,0.05398,0.08339,-0.48472,2.19853,-6.10551,0.05849,
1461590328342,-3.54322,9.10943,-0.56488,0.88534,0.02110,0.08552,-0.45652,2.26721,-6.13772,0.12051,
1461689846446,-3.31031,8.49568,-0.54898,0.89991,-0.00213,0.08679,-0.42735,2.37005,-6.08925,0.17308,
1461789367394,-3.05681,7.89001,-0.53059,0.91416,-0.02802,0.09367,-0.39340,2.48952,-6.01690,0.16982,
1461888833790,-2.80000,7.28981,-0.51396,0.92828,-0.06660,0.10266,-0.35117,2.64173,-5.87954,0.13822,
1461988352998,-2.51995,6.71506,-0.50152,0.93984,-0.07074,0.10880,-0.31601,2.85996,-5.62445,0.09977,
1462087808654,-2.22797,6.15599,-0.49248,0.95251,-0.06288,0.10983,-0.27697,3.01381,-5.46598,0.08110,
1462187400393,-1.91712,5.61357,-0.48485,0.96290,-0.08124,0.11446,-0.23048,3.18963,-5.29727,0.05712,
1462286911591,-1.59503,5.08341,-0.48305,0.97154,-0.09575,0.11473,-0.18381,3.36600,-5.04939,0.01666,
1462386410741,-1.25355,4.58167,-0.48420,0.97858,-0.10436,0.11194,-0.13768,3.53173,-4.81143,-0.03253,
1462485870314,-0.89821,4.09296,-0.49025,0.98256,-0.12373,0.10686,-0.08856,3.69002,-4.57750,-0.08701,
1462585344846,-0.52391,3.64287,-0.49849,0.98277,-0.15245,0.09801,-0.03638,3.85428,-4.23371,-0.10223,
1462718035991,-0.00762,3.10028,-0.52152,0.98116,-0.17349,0.08014,0.02845,3.93699,-3.66402,-0.19661,
1462817473125,0.38794,2.71983,-0.54704,0.97780,-0.18182,0.07277,0.07456,3.96148,-3.28049,-0.22231,
1462916929174,0.79306,2.40658,-0.56792,0.97221,-0.18948,0.06902,0.11895,4.00001,-2.78840,-0.21143,
1463082794237,1.45922,2.00060,-0.59992,0.96332,-0.17764,0.06782,0.18935,3.98215,-2.02017,-0.17709,
1463182357174,1.86014,1.80943,-0.61551,0.95310,-0.18419,0.06587,0.23093,3.97663,-1.62165,-0.11352,
1463315047924,2.38776,1.63849,-0.62524,0.93787,-0.18596,0.07390,0.28346,3.88396,-0.94919,-0.05622,
1463447695977,2.90623,1.54725,-0.63102,0.91738,-0.17255,0.07619,0.35048,3.83288,-0.40239,-0.05040,
1463580469028,3.39150,1.54555,-0.62646,0.88149,-0.17996,0.05993,0.43243,3.68915,0.13802,-0.06631,
1463746332872,3.94947,1.64946,-0.62335,0.82027,-0.19087,0.02829,0.53845,3.38588,0.74813,-0.07519,
1463845710685,4.24108,1.76639,-0.61640,0.77979,-0.20158,0.01007,0.59262,3.09326,1.07177,-0.12987,
1463945229476,4.51178,1.90344,-0.62236,0.74213,-0.20110,0.00902,0.63932,2.75380,1.37297,-0.18621,
1464077921476,4.84298,2.11468,-0.64125,0.68769,-0.19315,0.00704,0.69980,2.34724,1.71473,-0.24022,
1464210621059,5.09282,2.37121,-0.65964,0.62880,-0.18865,0.00058,0.75434,1.88402,2.02028,-0.27567,
1464310062163,5.22882,2.58932,-0.67389,0.58319,-0.18016,-0.00055,0.79211,1.51536,2.21084,-0.26840,
1464442772136,5.37446,2.89975,-0.69733,0.51883,-0.17183,-0.00656,0.83741,1.05718,2.42295,-0.25011,
1464542223553,5.44807,3.15140,-0.71283,0.46670,-0.16676,-0.02079,0.86830,0.72302,2.53810,-0.23312,
1464708157292,5.50535,3.57885,-0.73914,0.38233,-0.15671,-0.04986,0.90928,0.11489,2.57874,-0.15748,
1464907127553,5.44499,4.07945,-0.75607,0.28011,-0.13533,-0.07839,0.94714,-0.54179,2.41809,-0.07630,
1465039896241,5.33019,4.38586,-0.75522,0.20911,-0.12447,-0.08825,0.96591,-0.94844,2.20084,-0.00132,
1465172511136,5.16794,4.65472,-0.74215,0.13699,-0.11784,-0.09241,0.97919,-1.30460,1.95496,0.07742,
1465338445136,4.91386,4.94093,-0.72063,0.04810,-0.12181,-0.09576,0.98675,-1.67107,1.58442,0.11495,
1465537478142,4.53356,5.20100,-0.68637,-0.05150,-0.12401,-0.08355,0.98741,-2.10450,1.18300,0.17180,
1465670271282,4.23758,5.32866,-0.65513,-0.10880,-0.12387,-0.07731,0.98328,-2.37224,0.91095,0.20267,
1465802923491,3.90693,5.42769,-0.62108,-0.16418,-0.11338,-0.06726,0.97758,-2.59648,0.65507,0.25844,
1465935664379,3.54700,5.48971,-0.58199,-0.21012,-0.10487,-0.04940,0.97078,-2.79009,0.41655,0.26914,
1466068483432,3.16562,5.52322,-0.53927,-0.24832,-0.10219,-0.02126,0.96304,-2.95940,0.27169,0.26980,
1466167917483,2.86421,5.53514,-0.50514,-0.26868,-0.09989,-0.00616,0.95802,-3.08388,0.17561,0.27107,
1466300566380,2.44601,5.54981,-0.46594,-0.29334,-0.10177,0.01301,0.95049,-3.25363,0.13204,0.21259,
1466400085327,2.11268,5.55900,-0.44171,-0.31223,-0.09873,0.01420,0.94475,-3.39654,0.11480,0.14360,
1466532778327,1.64786,5.56202,-0.41941,-0.33488,-0.09214,0.00491,0.93773,-3.54445,0.03833,0.06632,
1466632338379,1.28518,5.55370,-0.40804,-0.35990,-0.08799,-0.00377,0.92883,-3.63024,-0.04083,0.00405,
1466731815379,0.91627,5.54518,-0.40204,-0.38924,-0.07901,-0.02174,0.91749,-3.69923,-0.11715,-0.03427,
1466831335587,0.54214,5.52584,-0.40025,-0.42164,-0.06843,-0.04023,0.90328,-3.72506,-0.22957,-0.07619,
1466930957535,0.16342,5.49223,-0.40265,-0.45728,-0.05945,-0.05563,0.88559,-3.72105,-0.38217,-0.11270,
1467030436202,-0.20922,5.44443,-0.41065,-0.49423,-0.05547,-0.06239,0.86532,-3.69397,-0.52798,-0.16837,
1467129952410,-0.57908,5.38586,-0.42315,0.53040,0.05209,0.06895,-0.84333,-3.65037,-0.65916,-0.24852,
1467229520273,-0.94462,5.31162,-0.44715,0.56750,0.04687,0.07464,-0.81864,-3.59893,-0.80911,-0.34482,
1467395438319,-1.53848,5.15651,-0.51453,0.62578,0.03818,0.08219,-0.77472,-3.45864,-1.02157,-0.53980,
1467494954976,-1.88181,5.04058,-0.56494,0.66066,0.02096,0.08969,-0.74501,-3.35562,-1.16444,-0.60302,
1467660821871,-2.42093,4.81970,-0.66586,0.71275,-0.01678,0.10998,-0.69254,-3.03960,-1.38207,-0.68170,
1467760474080,-2.71399,4.66383,-0.72574,0.74322,-0.03377,0.11350,-0.65848,-2.75950,-1.49729,-0.70020,
1467859914905,-2.96871,4.49499,-0.78311,0.77279,-0.04346,0.11227,-0.62314,-2.44811,-1.58982,-0.67708,
1467959456592,-3.20231,4.32397,-0.84025,0.80181,-0.04919,0.10834,-0.58561,-2.17116,-1.64485,-0.65172,
1468059066905,-3.39985,4.15504,-0.89562,0.82831,-0.05474,0.10880,-0.54687,-1.87744,-1.66611,-0.60031,
1468158522401,-3.56747,3.98777,-0.94968,0.85370,-0.06424,0.10622,-0.50576,-1.56853,-1.66539,-0.54417,
1468291214088,-3.74524,3.76985,-1.01206,0.88392,-0.07679,0.10029,-0.45026,-1.18882,-1.59521,-0.46101,
1468457171061,-3.89353,3.52059,-1.06505,0.91526,-0.09194,0.09275,-0.38110,-0.69849,-1.42693,-0.22858,
1468589905988,-3.94313,3.35421,-1.07519,0.93542,-0.09553,0.08589,-0.32937,-0.31194,-1.19675,-0.03841,
1468722513166,-3.93582,3.22622,-1.05642,0.95379,-0.09476,0.06865,-0.27675,0.04273,-0.96509,0.18198,
1468855286114,-3.89910,3.13051,-1.01980,0.96829,-0.08834,0.05260,-0.22769,0.24332,-0.72361,0.22442,
1468987899061,-3.83982,3.06957,-0.97960,0.97887,-0.07064,0.04721,-0.18602,0.41023,-0.51544,0.21919,
1469120721239,-3.77437,3.01960,-0.95217,0.98631,-0.05678,0.04513,-0.14807,0.51627,-0.37531,0.10506,
1469220112113,-3.71783,2.98820,-0.94286,0.99076,-0.03947,0.04092,-0.12310,0.57241,-0.30168,-0.02236,
1469319628165,-3.65806,2.95541,-0.94814,0.99400,-0.02550,0.03802,-0.09932,0.59187,-0.30598,-0.20544,
1469419189061,-3.59137,2.92230,-0.96907,0.99620,-0.02065,0.03546,-0.07686,0.66438,-0.29242,-0.35009,
1469518666114,-3.51641,2.89378,-1.00035,0.99779,-0.01224,0.03015,-0.05787,0.74580,-0.26869,-0.45800,
1469618185113,-3.43721,2.86476,-1.04753,0.99885,-0.00544,0.02252,-0.04196,0.78470,-0.29089,-0.58491,
1469717711217,-3.35466,2.83424,-1.10502,0.99947,-0.00594,0.01331,-0.02922,0.81631,-0.30294,-0.62414,
1469817227571,-3.27165,2.80422,-1.16674,0.99983,-0.00447,0.00802,-0.01595,0.83134,-0.31202,-0.61800,
1469916742113,-3.18797,2.77160,-1.22984,0.99998,-0.00514,0.00274,-0.00277,0.83214,-0.33562,-0.65575,
1470016261322,-3.10508,2.73677,-1.29614,0.99997,-0.00240,-0.00101,0.00711,0.82528,-0.34670,-0.69104,
1470115826113,-3.02208,2.69941,-1.36549,0.99986,0.00341,-0.00587,0.01519,0.82401,-0.37712,-0.70073,
1470248472113,-2.91260,2.64471,-1.44715,0.99957,0.00411,-0.01113,0.02677,0.76528,-0.44485,-0.56572,
1470414383113,-2.79389,2.59117,-1.43471,0.99984,-0.00081,-0.00720,0.01608,0.66290,-0.26009,0.13293,
1470513855061,-2.72754,2.56180,-1.42998,0.99967,-0.00689,-0.00283,0.02440,0.69770,-0.32487,-0.01626,
1470613375571,-2.65769,2.53123,-1.45870,0.99960,-0.00603,-0.00709,0.02685,0.69206,-0.31448,-0.62846,
1470712893113,-2.60031,2.49956,-1.52965,0.99888,-0.00830,0.03675,0.02872,0.40442,0.00687,0.06632,
1470812412061,-2.54605,2.48400,-1.49418,0.99907,-0.01158,-0.01835,0.03718,0.45822,-0.17548,-0.01936,
1470911933061,-2.50646,2.46152,-1.53601,0.99911,-0.00749,0.01582,0.03846,0.19399,-0.11645,-0.50230,
1471011548165,-2.46693,2.44817,-1.53290,0.99894,-0.01107,-0.00786,0.04399,0.23609,-0.12249,-0.31891,
1471111072165,-2.44228,2.44031,-1.55087,0.99890,-0.01174,0.00381,0.04535,0.11999,0.02838,-0.23329,
1471210585009,-2.42909,2.44114,-1.57040,0.99894,-0.01264,0.00375,0.04407,0.18485,-0.00137,-0.16255,
1471310048061,-2.41330,2.44125,-1.58819,0.99889,-0.01254,0.00436,0.04512,0.17021,0.00416,-0.19877,
1471409568061,-2.39880,2.44207,-1.60620,0.99870,-0.00896,0.01143,0.04884,0.19625,0.01236,-0.20470,
1471509087374,-2.40244,2.46182,-1.63329,0.99894,-0.01147,0.00581,0.04415,0.17205,0.04654,-0.21527,
1471608566009,-2.38209,2.46241,-1.65441,0.99898,-0.01088,0.00629,0.04328,0.17667,0.04364,-0.24203,
1471708084113,-2.37251,2.47053,-1.67899,0.99901,-0.01056,0.00713,0.04263,0.17861,0.05978,-0.24778,
1471807603061,-2.35816,2.47769,-1.70472,0.99908,-0.00968,0.00792,0.04094,0.18692,0.05325,-0.26549,
1471907161218,-2.35022,2.48661,-1.73157,0.99909,-0.00897,0.00738,0.04093,0.18326,0.05593,-0.27436,
1472039814165,-2.31929,2.49339,-1.76872,0.99908,-0.00824,0.00827,0.04116,0.21442,0.05720,-0.28955,
1472172604373,-2.27520,2.49523,-1.80744,0.99904,-0.00682,0.00992,0.04213,0.25580,0.04826,-0.30768,
1472305199165,-2.18591,2.45995,-1.84555,0.99890,-0.00236,0.01408,0.04464,0.35117,-0.02350,-0.32188,
1472404758165,-2.14759,2.45511,-1.87222,0.99889,-0.00820,0.00944,0.04541,0.32967,0.01272,-0.32845,
1472504236477,-2.11834,2.45952,-1.90383,0.99891,-0.00746,0.00980,0.04505,0.34266,0.00401,-0.33946,
1472603757373,-2.08752,2.46124,-1.93740,0.99891,-0.00716,0.01004,0.04498,0.35696,0.00110,-0.35169,
1472736453999,-2.04324,2.46364,-1.98519,0.99893,-0.00685,0.01036,0.04460,0.37852,-0.00031,-0.36657,
1472869138061,-1.99714,2.46588,-2.03482,0.99893,-0.00653,0.01079,0.04459,0.39899,-0.00405,-0.38261,
1472968773374,-1.96556,2.46839,-2.07059,0.99893,-0.00595,0.01145,0.04449,0.41535,-0.00871,-0.39321,
1473101351426,-1.91344,2.46806,-2.12298,0.99893,-0.00510,0.01237,0.04419,0.44593,-0.01955,-0.40933,
