534177596382,-0.02670,0.00734,0.08160,0.99794,-0.05836,0.02544,0.00847,-0.04500,-0.00031,0.08640,
534310291205,-0.02422,0.00581,0.09045,0.99781,-0.05925,0.02801,0.00947,0.12018,-0.05079,0.05498,
534442941487,0.00954,-0.00364,0.10107,0.99693,-0.07378,0.02582,0.00370,0.37782,-0.11023,0.08684,
534575634674,0.06755,-0.02177,0.11107,0.99645,-0.07525,0.01599,-0.03413,0.41612,-0.12485,0.08085,
534675202104,0.10284,-0.03209,0.11940,0.99547,-0.07652,0.00758,-0.05599,0.25051,-0.06944,0.05651,
534774680053,0.11541,-0.03920,0.12682,0.99421,-0.07472,-0.00218,-0.07724,-0.00463,-0.03435,0.04196,
534874278254,0.09761,-0.03656,0.13533,0.99444,-0.06690,-0.01004,-0.08075,-0.32654,0.09240,0.02200,
534973777717,0.05483,-0.02447,0.13826,0.99675,-0.05378,0.00448,-0.05987,-0.58001,0.15927,0.02359,
535073332926,-0.00916,-0.00922,0.14031,0.99839,-0.03892,0.03103,-0.02722,-0.67515,0.13373,0.01606,
535205940931,-0.08692,0.00169,0.14276,0.99740,-0.03105,0.06265,0.01714,-0.40640,0.03106,0.03275,
535305524036,-0.11197,0.00452,0.14467,0.99674,-0.02487,0.06964,0.03242,-0.02990,0.00713,0.00527,
535438146349,-0.08842,0.00259,0.14168,0.99706,-0.03799,0.06044,0.02797,0.44031,-0.05899,-0.05898,
535537657708,-0.03439,-0.00571,0.13678,0.99785,-0.04668,0.04598,0.00236,0.65691,-0.11713,-0.04040,
535637181812,0.03320,-0.02150,0.13615,0.99735,-0.05557,0.02595,-0.03902,0.65385,-0.18129,0.04293,
535736706326,0.09001,-0.03630,0.14417,0.99555,-0.05537,0.00713,-0.07598,0.42734,-0.10572,0.10680,
535836224431,0.11707,-0.04332,0.15350,0.99433,-0.05427,-0.00734,-0.09120,0.07684,-0.01104,0.06212,
535935833788,0.10929,-0.03986,0.15492,0.99497,-0.04845,-0.00948,-0.08715,-0.27441,0.07615,-0.04116,
536035322302,0.07276,-0.03046,0.14945,0.99664,-0.04394,0.00387,-0.06907,-0.51373,0.10183,-0.07908,
536134841354,0.01441,-0.02071,0.14089,0.99767,-0.04888,0.02566,-0.04018,-0.62896,0.08844,-0.07873,
536234447605,-0.04836,-0.01226,0.13436,0.99723,-0.05480,0.05007,-0.00553,-0.59404,0.06840,-0.03443,
536333972562,-0.09727,-0.00738,0.13430,0.99598,-0.05557,0.06608,0.02392,-0.33071,0.02889,0.04121,
536433398758,-0.11388,-0.00480,0.13647,0.99560,-0.05098,0.06866,0.03838,0.04621,0.00808,0.01437,
536532872810,-0.09756,-0.00316,0.13645,0.99596,-0.05236,0.06243,0.03767,0.32957,0.00614,-0.01406,
536632391550,-0.05623,-0.00235,0.13592,0.99707,-0.05480,0.04268,0.03200,0.48584,-0.00831,-0.01822,
536731948420,-0.00597,-0.00699,0.13450,0.99745,-0.06527,0.02361,0.01654,0.46260,-0.10225,0.00005,
536897782420,0.03858,-0.02075,0.13526,0.99706,-0.07285,0.01765,-0.01562,0.04077,-0.01648,-0.03580,
536997385368,0.03855,-0.02007,0.13229,0.99668,-0.07738,0.02236,-0.01181,-0.04839,0.02177,0.01158,
537096809420,0.03210,-0.01268,0.14282,0.99640,-0.08149,0.02308,-0.00233,-0.07102,0.14935,0.26059,
537196327473,0.02655,0.00528,0.18476,0.99693,-0.07229,0.02971,0.00493,-0.03316,0.19354,0.58211,
537295890138,0.02296,0.02432,0.24604,0.99769,-0.05767,0.03491,0.00819,-0.02129,0.18662,0.60045,
537395366473,0.02195,0.03790,0.28705,0.99886,-0.03021,0.03593,0.00894,-0.02331,0.07714,0.14656,
537494926316,0.01688,0.03705,0.27212,0.99768,-0.04491,0.04891,0.01502,-0.05607,-0.11750,-0.42329,
537594405920,0.01394,0.02231,0.22524,0.99517,-0.08154,0.05407,0.00848,-0.03907,-0.20049,-0.63148,
537727096472,0.00808,-0.00453,0.14404,0.99209,-0.11248,0.05554,0.00371,-0.02116,-0.21032,-0.48858,
537859815368,0.00726,-0.02633,0.12416,0.98660,-0.15581,0.04822,0.00423,-0.00950,0.05801,0.24473,
537959306368,0.00789,-0.00621,0.16418,0.99155,-0.12243,0.04220,0.00726,0.02070,0.28605,0.61469,
538058867420,0.01028,0.02164,0.22758,0.99554,-0.08720,0.03325,0.01359,0.02381,0.23531,0.72424,
538158346420,0.01335,0.04069,0.28999,0.99864,-0.04220,0.02786,0.01240,0.02593,0.12227,0.46580,
538257905420,0.01376,0.04701,0.31256,0.99923,-0.01930,0.03355,0.00607,-0.03955,-0.00174,-0.08426,
538390686243,0.00956,0.03587,0.26713,0.99744,-0.05678,0.04344,0.00324,-0.03869,-0.19737,-0.64292,
538523249576,0.00540,0.00168,0.17180,0.99322,-0.10929,0.03954,-0.00077,-0.03699,-0.37519,-0.74779,
538655944441,0.00046,-0.03954,0.11401,0.98675,-0.15430,0.05016,-0.00281,-0.00665,-0.13563,0.01631,
538788632368,0.00029,-0.02442,0.15417,0.99069,-0.13121,0.03431,0.01197,-0.01068,0.26961,0.57273,
538888154608,-0.00359,0.00518,0.21529,0.99424,-0.09914,0.03219,0.02500,-0.02578,0.27759,0.75612,
539020845889,0.00186,0.02824,0.29065,0.99805,-0.05108,0.03162,0.01676,0.04904,0.10542,0.41569,
539153551472,0.00793,0.03837,0.29760,0.99897,-0.03197,0.02519,0.02005,0.01430,-0.02099,-0.34346,
539253055941,0.00865,0.02734,0.25257,0.99705,-0.06943,0.02931,0.01487,-0.01942,-0.14634,-0.62425,
539452192659,0.00408,-0.02143,0.16046,0.99383,-0.09925,0.04914,-0.00662,-0.00953,-0.34194,-0.17458,
539651260628,-0.00342,-0.09631,0.15860,0.99429,-0.09599,0.03989,-0.02421,-0.05277,-0.24994,0.05263,
539750651524,-0.00690,-0.10552,0.15857,0.99538,-0.08695,0.03581,-0.01961,-0.04406,0.12696,-0.04940,
539850168785,-0.00763,-0.07643,0.15059,0.99576,-0.08438,0.03627,-0.00534,0.01513,0.45180,-0.04356,
539949687983,-0.00367,-0.02069,0.14711,0.99625,-0.08129,0.02947,-0.00012,0.04282,0.61416,-0.02372,
540082374099,0.00236,0.05597,0.14422,0.99767,-0.06294,0.02554,-0.00625,0.00348,0.41317,-0.02589,
540181935464,-0.00073,0.07905,0.13990,0.99722,-0.06921,0.02739,0.00205,-0.04771,0.00084,-0.04727,
540314669047,-0.00656,0.05191,0.13733,0.99604,-0.08509,0.02506,0.00578,-0.03482,-0.40515,-0.01766,
540447323995,-0.00921,-0.01895,0.13661,0.99423,-0.10185,0.03346,-0.00191,0.02090,-0.63390,0.03654,
540546794042,-0.00636,-0.07680,0.14062,0.99207,-0.12258,0.02521,-0.01172,0.01769,-0.43532,0.01553,
540646334042,-0.00590,-0.10082,0.13840,0.99020,-0.13583,0.03068,-0.01073,-0.02317,-0.01168,-0.05288,
540745919199,-0.00663,-0.08701,0.13402,0.98996,-0.13603,0.03678,-0.01074,-0.00215,0.32331,-0.01124,
540845348034,-0.00602,-0.04405,0.13178,0.99236,-0.11836,0.03446,-0.00415,0.00607,0.49693,-0.00249,
540944865159,-0.00265,0.00687,0.13296,0.99476,-0.09899,0.02525,-0.00355,0.04361,0.48740,0.02046,
541044394211,0.00357,0.04737,0.13515,0.99614,-0.08668,0.01397,0.00068,0.05234,0.28451,0.01323,
541144001524,0.00691,0.06523,0.13432,0.99637,-0.08369,0.01570,0.00153,0.00401,0.00700,-0.01339,
541276637263,0.00488,0.04462,0.13389,0.99604,-0.08564,0.02394,-0.00010,-0.02449,-0.33205,-0.00462,
541409290243,0.00169,-0.01301,0.13630,0.99567,-0.08834,0.02890,-0.00063,-0.02150,-0.48485,0.03119,
541541979159,0.00146,-0.07655,0.14296,0.99475,-0.09919,0.02347,-0.00863,0.00935,-0.38134,0.03662,
541707845472,-0.00100,-0.09456,0.13846,0.99360,-0.10728,0.03346,-0.01166,-0.01630,0.16030,-0.05292,
541840605159,-0.00203,-0.05771,0.13158,0.99384,-0.10377,0.03823,-0.00684,0.01258,0.36865,-0.01424,
541973324159,0.00237,-0.00745,0.13176,0.99517,-0.09344,0.02961,-0.00460,0.02868,0.35049,0.01813,
542072746263,0.00402,0.01967,0.13181,0.99616,-0.08120,0.03183,-0.00732,-0.00000,0.13549,-0.01331,
542205444315,0.00386,0.01696,0.12645,0.99617,-0.08009,0.03364,-0.00949,0.00128,-0.18617,-0.08909,
542305001211,0.00594,-0.00683,0.11437,0.99498,-0.09222,0.03705,-0.01150,0.05767,-0.27087,-0.13364,
542404477367,0.01780,-0.03146,0.10449,0.99325,-0.10808,0.03608,-0.02159,0.20521,-0.20773,-0.02925,
542537169679,0.05096,-0.04752,0.11790,0.99157,-0.11702,0.01762,-0.05271,0.24254,-0.00618,0.25409,
542703145326,0.06228,-0.02855,0.17628,0.99499,-0.07159,0.01420,-0.06830,-0.19400,0.21175,0.37618,
542802601701,0.03098,-0.00684,0.20626,0.99750,-0.04099,0.03121,-0.04839,-0.46398,0.22538,0.20341,
542902089586,-0.01648,0.01080,0.21123,0.99783,-0.01654,0.06181,-0.01561,-0.52593,0.05323,-0.13949,
543001654638,-0.05611,0.00820,0.18641,0.99544,-0.03440,0.08888,0.00502,-0.33150,-0.12767,-0.38818,
543101167481,-0.07466,-0.00788,0.14579,0.99104,-0.05926,0.11953,0.00627,-0.00340,-0.21800,-0.39674,
543200645586,-0.05684,-0.02874,0.11541,0.99060,-0.07927,0.11129,-0.00680,0.36663,-0.20157,-0.19955,
543333339638,0.00036,-0.04948,0.10863,0.99180,-0.10087,0.07033,-0.03478,0.45635,-0.06369,0.15410,
543466144638,0.04726,-0.04401,0.15198,0.99432,-0.07703,0.03671,-0.06368,0.16681,0.16711,0.47933,
543565556074,0.04865,-0.02207,0.20300,0.99699,-0.03848,0.02534,-0.06240,-0.16164,0.26533,0.53214,
543698323804,0.00879,0.01171,0.25732,0.99902,0.01521,0.03065,-0.02810,-0.45120,0.20457,0.20007,
543797771477,-0.03383,0.02687,0.25870,0.99832,0.02368,0.05180,0.01074,-0.45048,0.05720,-0.22169,
543897292206,-0.07182,0.02686,0.22559,0.99710,-0.01019,0.06833,0.03205,-0.29125,-0.09953,-0.46881,
543996893477,-0.08625,0.01441,0.18356,0.99584,-0.03903,0.07229,0.03930,0.06551,-0.20567,-0.37939,
544096328685,-0.06725,-0.00876,0.15025,0.99603,-0.06158,0.05925,0.02493,0.36033,-0.24978,-0.28511,
544195922581,-0.02595,-0.03191,0.12617,0.99495,-0.09298,0.03767,-0.00140,0.50604,-0.22080,-0.14009,
544295371519,0.02166,-0.04883,0.12254,0.99343,-0.10788,0.01576,-0.03467,0.42814,-0.11197,0.08705,
544394999842,0.05602,-0.05452,0.13831,0.99333,-0.09536,0.00790,-0.06430,0.24613,0.01049,0.24809,
544560793946,0.08087,-0.02908,0.18453,0.99418,-0.03829,0.00690,-0.10047,0.07181,0.33680,0.20058,
544693449468,0.07429,0.02549,0.20246,0.99421,-0.02052,0.02223,-0.10314,-0.22245,0.44066,0.04805,
544792967729,0.04035,0.06241,0.20414,0.99720,-0.02193,0.03370,-0.06299,-0.47683,0.25476,-0.01014,
544925742364,-0.03419,0.07910,0.19738,0.99870,-0.02061,0.04646,0.00289,-0.61246,-0.08805,-0.10547,
545058390364,-0.10257,0.04649,0.18325,0.99586,-0.03142,0.07446,0.04150,-0.32345,-0.41860,-0.09255,
545191119416,-0.11241,-0.01382,0.17167,0.99392,-0.05347,0.08172,0.05089,0.19720,-0.46022,-0.08896,
545356912760,-0.04132,-0.07278,0.16184,0.99487,-0.08958,0.04521,0.01249,0.63052,-0.20889,-0.02018,
545456427416,0.01991,-0.08575,0.16079,0.99408,-0.09732,0.02164,-0.04315,0.60513,0.04054,-0.01236,
545555990447,0.07416,-0.07465,0.16384,0.99203,-0.09888,-0.01323,-0.07702,0.41125,0.27565,0.01846,
545655478020,0.09756,-0.04089,0.16419,0.99154,-0.09405,-0.02335,-0.08633,0.02560,0.42963,-0.00595,
545754984624,0.08126,0.00299,0.16332,0.99401,-0.07995,-0.00821,-0.07410,-0.35672,0.41727,0.00861,
545887750312,0.01387,0.04454,0.16627,0.99764,-0.06420,0.01513,-0.01904,-0.60793,0.14856,0.04289,
546020409469,-0.06708,0.04352,0.16501,0.99627,-0.05773,0.04070,0.04955,-0.53121,-0.18955,-0.06034,
546119929573,-0.11081,0.01942,0.15568,0.99202,-0.06848,0.06306,0.08506,-0.26753,-0.29998,-0.09935,
546252580468,-0.11602,-0.02008,0.14231,0.98867,-0.08770,0.06622,0.10220,0.21311,-0.29362,-0.10105,
546352176593,-0.08612,-0.05103,0.13315,0.98924,-0.10487,0.06038,0.08223,0.44551,-0.28178,-0.06028,
546484789280,-0.02148,-0.08097,0.13242,0.99195,-0.11777,0.02916,0.03633,0.54769,-0.12656,0.05972,
546617481551,0.04295,-0.08475,0.14530,0.99405,-0.10688,0.00263,-0.02070,0.38492,0.09518,0.11205,
546750173551,0.07377,-0.06866,0.15434,0.99433,-0.09169,0.00269,-0.05379,0.06982,0.17530,0.01667,
546882862499,0.06809,-0.04396,0.15022,0.99466,-0.08537,0.01550,-0.05594,-0.14299,0.20146,-0.05071,
547015642551,0.03711,-0.02431,0.14801,0.99462,-0.08455,0.03533,-0.04828,-0.31439,0.09671,0.07280,
547115074343,0.00019,-0.01407,0.16200,0.99593,-0.07260,0.04995,-0.01872,-0.41777,0.10743,0.20339,
547214634552,-0.04200,-0.00480,0.18689,0.99520,-0.05515,0.07989,0.01221,-0.37568,0.11136,0.31666,
547380544551,-0.06674,0.01691,0.25188,0.99362,-0.00956,0.10888,0.02771,0.13810,0.15124,0.41730,
547513151864,-0.02886,0.03057,0.29754,0.99657,0.02638,0.07794,0.00915,0.42296,0.07231,0.19685,
547712194169,0.05474,0.01183,0.27108,0.99759,0.00495,0.04289,-0.05439,0.31303,-0.21775,-0.43507,
547844885273,0.07773,-0.02781,0.20496,0.99486,-0.04637,0.03537,-0.08278,-0.01326,-0.27719,-0.52800,
547944411065,0.06488,-0.05596,0.15601,0.99227,-0.08358,0.04600,-0.07932,-0.25934,-0.25031,-0.39892,
548043964065,0.03299,-0.08011,0.12767,0.98996,-0.11467,0.05666,-0.06011,-0.40393,-0.20378,-0.13043,
548143483169,-0.01456,-0.09302,0.12087,0.98828,-0.12196,0.08541,-0.03380,-0.54551,-0.04811,0.05806,
548243002117,-0.06456,-0.08864,0.13613,0.98694,-0.11585,0.11186,0.00231,-0.45648,0.13807,0.27242,
548342481065,-0.09761,-0.07124,0.17364,0.98702,-0.09028,0.13104,0.02158,-0.18380,0.20742,0.50520,
548442039961,-0.10163,-0.04520,0.23292,0.99133,-0.05090,0.11834,0.02585,0.09020,0.33415,0.67259,
548541524849,-0.08662,-0.00751,0.29380,0.99544,0.00327,0.09199,0.02482,0.19308,0.43860,0.47785,
548641042954,-0.06716,0.03872,0.32162,0.99716,0.01940,0.07053,0.01793,0.17899,0.46537,0.05407,
548740562734,-0.05164,0.07971,0.30763,0.99730,0.00900,0.07177,0.01301,0.11429,0.32684,-0.36203,
548840173901,-0.04071,0.09868,0.26048,0.99720,-0.01423,0.07330,-0.00319,0.11435,0.03600,-0.54946,
548939606266,-0.03395,0.08628,0.20396,0.99703,-0.05331,0.05494,-0.00800,0.02442,-0.30157,-0.55640,
549072347422,-0.03561,0.03070,0.14689,0.99397,-0.09559,0.05307,-0.00796,-0.00942,-0.47733,-0.25779,
549171891953,-0.03901,-0.02011,0.12808,0.99134,-0.11745,0.05715,-0.01332,-0.04398,-0.49017,-0.05919,
549404136349,-0.03850,-0.07892,0.19105,0.99158,-0.11520,0.05727,-0.01456,0.01257,0.06247,0.51765,
549536719193,-0.03465,-0.04670,0.26232,0.99668,-0.04748,0.06446,-0.01487,0.04330,0.41123,0.53906,
549636277454,-0.02953,-0.00074,0.30646,0.99860,0.00670,0.05186,-0.00736,0.02983,0.46714,0.28730,
549768928683,-0.03042,0.06016,0.30957,0.99781,0.03173,0.05777,-0.00479,0.02487,0.34143,-0.23697,
549868456797,-0.02630,0.08312,0.27678,0.99885,0.00426,0.04667,-0.00993,0.05133,0.04344,-0.46561,
550001134308,-0.02444,0.05811,0.20781,0.99665,-0.06528,0.04645,-0.01636,0.01752,-0.40399,-0.48629,
550100655797,-0.02308,0.01439,0.16797,0.99332,-0.10338,0.04613,-0.02224,0.01670,-0.45410,-0.30348,
550233387849,-0.02310,-0.04351,0.13689,0.98944,-0.13231,0.05011,-0.03162,-0.00615,-0.35903,-0.14364,
550366132797,-0.02545,-0.07561,0.12439,0.98824,-0.13438,0.06418,-0.03470,-0.02215,-0.07023,-0.05154,
550465558797,-0.02316,-0.07664,0.11748,0.99012,-0.12058,0.06404,-0.03199,0.02682,0.04807,-0.06051,
550565116954,-0.01975,-0.06932,0.10959,0.99279,-0.10133,0.05549,-0.03211,0.03832,0.07881,-0.10496,
550664648901,-0.01689,-0.06109,0.09738,0.99544,-0.08037,0.04133,-0.03065,0.02504,0.06885,-0.16323,
550764155849,-0.01588,-0.05523,0.07872,0.99647,-0.07480,0.02729,-0.02661,0.00203,0.05621,-0.19062,
550863744974,-0.01723,-0.04987,0.06132,0.99703,-0.07142,0.01825,-0.02247,-0.00873,0.05803,-0.13186,
551029494922,-0.01908,-0.04022,0.04508,0.99790,-0.05679,0.01736,-0.02586,-0.00071,0.06232,-0.08203,
551162260393,-0.01903,-0.03291,0.03193,0.99808,-0.05302,0.02085,-0.02415,0.00962,0.04219,-0.10310,
551261775891,-0.01752,-0.03084,0.02245,0.99794,-0.05529,0.02125,-0.02468,0.02578,0.00052,-0.08388,
551361211839,-0.01399,-0.03237,0.01616,0.99763,-0.05902,0.02090,-0.02849,0.02617,0.00224,-0.05420,
551460724921,-0.01142,-0.03122,0.01236,0.99768,-0.05722,0.02335,-0.02848,0.01782,0.01512,-0.04209,
551560243025,-0.01040,-0.03043,0.00840,0.99749,-0.06095,0.02456,-0.02621,-0.00042,-0.00223,-0.03681,
551659755785,-0.01156,-0.03045,0.00539,0.99747,-0.06174,0.02666,-0.02307,-0.01748,-0.00019,-0.01949,
551759270495,-0.01326,-0.03021,0.00443,0.99761,-0.06195,0.02402,-0.01894,-0.01749,0.00988,-0.00564,
551858787860,-0.01436,-0.02956,0.00432,0.99780,-0.06041,0.02162,-0.01645,-0.00218,-0.00511,-0.00815,
551958339264,-0.01320,-0.03087,0.00346,0.99750,-0.06469,0.02039,-0.01981,0.01776,-0.02257,-0.02172,
552057819212,-0.01160,-0.03469,-0.00063,0.99634,-0.07820,0.02209,-0.02656,0.01639,-0.06084,-0.06077,
552190586895,-0.01044,-0.03829,-0.00424,0.99571,-0.08376,0.02480,-0.03055,-0.00275,-0.00466,-0.00865,
552290061016,-0.01074,-0.03803,-0.00475,0.99573,-0.08384,0.02458,-0.02995,0.00695,-0.00202,-0.00447,
552389581016,-0.01074,-0.03737,-0.00512,0.99572,-0.08430,0.02417,-0.02931,-0.00141,0.00510,-0.00707,
552522305282,-0.01085,-0.03672,-0.00560,0.99566,-0.08484,0.02453,-0.02941,-0.00099,0.00536,0.00387,
552621743593,-0.01100,-0.03686,-0.00558,0.99557,-0.08590,0.02469,-0.02910,0.00131,-0.00365,0.00253,
552721258569,-0.01106,-0.03735,-0.00552,0.99547,-0.08678,0.02497,-0.02959,-0.00336,-0.00300,-0.00068,
552820772823,-0.01132,-0.03773,-0.00560,0.99539,-0.08743,0.02550,-0.03009,-0.00017,-0.00373,0.00098,
552920290719,-0.01088,-0.03791,-0.00543,0.99534,-0.08840,0.02456,-0.02971,0.00371,0.02603,-0.01636,
553019810719,-0.01157,-0.03698,-0.00607,0.99535,-0.08760,0.02534,-0.03088,0.00181,-0.00221,-0.00153,
553119370771,-0.01120,-0.03666,-0.00607,0.99542,-0.08713,0.02514,-0.03041,-0.00595,-0.00004,0.00206,
553218891771,-0.01093,-0.03684,-0.00592,0.99541,-0.08729,0.02493,-0.03034,-0.00876,0.00905,-0.00462,
553318363549,-0.01088,-0.03700,-0.00605,0.99538,-0.08751,0.02503,-0.03064,-0.00150,0.00374,-0.00089,
553417929476,-0.01100,-0.03684,-0.00613,0.99538,-0.08737,0.02504,-0.03080,0.00630,-0.00360,0.00334,
553517439101,-0.01113,-0.03666,-0.00620,0.99540,-0.08718,0.02511,-0.03090,0.00738,-0.00198,0.00146,
553616957101,-0.01127,-0.03678,-0.00619,0.99537,-0.08733,0.02521,-0.03121,0.00530,0.00501,0.00107,
553716429217,-0.01137,-0.03690,-0.00609,0.99535,-0.08750,0.02533,-0.03145,0.00236,0.00501,-0.00013,
553815946530,-0.01134,-0.03689,-0.00608,0.99535,-0.08743,0.02535,-0.03145,0.00080,-0.00124,0.00035,
553915464238,-0.01132,-0.03684,-0.00609,0.99536,-0.08733,0.02533,-0.03145,0.00047,-0.00191,0.00084,
554015090004,-0.01137,-0.03685,-0.00609,0.99535,-0.08734,0.02537,-0.03158,0.00103,0.00100,0.00024,
554114498213,-0.01139,-0.03685,-0.00608,0.99534,-0.08742,0.02541,-0.03177,0.00193,0.00297,0.00088,
554214017004,-0.01138,-0.03689,-0.00607,0.99534,-0.08741,0.02547,-0.03182,0.00263,0.00026,0.00155,
554313616108,-0.01137,-0.03687,-0.00611,0.99534,-0.08736,0.02550,-0.03187,0.00312,-0.00078,0.00088,
554413057400,-0.01136,-0.03685,-0.00614,0.99534,-0.08733,0.02547,-0.03195,0.00239,0.00004,0.00103,
554512573941,-0.01132,-0.03686,-0.00618,0.99534,-0.08729,0.02545,-0.03207,0.00192,0.00090,0.00094,
554612180577,-0.01126,-0.03679,-0.00620,0.99532,-0.08755,0.02555,-0.03210,0.00270,0.00107,0.00024,
554711612212,-0.01124,-0.03678,-0.00621,0.99531,-0.08756,0.02558,-0.03215,0.00376,0.00103,-0.00010,
554811135046,-0.01120,-0.03676,-0.00627,0.99532,-0.08752,0.02548,-0.03221,0.00461,0.00041,0.00009,
554910658420,-0.01118,-0.03675,-0.00637,0.99532,-0.08749,0.02531,-0.03231,0.00369,0.00050,-0.00020,
555010170317,-0.01117,-0.03674,-0.00640,0.99532,-0.08749,0.02522,-0.03244,0.00308,0.00078,0.00095,
555176105369,-0.01118,-0.03672,-0.00644,0.99532,-0.08747,0.02511,-0.03254,0.00264,0.00066,0.00063,
555275592004,-0.01115,-0.03679,-0.00645,0.99532,-0.08739,0.02513,-0.03260,0.00319,-0.00007,0.00107,
555375072004,-0.01117,-0.03685,-0.00647,0.99533,-0.08735,0.02510,-0.03262,0.00244,-0.00008,0.00095,
555474592004,-0.01120,-0.03687,-0.00651,0.99533,-0.08731,0.02507,-0.03267,0.00165,0.00008,0.00115,
555574181952,-0.01121,-0.03692,-0.00653,0.99533,-0.08725,0.02504,-0.03270,0.00197,-0.00047,0.00175,
555673672952,-0.01121,-0.03697,-0.00655,0.99534,-0.08720,0.02504,-0.03272,0.00165,-0.00056,0.00144,
555773284160,-0.01119,-0.03703,-0.00658,0.99534,-0.08716,0.02501,-0.03271,0.00150,-0.00048,0.00163,
555872820389,-0.01119,-0.03707,-0.00659,0.99535,-0.08713,0.02500,-0.03272,0.00159,-0.00033,0.00145,
555972185681,-0.01123,-0.03710,-0.00660,0.99535,-0.08708,0.02498,-0.03279,0.00062,-0.00035,0.00147,
556071747317,-0.01120,-0.03711,-0.00662,0.99535,-0.08707,0.02499,-0.03284,0.00161,-0.00026,0.00129,
556171316004,-0.01121,-0.03715,-0.00665,0.99535,-0.08702,0.02500,-0.03292,0.00077,-0.00022,0.00133,
556270743004,-0.01120,-0.03720,-0.00668,0.99535,-0.08700,0.02498,-0.03296,0.00103,-0.00023,0.00217,
556370262108,-0.01121,-0.03723,-0.00671,0.99535,-0.08699,0.02494,-0.03301,0.00059,-0.00034,0.00142,
556469823056,-0.01121,-0.03726,-0.00676,0.99535,-0.08698,0.02489,-0.03309,0.00018,-0.00008,0.00217,
556569299952,-0.01120,-0.03726,-0.00680,0.99534,-0.08698,0.02491,-0.03324,0.00061,0.00006,0.00133,
556668817952,-0.01105,-0.03714,-0.00685,0.99532,-0.08714,0.02498,-0.03342,0.00110,-0.00002,0.00018,
556768338994,-0.01090,-0.03698,-0.00677,0.99528,-0.08763,0.02501,-0.03351,0.00209,0.00225,0.00171,
556867857056,-0.01097,-0.03694,-0.00677,0.99528,-0.08757,0.02491,-0.03370,0.00071,0.00104,0.00051,
556967446056,-0.01093,-0.03696,-0.00680,0.99529,-0.08749,0.02489,-0.03366,0.00063,0.00036,-0.00002,
557066896108,-0.01089,-0.03698,-0.00683,0.99528,-0.08750,0.02486,-0.03371,0.00049,0.00059,0.00013,
557166413108,-0.01083,-0.03696,-0.00690,0.99528,-0.08754,0.02479,-0.03381,0.00142,0.00055,-0.00025,
557265933463,-0.01097,-0.03700,-0.00682,0.99527,-0.08760,0.02484,-0.03390,0.00085,0.00031,0.00004,
557365453056,-0.01101,-0.03696,-0.00681,0.99527,-0.08753,0.02484,-0.03408,0.00096,0.00095,0.00049,
557465012004,-0.01099,-0.03696,-0.00682,0.99527,-0.08749,0.02482,-0.03420,0.00097,0.00059,0.00002,
557564560213,-0.01101,-0.03698,-0.00680,0.99526,-0.08755,0.02490,-0.03422,0.00086,0.00008,0.00064,
557697220952,-0.01101,-0.03698,-0.00681,0.99525,-0.08762,0.02492,-0.03426,0.00105,0.00095,0.00047,
557796787265,-0.01100,-0.03697,-0.00681,0.99524,-0.08768,0.02494,-0.03435,0.00083,0.00071,0.00020,
557896266108,-0.01098,-0.03695,-0.00682,0.99523,-0.08772,0.02493,-0.03453,0.00154,0.00096,0.00031,
558028918525,-0.01097,-0.03694,-0.00682,0.99523,-0.08767,0.02500,-0.03465,0.00142,0.00123,0.00133,
558161689952,-0.01099,-0.03693,-0.00680,0.99523,-0.08769,0.02511,-0.03471,0.00145,0.00112,0.00109,
558261123004,-0.01099,-0.03692,-0.00681,0.99522,-0.08766,0.02511,-0.03482,0.00129,0.00110,0.00067,
558360642317,-0.01097,-0.03692,-0.00682,0.99522,-0.08763,0.02512,-0.03491,0.00106,0.00114,0.00030,
558460202057,-0.01097,-0.03691,-0.00683,0.99522,-0.08763,0.02513,-0.03501,0.00083,0.00081,0.00036,
558559720056,-0.01096,-0.03691,-0.00684,0.99522,-0.08762,0.02513,-0.03510,0.00105,0.00122,0.00105,
558659239057,-0.01094,-0.03692,-0.00683,0.99522,-0.08761,0.02515,-0.03515,0.00137,0.00080,0.00096,
558758718004,-0.01096,-0.03693,-0.00678,0.99520,-0.08769,0.02526,-0.03525,0.00132,0.00100,0.00109,
558858276952,-0.01098,-0.03693,-0.00678,0.99520,-0.08771,0.02531,-0.03534,0.00089,0.00073,0.00050,
558957831161,-0.01098,-0.03692,-0.00680,0.99519,-0.08769,0.02532,-0.03546,0.00088,0.00036,-0.00027,
559057279160,-0.01095,-0.03691,-0.00681,0.99518,-0.08775,0.02531,-0.03559,0.00132,0.00093,-0.00016,
559156796264,-0.01096,-0.03691,-0.00678,0.99517,-0.08784,0.02544,-0.03561,0.00097,0.00106,0.00036,
559256314108,-0.01097,-0.03689,-0.00677,0.99516,-0.08790,0.02551,-0.03572,0.00140,0.00123,0.00064,
559355916056,-0.01097,-0.03690,-0.00675,0.99516,-0.08789,0.02557,-0.03578,0.00147,0.00128,0.00100,
559455358556,-0.01097,-0.03689,-0.00675,0.99516,-0.08791,0.02557,-0.03585,0.00139,0.00120,0.00056,
559554878785,-0.01097,-0.03689,-0.00677,0.99516,-0.08787,0.02553,-0.03593,0.00132,0.00127,0.00055,
559654390681,-0.01097,-0.03691,-0.00675,0.99516,-0.08783,0.02553,-0.03595,0.00141,0.00104,0.00071,
559753930306,-0.01092,-0.03698,-0.00686,0.99519,-0.08759,0.02544,-0.03577,0.00071,0.00072,0.00053,
559919916160,-0.01088,-0.03682,-0.00696,0.99517,-0.08781,0.02516,-0.03608,0.00109,0.00088,0.00084,
560019295161,-0.01088,-0.03682,-0.00696,0.99516,-0.08783,0.02518,-0.03611,0.00112,0.00096,0.00011,
560152092264,-0.01087,-0.03685,-0.00698,0.99517,-0.08774,0.02516,-0.03618,0.00125,0.00066,0.00086,
560284681317,-0.01085,-0.03686,-0.00699,0.99517,-0.08772,0.02518,-0.03621,0.00088,0.00134,0.00076,
560384242056,-0.01083,-0.03686,-0.00700,0.99517,-0.08768,0.02520,-0.03627,0.00088,0.00102,0.00047,
560483714056,-0.01083,-0.03686,-0.00700,0.99517,-0.08768,0.02523,-0.03634,0.00084,0.00073,0.00019,
560583315057,-0.01082,-0.03686,-0.00700,0.99516,-0.08771,0.02524,-0.03641,0.00080,0.00072,0.00035,
560682828004,-0.01082,-0.03688,-0.00698,0.99516,-0.08772,0.02529,-0.03646,0.00100,0.00082,0.00073,
560782272161,-0.01081,-0.03692,-0.00697,0.99516,-0.08771,0.02534,-0.03649,0.00115,0.00076,0.00071,
560915052004,-0.01079,-0.03694,-0.00697,0.99516,-0.08771,0.02532,-0.03648,0.00146,0.00124,0.00074,
561014483004,-0.01077,-0.03696,-0.00697,0.99515,-0.08770,0.02540,-0.03656,0.00121,0.00094,0.00095,
561114002420,-0.01076,-0.03697,-0.00697,0.99515,-0.08769,0.02542,-0.03663,0.00112,0.00094,0.00049,
561213520213,-0.01073,-0.03698,-0.00698,0.99515,-0.08770,0.02542,-0.03668,0.00098,0.00067,0.00041,
561313168004,-0.01073,-0.03698,-0.00698,0.99514,-0.08773,0.02543,-0.03671,0.00064,0.00116,0.00033,
561412558004,-0.01072,-0.03698,-0.00698,0.99514,-0.08773,0.02544,-0.03677,0.00112,0.00116,0.00083,
561512077004,-0.01071,-0.03696,-0.00700,0.99513,-0.08777,0.02546,-0.03687,0.00091,0.00149,0.00039,
561611639004,-0.01071,-0.03693,-0.00701,0.99513,-0.08778,0.02546,-0.03696,0.00116,0.00121,0.00127,
561711117004,-0.01070,-0.03691,-0.00702,0.99512,-0.08780,0.02549,-0.03703,0.00105,0.00102,-0.00001,
561810633004,-0.01069,-0.03689,-0.00704,0.99511,-0.08786,0.02552,-0.03714,0.00136,0.00154,0.00057,
561910224109,-0.01066,-0.03688,-0.00706,0.99511,-0.08789,0.02548,-0.03720,0.00121,0.00155,0.00048,
562009715056,-0.01063,-0.03688,-0.00707,0.99510,-0.08793,0.02547,-0.03729,0.00094,0.00144,0.00093,
562109323056,-0.01062,-0.03687,-0.00708,0.99510,-0.08795,0.02548,-0.03728,0.00106,0.00133,0.00040,
562208709212,-0.01062,-0.03684,-0.00709,0.99509,-0.08797,0.02552,-0.03740,0.00100,0.00165,0.00066,
562308300056,-0.01054,-0.03692,-0.00713,0.99505,-0.08834,0.02582,-0.03742,0.00089,0.00113,0.00035,
562407788056,-0.01026,-0.03693,-0.00730,0.99506,-0.08833,0.02547,-0.03735,0.00113,0.00132,-0.00008,
562507265004,-0.01021,-0.03690,-0.00738,0.99508,-0.08820,0.02534,-0.03739,0.00116,0.00134,0.00033,
562606830369,-0.01021,-0.03690,-0.00741,0.99509,-0.08812,0.02529,-0.03732,0.00046,0.00122,0.00050,
562739552056,-0.01023,-0.03689,-0.00743,0.99510,-0.08797,0.02537,-0.03743,0.00117,0.00160,0.00065,
562839044317,-0.01024,-0.03688,-0.00746,0.99512,-0.08771,0.02529,-0.03756,0.00098,0.00074,0.00085,
562938516316,-0.01024,-0.03688,-0.00748,0.99513,-0.08750,0.02532,-0.03773,0.00068,0.00110,0.00029,
563038077629,-0.01023,-0.03687,-0.00749,0.99512,-0.08757,0.02532,-0.03774,0.00080,0.00084,0.00005,
563137553952,-0.01023,-0.03687,-0.00749,0.99512,-0.08757,0.02534,-0.03785,0.00057,0.00105,0.00059,
563237073369,-0.01023,-0.03687,-0.00749,0.99512,-0.08756,0.02540,-0.03784,0.00070,0.00104,0.00075,
563336593108,-0.01023,-0.03686,-0.00749,0.99511,-0.08758,0.02544,-0.03790,0.00077,0.00120,0.00082,
563436110004,-0.01022,-0.03685,-0.00750,0.99510,-0.08764,0.02547,-0.03797,0.00095,0.00137,0.00032,
563535670421,-0.01021,-0.03685,-0.00751,0.99510,-0.08759,0.02553,-0.03806,0.00128,0.00139,0.00038,
563635177056,-0.01023,-0.03684,-0.00748,0.99507,-0.08785,0.02569,-0.03813,0.00076,0.00156,0.00037,
563734668212,-0.01024,-0.03684,-0.00746,0.99505,-0.08802,0.02586,-0.03827,0.00117,0.00153,0.00066,
563834228368,-0.01024,-0.03683,-0.00747,0.99503,-0.08810,0.02594,-0.03838,0.00142,0.00165,0.00101,
563966879057,-0.01023,-0.03682,-0.00747,0.99502,-0.08819,0.02593,-0.03847,0.00208,0.00226,0.00122,
564066398004,-0.01022,-0.03681,-0.00748,0.99502,-0.08821,0.02600,-0.03851,0.00126,0.00124,0.00058,
564165917056,-0.01022,-0.03680,-0.00748,0.99501,-0.08826,0.02607,-0.03860,0.00130,0.00186,-0.00016,
564265479369,-0.01022,-0.03679,-0.00747,0.99500,-0.08832,0.02619,-0.03869,0.00141,0.00173,0.00042,
564365084161,-0.01022,-0.03679,-0.00747,0.99499,-0.08838,0.02626,-0.03877,0.00127,0.00189,0.00025,
564464474160,-0.01021,-0.03678,-0.00748,0.99498,-0.08841,0.02625,-0.03883,0.00177,0.00187,0.00025,
564597169702,-0.01021,-0.03677,-0.00748,0.99496,-0.08854,0.02629,-0.03892,0.00211,0.00274,0.00095,
564729858265,-0.01021,-0.03676,-0.00748,0.99495,-0.08857,0.02644,-0.03907,0.00195,0.00287,0.00037,
564862550472,-0.01021,-0.03676,-0.00748,0.99495,-0.08851,0.02646,-0.03917,0.00246,0.00312,0.00120,
564995244160,-0.01020,-0.03675,-0.00748,0.99494,-0.08861,0.02655,-0.03931,0.00231,0.00314,0.00014,
565127937160,-0.01020,-0.03674,-0.00748,0.99493,-0.08862,0.02657,-0.03940,0.00231,0.00293,0.00068,
565227456369,-0.01020,-0.03673,-0.00748,0.99491,-0.08867,0.02675,-0.03961,0.00213,0.00256,0.00030,
565393319369,-0.01019,-0.03672,-0.00754,0.99501,-0.08742,0.02650,-0.04010,0.00132,0.00081,0.00095,
565625536264,-0.01017,-0.03665,-0.00762,0.99499,-0.08779,0.02568,-0.04029,0.00102,0.00289,0.00192,
565758262369,-0.01015,-0.03668,-0.00766,0.99500,-0.08772,0.02567,-0.04027,0.00103,0.00151,0.00051,
565890914952,-0.01017,-0.03670,-0.00766,0.99501,-0.08759,0.02573,-0.04034,0.00065,0.00151,0.00079,
565990433108,-0.01016,-0.03671,-0.00767,0.99502,-0.08741,0.02577,-0.04040,0.00082,0.00127,0.00048,
566089992212,-0.01017,-0.03671,-0.00768,0.99503,-0.08720,0.02575,-0.04055,0.00060,0.00110,0.00084,
566189511264,-0.01019,-0.03671,-0.00766,0.99502,-0.08721,0.02593,-0.04071,0.00044,0.00087,0.00085,
566288992108,-0.01018,-0.03670,-0.00767,0.99500,-0.08733,0.02604,-0.04076,0.00100,0.00096,0.00049,
566388548004,-0.01018,-0.03669,-0.00766,0.99500,-0.08737,0.02601,-0.04084,0.00079,0.00099,0.00045,
566488028109,-0.01018,-0.03669,-0.00766,0.99499,-0.08742,0.02607,-0.04092,0.00080,0.00103,0.00049,
566587590004,-0.01019,-0.03668,-0.00765,0.99498,-0.08747,0.02604,-0.04101,0.00089,0.00140,0.00086,
566687151473,-0.01019,-0.03667,-0.00765,0.99497,-0.08754,0.02600,-0.04112,0.00088,0.00136,0.00058,
566786583952,-0.01017,-0.03666,-0.00765,0.99496,-0.08769,0.02597,-0.04121,0.00106,0.00184,0.00045,
566919359056,-0.01013,-0.03657,-0.00762,0.99492,-0.08798,0.02607,-0.04137,0.00178,0.00289,0.00129,
567052009264,-0.01009,-0.03652,-0.00763,0.99490,-0.08827,0.02592,-0.04146,0.00151,0.00349,0.00112,
567151487004,-0.01003,-0.03648,-0.00767,0.99488,-0.08851,0.02581,-0.04144,0.00110,0.00307,0.00104,
567251005952,-0.00996,-0.03644,-0.00771,0.99487,-0.08850,0.02590,-0.04159,0.00116,0.00305,0.00057,
567350524108,-0.00991,-0.03639,-0.00775,0.99486,-0.08856,0.02581,-0.04171,0.00059,0.00241,0.00042,
567450083056,-0.00986,-0.03634,-0.00778,0.99485,-0.08863,0.02577,-0.04186,0.00076,0.00249,0.00086,
567549638525,-0.00984,-0.03631,-0.00781,0.99486,-0.08847,0.02569,-0.04204,0.00036,0.00266,0.00062,
567649129160,-0.00982,-0.03630,-0.00783,0.99486,-0.08845,0.02569,-0.04204,0.00082,0.00280,0.00101,
567748600160,-0.00982,-0.03631,-0.00782,0.99486,-0.08845,0.02568,-0.04198,0.00070,0.00271,0.00074,
567848120057,-0.00981,-0.03629,-0.00785,0.99486,-0.08839,0.02569,-0.04208,0.00064,0.00238,0.00103,
567947721056,-0.00980,-0.03626,-0.00788,0.99487,-0.08827,0.02567,-0.04222,0.00028,0.00252,0.00052,
568080337004,-0.00981,-0.03628,-0.00788,0.99487,-0.08821,0.02572,-0.04226,0.00079,0.00298,0.00017,
568213024160,-0.00983,-0.03629,-0.00787,0.99487,-0.08819,0.02571,-0.04228,0.00094,0.00279,0.00113,
568312542160,-0.00985,-0.03631,-0.00786,0.99487,-0.08819,0.02568,-0.04236,0.00027,0.00221,0.00051,
568412062994,-0.00987,-0.03632,-0.00785,0.99487,-0.08819,0.02567,-0.04234,0.00031,0.00231,0.00081,
568511580108,-0.00988,-0.03634,-0.00784,0.99488,-0.08813,0.02568,-0.04234,0.00051,0.00216,0.00080,
568611139160,-0.00990,-0.03635,-0.00783,0.99488,-0.08811,0.02568,-0.04241,0.00057,-0.00222,0.00318,
568743831056,-0.00988,-0.03632,-0.00789,0.99490,-0.08788,0.02537,-0.04241,-0.00068,-0.00200,0.00034,
568843354108,-0.00985,-0.03627,-0.00795,0.99491,-0.08771,0.02525,-0.04270,-0.00190,0.00103,0.00006,
568942829004,-0.00988,-0.03636,-0.00779,0.99489,-0.08763,0.02654,-0.04256,0.00090,0.00394,0.00107,
569042349004,-0.00987,-0.03634,-0.00796,0.99494,-0.08760,0.02524,-0.04215,0.00005,-0.00036,-0.00076,
569141867056,-0.00988,-0.03628,-0.00802,0.99491,-0.08772,0.02508,-0.04272,0.00006,-0.00172,-0.00126,
569241518952,-0.00989,-0.03632,-0.00806,0.99495,-0.08766,0.02482,-0.04219,0.00198,-0.00017,0.00296,
569340905056,-0.00987,-0.03628,-0.00816,0.99496,-0.08757,0.02467,-0.04220,-0.00025,-0.00098,-0.00048,
569440547004,-0.00988,-0.03625,-0.00827,0.99497,-0.08738,0.02472,-0.04229,-0.00005,0.00236,0.00011,
569539946109,-0.00987,-0.03624,-0.00832,0.99499,-0.08718,0.02467,-0.04227,0.00036,0.00029,-0.00167,
569639463368,-0.00989,-0.03626,-0.00829,0.99498,-0.08722,0.02487,-0.04226,0.00065,0.00097,0.00178,
569738983056,-0.00990,-0.03626,-0.00828,0.99498,-0.08718,0.02492,-0.04232,-0.00109,0.00394,0.00360,
569838608160,-0.00990,-0.03624,-0.00829,0.99499,-0.08704,0.02501,-0.04237,0.00103,-0.00042,-0.00195,
569971284316,-0.00990,-0.03625,-0.00829,0.99498,-0.08710,0.02499,-0.04240,0.00084,0.00070,0.00164,
570070844786,-0.00991,-0.03625,-0.00831,0.99497,-0.08721,0.02497,-0.04253,0.00115,0.00129,0.00066,
570170231993,-0.00988,-0.03621,-0.00835,0.99497,-0.08723,0.02493,-0.04255,-0.00136,0.00196,0.00010,
570269822368,-0.00985,-0.03618,-0.00839,0.99497,-0.08720,0.02486,-0.04267,-0.00074,0.00282,0.00021,
570369365629,-0.00984,-0.03617,-0.00838,0.99496,-0.08724,0.02491,-0.04269,0.00039,0.00064,0.00137,
570468787161,-0.00984,-0.03617,-0.00838,0.99496,-0.08719,0.02487,-0.04278,-0.00211,0.00011,-0.00025,
570568306004,-0.00981,-0.03613,-0.00841,0.99495,-0.08719,0.02493,-0.04292,-0.00128,0.00208,0.00082,
570667825004,-0.00980,-0.03612,-0.00843,0.99495,-0.08722,0.02490,-0.04296,-0.00002,0.00213,0.00145,
570767398212,-0.00978,-0.03610,-0.00844,0.99495,-0.08721,0.02486,-0.04299,-0.00130,0.00112,0.00075,
570866863952,-0.00979,-0.03610,-0.00845,0.99495,-0.08720,0.02495,-0.04308,-0.00107,0.00280,-0.00046,
570966452369,-0.00978,-0.03607,-0.00846,0.99494,-0.08721,0.02494,-0.04320,0.00042,0.00440,-0.00021,
571065901004,-0.00977,-0.03606,-0.00849,0.99493,-0.08727,0.02499,-0.04321,0.00048,0.00153,0.00157,
571165423161,-0.00975,-0.03602,-0.00853,0.99493,-0.08730,0.02492,-0.04335,-0.00019,0.00159,0.00038,
571264940952,-0.00974,-0.03600,-0.00854,0.99492,-0.08743,0.02481,-0.04339,-0.00000,0.00319,-0.00046,
571364459056,-0.00973,-0.03599,-0.00853,0.99492,-0.08735,0.02486,-0.04343,-0.00210,0.00302,-0.00051,
571464018265,-0.00968,-0.03591,-0.00855,0.99486,-0.08747,0.02581,-0.04404,-0.00046,0.00183,-0.00314,
571563497983,-0.00980,-0.03601,-0.00867,0.99489,-0.08724,0.02544,-0.04389,-0.00017,0.00081,-0.00153,
571663064108,-0.00985,-0.03606,-0.00862,0.99491,-0.08708,0.02546,-0.04396,-0.00086,0.00350,0.00018,
571762536212,-0.00983,-0.03609,-0.00861,0.99493,-0.08686,0.02553,-0.04387,-0.00012,-0.00018,0.00263,
571862053056,-0.00983,-0.03610,-0.00861,0.99495,-0.08659,0.02570,-0.04385,0.00060,0.00273,0.00231,
571961643213,-0.00981,-0.03611,-0.00862,0.99495,-0.08655,0.02566,-0.04385,-0.00033,0.00209,-0.00122,
572061092108,-0.00979,-0.03609,-0.00863,0.99494,-0.08669,0.02562,-0.04389,-0.00053,0.00133,-0.00136,
572160610525,-0.00981,-0.03609,-0.00861,0.99493,-0.08666,0.02572,-0.04403,-0.00054,0.00108,-0.00044,
572260170160,-0.00984,-0.03612,-0.00858,0.99494,-0.08666,0.02565,-0.04397,-0.00209,0.00075,0.00016,
572359648265,-0.00984,-0.03610,-0.00858,0.99491,-0.08685,0.02572,-0.04412,0.00204,0.00079,0.00413,
572459211942,-0.00985,-0.03610,-0.00859,0.99490,-0.08693,0.02565,-0.04426,-0.00039,0.00474,0.00217,
572558763890,-0.00984,-0.03608,-0.00862,0.99489,-0.08694,0.02572,-0.04436,0.00065,-0.00116,0.00619,
572691379837,-0.00984,-0.03609,-0.00860,0.99488,-0.08692,0.02588,-0.04453,0.00004,0.00063,0.00228,
572857314317,-0.00988,-0.03612,-0.00855,0.99489,-0.08655,0.02638,-0.04473,-0.00619,-0.00077,-0.00556,
572989934368,-0.00986,-0.03610,-0.00855,0.99489,-0.08663,0.02630,-0.04473,0.00193,0.01358,0.00164,
573122704109,-0.00983,-0.03607,-0.00856,0.99491,-0.08642,0.02606,-0.04483,-0.00043,0.00196,-0.00004,
573255318952,-0.00986,-0.03610,-0.00854,0.99490,-0.08659,0.02598,-0.04477,0.00807,0.00243,0.00123,
573354910056,-0.00983,-0.03607,-0.00858,0.99490,-0.08647,0.02580,-0.04499,0.00089,0.00100,0.00386,
573454398161,-0.00964,-0.03586,-0.00862,0.99488,-0.08667,0.02525,-0.04541,0.00403,0.00478,0.00440,
573587125057,-0.00941,-0.03547,-0.00851,0.99495,-0.08706,0.02450,-0.04345,-0.00060,0.00820,-0.02058,
573686604056,-0.00839,-0.03414,-0.00874,0.99522,-0.08600,0.02337,-0.03995,0.02808,0.04256,-0.01513,
573786086056,-0.00068,-0.02201,-0.00877,0.99531,-0.08773,0.02081,-0.03507,0.11041,0.14829,0.01627,
573885605951,0.01614,-0.00124,-0.00420,0.99541,-0.09041,0.00572,-0.03071,0.18386,0.24643,0.06591,
574018297951,0.04339,0.04485,0.01323,0.99491,-0.09472,-0.01646,-0.03026,0.20191,0.44578,0.21876,
574117857004,0.06520,0.09672,0.04114,0.99431,-0.09563,-0.03424,-0.03204,0.18788,0.58239,0.34773,
574250508108,0.08264,0.18527,0.08102,0.99355,-0.09993,-0.04088,-0.03468,0.03783,0.72254,0.20070,
574350070004,0.08246,0.26493,0.09028,0.99412,-0.09601,-0.03191,-0.03867,-0.06000,0.81697,0.03357,
574449587952,0.07087,0.35167,0.08353,0.99453,-0.09295,-0.01799,-0.04417,-0.14185,0.90505,-0.11146,
574549195056,0.05058,0.44465,0.06082,0.99467,-0.08939,0.00667,-0.05098,-0.20606,0.96463,-0.28273,
574681856056,0.02140,0.58034,0.01583,0.99434,-0.07705,0.04128,-0.06047,-0.14217,1.09517,-0.31305,
574814459727,0.00492,0.72714,-0.02007,0.99463,-0.05284,0.05713,-0.06818,-0.02936,1.10883,-0.25800,
574947151622,0.00646,0.87128,-0.05336,0.99363,-0.03483,0.07614,-0.07544,0.11397,1.05981,-0.25867,
575079851979,0.03324,1.00966,-0.08311,0.99237,-0.02150,0.09252,-0.07858,0.35449,0.97775,-0.20525,
575179382650,0.07287,1.10784,-0.10082,0.99196,-0.02668,0.09880,-0.07443,0.57659,0.93627,-0.10670,
575312077171,0.16563,1.23377,-0.10370,0.99277,-0.02072,0.09807,-0.06601,0.90342,0.88673,0.09734,
575477948216,0.33615,1.38253,-0.06328,0.99387,-0.02332,0.09173,-0.05704,1.19099,0.83922,0.40296,
575610649112,0.49682,1.49746,-0.00017,0.99393,-0.03071,0.08900,-0.05685,1.33621,0.79250,0.56884,
575710169574,0.62957,1.58144,0.05697,0.99306,-0.04596,0.09044,-0.05957,1.46290,0.81416,0.62620,
575876135089,0.89462,1.72316,0.17684,0.99057,-0.08759,0.09246,-0.05059,1.74117,0.93220,0.83268,
576008776141,1.12670,1.86917,0.28376,0.99090,-0.08893,0.09574,-0.03238,1.88315,1.14544,0.83233,
576108339614,1.31383,2.00747,0.34763,0.99117,-0.08291,0.10239,-0.01511,2.00093,1.23694,0.74617,
576207808563,1.51909,2.13732,0.40617,0.99094,-0.07461,0.11164,0.00346,2.13861,1.32092,0.65144,
576340486972,1.81807,2.33385,0.46619,0.99060,-0.05838,0.11990,0.03048,2.36111,1.41546,0.62085,
576473225184,2.15162,2.53214,0.52416,0.99050,-0.04074,0.11790,0.05790,2.58598,1.44241,0.63219,
576605958132,2.51512,2.73229,0.57287,0.98943,-0.03779,0.11348,0.08195,2.79614,1.43105,0.56596,
576738577325,2.89987,2.93514,0.61243,0.98775,-0.03854,0.10933,0.10446,2.96979,1.44031,0.48624,
576871309220,3.30274,3.13813,0.63942,0.98429,-0.04446,0.10927,0.13139,3.08349,1.46353,0.24281,
577037145916,3.82573,3.38884,0.65328,0.97407,-0.06881,0.10880,0.18607,3.27164,1.56236,0.12304,
577136677396,4.15202,3.54902,0.65990,0.96388,-0.08757,0.10615,0.22803,3.38739,1.70332,0.20742,
577236193772,4.48192,3.72411,0.68050,0.95049,-0.10324,0.10455,0.27384,3.48747,1.87386,0.30305,
577435299772,5.18312,4.13002,0.73680,0.91765,-0.12894,0.10469,0.36101,3.58991,2.21949,0.26249,
577567961615,5.66197,4.43991,0.76073,0.89424,-0.14126,0.11076,0.41001,3.63248,2.49534,0.18748,
577700608563,6.13561,4.78953,0.79093,0.87094,-0.14955,0.11886,0.45275,3.67016,2.83345,0.22168,
577800134206,6.49076,5.08611,0.81835,0.85535,-0.15800,0.11847,0.47893,3.69762,3.12324,0.25100,
577932868945,6.96671,5.52909,0.84729,0.83680,-0.17153,0.10900,0.50839,3.66953,3.49994,0.21503,
578032383945,7.30878,5.89119,0.86446,0.82620,-0.18003,0.10264,0.52388,3.58414,3.77072,0.12185,
578131865841,7.64676,6.27419,0.87527,0.81766,-0.18524,0.09697,0.53640,3.49548,4.00978,-0.02707,
578231460841,7.97623,6.67772,0.86961,0.80925,-0.19052,0.09236,0.54798,3.39659,4.23049,-0.19849,
578364119102,8.41279,7.25682,0.83331,0.79332,-0.20040,0.08573,0.56844,3.23927,4.55021,-0.35794,
578463635946,8.72680,7.71744,0.79437,0.77685,-0.20776,0.08150,0.58882,3.08424,4.83160,-0.39964,
578596323893,9.10829,8.37534,0.74495,0.74840,-0.21767,0.07843,0.62159,2.81153,5.21765,-0.36675,
578728982935,9.46533,9.09734,0.70097,0.71742,-0.22248,0.08089,0.65518,2.53052,5.64477,-0.28030,
578861719457,9.77329,9.86822,0.67018,0.68886,-0.22299,0.08517,0.68447,2.23788,6.02355,-0.24657,
578961200626,9.98362,10.48132,0.64582,0.67093,-0.22182,0.09084,0.70171,2.04191,6.29141,-0.27570,
579127103991,10.30640,11.57123,0.59325,0.64794,-0.22289,0.09249,0.72246,1.75125,6.73061,-0.35864,
579226629178,10.47302,12.25608,0.55091,0.63560,-0.22623,0.08909,0.73273,1.56050,6.95402,-0.47501,
579326107126,10.62099,12.96285,0.50144,0.62045,-0.22691,0.08615,0.74574,1.33721,7.19251,-0.51669,
579425673022,10.73862,13.68734,0.45381,0.60354,-0.22565,0.08268,0.76025,1.08535,7.42596,-0.47641,
579525144126,10.82925,14.43434,0.40882,0.58744,-0.22425,0.07982,0.77347,0.83927,7.64709,-0.44237,
579624754127,10.90039,15.20853,0.35884,0.57302,-0.22208,0.07638,0.78517,0.61727,7.85012,-0.49645,
579724272074,10.95060,15.99793,0.30297,0.56056,-0.22152,0.06888,0.79496,0.40784,7.97669,-0.59179,
579823703970,10.97956,16.79963,0.23002,0.54742,-0.22161,0.05979,0.80476,0.21188,8.08695,-0.77182,
579923338179,10.98745,17.61709,0.14239,0.52994,-0.22034,0.04551,0.81765,-0.04727,8.21997,-0.87115,
580055917126,10.95107,18.71238,0.02239,0.49477,-0.22151,0.02083,0.84006,-0.43454,8.30745,-0.90945,
580155436126,10.88394,19.54373,-0.07507,0.45497,-0.22450,0.00200,0.86174,-0.78652,8.31758,-0.93251,
580255047022,10.78645,20.37538,-0.16912,0.40049,-0.22734,-0.01427,0.88754,-1.16671,8.30245,-0.87095,
580354473752,10.64855,21.19749,-0.25305,0.34068,-0.23344,-0.02992,0.91024,-1.56184,8.25130,-0.79164,
580520381699,10.33907,22.57032,-0.39917,0.24570,-0.25156,-0.05772,0.93435,-2.20026,8.08804,-0.90755,
580619860386,10.09999,23.38668,-0.50078,0.19433,-0.26080,-0.07441,0.94270,-2.62196,7.95247,-1.02970,
580719375074,9.82276,24.20166,-0.61928,0.14552,-0.27099,-0.09086,0.94717,-3.07210,7.76397,-1.12078,
580852067335,9.36899,25.20359,-0.76867,0.07896,-0.28214,-0.11471,0.94921,-3.75367,7.38240,-1.13205,
580951586179,8.96448,25.92778,-0.88191,0.03259,-0.29326,-0.13019,0.94657,-4.30673,6.97877,-1.09912,
581051192178,8.50366,26.60098,-0.99256,0.00223,-0.30693,-0.14303,0.94092,-4.81055,6.61327,-1.18022,
581183843003,7.83136,27.42630,-1.16564,-0.01582,-0.32880,-0.15864,0.93085,-5.32745,6.09449,-1.54175,
581316493316,7.08349,28.18638,-1.38692,-0.03142,-0.35334,-0.14890,0.92304,-5.98930,5.49413,-1.82474,
581449193486,6.24554,28.86296,-1.63750,-0.06016,-0.37407,-0.13393,0.91570,-6.69319,4.91848,-2.01440,
581581987537,5.32120,29.46240,-1.91594,-0.08800,-0.39541,-0.11840,0.90658,-7.33143,4.40417,-2.29215,
581681451710,4.56820,29.88270,-2.15062,-0.10799,-0.40012,-0.10938,0.90348,-7.90130,4.01875,-2.44499,
581814116025,3.46055,30.36744,-2.46103,-0.12497,-0.40324,-0.10475,0.90045,-8.96648,3.34663,-2.23015,
581913633024,2.53400,30.65496,-2.65987,-0.12817,-0.40623,-0.10502,0.89862,-9.87729,2.75728,-1.88911,
582013160429,1.50664,30.87693,-2.81733,-0.13168,-0.40997,-0.10602,0.89630,-10.89077,2.09361,-1.39428,
582145868616,-0.01202,31.07365,-2.96207,-0.13316,-0.41410,-0.10213,0.89463,-12.01886,1.30444,-0.94100,
582311726335,-2.07014,31.20441,-3.10567,-0.12817,-0.41707,-0.08948,0.89533,-12.92068,0.64739,-0.87038,
582411319602,-3.38123,31.24249,-3.19295,-0.12634,-0.41646,-0.08095,0.89669,-13.41118,0.31672,-0.82407,
582543941289,-5.17751,31.24952,-3.32078,-0.12412,-0.41619,-0.07099,0.89797,-13.75473,0.04204,-1.10146,
582709888539,-7.49076,31.20755,-3.52450,-0.12764,-0.40307,-0.07095,0.90344,-14.29188,-0.31191,-1.25792,
582809371487,-8.93102,31.12889,-3.64304,-0.13334,-0.38939,-0.07020,0.90866,-14.82104,-0.63420,-1.02549,
582942102435,-10.94111,30.99330,-3.74413,-0.14039,-0.36788,-0.06726,0.91675,-15.55965,-1.06978,-0.42520,
583041619165,-12.51591,30.84925,-3.76941,-0.14275,-0.35906,-0.06193,0.92025,-16.04366,-1.39094,0.07037,
583174311269,-14.67675,30.59631,-3.73728,-0.14184,-0.35446,-0.05236,0.92276,-16.52142,-1.74364,0.62284,
583273758061,-16.33627,30.36171,-3.67493,-0.13931,-0.35616,-0.04601,0.92283,-16.78707,-1.94118,0.87116,
583406450165,-18.57961,30.06898,-3.58421,-0.13544,-0.35880,-0.04595,0.92239,-16.84569,-2.05724,0.74135,
583506010217,-20.25327,29.83867,-3.52789,-0.13073,-0.35936,-0.04493,0.92290,-16.77817,-2.13100,0.51627,
583605488269,-21.91787,29.53822,-3.51222,-0.12736,-0.35984,-0.04510,0.92318,-16.68938,-2.22728,0.22462,
583705046217,-23.57965,29.21201,-3.53734,-0.12422,-0.35958,-0.04470,0.92373,-16.57189,-2.32907,-0.13404,
583837698165,-25.76061,28.88670,-3.58948,-0.12164,-0.35803,-0.04532,0.92464,-16.38987,-2.34131,-0.60618,
583937259425,-27.38155,28.62627,-3.66817,-0.12382,-0.35508,-0.04630,0.92544,-16.30069,-2.38992,-0.93616,
584036780165,-28.99435,28.35849,-3.77879,-0.13123,-0.35213,-0.04430,0.92565,-16.19924,-2.43494,-1.24893,
584136256113,-30.60773,28.10678,-3.91943,-0.14986,-0.33920,-0.04831,0.92744,-16.22751,-2.48547,-1.41386,
584235775113,-32.22505,27.85548,-4.06306,-0.17651,-0.32297,-0.05156,0.92837,-16.29344,-2.58852,-1.37842,
584335334165,-33.84925,27.60333,-4.19555,-0.20318,-0.30226,-0.05170,0.92988,-16.35971,-2.70875,-1.24476,
584434812113,-35.47605,27.32372,-4.31430,-0.22498,-0.28043,-0.04667,0.93197,-16.35857,-2.80976,-1.11836,
584534372374,-37.10203,27.05466,-4.42330,-0.24300,-0.26045,-0.05027,0.93305,-16.26219,-2.84948,-1.13119,
584633851165,-38.71505,26.78684,-4.53634,-0.26053,-0.24282,-0.06524,0.93215,-16.12264,-2.89388,-1.23040,
584733479060,-40.31422,26.49386,-4.66035,-0.28049,-0.22589,-0.08262,0.92923,-15.96697,-3.01068,-1.27665,
584832886345,-41.89211,26.18934,-4.78239,-0.30565,-0.20835,-0.09771,0.92391,-15.81454,-3.19030,-1.16308,
584932549397,-43.45980,25.88405,-4.88570,-0.33362,-0.19103,-0.11021,0.91655,-15.66276,-3.40398,-0.95511,
585032035128,-45.00747,25.54309,-4.96524,-0.36554,-0.17209,-0.12157,0.90663,-15.47645,-3.68860,-0.67083,
585131432549,-46.53233,25.17410,-5.01973,-0.40094,-0.15186,-0.13297,0.89359,-15.20782,-3.97024,-0.44718,
585297299705,-49.01008,24.50049,-5.06879,-0.46518,-0.11635,-0.14886,0.86482,-14.63568,-4.38815,-0.18998,
585429986000,-50.91755,23.93011,-5.07755,0.52300,0.08762,0.16379,-0.83185,-14.09622,-4.75451,-0.01062,
585595849115,-53.19420,23.13591,-5.05906,0.59791,0.05406,0.17858,-0.77954,-13.32486,-5.21378,0.15814,
585761706522,-55.32424,22.26610,-5.01300,0.67649,0.01773,0.19676,-0.70946,-12.37858,-5.65205,0.34053,
585894390119,-56.89509,21.53841,-4.93880,0.74690,-0.01486,0.21021,-0.63066,-11.39758,-5.95418,0.61176,
586027127453,-58.32500,20.77864,-4.82771,0.81739,-0.04668,0.21809,-0.53116,-10.32649,-6.14052,0.87951,
586159807977,-59.62145,20.02708,-4.67620,0.87575,-0.08163,0.21998,-0.42191,-9.22063,-6.15961,1.10014,
586259361123,-60.45264,19.50173,-4.52899,0.90496,-0.09085,0.22665,-0.34847,-8.41706,-5.95541,1.13160,
586392014516,-61.39236,18.80912,-4.32313,0.93729,-0.08057,0.22369,-0.25485,-7.28720,-5.76548,1.22108,
586591082308,-62.53910,17.79937,-4.01695,0.97021,-0.06888,0.20524,-0.10873,-5.82078,-5.31065,1.20574,
586690531360,-62.85618,17.40460,-3.82048,0.97766,-0.05831,0.19853,-0.03695,-5.04145,-5.00197,1.22942,
586790121360,-63.11302,17.04336,-3.63508,0.97995,-0.05242,0.19071,0.02398,-4.35572,-4.74761,1.14903,
586889608516,-63.29033,16.73728,-3.46653,0.97743,-0.05552,0.19141,0.07007,-3.73835,-4.47322,0.93286,
586989170412,-63.47430,16.42098,-3.35114,0.97307,-0.06714,0.19427,0.10437,-3.17992,-4.18041,0.67870,
587121781308,-63.75199,15.98231,-3.26521,0.96734,-0.08813,0.19381,0.13757,-2.57255,-3.79753,0.27909,
587221407621,-63.89760,15.70211,-3.24161,0.96285,-0.10409,0.19418,0.15616,-2.13500,-3.45976,-0.04540,
587320861360,-64.04121,15.42706,-3.25619,0.95766,-0.12163,0.19607,0.17218,-1.73962,-3.10189,-0.34500,
587453512361,-64.21361,15.08082,-3.33172,0.95328,-0.13546,0.19796,0.18364,-1.36054,-2.70460,-0.85568,
587553072360,-64.30263,14.86708,-3.43649,0.95209,-0.13469,0.20521,0.18239,-1.06537,-2.40040,-1.26975,
587652548360,-64.36645,14.67369,-3.58478,0.94916,-0.13552,0.21860,0.18152,-0.72689,-2.07397,-1.60113,
587752069360,-64.40607,14.50514,-3.75561,0.94723,-0.13875,0.22592,0.18018,-0.34966,-1.67939,-1.79700,
587851690329,-64.41976,14.36793,-3.94139,0.94595,-0.13614,0.23566,0.17636,0.00995,-1.30308,-1.94089,
587951144308,-64.39755,14.26684,-4.13755,0.94495,-0.13338,0.24417,0.17221,0.44914,-0.91109,-2.00650,
588083797673,-64.29608,14.18901,-4.40440,0.94507,-0.12392,0.25372,0.16466,1.07784,-0.35123,-1.98838,
588183316361,-64.16372,14.17684,-4.60336,0.94619,-0.10587,0.26384,0.15460,1.59391,0.01165,-1.94986,
588349318558,-63.81921,14.22489,-4.91822,0.94522,-0.08626,0.27951,0.14492,2.53446,0.48722,-1.78909,
588515046142,-63.30339,14.34926,-5.18102,0.93842,-0.08435,0.30110,0.14691,3.68580,0.99885,-1.33330,
588680985360,-62.58956,14.56179,-5.36387,0.93039,-0.08634,0.32221,0.15200,4.93052,1.53430,-0.86034,
588780465465,-62.06224,14.73371,-5.43789,0.92564,-0.08767,0.33390,0.15498,5.66826,1.86042,-0.62281,
588879949465,-61.46131,14.93685,-5.48984,0.92062,-0.08918,0.34587,0.15773,6.39031,2.17599,-0.42975,
588979472308,-60.78668,15.17120,-5.52373,0.91671,-0.08960,0.35483,0.16031,7.13415,2.49723,-0.26947,
589079033724,-60.03765,15.43756,-5.54391,0.91646,-0.08971,0.35468,0.16204,7.81195,2.80384,-0.13399,
589178513567,-59.22459,15.73272,-5.55252,0.91557,-0.08946,0.35661,0.16293,8.47174,3.08870,-0.00634,
589311253216,-58.03380,16.17768,-5.53048,0.91454,-0.08961,0.35927,0.16284,9.43514,3.54015,0.37244,
589443912657,-56.71375,16.68007,-5.45270,0.91411,-0.08596,0.36190,0.16140,10.43520,3.97348,0.80999,
589576601709,-55.27138,17.23610,-5.32360,0.91378,-0.08478,0.36507,0.15666,11.30678,4.33739,1.12971,
589709345217,-53.73406,17.83086,-5.16993,0.90968,-0.09230,0.38044,0.13870,11.81900,4.57982,1.10929,
589808860165,-52.54168,18.29603,-5.06720,0.90377,-0.09824,0.39754,0.12452,12.14985,4.73038,0.94203,
589941627317,-50.89473,18.93950,-4.95513,0.89467,-0.10406,0.41923,0.11390,12.68056,4.95731,0.73796,
590041167577,-49.60808,19.44456,-4.88832,0.88839,-0.10708,0.43255,0.11048,13.16538,5.16141,0.62446,
590140557317,-48.27476,19.96929,-4.83094,0.88270,-0.10937,0.44369,0.10960,13.68037,5.37716,0.52111,
590240074817,-46.88715,20.51788,-4.78186,0.87828,-0.11155,0.45177,0.10996,14.18801,5.60396,0.44020,
590372852682,-44.95475,21.28153,-4.72716,0.87504,-0.11004,0.45783,0.11219,14.97311,5.91910,0.41775,
590472284473,-43.42973,21.88045,-4.68085,0.87289,-0.10962,0.46122,0.11544,15.69123,6.20158,0.52271,
590638152931,-40.72907,22.95192,-4.57632,0.86829,-0.09676,0.47348,0.11196,16.86719,6.66099,0.70295,
590804122151,-37.84279,24.08009,-4.45256,0.86295,-0.08364,0.48644,0.10814,17.92305,6.91189,0.77169,
590936707317,-35.41655,25.01025,-4.34637,0.85928,-0.08419,0.49236,0.11015,18.71695,7.08935,0.80645,
591036238369,-33.53748,25.72271,-4.27076,0.85901,-0.08426,0.49380,0.10567,19.01652,7.15410,0.64480,
591135783213,-31.63726,26.42454,-4.22738,0.86321,-0.09065,0.48721,0.09635,19.01242,7.10146,0.21423,
591235303577,-29.74857,27.09943,-4.22420,0.87392,-0.09617,0.46921,0.08279,18.90453,7.01629,-0.25079,
591334783369,-27.80265,27.61087,-4.26956,0.88916,-0.10398,0.44038,0.06824,18.87193,6.78765,-0.64811,
591467472265,-25.29730,28.42163,-4.37851,0.90875,-0.11304,0.39925,0.04473,18.65188,6.63138,-1.06378,
591566993473,-23.46564,29.07358,-4.48612,0.91889,-0.11736,0.37488,0.03651,18.52784,6.63630,-1.23144,
591732932317,-20.37231,30.08742,-4.67685,0.93317,-0.10403,0.34263,0.03118,18.52191,6.66471,-1.07980,
591931972914,-16.64142,31.26271,-4.88397,0.94323,-0.05850,0.32675,0.01115,18.37781,6.43666,-1.03214,
592097774862,-13.61348,32.31038,-5.05289,0.95211,-0.01954,0.30463,-0.01750,18.24598,6.16914,-0.93851,
592197286359,-11.78816,32.86221,-5.13057,0.95826,0.01134,0.28313,-0.03809,18.25891,5.87875,-0.60387,
592296806568,-9.97587,33.43283,-5.17065,0.96286,0.04258,0.25858,-0.06503,18.22010,5.51759,-0.21966,
592396330550,-8.12148,33.80070,-5.18133,0.96394,0.07059,0.23436,-0.10446,18.12061,4.92851,0.03579,
592495853660,-6.29370,34.14928,-5.16665,0.96031,0.09608,0.21137,-0.15459,17.95139,4.34981,0.27678,
592661721972,-3.34271,34.73205,-5.09473,0.94205,0.14465,0.16626,-0.25294,17.50976,3.36387,0.63647,
592860759847,0.06996,35.22515,-4.91373,0.89687,0.21402,0.10317,-0.37306,16.69670,1.77083,1.27976,
592993448608,2.23254,35.36056,-4.70723,0.85025,0.25978,0.05762,-0.45418,15.80205,0.45789,1.84921,
593093008503,3.77426,35.35126,-4.50504,0.80681,0.28740,0.02738,-0.51547,14.92442,-0.49040,2.22605,
593192486503,5.21381,35.28246,-4.27126,0.75394,0.30954,0.00369,-0.57944,13.85818,-1.39293,2.52035,
593292006660,6.56402,35.07220,-4.04174,0.68302,0.33216,-0.01317,-0.65037,12.76118,-2.15269,2.62032,
593391524815,7.80841,34.72607,-3.82978,0.59584,0.35595,-0.02252,-0.71956,11.68072,-2.81197,2.50165,
593491043660,8.95007,34.39385,-3.60932,0.50609,0.37497,-0.01830,-0.77649,10.67930,-3.19467,2.30101,
593590602555,9.99480,34.02771,-3.40883,-0.42452,-0.38839,0.00778,0.81784,9.68389,-3.63341,2.09290,
593723390540,11.19716,33.48439,-3.16163,-0.33619,-0.38810,0.02942,0.85761,8.20458,-4.07361,1.90000,
593822779592,11.99095,33.06314,-2.99688,-0.28337,-0.38167,0.06048,0.87771,6.97735,-4.20230,1.80377,
593922305626,12.59554,32.64208,-2.82552,-0.23588,-0.37114,0.10173,0.89234,5.74152,-4.10719,1.70865,
594021863938,13.08136,32.23857,-2.66199,-0.19834,-0.36626,0.13369,0.89924,4.63974,-3.88900,1.51100,
594121388383,13.48748,31.85819,-2.52918,-0.16272,-0.36024,0.16850,0.90297,3.76453,-3.61449,1.20578,
594254087262,13.89648,31.41020,-2.40558,-0.12514,-0.35334,0.20403,0.90436,2.72038,-3.11174,0.71051,
594386780209,14.22763,31.04013,-2.35173,-0.12790,-0.28127,0.20129,0.92952,1.86321,-2.53077,0.16770,
594519481328,14.42591,30.75120,-2.33596,-0.12806,-0.28833,0.25978,0.91268,1.00022,-1.94803,-0.01693,
594619000432,14.46342,30.60407,-2.34253,-0.11097,-0.28007,0.29999,0.90513,0.43572,-1.26558,-0.29289,
594751766124,14.42779,30.52828,-2.38869,-0.14452,-0.30063,0.36187,0.87051,-0.60497,-0.14820,-0.47875,
594884358107,14.28578,30.57047,-2.48207,-0.15247,-0.27571,0.40440,0.85860,-1.56369,0.89900,-1.01158,
594983917002,14.06984,30.72454,-2.59920,-0.13284,-0.25762,0.39585,0.87137,-2.16300,1.64936,-1.44759,
595116570002,13.72170,31.02598,-2.81124,-0.09537,-0.23635,0.32080,0.91221,-2.92643,2.72682,-1.80017,
595216179106,13.40543,31.33792,-2.99404,-0.06721,-0.22447,0.21931,0.94710,-3.32643,3.23729,-1.81792,
595348782210,12.93464,31.79441,-3.23755,-0.01364,-0.23086,0.15193,0.96095,-3.74078,3.48820,-1.85075,
595448377054,12.54986,32.16513,-3.42939,0.01398,-0.23359,0.11451,0.96547,-4.01409,3.68754,-1.92261,
595547906106,12.13296,32.55036,-3.61416,0.02575,-0.23369,0.07149,0.96934,-4.39086,3.83482,-1.75667,
595680548465,11.51129,33.06976,-3.81490,0.02416,-0.22731,0.00892,0.97348,-4.98918,3.85519,-1.30269,
595780078517,10.99365,33.45129,-3.92339,0.02121,-0.22081,-0.02098,0.97486,-5.39158,3.72395,-0.98078,
595912691517,10.25028,33.92616,-4.02721,0.01794,-0.20879,-0.03790,0.97706,-5.80012,3.49387,-0.71214,
596012267466,9.66295,34.26271,-4.08491,0.01168,-0.19590,-0.04994,0.97928,-6.01708,3.32380,-0.63674,
596111714569,9.05893,34.57677,-4.13382,-0.00507,-0.18099,-0.06747,0.98116,-6.19089,3.12325,-0.60227,
596211225261,8.44001,34.86827,-4.17414,-0.03082,-0.16546,-0.09226,0.98141,-6.29980,2.86418,-0.53373,
596310743521,7.81418,35.11120,-4.19734,-0.05672,-0.15609,-0.11469,0.97942,-6.37353,2.53781,-0.53432,
596410258592,7.17901,35.34091,-4.23433,-0.08046,-0.15559,-0.13188,0.97567,-6.44422,2.19898,-0.54906,
596509772353,6.53054,35.54604,-4.28640,-0.10181,-0.15689,-0.14506,0.97159,-6.53051,1.87354,-0.63235,
596642467020,5.65659,35.76916,-4.37610,-0.12305,-0.15873,-0.15556,0.96720,-6.59368,1.43381,-0.75045,
596808423502,4.54961,35.96238,-4.50138,-0.13983,-0.15827,-0.16341,0.96369,-6.70294,0.81171,-0.79247,
596941049514,3.64389,36.05333,-4.60819,-0.14492,-0.15896,-0.15197,0.96469,-6.79666,0.32365,-0.76102,
597040532953,2.95417,36.08114,-4.68073,-0.14569,-0.15987,-0.13893,0.96639,-6.88204,0.00542,-0.70148,
597140094005,2.25098,36.08779,-4.75328,-0.14369,-0.16102,-0.12553,0.96833,-6.93114,-0.25348,-0.71808,
597239570006,1.53823,36.07555,-4.83101,-0.14175,-0.16200,-0.11296,0.97000,-7.01965,-0.44908,-0.74251,
597339131163,0.81238,36.04529,-4.91028,-0.14258,-0.15896,-0.10313,0.97148,-7.09990,-0.66416,-0.68008,
597438614214,0.09195,35.98020,-4.97790,-0.14766,-0.15478,-0.08776,0.97290,-7.16738,-0.85472,-0.62609,
597604472305,-1.11605,35.83116,-5.08061,-0.15864,-0.14934,-0.05940,0.97417,-7.24903,-1.06174,-0.59506,
597737159098,-2.08791,35.69531,-5.16482,-0.16852,-0.14683,-0.04816,0.97351,-7.26642,-1.11832,-0.63952,
597836682045,-2.82464,35.58879,-5.22854,-0.17525,-0.14532,-0.04949,0.97248,-7.31935,-1.18807,-0.62791,
597936193384,-3.56661,35.47694,-5.29097,-0.18047,-0.14393,-0.04983,0.97172,-7.34916,-1.25523,-0.60134,
598035711249,-4.31363,35.36093,-5.35190,-0.18383,-0.14341,-0.05002,0.97115,-7.38908,-1.31905,-0.56081,
598135229145,-5.06428,35.23501,-5.40573,-0.18425,-0.14297,-0.04926,0.97118,-7.42212,-1.38266,-0.53581,
598234748145,-5.81526,35.10349,-5.45843,-0.18371,-0.14207,-0.04955,0.97140,-7.44472,-1.44880,-0.52175,
598334310510,-6.57147,34.96949,-5.50960,-0.18238,-0.14185,-0.04958,0.97168,-7.46755,-1.49959,-0.52604,
598433868145,-7.32896,34.82881,-5.55939,-0.18107,-0.14060,-0.04867,0.97215,-7.50541,-1.56459,-0.50218,
598599656145,-8.58894,34.57168,-5.63654,-0.17909,-0.13862,-0.04870,0.97280,-7.54087,-1.67126,-0.46135,
598732453145,-9.60885,34.35941,-5.69515,-0.17827,-0.13473,-0.04877,0.97349,-7.57054,-1.76000,-0.42072,
598831865458,-10.37935,34.19789,-5.73439,-0.17774,-0.12685,-0.04559,0.97480,-7.58394,-1.81570,-0.41750,
598931384197,-11.14965,34.02975,-5.76773,-0.17719,-0.12043,-0.04162,0.97589,-7.59825,-1.86482,-0.35151,
599030896679,-11.92415,33.86402,-5.79762,-0.17701,-0.11991,-0.04211,0.97597,-7.53731,-1.88765,-0.33421,
599130414628,-12.69395,33.69348,-5.82629,-0.17713,-0.11975,-0.04221,0.97596,-7.53536,-1.89214,-0.38111,
599229930748,-13.47491,33.52881,-5.86136,-0.17739,-0.11951,-0.04181,0.97596,-7.54394,-1.90134,-0.43020,
599329490592,-14.24782,33.35198,-5.90288,-0.17618,-0.11932,-0.03759,0.97638,-7.54042,-1.93332,-0.50334,
599428967644,-15.02331,33.17252,-5.94840,-0.17448,-0.11539,-0.02990,0.97742,-7.53814,-1.94761,-0.53450,
599528482594,-15.80093,32.99039,-6.00001,-0.18087,-0.11507,-0.02535,0.97642,-7.52958,-1.95484,-0.55917,
599628003646,-16.56196,32.80602,-6.05110,-0.20435,-0.11390,-0.02567,0.97191,-7.50499,-1.95395,-0.56877,
599727517019,-17.32449,32.61945,-6.09742,-0.24424,-0.10850,-0.03428,0.96302,-7.49569,-1.95344,-0.49048,
599827027285,-18.09972,32.43191,-6.13187,-0.29319,-0.09261,-0.05291,0.95009,-7.49393,-2.00007,-0.31585,
599926652754,-18.86358,32.23816,-6.13885,-0.34938,-0.06932,-0.07390,0.93149,-7.38781,-2.10773,-0.02957,
600026057841,-19.60182,32.03572,-6.11428,-0.40816,-0.04721,-0.09452,0.90678,-7.18991,-2.24571,0.27282,
600125575424,-20.32998,31.81566,-6.06543,-0.46099,-0.02981,-0.11318,0.87965,-6.90878,-2.40591,0.53410,
600225199978,-21.03679,31.58141,-5.99967,-0.49882,-0.02966,-0.11578,0.85843,-6.64889,-2.56738,0.68975,
600324703555,-21.72490,31.33180,-5.91933,0.52494,0.03274,0.11673,-0.84246,-6.41581,-2.73311,0.88806,
600424232253,-22.39351,31.06797,-5.81515,0.54283,0.03487,0.11578,-0.83109,-6.17091,-2.89354,1.16303,
600556804622,-23.25229,30.68289,-5.63532,0.56090,0.03773,0.11613,-0.81883,-5.84793,-3.11032,1.55212,
600656426569,-23.89951,30.37968,-5.48005,0.56946,0.04021,0.11308,-0.81321,-5.68324,-3.23246,1.64797,
600755940314,-24.54769,30.06701,-5.32047,0.57546,0.04188,0.10919,-0.80943,-5.53911,-3.32211,1.68803,
600888522133,-25.38105,29.63200,-5.10407,0.58425,0.04534,0.10777,-0.80311,-5.32737,-3.44864,1.71966,
600988040133,-26.01214,29.30530,-4.93741,0.59472,0.04723,0.10714,-0.79536,-5.22337,-3.51756,1.74218,
601087651625,-26.55875,28.96711,-4.76380,0.60613,0.04873,0.10738,-0.78657,-5.02421,-3.58731,1.77864,
601187119146,-27.07099,28.61119,-4.59135,0.61774,0.05091,0.10603,-0.77754,-4.84406,-3.67472,1.74453,
601286588601,-27.55608,28.24778,-4.42473,0.62916,0.05256,0.10581,-0.76824,-4.67998,-3.73831,1.65763,
601386103856,-28.02117,27.87613,-4.26425,0.63547,0.05700,0.10818,-0.76239,-4.51624,-3.80332,1.58499,
601485617908,-28.47449,27.49427,-4.11219,0.63849,0.06237,0.11109,-0.75901,-4.35069,-3.88638,1.48068,
601618310960,-29.05398,26.97010,-3.91890,0.64104,0.06500,0.11333,-0.75631,-4.16510,-4.02744,1.40398,
601717920272,-29.47262,26.56432,-3.77868,0.64211,0.06595,0.11290,-0.75538,-4.00729,-4.12952,1.36832,
601817348960,-29.88110,26.14509,-3.63961,0.64192,0.06824,0.11220,-0.75544,-3.85896,-4.21993,1.33666,
601916911960,-30.27163,25.71704,-3.50572,0.64128,0.07253,0.11197,-0.75562,-3.72341,-4.31378,1.28102,
602049560960,-30.76689,25.13203,-3.33362,0.64106,0.07510,0.11129,-0.75566,-3.55653,-4.46810,1.25410,
602215504273,-31.35606,24.37293,-3.11554,0.63958,0.08179,0.10669,-0.75688,-3.33855,-4.61730,1.23657,
602348194064,-31.81256,23.74824,-2.95179,0.63706,0.09908,0.10167,-0.75763,-3.24502,-4.73747,1.06941,
602447635960,-32.16025,23.26660,-2.83860,0.63542,0.11076,0.10001,-0.75761,-3.21311,-4.83134,0.97503,
602547286908,-32.49611,22.77518,-2.73511,0.63404,0.12073,0.09884,-0.75739,-3.18418,-4.92770,0.93464,
602646680856,-32.82364,22.27707,-2.63667,0.63335,0.12823,0.09946,-0.75666,-3.17325,-5.03889,0.90106,
602746194429,-33.15487,21.76001,-2.53426,0.63426,0.12944,0.10219,-0.75533,-3.17178,-5.19913,0.95303,
602845808272,-33.48650,21.22634,-2.42956,0.63427,0.13275,0.10489,-0.75437,-3.16139,-5.34005,0.94607,
602945233855,-33.81475,20.67874,-2.33198,0.63453,0.13327,0.10523,-0.75402,-3.14301,-5.49543,0.93096,
603044753169,-34.13235,20.12465,-2.23901,0.63458,0.13215,0.10446,-0.75428,-3.11729,-5.62913,0.96162,
603144309116,-34.45515,19.54654,-2.13795,0.63531,0.13048,0.10340,-0.75410,-3.10955,-5.78348,1.00671,
603243861908,-34.77392,18.95456,-2.03002,0.63920,0.12763,0.09901,-0.75189,-3.08182,-5.91456,1.01367,
603343310908,-35.09686,18.34954,-1.92477,0.64435,0.12268,0.09251,-0.74914,-3.07700,-6.02203,0.96041,
603442827325,-35.41597,17.73874,-1.82202,0.64951,0.11891,0.08510,-0.74616,-3.06176,-6.09402,0.91325,
603542363960,-35.73257,17.12402,-1.72572,0.65696,0.11314,0.07991,-0.74109,-3.05546,-6.14847,0.86641,
603641865960,-36.04995,16.50598,-1.62764,0.66664,0.10730,0.07992,-0.73327,-3.03304,-6.23169,0.95945,
603741423960,-36.36597,15.88262,-1.52353,0.67834,0.10264,0.07940,-0.72320,-3.00391,-6.26676,0.97950,
603840902960,-36.67392,15.26442,-1.42759,0.69123,0.10068,0.07725,-0.71141,-2.96552,-6.29146,0.90235,
603940422169,-36.98550,14.63992,-1.33725,0.70508,0.09771,0.07570,-0.69827,-2.94787,-6.30626,0.86195,
604039941898,-37.29279,14.00932,-1.25536,0.72090,0.08801,0.07906,-0.68286,-2.91550,-6.32663,0.80298,
604139458960,-37.60107,13.37311,-1.18103,0.73664,0.07407,0.08746,-0.66650,-2.85799,-6.34856,0.71772,
604239018960,-37.90591,12.73049,-1.12019,0.75034,0.06449,0.09396,-0.65116,-2.76371,-6.36772,0.57807,
604338496908,-38.19471,12.09743,-1.07293,0.76320,0.05839,0.09623,-0.63628,-2.66377,-6.39156,0.45000,
604438057168,-38.47178,11.46467,-1.02990,0.77603,0.05066,0.10134,-0.62044,-2.52254,-6.40663,0.46850,
604537535168,-38.73069,10.83622,-0.98881,0.78842,0.04375,0.10573,-0.60440,-2.36820,-6.38048,0.47389,
604637101158,-38.98079,10.20139,-0.94524,0.80035,0.03735,0.10995,-0.58818,-2.20881,-6.39019,0.49787,
604736574523,-39.22159,9.55972,-0.90108,0.81153,0.03285,0.11212,-0.57251,-2.05038,-6.39177,0.46397,
604869266168,-39.50432,8.71016,-0.85111,0.82611,0.02865,0.11486,-0.55094,-1.82896,-6.36441,0.32616,
605001956960,-39.75913,7.85945,-0.81920,0.84132,0.02035,0.12078,-0.52647,-1.60423,-6.32950,0.16582,
605134650221,-39.99361,7.00119,-0.80413,0.85909,0.01041,0.12914,-0.49516,-1.35076,-6.30174,0.05563,
605234261960,-40.15015,6.35623,-0.79515,0.87369,-0.00055,0.13721,-0.46674,-1.11599,-6.28281,0.08041,
605333795960,-40.29306,5.70002,-0.78183,0.88814,-0.01142,0.14547,-0.43579,-0.86158,-6.25501,0.11293,
605433285856,-40.40939,5.04262,-0.76402,0.90168,-0.02259,0.15289,-0.40384,-0.61091,-6.21886,0.09642,
605532726169,-40.50046,4.38489,-0.74908,0.91304,-0.03429,0.16048,-0.37339,-0.34181,-6.14310,0.07050,
605665420481,-40.55340,3.53846,-0.73137,0.92637,-0.04857,0.16590,-0.33461,0.07948,-6.01556,0.06706,
605764941293,-40.56653,2.90007,-0.71593,0.93520,-0.05880,0.16917,-0.30550,0.39781,-5.91625,0.06707,
605897630960,-40.51778,2.07385,-0.69539,0.94319,-0.07146,0.16901,-0.27698,0.84311,-5.72429,0.11700,
605997157908,-40.44921,1.46866,-0.67527,0.94773,-0.08046,0.16905,-0.25836,1.14656,-5.58554,0.10744,
606163149960,-40.23276,0.55484,-0.64354,0.95380,-0.09625,0.16691,-0.23053,1.69607,-5.23956,0.11626,
606262577012,-40.05960,0.04704,-0.61939,0.95547,-0.09882,0.16653,-0.22268,2.00847,-4.98519,0.07282,
606362090960,-39.84956,-0.41834,-0.60061,0.95693,-0.10036,0.16501,-0.21675,2.30457,-4.74436,0.01793,
606461619960,-39.61262,-0.86552,-0.58798,0.95843,-0.10298,0.16255,-0.21066,2.58340,-4.49625,-0.03477,
606627436668,-39.14758,-1.54036,-0.59064,0.96085,-0.10752,0.15853,-0.20021,2.99931,-4.09679,-0.17937,
606726956039,-38.83911,-1.91296,-0.60076,0.96212,-0.11056,0.15638,-0.19403,3.22605,-3.83149,-0.25172,
606826464326,-38.50718,-2.25929,-0.62071,0.96343,-0.11367,0.15444,-0.18718,3.46948,-3.57105,-0.31486,
606925983378,-38.15291,-2.58377,-0.64427,0.96472,-0.11662,0.15190,-0.18067,3.68567,-3.30239,-0.35842,
607025570163,-37.77425,-2.87438,-0.66924,0.96595,-0.11892,0.14880,-0.17512,3.92174,-3.02869,-0.38480,
607125017945,-37.37218,-3.14791,-0.70064,0.96835,-0.10227,0.14362,-0.17667,4.14633,-2.77020,-0.37385,
607224530997,-36.94678,-3.40983,-0.73635,0.97024,-0.08875,0.13822,-0.17793,4.31315,-2.56624,-0.40288,
607324143806,-36.50599,-3.65107,-0.77185,0.97179,-0.07166,0.13415,-0.18027,4.51178,-2.38290,-0.35286,
607423637754,-36.04570,-3.87860,-0.79852,0.97305,-0.05188,0.12807,-0.18459,4.70157,-2.25432,-0.20868,
607523222650,-35.56777,-4.09709,-0.81100,0.97295,-0.03506,0.11884,-0.19496,4.87865,-2.18721,-0.03598,
607622601859,-35.07247,-4.31303,-0.80431,0.97187,-0.01815,0.10746,-0.20878,5.01022,-2.12308,0.17842,
607788468650,-34.22392,-4.66503,-0.75667,0.96788,0.01972,0.08611,-0.23540,5.12189,-2.11516,0.36659,
607887987702,-33.70323,-4.88722,-0.71845,0.96549,0.04240,0.07739,-0.24504,5.13044,-2.17349,0.44074,
608020683702,-33.01784,-5.19414,-0.64303,0.96470,0.05608,0.06969,-0.24768,5.11111,-2.33968,0.70231,
608153417650,-32.34400,-5.51919,-0.53670,0.96581,0.05423,0.06103,-0.24607,5.05151,-2.49515,0.86341,
608252889702,-31.84390,-5.78004,-0.44829,0.96636,0.05197,0.05918,-0.24484,4.98632,-2.58180,0.89405,
608352409379,-31.35108,-6.05288,-0.35864,0.96680,0.04668,0.06078,-0.24376,4.93415,-2.66880,0.87090,
608451924079,-30.86820,-6.33697,-0.27220,0.96779,0.04133,0.06045,-0.24086,4.88847,-2.73180,0.88404,
608551523111,-30.39759,-6.62449,-0.18363,0.96881,0.04088,0.05894,-0.23719,4.82580,-2.79839,0.92222,
608684140273,-29.77540,-7.00539,-0.06089,0.96923,0.04268,0.05750,-0.23549,4.74500,-2.87482,0.86021,
608783649138,-29.31793,-7.30832,0.01376,0.96916,0.04384,0.05561,-0.23603,4.67928,-2.94366,0.69674,
608916362453,-28.71712,-7.71237,0.09922,0.96933,0.03400,0.05612,-0.23683,4.60067,-3.02327,0.56631,
609015845685,-28.27722,-8.01687,0.15374,0.96984,0.01424,0.05916,-0.23602,4.54386,-3.03363,0.43824,
609148579258,-27.68904,-8.42132,0.19756,0.96952,-0.00068,0.06040,-0.23745,4.52202,-2.96865,0.13380,
609281267681,-27.09509,-8.81829,0.19723,0.96971,0.00140,0.05713,-0.23749,4.48991,-2.93872,-0.17837,
609380782493,-26.65723,-9.11346,0.17712,0.97062,-0.00071,0.05006,-0.23534,4.45899,-2.91092,-0.34363,
609513469861,-26.06913,-9.50801,0.12231,0.97160,-0.01158,0.04169,-0.23262,4.39030,-2.87665,-0.63512,
609612941402,-25.63446,-9.80270,0.06221,0.97237,-0.02097,0.03301,-0.23015,4.36809,-2.81565,-0.79342,
609745674037,-25.05085,-10.19069,-0.03274,0.97342,-0.03261,0.01331,-0.22629,4.30354,-2.71362,-0.85235,
609845187135,-24.61834,-10.47549,-0.10101,0.97430,-0.04240,-0.00207,-0.22122,4.23792,-2.61285,-0.84137,
609944721812,-24.17464,-10.75456,-0.15891,0.97517,-0.05322,-0.01748,-0.21427,4.16324,-2.45950,-0.75709,
610044176769,-23.73819,-11.02456,-0.20987,0.97573,-0.05774,-0.02963,-0.20916,4.08559,-2.33498,-0.76970,
610143784153,-23.28734,-11.30414,-0.25721,0.97600,-0.06250,-0.03992,-0.20477,4.02481,-2.23535,-0.84626,
610243207789,-22.86528,-11.55199,-0.32241,0.97689,-0.06324,-0.04513,-0.19915,3.91367,-2.10601,-0.87021,
610342718381,-22.46646,-11.77828,-0.39327,0.97779,-0.06309,-0.04205,-0.19541,3.78519,-1.94708,-0.78516,
610442239485,-22.07697,-11.99015,-0.45307,0.97869,-0.05985,-0.03978,-0.19236,3.68075,-1.81766,-0.68128,
610541751645,-21.71345,-12.17497,-0.50630,0.97954,-0.05467,-0.03818,-0.18989,3.54319,-1.65207,-0.55128,
610641268067,-21.36538,-12.34427,-0.54763,0.98002,-0.05039,-0.03784,-0.18866,3.40611,-1.52007,-0.44874,
610740870868,-21.03524,-12.48770,-0.57705,0.98022,-0.04730,-0.03706,-0.18857,3.27600,-1.39962,-0.34414,
610840399921,-20.71866,-12.62143,-0.60498,0.98039,-0.03920,-0.03773,-0.18941,3.14904,-1.28633,-0.33079,
611006169504,-20.21147,-12.83119,-0.65715,0.97989,-0.01424,-0.04689,-0.19342,2.92574,-1.17234,-0.36800,
611205208920,-19.66833,-13.06293,-0.72675,0.97866,-0.01091,-0.04753,-0.19963,2.59601,-1.10100,-0.39062,
611371151505,-19.26886,-13.23843,-0.77811,0.97787,-0.00921,-0.04610,-0.20387,2.33616,-1.02855,-0.34975,
611503809452,-18.97641,-13.37665,-0.80950,0.97729,-0.00002,-0.04884,-0.20621,2.14568,-1.00158,-0.22531,
611636466556,-18.71137,-13.51632,-0.82510,0.97658,-0.00178,-0.05765,-0.20726,1.90685,-1.01301,-0.12250,
611735975504,-18.53901,-13.61979,-0.82269,0.97645,-0.00429,-0.05731,-0.20797,1.73002,-0.99576,-0.04261,
611835569077,-18.37397,-13.72260,-0.81859,0.97595,-0.00617,-0.06048,-0.20936,1.57851,-0.98430,-0.01828,
611935052608,-18.23003,-13.83147,-0.81227,0.97495,-0.01926,-0.06862,-0.21069,1.41065,-0.98550,-0.00852,
612034538505,-18.09860,-13.93212,-0.80232,0.97325,-0.03740,-0.07602,-0.21356,1.23600,-0.90514,0.03708,
612134089421,-17.99237,-14.02320,-0.79156,0.97158,-0.04759,-0.08169,-0.21699,1.04655,-0.78918,0.00715,
612233643265,-17.90175,-14.10467,-0.78495,0.97032,-0.05239,-0.08379,-0.22072,0.89059,-0.69849,-0.07990,
612333122353,-17.81680,-14.17206,-0.78598,0.96931,-0.05572,-0.08326,-0.22452,0.77108,-0.56598,-0.13275,
612432597694,-17.73829,-14.22876,-0.79504,0.96858,-0.05586,-0.08255,-0.22787,0.63896,-0.44719,-0.14385,
612532114641,-17.67082,-14.27843,-0.80268,0.96865,-0.05506,-0.07813,-0.22932,0.50436,-0.33871,-0.13561,
612631633162,-17.60755,-14.32682,-0.81334,0.96900,-0.05481,-0.07312,-0.22954,0.39745,-0.25986,-0.09844,
612731196849,-17.55841,-14.36811,-0.81770,0.96945,-0.05512,-0.07034,-0.22843,0.30949,-0.18622,-0.03465,
612830671849,-17.53064,-14.39259,-0.81608,0.96959,-0.05571,-0.07057,-0.22763,0.20913,-0.10576,0.02449,
612930231589,-17.51395,-14.40485,-0.80734,0.96961,-0.05768,-0.07119,-0.22687,0.10201,-0.00420,0.06939,
613029710745,-17.50452,-14.40427,-0.79882,0.96959,-0.05856,-0.07107,-0.22674,0.01764,0.08379,0.04523,
613129274693,-17.50576,-14.39391,-0.79897,0.96921,-0.05904,-0.07167,-0.22803,-0.06011,0.15182,-0.10341,
613228751006,-17.51453,-14.37435,-0.81702,0.96908,-0.05834,-0.07135,-0.22888,-0.13383,0.23952,-0.27668,
613328266745,-17.53188,-14.34573,-0.85229,0.96920,-0.05802,-0.06804,-0.22948,-0.21518,0.32934,-0.43905,
613427826902,-17.55928,-14.31402,-0.87756,0.97281,-0.00563,-0.00991,-0.23131,-0.19489,-0.04785,0.17982,
613527302641,-17.57465,-14.31026,-0.86067,0.97222,-0.02268,-0.02574,-0.23153,-0.19924,0.16390,0.04001,
613660083954,-17.59933,-14.29640,-0.86234,0.97327,-0.00693,-0.00553,-0.22950,-0.15159,0.08382,-0.07821,
613759515641,-17.61516,-14.28886,-0.87931,0.97389,-0.02913,-0.01121,-0.22486,-0.09402,0.04011,-0.06482,
613892207693,-17.62013,-14.26200,-0.88976,0.97532,-0.02802,-0.00552,-0.21894,0.01589,0.07255,-0.08298,
613991726006,-17.62138,-14.25364,-0.89362,0.97452,-0.03093,-0.00988,-0.22192,0.02462,0.01619,-0.03703,
614091244693,-17.62562,-14.24936,-0.89479,0.97425,-0.03314,-0.01276,-0.22266,-0.02607,0.02826,-0.03015,
614223936745,-17.62725,-14.24796,-0.89623,0.97425,-0.03282,-0.01265,-0.22273,-0.03389,0.04450,-0.04008,
614356629953,-17.62500,-14.24980,-0.89301,0.97432,-0.03200,-0.01222,-0.22254,-0.01963,0.03169,-0.02240,
614456192006,-17.62148,-14.25646,-0.89037,0.97439,-0.03108,-0.01120,-0.22244,-0.00750,0.00063,-0.00832,
614622014255,-17.62206,-14.25606,-0.89063,0.97440,-0.03065,-0.01109,-0.22246,0.00117,0.01028,-0.00565,
614721573693,-17.62213,-14.25628,-0.89068,0.97482,-0.03094,-0.01108,-0.22058,-0.01562,-0.01509,-0.01162,
614821050641,-17.62210,-14.25678,-0.89047,0.97468,-0.03068,-0.01109,-0.22123,-0.00793,-0.00988,-0.00547,
614920572422,-17.62218,-14.25692,-0.89041,0.97458,-0.03071,-0.01078,-0.22167,-0.00337,-0.00330,-0.00402,
615020171589,-17.62225,-14.25703,-0.89042,0.97453,-0.03071,-0.01054,-0.22187,-0.00317,-0.00341,-0.00508,
615119721006,-17.62224,-14.25709,-0.89044,0.97452,-0.03065,-0.01050,-0.22193,-0.00580,-0.00339,-0.00649,
615219129693,-17.62218,-14.25710,-0.89048,0.97453,-0.03059,-0.01051,-0.22191,-0.00566,-0.00199,-0.00747,
615318649266,-17.62218,-14.25709,-0.89059,0.97450,-0.03066,-0.01050,-0.22202,-0.00211,0.00112,-0.00716,
615418167110,-17.62219,-14.25704,-0.89071,0.97448,-0.03079,-0.01035,-0.22212,-0.00036,0.00175,-0.00741,
615550859058,-17.62212,-14.25701,-0.89074,0.97456,-0.03091,-0.01037,-0.22175,-0.00154,0.00271,-0.00793,
615683639798,-17.62208,-14.25704,-0.89088,0.97452,-0.03105,-0.01039,-0.22191,-0.00145,0.00050,-0.00883,
615783069006,-17.62205,-14.25706,-0.89112,0.97452,-0.03116,-0.01044,-0.22189,-0.00026,-0.00178,-0.01195,
615882589641,-17.62192,-14.25716,-0.89127,0.97452,-0.03133,-0.01033,-0.22188,-0.00014,-0.00282,-0.01481,
615982207849,-17.62173,-14.25731,-0.89157,0.97453,-0.03133,-0.01043,-0.22182,0.00137,-0.00426,-0.01868,
616081626902,-17.62146,-14.25754,-0.89195,0.97455,-0.03119,-0.01040,-0.22175,0.00453,-0.00566,-0.02306,
616214317693,-17.62108,-14.25775,-0.89245,0.97458,-0.03114,-0.01038,-0.22164,0.00481,-0.00381,-0.02268,
616313835953,-17.62099,-14.25786,-0.89266,0.97457,-0.03100,-0.01023,-0.22167,0.00919,-0.00811,-0.02969,
616413353693,-17.62090,-14.25800,-0.89289,0.97457,-0.03102,-0.01017,-0.22168,0.00995,-0.00860,-0.03205,
616512876005,-17.62081,-14.25810,-0.89297,0.97457,-0.03098,-0.01016,-0.22169,0.01081,-0.00956,-0.03395,
616612393474,-17.62073,-14.25824,-0.89319,0.97457,-0.03101,-0.01019,-0.22167,0.01178,-0.01026,-0.03728,
616711953641,-17.62066,-14.25835,-0.89342,0.97458,-0.03097,-0.01016,-0.22167,0.01293,-0.01126,-0.03996,
616811472693,-17.62057,-14.25841,-0.89374,0.97456,-0.03078,-0.00999,-0.22179,0.01450,-0.01194,-0.04372,
616910990797,-17.62053,-14.25838,-0.89386,0.97455,-0.03071,-0.00989,-0.22183,0.01572,-0.01353,-0.04640,
617010469693,-17.62295,-14.25554,-0.89202,0.97432,-0.03105,-0.01031,-0.22278,-0.00245,0.00290,-0.00744,
617110030214,-17.62277,-14.25605,-0.89138,0.97436,-0.03055,-0.00955,-0.22272,-0.00085,0.00125,-0.00556,
