1520621177386938624,-0.03319,0.02168,-0.00340,0.99921,0.02986,-0.02604,-0.00079,-0.04955,0.00727,0.00871,
1520621177486941696,-0.03867,0.02221,-0.00391,0.99930,0.02738,-0.02488,-0.00476,-0.04011,0.00150,-0.00544,
1520621177586948608,-0.04270,0.02235,-0.00508,0.99920,0.03121,-0.02378,-0.00722,-0.02187,0.00074,-0.00582,
1520621177686959872,-0.04495,0.02213,-0.00546,0.99910,0.03395,-0.02303,-0.01049,-0.00539,-0.00278,0.00033,
1520621177786961152,-0.04535,0.02103,-0.00486,0.99914,0.03247,-0.02183,-0.01350,0.01616,-0.00650,0.00589,
1520621177886963968,-0.04264,0.02043,-0.00336,0.99917,0.03232,-0.02091,-0.01311,0.02933,-0.00525,-0.00547,
1520621177986967040,-0.03986,0.02041,-0.00347,0.99906,0.03665,-0.01996,-0.01163,0.02578,0.00209,-0.00851,
1520621178086982912,-0.03780,0.02036,-0.00410,0.99910,0.03571,-0.02058,-0.01000,0.02028,-0.00026,-0.00426,
1520621178186985984,-0.03568,0.01970,-0.00358,0.99921,0.03367,-0.01923,-0.00915,0.02487,-0.01479,0.00454,
1520621178286989056,-0.03283,0.01835,-0.00300,0.99929,0.03268,-0.01721,-0.00774,0.02536,-0.00484,0.01074,
1520621178386991872,-0.03109,0.01835,-0.00211,0.99937,0.03070,-0.01702,-0.00604,0.00710,-0.00116,0.00445,
1520621178486996224,-0.03113,0.01835,-0.00185,0.99938,0.02930,-0.01911,-0.00497,-0.00726,-0.00094,-0.01450,
1520621178587000320,-0.03217,0.01840,-0.00364,0.99920,0.03365,-0.02092,-0.00450,-0.01690,0.00620,-0.01916,
1520621178687003392,-0.03412,0.01859,-0.00534,0.99909,0.03604,-0.02223,-0.00465,-0.02408,-0.00011,-0.01687,
1520621178787006464,-0.03638,0.01809,-0.00684,0.99905,0.03694,-0.02241,-0.00555,-0.02546,-0.00039,-0.01424,
1520621178887009280,-0.03838,0.01767,-0.00819,0.99887,0.04151,-0.02172,-0.00744,-0.02042,-0.00349,-0.01244,
1520621178987021568,-0.03934,0.01605,-0.00940,0.99875,0.04432,-0.02168,-0.00794,-0.00196,-0.01697,-0.00727,
1520621179087022848,-0.03699,0.01311,-0.00833,0.99883,0.04386,-0.01958,-0.00470,0.04519,-0.03995,0.01886,
1520621179187026688,-0.02935,0.00691,-0.00409,0.99894,0.04251,-0.01789,0.00087,0.10753,-0.07462,0.05487,
1520621179287029760,-0.01542,-0.00267,0.00298,0.99901,0.04086,-0.01655,0.00615,0.16442,-0.11404,0.07686,
1520621179387059712,0.00504,-0.01628,0.01252,0.99905,0.03984,-0.01483,0.00967,0.23430,-0.14427,0.09858,
1520621179487062784,0.03248,-0.03217,0.02351,0.99893,0.04341,-0.01033,0.01176,0.30948,-0.17536,0.10898,
1520621179587065600,0.06765,-0.05204,0.03549,0.99919,0.03754,-0.00743,0.01213,0.38698,-0.21627,0.12688,
1520621179687068672,0.10978,-0.07407,0.05037,0.99944,0.03015,-0.01088,0.00916,0.44826,-0.21732,0.16554,
1520621179787067904,0.15750,-0.09566,0.06966,0.99954,0.02557,-0.01475,0.00719,0.49867,-0.21151,0.21667,
1520621179887070976,0.20989,-0.11659,0.09307,0.99983,0.01080,-0.01485,0.00285,0.54316,-0.19847,0.25074,
1520621179987073792,0.26572,-0.13516,0.11778,0.99973,-0.00584,-0.02251,0.00105,0.56850,-0.18019,0.24437,
1520621180087078144,0.32294,-0.15364,0.14270,0.99945,-0.01374,-0.03009,-0.00200,0.57431,-0.18757,0.25469,
1520621180186999040,0.38002,-0.17048,0.16835,0.99929,-0.01071,-0.03601,-0.00308,0.55831,-0.15307,0.25336,
1520621180287002112,0.43381,-0.18411,0.19297,0.99949,-0.00307,-0.03177,-0.00146,0.50973,-0.11530,0.22712,
1520621180387005184,0.48261,-0.19398,0.21510,0.99952,-0.00222,-0.03034,0.00573,0.46076,-0.08634,0.19610,
1520621180487008000,0.52555,-0.19988,0.23326,0.99914,-0.00978,-0.03800,0.01359,0.40228,-0.04025,0.14391,
1520621180586949888,0.56431,-0.20251,0.24475,0.99843,-0.02429,-0.04920,0.01110,0.35665,-0.01480,0.07404,
1520621180686952704,0.59934,-0.20293,0.24802,0.99749,-0.04162,-0.05660,0.00844,0.32856,0.01735,-0.00411,
1520621180786957824,0.63120,-0.19984,0.24108,0.99706,-0.05124,-0.05595,0.01059,0.28335,0.05587,-0.12777,
1520621180886958848,0.65494,-0.19254,0.22064,0.99732,-0.04027,-0.05265,0.03084,0.16982,0.09321,-0.26738,
1520621180986957824,0.66365,-0.18315,0.18978,0.99681,-0.00585,-0.05105,0.06109,-0.01745,0.08755,-0.33424,
1520621181086877696,0.64993,-0.17644,0.15824,0.99448,0.03012,-0.04398,0.09036,-0.27880,0.03852,-0.28363,
1520621181186880768,0.60862,-0.17657,0.13544,0.99284,0.04116,-0.02673,0.10891,-0.53596,-0.04375,-0.17020,
1520621181286883840,0.54408,-0.18478,0.12582,0.99218,0.03374,-0.01838,0.11880,-0.76078,-0.10907,-0.02304,
1520621181387021312,0.45665,-0.19605,0.12998,0.99266,0.02665,-0.01205,0.11736,-0.98411,-0.10428,0.09456,
1520621181487024384,0.34998,-0.20529,0.14303,0.99344,0.02292,-0.00734,0.11180,-1.14550,-0.06865,0.15838,
1520621181587027200,0.22935,-0.20870,0.16109,0.99393,0.02682,-0.00310,0.10662,-1.26395,-0.00219,0.19752,
1520621181687031296,0.10211,-0.20584,0.18120,0.99458,0.02314,-0.00090,0.10139,-1.27620,0.05155,0.18767,
1520621181787099648,-0.02280,-0.20070,0.19747,0.99522,0.01347,0.00684,0.09652,-1.22021,0.05166,0.12497,
1520621181887102720,-0.14074,-0.19576,0.20616,0.99601,0.02197,0.02103,0.08392,-1.13798,0.03945,0.06229,
1520621181987105536,-0.24875,-0.19224,0.21102,0.99687,0.04078,0.02110,0.06431,-1.04587,0.01348,0.03159,
1520621182087109632,-0.34952,-0.19120,0.21289,0.99747,0.04957,0.01764,0.04777,-0.97872,0.00405,0.00390,
1520621182187082240,-0.44534,-0.19131,0.21270,0.99854,0.03823,0.00898,0.03712,-0.95490,-0.02172,-0.00851,
1520621182287085312,-0.53956,-0.19413,0.21092,0.99962,0.01893,0.00799,0.01835,-0.92454,-0.05058,-0.02303,
1520621182387087360,-0.63046,-0.20053,0.20913,0.99981,0.01336,0.01242,0.00707,-0.88504,-0.08477,-0.00617,
1520621182487091200,-0.71825,-0.20822,0.21119,0.99951,0.02701,0.01576,-0.00125,-0.86933,-0.06313,0.02894,
1520621182587069440,-0.80486,-0.21200,0.21659,0.99885,0.03553,0.02085,-0.02434,-0.83843,-0.01660,0.04859,
1520621182687072512,-0.88484,-0.21114,0.22096,0.99848,0.02755,0.01716,-0.04465,-0.74994,0.02385,0.01378,
1520621182787075584,-0.95734,-0.20580,0.22007,0.99772,0.02865,0.01504,-0.05923,-0.68626,0.07508,-0.03937,
1520621182887078400,-1.02503,-0.19557,0.21515,0.99689,0.02844,0.01735,-0.07142,-0.62983,0.12542,-0.07412,
1520621182987081472,-1.08571,-0.18013,0.20547,0.99684,0.02653,0.01513,-0.07334,-0.56817,0.18039,-0.13176,
1520621183087203072,-1.13905,-0.16081,0.18858,0.99773,0.02697,0.00999,-0.06095,-0.48340,0.19832,-0.21641,
1520621183187206144,-1.18382,-0.14123,0.16112,0.99829,0.02490,0.00795,-0.05238,-0.39069,0.19380,-0.34242,
1520621183287209984,-1.21949,-0.12263,0.11732,0.99830,0.02772,0.00819,-0.05056,-0.30394,0.18933,-0.52605,
1520621183387213056,-1.24375,-0.10230,0.05842,0.99776,0.04480,0.00355,-0.04950,-0.17537,0.22556,-0.63539,
1520621183487265280,-1.25502,-0.07686,-0.00748,0.99552,0.07614,-0.00570,-0.05575,-0.03348,0.29772,-0.66258,
1520621183587268352,-1.25129,-0.04253,-0.07072,0.99206,0.10898,-0.01795,-0.06010,0.10113,0.37620,-0.59220,
1520621183687271424,-1.23650,-0.00177,-0.12424,0.98980,0.12214,-0.02635,-0.06850,0.20504,0.43500,-0.47660,
1520621183787274240,-1.21070,0.04542,-0.16715,0.98839,0.12575,-0.02838,-0.08041,0.30739,0.51039,-0.39151,
1520621183887823616,-1.17301,0.10004,-0.20497,0.98695,0.13515,-0.01835,-0.08555,0.43934,0.58233,-0.34813,
1520621183987825664,-1.12104,0.16004,-0.23494,0.98469,0.15194,-0.00315,-0.08536,0.59719,0.59836,-0.23707,
1520621184087829504,-1.05356,0.21916,-0.25107,0.98398,0.15943,0.00350,-0.07974,0.74364,0.56276,-0.08872,
1520621184187832576,-0.97257,0.27358,-0.25783,0.98524,0.15831,0.01258,-0.06391,0.88139,0.50771,-0.04586,
1520621184288178176,-0.87858,0.32057,-0.26121,0.98663,0.15777,0.02295,-0.03374,0.97305,0.41244,-0.01205,
1520621184388181248,-0.77975,0.35497,-0.25826,0.98592,0.16410,0.03152,-0.00663,1.00132,0.25146,0.08556,
1520621184488184320,-0.67788,0.37211,-0.24638,0.98420,0.17604,0.01621,0.00997,1.02972,0.07893,0.14964,
1520621184588187136,-0.57120,0.37183,-0.22880,0.98185,0.18692,0.01615,0.02761,1.09580,-0.09491,0.21756,
1520621184688126464,-0.45693,0.35649,-0.19902,0.98399,0.16903,0.01968,0.05299,1.16528,-0.20693,0.38832,
1520621184788129536,-0.33795,0.33608,-0.14960,0.98761,0.13258,0.02107,0.08123,1.16650,-0.20890,0.58550,
1520621184888133632,-0.22169,0.31836,-0.08347,0.99113,0.08944,0.01065,0.09776,1.12197,-0.15057,0.69759,
1520621184988136448,-0.11103,0.30648,-0.01521,0.99249,0.04481,-0.00590,0.11371,1.07068,-0.10710,0.64050,
1520621185087560960,-0.00450,0.29861,0.04214,0.99079,0.01587,-0.02564,0.13199,1.06153,-0.05873,0.49121,
1520621185187563776,0.10204,0.29465,0.08164,0.98715,0.00799,-0.03758,0.15513,1.07700,-0.03595,0.28884,
1520621185287568128,0.21067,0.29396,0.09974,0.98266,0.00945,-0.04051,0.18068,1.08480,-0.00199,0.05440,
1520621185387571200,0.31765,0.29755,0.09380,0.97879,0.02121,-0.03626,0.20050,1.04938,0.03952,-0.17701,
1520621185487186688,0.41791,0.30334,0.06858,0.97410,0.04349,-0.02832,0.22006,0.97082,0.04205,-0.34207,
1520621185587188736,0.50961,0.30964,0.03017,0.96584,0.07530,-0.01651,0.24740,0.86669,0.05206,-0.43336,
1520621185687195904,0.59079,0.31464,-0.01149,0.95401,0.11716,0.00052,0.27593,0.75600,0.01152,-0.39191,
1520621185787195648,0.66132,0.31266,-0.03981,0.93969,0.14825,0.01404,0.30790,0.64405,-0.10289,-0.17831,
1520621185887491840,0.72072,0.29319,-0.04494,0.92862,0.15401,0.01009,0.33739,0.51674,-0.29096,0.07760,
1520621185987396864,0.76328,0.25318,-0.02213,0.92386,0.13691,-0.00049,0.35742,0.30834,-0.51118,0.39293,
1520621186087399936,0.78406,0.19158,0.03009,0.92390,0.09871,-0.01593,0.36934,0.08997,-0.69976,0.62731,
1520621186187403008,0.78218,0.11889,0.09754,0.92459,0.05876,-0.03619,0.37466,-0.15037,-0.71910,0.69803,
1520621186287542528,0.75334,0.04535,0.16411,0.92776,0.02478,-0.04606,0.36950,-0.39490,-0.71641,0.62426,
1520621186387545600,0.70259,-0.02751,0.21945,0.93734,-0.00294,-0.05621,0.34384,-0.60016,-0.69978,0.47510,
1520621186487549440,0.63442,-0.09631,0.25568,0.94493,-0.01869,-0.06774,0.31964,-0.73713,-0.66470,0.23946,
1520621186587552512,0.55490,-0.15891,0.26642,0.95119,-0.01984,-0.06540,0.30093,-0.83959,-0.57876,-0.02064,
1520621186687119104,0.46805,-0.21047,0.25218,0.95717,-0.01478,-0.05726,0.28342,-0.88418,-0.47829,-0.25962,
1520621186787121920,0.37801,-0.25379,0.21710,0.96141,-0.00077,-0.05984,0.26853,-0.91130,-0.42423,-0.43431,
1520621186887126016,0.28437,-0.29562,0.16648,0.96707,0.02654,-0.07377,0.24215,-0.96060,-0.42751,-0.56653,
1520621186987128064,0.18533,-0.33538,0.10524,0.97234,0.05679,-0.07843,0.21256,-1.02821,-0.34037,-0.64787,
1520621187087210240,0.07991,-0.36491,0.04290,0.97965,0.08132,-0.07448,0.16773,-1.09243,-0.19131,-0.58142,
1520621187187213056,-0.03192,-0.37752,-0.00949,0.98509,0.09614,-0.08285,0.11619,-1.14555,-0.03036,-0.49375,
1520621187287216128,-0.14915,-0.37599,-0.05524,0.98982,0.10106,-0.08398,0.05473,-1.16961,0.14497,-0.41086,
1520621187387219200,-0.26565,-0.35493,-0.09089,0.98957,0.11178,-0.09076,-0.00354,-1.17038,0.30932,-0.31713,
1520621187487906304,-0.38505,-0.31833,-0.11504,0.98637,0.12508,-0.09036,-0.05720,-1.19291,0.41377,-0.14771,
1520621187587909120,-0.50360,-0.27388,-0.11822,0.98212,0.12577,-0.09460,-0.10335,-1.19130,0.45769,0.08247,
1520621187687912192,-0.62000,-0.22960,-0.09827,0.97911,0.11445,-0.08440,-0.14533,-1.13235,0.44217,0.29675,
1520621187787915008,-0.72516,-0.18976,-0.05848,0.97529,0.10680,-0.05743,-0.18466,-0.95755,0.35984,0.47606,
1520621187887918080,-0.80633,-0.16249,-0.00135,0.97117,0.09283,-0.03591,-0.21663,-0.66184,0.20511,0.63396,
1520621187988207360,-0.85751,-0.14941,0.06688,0.96801,0.06692,-0.01413,-0.24142,-0.35570,0.06728,0.69931,
1520621188088211200,-0.87976,-0.14852,0.13786,0.96685,0.04134,-0.00327,-0.25194,-0.07476,-0.04106,0.68804,
1520621188188214272,-0.87418,-0.15579,0.20384,0.96902,0.02529,0.00609,-0.24560,0.19722,-0.09165,0.62833,
1520621188288217344,-0.84199,-0.16531,0.26325,0.97377,0.00622,0.02160,-0.22644,0.45392,-0.10068,0.55265,
1520621188387703552,-0.78547,-0.17445,0.31292,0.97869,-0.01474,0.03539,-0.20175,0.67730,-0.07714,0.43137,
1520621188487706624,-0.70875,-0.18190,0.34597,0.98396,-0.03142,0.04226,-0.17043,0.84976,-0.05691,0.19045,
1520621188587710720,-0.62009,-0.18657,0.34824,0.98970,-0.03692,0.02977,-0.13505,0.92909,-0.03563,-0.15432,
1520621188687713536,-0.52406,-0.18749,0.31730,0.99316,-0.03680,0.01602,-0.10966,1.00602,0.03810,-0.46756,
1520621188787131136,-0.42158,-0.17952,0.26084,0.99546,-0.02009,0.00429,-0.09295,1.05623,0.12847,-0.66833,
1520621188887133952,-0.31397,-0.16132,0.18923,0.99748,0.01207,-0.01473,-0.06833,1.07773,0.23278,-0.75742,
1520621188987137024,-0.20608,-0.13400,0.11615,0.99736,0.05484,-0.02401,-0.04112,1.08106,0.30932,-0.69109,
1520621189087140096,-0.09608,-0.10141,0.05441,0.99576,0.08578,-0.03136,-0.01106,1.10456,0.36542,-0.52964,
1520621189187213312,0.01320,-0.06464,0.01262,0.99397,0.10258,-0.03331,0.01992,1.08398,0.39058,-0.30367,
1520621189287216384,0.11931,-0.02629,-0.00533,0.99153,0.10873,-0.04086,0.05816,1.04258,0.40542,-0.06461,
1520621189387219456,0.21929,0.01316,-0.00040,0.98609,0.12128,-0.04628,0.10379,0.94179,0.39762,0.16103,
1520621189487222528,0.30402,0.04870,0.02912,0.98033,0.12678,-0.04676,0.14384,0.75039,0.32960,0.43017,
1520621189587684096,0.36719,0.07526,0.08380,0.97697,0.10346,-0.05728,0.17761,0.50588,0.22771,0.63459,
1520621189687688192,0.40269,0.09281,0.15107,0.97477,0.07826,-0.06018,0.20020,0.21706,0.13266,0.68039,
1520621189787691008,0.40949,0.10012,0.21679,0.97435,0.06002,-0.05654,0.20941,-0.05910,0.01627,0.62195,
1520621189887694080,0.38951,0.09692,0.27634,0.97552,0.04081,-0.05405,0.20924,-0.31558,-0.07690,0.56073,
1520621189987427584,0.34403,0.08460,0.32839,0.97922,0.01083,-0.05187,0.19574,-0.54800,-0.17744,0.46982,
1520621190087431424,0.27787,0.06635,0.36668,0.98382,-0.01992,-0.04861,0.17127,-0.75090,-0.21160,0.27609,
1520621190187433472,0.19552,0.04518,0.37952,0.98842,-0.03291,-0.04032,0.14252,-0.87416,-0.23137,-0.02885,
1520621190287437312,0.10313,0.02306,0.36064,0.99306,-0.02269,-0.03127,0.11106,-0.95138,-0.24157,-0.33339,
1520621190387228160,0.00523,0.00043,0.31583,0.99626,-0.00211,-0.02907,0.08134,-0.99408,-0.20603,-0.53817,
1520621190487231232,-0.09562,-0.01728,0.25583,0.99731,0.02226,-0.03800,0.05857,-1.02225,-0.16352,-0.66293,
1520621190587234304,-0.19907,-0.03016,0.18567,0.99732,0.05415,-0.04150,0.02640,-1.03456,-0.08523,-0.73648,
1520621190687237376,-0.30257,-0.03341,0.11233,0.99475,0.09241,-0.04188,-0.01315,-1.03130,0.01948,-0.72415,
1520621190787284480,-0.40589,-0.02582,0.04471,0.99029,0.12016,-0.03517,-0.06042,-1.02088,0.12321,-0.60569,
1520621190887287296,-0.50774,-0.00922,-0.00496,0.98525,0.12907,-0.02516,-0.10951,-0.98712,0.20619,-0.37493,
1520621190987290368,-0.60370,0.01490,-0.02721,0.97863,0.13491,-0.01580,-0.15439,-0.90978,0.28085,-0.06130,
1520621191087293184,-0.68876,0.04316,-0.01591,0.96978,0.13848,-0.00232,-0.20087,-0.75953,0.28122,0.30971,
1520621191188118272,-0.75253,0.06852,0.03508,0.96268,0.12317,0.01188,-0.24068,-0.48748,0.21406,0.67498,
1520621191288122112,-0.78479,0.08636,0.11469,0.95860,0.09017,0.02634,-0.26881,-0.15329,0.13677,0.88639,
1520621191388125184,-0.78313,0.09497,0.20564,0.95863,0.04637,0.04385,-0.27741,0.17497,0.03485,0.90874,
1520621191488128256,-0.75009,0.09451,0.29269,0.96143,0.01118,0.05958,-0.26828,0.46937,-0.05695,0.81501,
1520621191587633920,-0.69076,0.08475,0.36567,0.96718,-0.01139,0.06288,-0.24594,0.70657,-0.11354,0.64973,
1520621191687636736,-0.61015,0.07229,0.41925,0.97448,-0.04315,0.06055,-0.21181,0.88945,-0.13141,0.40496,
1520621191787641088,-0.51532,0.05621,0.44170,0.98085,-0.07549,0.06017,-0.16915,0.99202,-0.17777,0.02076,
1520621191887644160,-0.41165,0.03718,0.42830,0.99085,-0.06949,0.05428,-0.10214,1.08005,-0.16955,-0.24386,
1520621191987161856,-0.30355,0.02258,0.39939,0.99865,-0.03938,0.03135,0.01315,1.07790,-0.08689,-0.32146,
1520621192087164928,-0.19900,0.01860,0.36663,0.99096,-0.00086,0.00207,0.13411,1.00619,0.02159,-0.32179,
1520621192187168000,-0.10365,0.02603,0.33783,0.96826,0.03180,-0.01288,0.24759,0.90747,0.12491,-0.23934,
1520621192287170816,-0.01936,0.03840,0.32095,0.93971,0.03033,-0.03851,0.33845,0.76793,0.10343,-0.11578,
1520621192387178752,0.05092,0.04177,0.31526,0.93339,0.01503,-0.06181,0.35319,0.60821,-0.01235,-0.03562,
1520621192487300864,0.10443,0.03783,0.31358,0.95438,0.01992,-0.05834,0.29217,0.45218,-0.02929,0.00510,
1520621192587303936,0.14540,0.03617,0.31625,0.97675,0.02948,-0.04243,0.20808,0.35824,0.00861,0.05196,
1520621192687307008,0.17493,0.03801,0.32389,0.99244,0.02271,-0.03732,0.11474,0.22999,0.03844,0.09258,
1520621192787309824,0.19025,0.04616,0.33324,0.99972,0.00214,-0.02368,0.00034,0.04507,0.11803,0.10005,
1520621192887386880,0.18734,0.05980,0.34347,0.99520,-0.02632,-0.00389,-0.09422,-0.10582,0.12499,0.10832,
1520621192987389696,0.16834,0.06889,0.35521,0.99381,-0.05264,-0.00063,-0.09780,-0.31683,0.04393,0.10596,
1520621193087392768,0.12692,0.06867,0.36636,0.99672,-0.06695,-0.00500,-0.04519,-0.53597,-0.02359,0.08602,
1520621193187395840,0.06636,0.06786,0.37097,0.99823,-0.04887,-0.01715,0.02935,-0.69159,0.02338,0.01007,
1520621193287237376,-0.00792,0.07098,0.36960,0.99424,-0.00802,-0.01512,0.10584,-0.77988,0.07228,-0.03520,
1520621193387241472,-0.08794,0.08170,0.36478,0.97964,0.02039,-0.00720,0.19957,-0.83643,0.13816,-0.06717,
1520621193487244288,-0.17618,0.09662,0.35619,0.96236,0.01564,0.00688,0.27123,-0.92686,0.14352,-0.11172,
1520621193587246336,-0.27324,0.10755,0.34479,0.95891,-0.01619,0.01091,0.28305,-1.01485,0.07834,-0.09639,
1520621193687362560,-0.37825,0.11157,0.33582,0.97811,-0.03564,0.00857,0.20486,-1.07401,0.03208,-0.08511,
1520621193787365376,-0.48173,0.11821,0.32687,0.99703,-0.02576,0.02678,0.06750,-0.97214,0.11574,-0.08926,
1520621193887368448,-0.57395,0.12971,0.31735,0.99691,0.00205,0.03420,-0.07067,-0.88269,0.13674,-0.10347,
1520621193987371520,-0.65711,0.14645,0.30737,0.97661,0.02362,0.03617,-0.21064,-0.78179,0.20691,-0.08817,
1520621194087318016,-0.72707,0.16978,0.30227,0.93917,0.02488,0.03839,-0.34039,-0.58246,0.24940,-0.02444,
1520621194187320832,-0.77243,0.19117,0.30139,0.90511,0.00450,0.04575,-0.42268,-0.32651,0.13789,0.00195,
1520621194287323904,-0.79023,0.19773,0.30237,0.91314,-0.02217,0.06175,-0.40233,-0.06034,-0.02652,0.00796,
1520621194387326976,-0.78074,0.19162,0.30254,0.95039,-0.04078,0.06238,-0.30199,0.22325,-0.07699,-0.02173,
1520621194487550976,-0.74499,0.18168,0.29910,0.98288,-0.02797,0.04235,-0.17714,0.44385,-0.10779,-0.04929,
1520621194587554048,-0.69279,0.16862,0.29421,0.99698,-0.00907,0.03168,-0.07026,0.58767,-0.14229,-0.03382,
1520621194687556864,-0.62783,0.15372,0.29352,0.99934,-0.02657,0.02396,0.00658,0.70953,-0.15233,-0.00333,
1520621194787559936,-0.55314,0.14055,0.29383,0.99643,-0.04958,0.00417,0.06814,0.78668,-0.10346,-0.00156,
1520621194887322880,-0.47651,0.13345,0.29504,0.99424,-0.05155,-0.01602,0.09256,0.74992,-0.04953,0.01622,
1520621194987326976,-0.40541,0.13121,0.30409,0.99710,-0.04278,-0.01739,0.06045,0.68700,0.01367,0.19168,
1520621195087329024,-0.33865,0.13467,0.33172,0.99381,-0.10868,-0.01724,0.01515,0.65045,0.05891,0.31175,
1520621195187333120,-0.27560,0.14134,0.35961,0.98221,-0.18742,-0.00597,-0.01042,0.60800,0.06584,0.22857,
1520621195287258624,-0.21806,0.14767,0.37754,0.97374,-0.22665,-0.00300,-0.02142,0.54503,0.06106,0.12694,
1520621195387261696,-0.16970,0.15029,0.38292,0.97074,-0.23862,0.00121,-0.02684,0.43616,-0.01487,-0.04440,
1520621195487264512,-0.13120,0.14532,0.36938,0.98251,-0.18493,0.00221,-0.02182,0.34800,-0.09633,-0.23831,
1520621195587267584,-0.10021,0.13567,0.34054,0.99766,-0.06753,-0.00710,-0.00786,0.28027,-0.09717,-0.35093,
1520621195687228928,-0.07468,0.12972,0.30508,0.99747,0.06950,-0.01360,0.00545,0.22838,-0.04688,-0.36762,
1520621195787232000,-0.05296,0.12740,0.27132,0.98117,0.19193,-0.01929,0.00994,0.19204,-0.02015,-0.31771,
1520621195887234816,-0.03510,0.12676,0.24419,0.95848,0.28393,-0.02586,0.00542,0.15649,0.00625,-0.23427,
1520621195987237888,-0.02073,0.12777,0.22916,0.94295,0.33168,-0.02860,0.00447,0.11999,0.00404,-0.07886,
1520621196087937024,-0.01152,0.12670,0.23356,0.95079,0.30834,-0.03052,0.00095,0.06577,-0.02619,0.15955,
1520621196187940096,-0.00802,0.12472,0.26069,0.98019,0.19481,-0.03521,-0.00661,0.01503,-0.01324,0.34673,
1520621196287943168,-0.00949,0.12680,0.29826,0.99857,0.04331,-0.02425,-0.01994,-0.01892,0.05761,0.37499,
1520621196387946240,-0.01332,0.13352,0.33507,0.99516,-0.09198,-0.01034,-0.03314,-0.02953,0.08969,0.33986,
1520621196487667968,-0.01731,0.14095,0.36519,0.97737,-0.20769,-0.00519,-0.03986,-0.03379,0.07992,0.24606,
1520621196587671040,-0.02086,0.14453,0.38170,0.96160,-0.27106,0.00315,-0.04298,-0.03389,-0.02367,0.07652,
1520621196687674880,-0.02430,0.13459,0.37859,0.96713,-0.25012,0.00799,-0.04503,-0.02810,-0.17833,-0.13178,
1520621196787677952,-0.02654,0.11466,0.35790,0.98561,-0.16371,0.00456,-0.04176,-0.01125,-0.21125,-0.26850,
1520621196887681024,-0.02479,0.09593,0.32787,0.99790,-0.05506,-0.00520,-0.03384,0.03761,-0.15763,-0.30455,
1520621196987262976,-0.01890,0.08177,0.29770,0.99908,0.03080,-0.01443,-0.02614,0.08308,-0.13627,-0.29298,
1520621197087266048,-0.00649,0.06966,0.26902,0.99464,0.09953,-0.01821,-0.02138,0.15234,-0.09942,-0.27675,
1520621197187268864,0.01332,0.06192,0.24338,0.98430,0.17460,-0.01891,-0.01742,0.22868,-0.06530,-0.23355,
1520621197287282944,0.04103,0.05718,0.22385,0.96928,0.24438,-0.01857,-0.02093,0.31517,-0.04538,-0.15025,
1520621197387573248,0.07872,0.05113,0.21637,0.96356,0.26552,-0.01856,-0.02638,0.42278,-0.07217,0.02648,
1520621197487576320,0.12587,0.04211,0.22905,0.97785,0.20584,-0.02363,-0.02965,0.50430,-0.08381,0.20875,
1520621197587579136,0.18005,0.03469,0.25730,0.99468,0.09527,-0.02858,-0.02676,0.55409,-0.03280,0.32889,
1520621197687583488,0.23605,0.03332,0.29211,0.99847,-0.03862,-0.03341,-0.02131,0.54763,0.03313,0.32748,
1520621197788081920,0.28970,0.03921,0.32443,0.98612,-0.16170,-0.03431,-0.01549,0.51515,0.09945,0.29645,
1520621197888084992,0.33984,0.05101,0.35054,0.96551,-0.25806,-0.03227,-0.01220,0.48726,0.11278,0.18831,
1520621197988087808,0.38659,0.05865,0.35856,0.96184,-0.27227,-0.02656,-0.00585,0.45136,0.01685,-0.02954,
1520621198088090880,0.42904,0.05758,0.34577,0.97812,-0.20614,-0.02505,0.01260,0.38588,-0.04074,-0.22230,
1520621198187300864,0.46325,0.05415,0.31430,0.99588,-0.08037,-0.02552,0.03338,0.29836,-0.02185,-0.38231,
1520621198287304960,0.48937,0.05461,0.27317,0.99506,0.08042,-0.02620,0.05200,0.19610,0.03001,-0.41113,
1520621198387307776,0.50488,0.06062,0.23490,0.97285,0.22127,-0.02375,0.06361,0.09579,0.06666,-0.32446,
1520621198487310848,0.51066,0.06702,0.20913,0.94957,0.30450,-0.01629,0.07303,0.01817,0.03158,-0.17000,
1520621198587611136,0.50800,0.06749,0.20207,0.95120,0.29910,-0.01646,0.07411,-0.06324,-0.01808,0.04227,
1520621198687614208,0.49610,0.06509,0.21513,0.97462,0.21273,-0.02319,0.06570,-0.15148,-0.00315,0.21355,
1520621198787617280,0.47427,0.06731,0.24485,0.99415,0.08254,-0.03313,0.06135,-0.25617,0.08563,0.33848,
1520621198887620096,0.44260,0.07749,0.28194,0.99574,-0.06238,-0.03868,0.05587,-0.37391,0.15780,0.37054,
1520621198988013056,0.39824,0.09404,0.31748,0.97935,-0.19235,-0.03802,0.04921,-0.48162,0.21327,0.29566,
1520621199088016128,0.34524,0.11201,0.33663,0.96730,-0.24822,-0.03266,0.04057,-0.56168,0.15474,0.07944,
1520621199188018944,0.28496,0.12257,0.33480,0.97679,-0.20984,-0.02841,0.03229,-0.61678,0.06729,-0.11351,
1520621199288023040,0.21956,0.12774,0.31413,0.99414,-0.10286,-0.02513,0.02177,-0.67242,0.05272,-0.28289,
1520621199387363328,0.15139,0.13669,0.28213,0.99880,0.03621,-0.02934,0.01499,-0.68503,0.12385,-0.33505,
1520621199487366400,0.08400,0.15107,0.25025,0.98802,0.15042,-0.03113,0.01488,-0.66085,0.14819,-0.28078,
1520621199587369472,0.01698,0.16600,0.22987,0.97999,0.19650,-0.02911,0.01254,-0.67171,0.11685,-0.11233,
1520621199687372544,-0.04928,0.17377,0.22843,0.98814,0.14959,-0.02946,-0.01821,-0.64204,0.04781,0.05814,
1520621199787779328,-0.11035,0.17920,0.23980,0.98953,0.08165,-0.02378,-0.11659,-0.54967,0.06564,0.12147,
1520621199887783168,-0.15979,0.18625,0.25206,0.96907,0.03996,-0.00368,-0.24350,-0.43662,0.08855,0.09882,
1520621199987786240,-0.19843,0.19351,0.25929,0.93742,0.02758,0.02538,-0.34617,-0.33846,0.04845,0.03333,
1520621200087789312,-0.22893,0.19548,0.25832,0.90992,0.03880,0.04168,-0.41087,-0.28481,-0.03197,-0.04758,
1520621200187697920,-0.25527,0.18542,0.25416,0.91490,0.05155,0.03312,-0.39901,-0.24970,-0.17972,-0.03985,
1520621200287700992,-0.27882,0.16725,0.25155,0.95075,0.04411,0.02278,-0.30595,-0.21343,-0.19025,-0.00664,
1520621200387703808,-0.29575,0.15101,0.25276,0.98175,0.00941,0.01848,-0.18902,-0.12574,-0.14879,0.03189,
1520621200487706880,-0.30654,0.13563,0.25581,0.99633,-0.03693,0.01079,-0.07645,-0.07800,-0.13288,0.01421,
1520621200587624704,-0.31639,0.12473,0.25188,0.99824,-0.05886,0.00008,0.00665,-0.13411,-0.12443,-0.08019,
1520621200687627776,-0.33306,0.11166,0.23939,0.99755,-0.06034,-0.01050,0.03387,-0.18447,-0.13450,-0.14524,
1520621200787630848,-0.35287,0.10086,0.22177,0.99766,-0.05574,-0.02321,0.03218,-0.20226,-0.10557,-0.19154,
1520621200887634688,-0.37504,0.08983,0.20077,0.99722,-0.05720,-0.04102,0.02461,-0.23969,-0.11648,-0.22270,
1520621200987446784,-0.40257,0.07897,0.17647,0.99591,-0.07186,-0.05421,0.00810,-0.31248,-0.09426,-0.27697,
1520621201087449856,-0.43897,0.06980,0.14377,0.99495,-0.07882,-0.06090,-0.01237,-0.41837,-0.10197,-0.36805,
1520621201187452672,-0.48661,0.05940,0.10400,0.99559,-0.06395,-0.06001,-0.03326,-0.53826,-0.11457,-0.41565,
1520621201287455744,-0.54692,0.04853,0.06460,0.99658,-0.03487,-0.04866,-0.05693,-0.65909,-0.11190,-0.35675,
1520621201387450880,-0.61848,0.03598,0.03357,0.99651,-0.02207,-0.03671,-0.07159,-0.76118,-0.14646,-0.28234,
1520621201487468544,-0.69551,0.02186,0.00920,0.99672,-0.00784,-0.02288,-0.07726,-0.76844,-0.13418,-0.21336,
1520621201587471360,-0.77096,0.00847,-0.00677,0.99689,0.00303,-0.01705,-0.07686,-0.72311,-0.13136,-0.11336,
1520621201687474432,-0.84226,-0.00677,-0.01590,0.99684,-0.00841,-0.00981,-0.07835,-0.69875,-0.18572,-0.07420,
1520621201787478528,-0.91205,-0.02771,-0.02399,0.99550,-0.03104,-0.00506,-0.08934,-0.69747,-0.22958,-0.09877,
1520621201887657984,-0.98273,-0.05362,-0.03916,0.99362,-0.04022,-0.01022,-0.10488,-0.71396,-0.28834,-0.20741,
1520621201987660800,-1.05720,-0.08798,-0.06686,0.99186,-0.01783,-0.00912,-0.12574,-0.77138,-0.39233,-0.31719,
1520621202087663872,-1.13491,-0.13023,-0.09747,0.98877,0.01137,-0.01079,-0.14860,-0.79142,-0.44029,-0.26852,
1520621202187685120,-1.21651,-0.17619,-0.11736,0.98382,0.02684,-0.00703,-0.17700,-0.81351,-0.45833,-0.10859,
1520621202287795200,-1.29848,-0.22289,-0.11738,0.97741,0.02514,0.00140,-0.20986,-0.79300,-0.45348,0.09668,
1520621202387798272,-1.37744,-0.26919,-0.10542,0.97175,0.01549,0.01600,-0.23496,-0.77230,-0.45528,0.10821,
1520621202487802624,-1.45200,-0.31666,-0.09864,0.96681,0.01169,0.01340,-0.25487,-0.71381,-0.50048,0.01940,
1520621202587805440,-1.52270,-0.37198,-0.10534,0.96349,0.01237,0.00497,-0.26743,-0.69947,-0.60222,-0.15011,
1520621202688238848,-1.59235,-0.43677,-0.12438,0.96244,0.02012,-0.00979,-0.27056,-0.67089,-0.67887,-0.20787,
1520621202788241920,-1.65953,-0.50665,-0.13963,0.96273,0.03042,-0.02569,-0.26751,-0.65009,-0.70613,-0.05850,
1520621202888244992,-1.72456,-0.58099,-0.13574,0.96384,0.02823,-0.02343,-0.26396,-0.60412,-0.75735,0.12305,
1520621202988247808,-1.78177,-0.65779,-0.12144,0.96639,0.03442,-0.02821,-0.25319,-0.48595,-0.79660,0.13630,
1520621203088748288,-1.83085,-0.74122,-0.11323,0.97132,0.03649,-0.03239,-0.23271,-0.44421,-0.84160,0.03005,
1520621203188752128,-1.87741,-0.82826,-0.11819,0.97457,0.02446,-0.02852,-0.22090,-0.44049,-0.88860,-0.11584,
1520621203288755200,-1.92395,-0.91971,-0.13361,0.97609,0.01430,-0.03498,-0.21408,-0.44890,-0.92316,-0.16563,
1520621203388758272,-1.97195,-1.01501,-0.14562,0.97553,0.02105,-0.02678,-0.21723,-0.46575,-0.94790,-0.05139,
1520621203489356544,-2.02088,-1.11308,-0.14127,0.97265,0.03286,-0.01950,-0.22912,-0.48714,-0.95415,0.11545,
1520621203589359616,-2.06963,-1.20661,-0.12676,0.96746,0.04150,-0.00807,-0.24947,-0.46064,-0.90841,0.15168,
1520621203689362432,-2.11410,-1.29362,-0.11415,0.96345,0.03299,0.01209,-0.26556,-0.43332,-0.86701,0.08203,
1520621203789365504,-2.15790,-1.38295,-0.11382,0.96141,0.00669,0.01107,-0.27483,-0.42259,-0.90495,-0.05722,
1520621203889507584,-2.19791,-1.47283,-0.12155,0.96135,-0.00785,0.00595,-0.27515,-0.41070,-0.89954,-0.09263,
1520621203989510656,-2.23963,-1.56275,-0.13060,0.96399,-0.01378,0.00590,-0.26553,-0.41047,-0.89876,-0.06219,
1520621204089514496,-2.27929,-1.65130,-0.13328,0.96748,-0.01467,0.01645,-0.25198,-0.37328,-0.87345,0.04843,
1520621204189517568,-2.31356,-1.73586,-0.12291,0.96943,-0.02428,0.02941,-0.24238,-0.30830,-0.83764,0.14697,
1520621204289439488,-2.34200,-1.81660,-0.10871,0.97327,-0.02359,0.01166,-0.22816,-0.26058,-0.76378,0.10338,
1520621204389442560,-2.36754,-1.89431,-0.10605,0.97566,-0.00367,0.00958,-0.21906,-0.26344,-0.79236,-0.04758,
1520621204489445376,-2.39375,-1.97351,-0.11522,0.97421,-0.00754,0.02391,-0.22426,-0.27945,-0.78679,-0.08260,
1520621204589448448,-2.42160,-2.05346,-0.12400,0.96806,-0.01279,0.02385,-0.24926,-0.27960,-0.81922,-0.07247,
1520621204689220352,-2.44804,-2.13509,-0.12745,0.95986,-0.01428,0.02057,-0.27935,-0.27333,-0.82774,0.04207,
1520621204789224448,-2.47527,-2.21541,-0.11989,0.95090,-0.00870,0.00672,-0.30930,-0.28668,-0.77488,0.13071,
1520621204889227264,-2.50681,-2.28964,-0.10625,0.94046,-0.01509,0.00764,-0.33948,-0.34037,-0.69168,0.14357,
1520621204989230336,-2.54423,-2.35718,-0.09900,0.93086,-0.00689,0.02009,-0.36477,-0.36587,-0.64977,0.02948,
1520621205088907264,-2.58707,-2.42245,-0.10135,0.92153,-0.00741,0.02039,-0.38770,-0.49101,-0.65384,-0.06353,
1520621205188910336,-2.63991,-2.48489,-0.10979,0.90475,-0.00696,0.00368,-0.42587,-0.56795,-0.61246,-0.04940,
1520621205288913152,-2.69884,-2.54225,-0.11119,0.89054,-0.03552,0.01237,-0.45334,-0.61792,-0.57993,0.02005,
1520621205388916224,-2.76118,-2.59570,-0.10756,0.87712,-0.04175,0.01939,-0.47806,-0.62913,-0.52251,0.04601,
1520621205488816384,-2.82282,-2.64263,-0.09974,0.85737,-0.02607,-0.00032,-0.51404,-0.60226,-0.46969,0.11674,
1520621205588819456,-2.88210,-2.68263,-0.08850,0.84561,-0.04941,0.00534,-0.53149,-0.59747,-0.36756,0.10036,
1520621205688823552,-2.94456,-2.71415,-0.08454,0.83295,-0.04861,0.00927,-0.55114,-0.65253,-0.32561,0.00474,
1520621205788826368,-3.01152,-2.74415,-0.08806,0.81539,-0.05153,0.01182,-0.57650,-0.69220,-0.33056,-0.06920,
1520621205889071872,-3.08030,-2.77734,-0.09624,0.79605,-0.04199,0.01537,-0.60357,-0.69244,-0.38477,-0.09079,
1520621205989074944,-3.15009,-2.81634,-0.10475,0.78024,-0.03496,0.01604,-0.62430,-0.70179,-0.41896,-0.07894,
1520621206089078016,-3.22352,-2.85666,-0.11145,0.76490,-0.02526,0.00395,-0.64364,-0.73735,-0.37343,-0.03352,
1520621206189080832,-3.29947,-2.88740,-0.10945,0.74508,-0.02151,0.00141,-0.66663,-0.79147,-0.25634,0.03440,
1520621206289083904,-3.38342,-2.90683,-0.11054,0.72809,-0.01728,-0.00120,-0.68526,-0.86933,-0.16131,-0.07038,
1520621206389903104,-3.47682,-2.91975,-0.12208,0.71474,-0.00370,-0.00201,-0.69937,-0.98311,-0.11516,-0.16638,
1520621206489906944,-3.58396,-2.92919,-0.14324,0.70602,0.00710,-0.00313,-0.70815,-1.13033,-0.08280,-0.23864,
1520621206589911296,-3.70317,-2.93790,-0.16482,0.70634,0.01076,-0.01460,-0.70764,-1.24426,-0.09119,-0.21656,
1520621206689913088,-3.83632,-2.94548,-0.18963,0.71313,0.00916,-0.03454,-0.70012,-1.40856,-0.09319,-0.30211,
1520621206791338752,-3.99015,-2.95313,-0.21886,0.71461,0.00419,-0.04329,-0.69817,-1.60858,-0.06239,-0.17414,
1520621206891341568,-4.15847,-2.95637,-0.20787,0.71146,-0.02208,-0.02898,-0.70178,-1.73974,-0.03120,0.32704,
1520621206991344640,-4.34014,-2.95606,-0.17154,0.72136,-0.03297,-0.03673,-0.69080,-1.88976,0.05768,0.30162,
1520621207091377664,-4.53700,-2.94281,-0.15974,0.70371,-0.03111,-0.04656,-0.70828,-2.03276,0.21864,-0.06040,
1520621207191374080,-4.74428,-2.91245,-0.17777,0.66937,-0.03484,-0.01450,-0.74197,-2.10604,0.34435,-0.25601,
1520621207291377920,-4.95885,-2.87566,-0.18439,0.64836,-0.00535,0.02108,-0.76102,-2.18511,0.36729,0.15838,
1520621207391380992,-5.17888,-2.84112,-0.15794,0.64380,0.00784,0.00475,-0.76514,-2.26706,0.28823,0.28730,
1520621207491384064,-5.41253,-2.81723,-0.13991,0.65146,-0.00222,-0.00566,-0.75866,-2.41715,0.18313,0.01677,
1520621207590077184,-5.65939,-2.80185,-0.15666,0.67015,-0.00788,0.00719,-0.74215,-2.53493,0.10923,-0.25826,
1520621207690080256,-5.92124,-2.79420,-0.16216,0.68804,-0.00657,0.01823,-0.72541,-2.66438,0.00579,0.21789,
1520621207790083072,-6.19569,-2.79024,-0.13011,0.70311,-0.00090,-0.00137,-0.71108,-2.81354,0.09428,0.35159,
1520621207890086144,-6.48367,-2.76951,-0.11424,0.69566,-0.01258,0.00295,-0.71826,-2.91737,0.29185,-0.06284,
1520621207989126144,-6.77436,-2.73078,-0.13765,0.67506,-0.02583,0.02174,-0.73699,-2.92529,0.42073,-0.29609,
1520621208089130240,-7.06555,-2.68414,-0.14238,0.66344,-0.00544,0.03832,-0.74722,-2.88600,0.47967,0.20155,
1520621208189134080,-7.35715,-2.64029,-0.11764,0.65916,0.00106,0.00822,-0.75195,-2.95482,0.32788,0.20719,
1520621208289136128,-7.66201,-2.61100,-0.11839,0.66574,-0.01278,0.02136,-0.74577,-3.08915,0.21785,-0.22684,
1520621208390984704,-7.97632,-2.59892,-0.14540,0.67994,-0.01491,0.04056,-0.73199,-3.07709,-0.01015,-0.12110,
1520621208490987776,-8.28097,-2.60878,-0.13266,0.70864,-0.02391,0.01593,-0.70498,-3.05694,-0.14852,0.30180,
1520621208590990848,-8.59269,-2.61421,-0.10791,0.71473,-0.02178,-0.00901,-0.69900,-3.18548,0.03200,0.11258,
1520621208690993664,-8.91735,-2.59818,-0.11971,0.70253,-0.03137,-0.00703,-0.71092,-3.26420,0.28743,-0.31487,
1520621208794712320,-9.25504,-2.55762,-0.14454,0.67815,-0.03185,0.01227,-0.73413,-3.22194,0.44181,-0.01581,
1520621208894716160,-9.57384,-2.50781,-0.12272,0.65810,-0.00198,-0.00839,-0.75289,-3.18511,0.44056,0.36101,
1520621208994719232,-9.89771,-2.47135,-0.09955,0.65720,-0.02036,-0.01658,-0.75326,-3.29637,0.31869,0.02722,
1520621209094722304,-10.22813,-2.44866,-0.11844,0.65957,-0.02796,0.01736,-0.75092,-3.27965,0.09033,-0.31572,
1520621209194502144,-10.55112,-2.45211,-0.12965,0.68242,-0.03820,0.01664,-0.72977,-3.19835,-0.18507,0.15596,
1520621209294505216,-10.87650,-2.47007,-0.10139,0.69574,-0.03331,-0.03315,-0.71675,-3.29813,-0.10299,0.27232,
1520621209394508032,-11.21416,-2.46831,-0.09170,0.68812,-0.03921,-0.03815,-0.72353,-3.40687,0.11182,-0.09665,
1520621209494511104,-11.55609,-2.44331,-0.11583,0.67043,-0.05115,-0.01667,-0.74002,-3.42309,0.32581,-0.25249,
1520621209593272832,-11.89184,-2.40114,-0.11450,0.65027,-0.01436,-0.00170,-0.75957,-3.33537,0.46941,0.29380,
1520621209693276928,-12.22629,-2.35804,-0.07297,0.64943,-0.01895,-0.03541,-0.75936,-3.40773,0.38178,0.37974,
1520621209793280000,-12.57384,-2.32017,-0.06033,0.64105,-0.04928,-0.01294,-0.76581,-3.48750,0.32663,-0.12121,
1520621209893283840,-12.91696,-2.29835,-0.07511,0.65258,-0.02258,0.01336,-0.75726,-3.39856,0.07755,-0.00594,
1520621209989825536,-13.24172,-2.30256,-0.04913,0.68631,-0.01172,-0.00905,-0.72716,-3.34896,-0.10664,0.46262,
1520621210089827584,-13.58287,-2.30525,-0.01755,0.68796,-0.01268,-0.01887,-0.72540,-3.44989,0.07416,0.15002,
1520621210189831424,-13.92508,-2.29131,-0.02329,0.68192,-0.03991,-0.00815,-0.73029,-3.39297,0.22001,-0.23763,
1520621210289833472,-14.26017,-2.26147,-0.04244,0.67001,-0.05074,0.02661,-0.74014,-3.29536,0.37063,-0.00829,
1520621210389513216,-14.57486,-2.21934,-0.02974,0.65495,-0.02581,-0.00379,-0.75523,-3.16757,0.33800,0.20805,
1520621210489517312,-14.89804,-2.18937,-0.02189,0.65979,-0.03672,-0.02419,-0.75017,-3.24358,0.25517,-0.07778,
1520621210589520128,-15.22607,-2.16721,-0.05352,0.66256,-0.03753,0.00334,-0.74806,-3.21001,0.13691,-0.46601,
1520621210689523200,-15.53980,-2.16299,-0.08373,0.68560,-0.02407,0.00696,-0.72755,-3.11069,-0.08314,0.00106,
1520621210789526272,-15.85197,-2.17386,-0.07045,0.69893,-0.02857,-0.02329,-0.71423,-3.14942,-0.09037,0.14625,
1520621210892196352,-16.18847,-2.17050,-0.06962,0.68799,-0.02737,-0.04105,-0.72404,-3.21960,0.12553,-0.11562,
1520621210992199424,-16.51016,-2.15214,-0.09185,0.67065,-0.04927,0.00467,-0.74012,-3.25341,0.24607,-0.22691,
1520621211092202496,-16.84062,-2.12204,-0.09782,0.65518,-0.02898,0.00955,-0.75486,-3.18643,0.37408,0.17781,
1520621211192205312,-17.15607,-2.08974,-0.06623,0.65359,-0.02168,-0.02971,-0.75596,-3.19058,0.29868,0.33645,
1520621211289851136,-17.47965,-2.06450,-0.05394,0.65353,-0.04208,-0.01565,-0.75556,-3.31304,0.24464,-0.10899,
1520621211389854208,-17.80749,-2.05066,-0.07468,0.66654,-0.03064,-0.00062,-0.74484,-3.26808,0.06791,-0.16629,
1520621211489857280,-18.12431,-2.05166,-0.06585,0.68799,-0.04199,-0.00171,-0.72450,-3.15232,-0.05311,0.25835,
1520621211589860096,-18.43947,-2.05310,-0.04457,0.69151,-0.03022,-0.03602,-0.72084,-3.16466,0.08418,0.11128,
1520621211691174144,-18.75942,-2.03462,-0.05017,0.68441,-0.04287,-0.02411,-0.72744,-3.19700,0.29634,-0.26019,
1520621211791177984,-19.07740,-1.99875,-0.07540,0.66879,-0.03317,0.00793,-0.74267,-3.16541,0.39564,-0.09958,
1520621211891180032,-19.39015,-1.95437,-0.06631,0.65669,-0.00578,0.01161,-0.75405,-3.05349,0.43612,0.22693,
1520621211991218944,-19.69960,-1.91849,-0.04837,0.66273,-0.02222,-0.00751,-0.74849,-3.14084,0.32077,0.04097,
1520621212096809984,-20.03663,-1.89097,-0.06602,0.67090,-0.03431,-0.00103,-0.74076,-3.18459,0.19987,-0.30602,
1520621212196813056,-20.35614,-1.88174,-0.08497,0.68723,-0.02051,0.00421,-0.72614,-3.16939,0.00780,0.03571,
1520621212296816128,-20.66950,-1.88623,-0.06493,0.69541,-0.01567,-0.00897,-0.71839,-3.16271,-0.00601,0.23331,
1520621212396819200,-20.98536,-1.87850,-0.05570,0.68576,-0.01167,-0.01945,-0.72747,-3.23927,0.20383,-0.04236,
1520621212496822016,-21.30668,-1.84910,-0.06984,0.66326,-0.02827,0.01839,-0.74763,-3.19840,0.39854,-0.16399,
1520621212596825088,-21.63019,-1.81229,-0.07107,0.63601,-0.01933,0.04787,-0.76995,-3.19386,0.35970,0.18758,
1520621212696828160,-21.94241,-1.78373,-0.03960,0.62647,-0.02883,0.02294,-0.77858,-3.12895,0.24750,0.29051,
1520621212796831232,-22.26204,-1.76193,-0.03314,0.62547,-0.04833,0.00912,-0.77869,-3.17347,0.19809,-0.15063,
1520621212895881216,-22.57087,-1.75444,-0.05323,0.63823,-0.05083,0.01838,-0.76795,-3.09462,-0.01679,-0.10879,
1520621212995884288,-22.87549,-1.76594,-0.03760,0.66640,-0.05226,0.01528,-0.74361,-2.98470,-0.18838,0.33674,
1520621213095887104,-23.17486,-1.77796,-0.01234,0.67595,-0.03434,-0.00209,-0.73615,-3.06870,-0.03226,0.07036,
1520621213195891200,-23.48689,-1.76897,-0.02450,0.67146,-0.04274,-0.00026,-0.73981,-3.07146,0.17690,-0.30643,
1520621213292091904,-23.78540,-1.74398,-0.05407,0.65394,-0.03624,0.02529,-0.75525,-3.04040,0.30182,-0.16535,
1520621213392095744,-24.08392,-1.71218,-0.04591,0.64070,-0.01228,-0.00587,-0.76767,-2.94778,0.31141,0.26480,
1520621213492098816,-24.38230,-1.68645,-0.02804,0.64318,-0.02466,-0.01935,-0.76507,-3.07377,0.24262,-0.01131,
1520621213592101888,-24.69328,-1.66825,-0.04991,0.65066,-0.03870,-0.02259,-0.75804,-3.06873,0.10725,-0.28681,
1520621213689566720,-24.98977,-1.67252,-0.06010,0.68167,-0.04817,-0.00330,-0.73006,-2.98822,-0.13108,0.13789,
1520621213789569536,-25.28017,-1.68616,-0.03107,0.69439,-0.02215,-0.02870,-0.71869,-2.96057,-0.07652,0.32247,
1520621213889572608,-25.58592,-1.68202,-0.01687,0.68499,-0.03208,-0.03244,-0.72712,-3.03147,0.14682,-0.04810,
1520621213989575680,-25.89482,-1.65874,-0.03420,0.67157,-0.05696,0.00120,-0.73874,-3.01546,0.31508,-0.21154,
1520621214090558720,-26.19457,-1.61766,-0.04368,0.64888,-0.02991,0.01395,-0.76017,-2.88130,0.44797,0.07495,
1520621214190561536,-26.48250,-1.57901,-0.02558,0.64590,-0.00887,-0.02017,-0.76310,-2.84642,0.31272,0.15499,
1520621214290564608,-26.77535,-1.55519,-0.03432,0.65932,-0.01904,-0.01934,-0.75137,-2.96025,0.16054,-0.30937,
1520621214390567424,-27.06651,-1.54892,-0.06042,0.67136,-0.01839,-0.00982,-0.74083,-2.89268,-0.01599,-0.06309,
1520621214491316992,-27.34899,-1.55826,-0.04093,0.69626,-0.04540,-0.04363,-0.71503,-2.82051,-0.12601,0.36134,
1520621214591320064,-27.63165,-1.56099,-0.01344,0.69254,-0.02705,-0.05536,-0.71875,-2.91293,0.06327,0.12055,
1520621214691323136,-27.93208,-1.54563,-0.02273,0.68735,-0.02738,-0.03937,-0.72474,-2.96415,0.22662,-0.26257,
1520621214791325952,-28.23556,-1.51465,-0.04423,0.66805,-0.02303,-0.00950,-0.74370,-3.01347,0.42606,-0.05704,
1520621214889594880,-28.53521,-1.46875,-0.02712,0.64626,-0.01155,-0.03038,-0.76243,-2.93000,0.46154,0.32144,
1520621214989597696,-28.83341,-1.42830,-0.00613,0.64181,-0.02484,-0.03364,-0.76572,-3.01708,0.36501,-0.00740,
1520621215089601792,-29.13386,-1.39906,-0.02541,0.64624,-0.02282,-0.02361,-0.76243,-2.97918,0.20477,-0.30341,
1520621215189603840,-29.42121,-1.39201,-0.03810,0.66859,-0.02913,0.00478,-0.74304,-2.83508,-0.03683,0.10624,
1520621215290770176,-29.70199,-1.40178,-0.01674,0.69174,-0.03579,-0.02482,-0.72083,-2.77983,-0.08131,0.20924,
1520621215390773248,-29.98592,-1.40421,-0.00933,0.68707,-0.03895,-0.05291,-0.72362,-2.84632,0.05664,-0.07859,
1520621215490776320,-30.26848,-1.39053,-0.03333,0.67771,-0.03987,-0.03161,-0.73356,-2.85048,0.22576,-0.29847,
1520621215590779392,-30.55710,-1.35857,-0.05008,0.65992,-0.03145,-0.00391,-0.75067,-2.85256,0.41319,0.02711,
1520621215690782208,-30.84460,-1.31663,-0.03495,0.64632,-0.02087,-0.04292,-0.76157,-2.81308,0.41357,0.19146,
1520621215793359872,-31.13614,-1.28054,-0.03125,0.64482,-0.02693,-0.04931,-0.76227,-2.90584,0.28410,-0.16493,
1520621215893362688,-31.43126,-1.26059,-0.05858,0.65517,-0.00820,-0.03417,-0.75466,-2.86673,0.12048,-0.22435,
1520621215993366784,-31.71766,-1.25504,-0.05511,0.68404,-0.00373,-0.02147,-0.72912,-2.79180,-0.01814,0.27541,
1520621216093369600,-31.99393,-1.25647,-0.01864,0.69817,0.01073,-0.03901,-0.71479,-2.82592,0.00637,0.34020,
1520621216194754560,-32.28551,-1.24912,-0.00096,0.69412,-0.02198,-0.02911,-0.71893,-2.91204,0.14407,-0.03842,
1520621216294757632,-32.58151,-1.22658,-0.01423,0.67333,-0.03017,-0.02567,-0.73828,-2.93115,0.29773,-0.07105,
1520621216394760704,-32.87871,-1.18703,-0.00703,0.65357,-0.01906,-0.01571,-0.75646,-2.91836,0.46947,0.16052,
1520621216494764544,-33.16812,-1.14709,0.01062,0.64484,0.00257,-0.03782,-0.76338,-2.88041,0.33081,0.10856,
1520621216595744768,-33.45772,-1.12049,-0.00120,0.65167,-0.00295,-0.03548,-0.75767,-2.88302,0.20976,-0.32443,
1520621216695747840,-33.73945,-1.10674,-0.03119,0.65468,-0.00502,-0.03016,-0.75528,-2.80516,0.06415,-0.12022,
1520621216795751936,-34.01254,-1.11186,-0.02163,0.66975,-0.01843,-0.04286,-0.74112,-2.76389,-0.09769,0.23524,
1520621216895785984,-34.29212,-1.12190,-0.00773,0.67360,-0.00462,-0.05415,-0.73710,-2.80121,-0.07095,0.03118,
1520621216992625408,-34.56650,-1.12506,-0.01872,0.67553,-0.02543,-0.02988,-0.73629,-2.78677,0.03109,-0.24154,
1520621217092628480,-34.84082,-1.11249,-0.03427,0.66173,-0.04044,-0.00727,-0.74862,-2.63917,0.23664,0.04370,
1520621217192631552,-35.09232,-1.08918,-0.00705,0.65354,-0.01561,-0.03854,-0.75575,-2.43099,0.23778,0.38878,
1520621217292634368,-35.33348,-1.07012,0.01438,0.65964,-0.03284,-0.03457,-0.75007,-2.44879,0.20599,-0.01323,
1520621217389956608,-35.56334,-1.05417,-0.00602,0.66426,-0.04034,-0.01492,-0.74627,-2.35670,0.10016,-0.32796,
1520621217489959680,-35.78663,-1.05441,-0.02182,0.68662,-0.03647,0.01388,-0.72597,-2.02742,-0.10021,0.09267,
1520621217589962496,-35.97511,-1.06966,0.00158,0.71046,-0.03719,0.00640,-0.70272,-1.79572,-0.15935,0.27475,
1520621217689966592,-36.15987,-1.08129,0.01633,0.71937,-0.04829,-0.00014,-0.69294,-1.75639,-0.06460,0.02316,
1520621217789756928,-36.34013,-1.08168,0.00151,0.70880,-0.06516,0.01636,-0.70220,-1.60792,0.04864,-0.15694,
1520621217889760000,-36.48571,-1.07317,-0.00056,0.69553,-0.05487,0.04296,-0.71511,-1.18766,0.12619,0.13922,
1520621217989763072,-36.59355,-1.05966,0.02272,0.69790,-0.04274,0.02156,-0.71459,-0.91571,0.12600,0.30869,
1520621218089766912,-36.68145,-1.04701,0.04924,0.69256,-0.04103,-0.00238,-0.72019,-0.78678,0.11872,0.22346,
1520621218191467008,-36.76331,-1.03734,0.06066,0.68955,-0.06685,-0.00115,-0.72115,-0.69382,0.09312,-0.03822,
1520621218291471360,-36.83020,-1.02717,0.04629,0.69001,-0.05615,0.00936,-0.72156,-0.54651,0.09010,-0.16599,
1520621218391473152,-36.87249,-1.02068,0.03769,0.69428,-0.04162,0.01278,-0.71839,-0.27576,0.04248,-0.00359,
1520621218491477248,-36.88640,-1.01864,0.04164,0.69373,-0.03652,0.00059,-0.71931,-0.07520,0.00113,0.07074,
1520621218592033792,-36.88194,-1.02132,0.04664,0.69112,-0.03642,-0.00383,-0.72181,0.05401,-0.04684,0.01238,
1520621218692036864,-36.83801,-1.03501,0.03768,0.69263,-0.03232,-0.00062,-0.72057,0.21437,-0.10299,-0.09785,
1520621218792039936,-36.80639,-1.04958,0.02727,0.69089,-0.01855,-0.00357,-0.72272,0.39026,-0.14337,-0.08349,
1520621218892042752,-36.76124,-1.06538,0.02130,0.69003,-0.01465,-0.01219,-0.72353,0.50747,-0.17734,-0.02911,
1520621218992210688,-36.70806,-1.08472,0.01979,0.68670,-0.01170,-0.02039,-0.72656,0.53106,-0.18492,0.00522,
1520621219092213504,-36.65517,-1.10154,0.01955,0.67937,-0.00758,-0.02893,-0.73319,0.53461,-0.14565,0.00287,
1520621219192216576,-36.60012,-1.11372,0.01997,0.67580,-0.00673,-0.03757,-0.73609,0.54885,-0.09636,0.01885,
1520621219292220672,-36.54467,-1.11959,0.02329,0.66734,-0.00715,-0.04199,-0.74354,0.54334,-0.03185,0.04652,
1520621219392391936,-36.49061,-1.11971,0.02806,0.66475,-0.01359,-0.04190,-0.74576,0.53452,0.02064,0.05728,
1520621219492395008,-36.43545,-1.11518,0.03327,0.66439,-0.01807,-0.03445,-0.74637,0.56747,0.06098,0.05309,
1520621219592397824,-36.37630,-1.10670,0.03734,0.66005,-0.02538,-0.02812,-0.75027,0.60008,0.10050,0.03578,
1520621219692401920,-36.31433,-1.09483,0.03784,0.65335,-0.02685,-0.02098,-0.75629,0.62023,0.12398,-0.02256,
1520621219792104704,-36.25162,-1.08214,0.03286,0.64915,-0.01527,-0.02055,-0.76023,0.62381,0.11270,-0.05950,
1520621219892106752,-36.18959,-1.07311,0.02673,0.64743,0.00768,-0.02472,-0.76169,0.61482,0.07396,-0.05747,
1520621219992109824,-36.12898,-1.06749,0.02360,0.64339,0.03073,-0.02285,-0.76458,0.58728,0.02672,-0.01665,
1520621220092113664,-36.07157,-1.06756,0.02294,0.64418,0.03691,-0.02121,-0.76369,0.56175,-0.03355,0.00347,
1520621220192116736,-36.01653,-1.07324,0.02375,0.64779,0.03466,-0.01665,-0.76085,0.54466,-0.07849,0.00057,
1520621220291389696,-35.96249,-1.08285,0.02362,0.65486,0.03381,-0.01544,-0.75484,0.54870,-0.10162,-0.01438,
1520621220391392768,-35.90715,-1.09182,0.02160,0.66544,0.03259,-0.01342,-0.74562,0.54598,-0.07846,-0.03403,
1520621220491395584,-35.85219,-1.09739,0.01850,0.67551,0.04201,-0.00447,-0.73614,0.55118,-0.04397,-0.01937,
1520621220591398656,-35.79683,-1.09762,0.01726,0.68425,0.04742,0.00269,-0.72770,0.53956,0.02523,-0.01623,
1520621220690559744,-35.74616,-1.09245,0.01679,0.68939,0.04496,0.00357,-0.72298,0.48842,0.07269,0.01583,
1520621220790562816,-35.69943,-1.08353,0.01719,0.70098,0.04612,-0.00091,-0.71168,0.42926,0.11085,0.00235,
1520621220890566912,-35.65663,-1.07163,0.01896,0.72068,0.05191,-0.00798,-0.69128,0.39508,0.14665,0.04806,
1520621220990569728,-35.61926,-1.05581,0.02455,0.73312,0.04850,-0.01100,-0.67828,0.33845,0.16581,0.06568,
1520621221090088704,-35.58726,-1.04106,0.03085,0.74746,0.03936,-0.01569,-0.66296,0.28413,0.14295,0.05857,
1520621221190092544,-35.55990,-1.02918,0.03453,0.76606,0.03943,-0.01459,-0.64139,0.23645,0.10774,0.01797,
1520621221290095616,-35.53801,-1.01957,0.03419,0.78766,0.04509,-0.01646,-0.61424,0.19209,0.08854,-0.00419,
1520621221390097664,-35.52104,-1.01117,0.03433,0.81284,0.04579,-0.01838,-0.58040,0.13485,0.08812,0.00939,
1520621221489970432,-35.50961,-1.00255,0.03452,0.84166,0.04647,-0.01860,-0.53769,0.08320,0.09755,-0.00695,
1520621221589974528,-35.50410,-0.99244,0.03212,0.87195,0.05563,-0.01115,-0.48629,0.02847,0.10898,-0.02976,
1520621221689977344,-35.50218,-0.98143,0.02875,0.89935,0.06224,-0.00169,-0.43277,0.00612,0.11575,-0.03364,
1520621221789995520,-35.50293,-0.97032,0.02525,0.92206,0.06350,0.00338,-0.38179,-0.01218,0.10272,-0.03898,
1520621221890137088,-35.50428,-0.96230,0.02018,0.93980,0.06352,0.00143,-0.33577,-0.00834,0.05637,-0.05877,
1520621221990140160,-35.50425,-0.96047,0.01434,0.95578,0.06957,-0.00307,-0.28571,0.01418,-0.01325,-0.05068,
1520621222090143232,-35.50214,-0.96605,0.01070,0.96953,0.07292,-0.00682,-0.23375,0.02510,-0.08704,-0.02589,
1520621222190146304,-35.49865,-0.98021,0.00647,0.98215,0.07301,-0.00947,-0.17307,0.05099,-0.16649,-0.06172,
1520621222290794496,-35.49296,-1.00100,-0.00085,0.99102,0.08090,-0.00911,-0.10610,0.07284,-0.23289,-0.08154,
1520621222390797568,-35.48651,-1.02741,-0.00691,0.99614,0.07649,-0.01734,-0.03932,0.03520,-0.28711,-0.03557,
1520621222490801664,-35.48260,-1.05841,-0.00698,0.99694,0.07291,-0.02055,0.01915,0.04868,-0.30906,0.02393,
1520621222590804480,-35.47923,-1.08823,-0.00089,0.99500,0.06651,-0.01695,0.07262,0.03340,-0.27391,0.06508,
1520621222691697408,-35.47569,-1.11425,0.00630,0.99076,0.04712,-0.01865,0.12582,0.05314,-0.21234,0.04706,
1520621222791701504,-35.47090,-1.13406,0.01043,0.98159,0.05229,0.00011,0.18373,0.05345,-0.15176,0.04683,
1520621222891704576,-35.46344,-1.14860,0.01507,0.96826,0.04337,0.00184,0.24614,0.08765,-0.10700,0.02564,
1520621222991707648,-35.45479,-1.15991,0.01497,0.94904,0.04838,0.00066,0.31141,0.06969,-0.08126,-0.01446,
1520621223092838656,-35.44928,-1.16693,0.01475,0.92599,0.05290,0.00224,0.37381,0.03821,-0.03703,0.00332,
1520621223192841728,-35.44516,-1.17099,0.01533,0.90054,0.05354,0.00337,0.43144,0.04691,-0.00955,-0.00821,
1520621223292846080,-35.43757,-1.17129,0.01344,0.87293,0.06077,0.01900,0.48367,0.10049,0.01822,-0.02775,
1520621223392848896,-35.42375,-1.16933,0.01215,0.84482,0.06655,0.02851,0.53013,0.18079,0.03651,-0.00145,
1520621223494982400,-35.39807,-1.16680,0.00946,0.82017,0.07467,0.02222,0.56680,0.31463,0.02696,-0.06178,
1520621223594985472,-35.35875,-1.16498,0.00263,0.79765,0.08430,0.02122,0.59683,0.45795,0.00545,-0.07636,
1520621223694988544,-35.30453,-1.16668,-0.00649,0.77969,0.08707,0.02569,0.61955,0.61052,-0.02484,-0.09052,
1520621223794991616,-35.23452,-1.16935,-0.01479,0.76484,0.08143,0.02775,0.63845,0.77951,-0.02963,-0.08234,
1520621223896676608,-35.14558,-1.17064,-0.02470,0.75492,0.07785,0.02891,0.65053,0.95192,-0.03142,-0.09807,
1520621223996679424,-35.04362,-1.17346,-0.03297,0.75318,0.07627,0.02657,0.65284,1.06931,-0.06039,-0.05929,
1520621224096683776,-34.93210,-1.17894,-0.03777,0.75722,0.08229,0.02856,0.64732,1.14749,-0.09891,-0.00652,
1520621224196686848,-34.81433,-1.19010,-0.03473,0.76240,0.07855,0.03133,0.64156,1.20957,-0.14736,0.05909,
1520621224297191168,-34.68676,-1.20607,-0.03089,0.76773,0.07075,0.03491,0.63590,1.35837,-0.17192,-0.00726,
1520621224397194240,-34.54228,-1.22282,-0.03948,0.77128,0.06044,0.03321,0.63275,1.53232,-0.16731,-0.14561,
1520621224497198080,-34.38271,-1.23567,-0.05662,0.76697,0.06156,0.03062,0.63799,1.65524,-0.08206,-0.18279,
1520621224597201152,-34.21270,-1.23749,-0.07345,0.75362,0.06232,0.02790,0.65376,1.72827,0.01640,-0.10043,
1520621224697204224,-34.03919,-1.22996,-0.06894,0.73466,0.05720,0.02282,0.67564,1.72422,0.09429,0.22173,
1520621224797207040,-33.86181,-1.22101,-0.03664,0.72084,0.06931,0.02139,0.68929,1.83126,0.05266,0.35616,
1520621224897210112,-33.67127,-1.22193,-0.01293,0.72873,0.07435,0.01578,0.68057,1.99419,-0.08715,0.05157,
1520621224997213184,-33.46506,-1.23916,-0.02190,0.75358,0.06769,0.00448,0.65385,2.09363,-0.23890,-0.13603,
1520621225097216256,-33.25467,-1.26451,-0.02695,0.77137,0.03418,-0.00700,0.63543,2.09405,-0.30227,0.05004,
1520621225196145408,-33.04954,-1.29287,-0.01155,0.78086,0.04196,0.04025,0.62199,2.04461,-0.24038,0.25266,
1520621225296148480,-32.84118,-1.30851,0.00615,0.78130,0.04751,0.03540,0.62133,2.11318,-0.09756,0.03082,
1520621225396151552,-32.62911,-1.31255,-0.00837,0.77383,0.04882,0.00857,0.63145,2.12737,0.02674,-0.26752,
1520621225496154624,-32.41642,-1.30337,-0.02226,0.75496,0.05330,-0.00624,0.65358,2.13387,0.13479,0.09513,
1520621225593654272,-32.20641,-1.28934,0.00325,0.74210,0.06351,-0.01211,0.66716,2.17675,0.08794,0.32816,
1520621225693658112,-31.98193,-1.28779,0.02061,0.76241,0.06516,0.00452,0.64379,2.30888,-0.07823,-0.03037,
1520621225793661184,-31.74746,-1.30183,0.00263,0.79807,0.05955,-0.00203,0.59961,2.37212,-0.20434,-0.25848,
1520621225893664000,-31.50720,-1.32587,-0.00703,0.81902,0.03575,-0.00953,0.57257,2.40981,-0.29790,0.10873,
1520621225992251648,-31.27206,-1.35248,0.01545,0.82828,0.04488,0.01437,0.55833,2.37065,-0.23674,0.28419,
1520621226092255488,-31.02994,-1.36835,0.02797,0.82271,0.05039,0.01450,0.56604,2.44501,-0.12092,-0.06695,
1520621226192257536,-30.78524,-1.37203,0.00894,0.81305,0.04844,-0.00172,0.58018,2.43295,0.01277,-0.19623,
1520621226292261632,-30.54065,-1.36184,0.00596,0.79301,0.03712,-0.03229,0.60722,2.46119,0.15990,0.16232,
1520621226390753024,-30.29731,-1.34566,0.03484,0.76822,0.05414,-0.01216,0.63778,2.48989,0.11714,0.34545,
1520621226490756864,-30.03994,-1.34354,0.05078,0.77037,0.04657,-0.01871,0.63562,2.63175,-0.04562,-0.08572,
1520621226590759936,-29.77723,-1.35423,0.02504,0.77931,0.04147,-0.02023,0.62494,2.64776,-0.13256,-0.27338,
1520621226690763008,-29.50912,-1.37561,0.01995,0.78516,0.04373,-0.00704,0.61771,2.63951,-0.29006,0.18509,
1520621226789823488,-29.24467,-1.40207,0.04804,0.79342,0.06258,0.00448,0.60544,2.72114,-0.21584,0.22897,
1520621226889826560,-28.96850,-1.41947,0.04653,0.78915,0.06468,-0.01020,0.61070,2.75919,-0.13519,-0.24348,
1520621226989829632,-28.69449,-1.42790,0.01952,0.78305,0.05036,-0.02227,0.61952,2.73166,-0.02245,-0.14803,
1520621227089832448,-28.42386,-1.42242,0.03079,0.76215,0.05814,-0.04219,0.64340,2.69540,0.10519,0.28313,
1520621227191662848,-28.14475,-1.41735,0.05287,0.75848,0.06005,-0.01330,0.64879,2.76919,-0.01944,0.08028,
1520621227291666688,-27.86585,-1.42834,0.04310,0.76153,0.04720,-0.02596,0.64589,2.79454,-0.19497,-0.27690,
1520621227391669760,-27.58538,-1.45452,0.01485,0.77552,0.03303,-0.02486,0.62997,2.80537,-0.34002,-0.11959,
1520621227491672832,-27.30781,-1.49006,0.02928,0.78527,0.05216,-0.00243,0.61695,2.73560,-0.35265,0.33393,
1520621227592082176,-27.02936,-1.52232,0.05308,0.78326,0.07293,-0.01001,0.61732,2.87825,-0.29754,0.03447,
1520621227692086272,-26.73956,-1.54718,0.03939,0.77892,0.07350,-0.01177,0.62269,2.90208,-0.16622,-0.21637,
1520621227792089344,-26.45047,-1.55490,0.03279,0.76075,0.04160,-0.03118,0.64696,2.88938,-0.00536,0.14597,
1520621227892092160,-26.16469,-1.55152,0.06297,0.74251,0.05396,-0.03384,0.66680,2.87159,0.00727,0.35534,
1520621227990364416,-25.87743,-1.55782,0.07887,0.74736,0.05742,-0.02077,0.66161,3.00821,-0.15834,-0.06654,
1520621228090368256,-25.57135,-1.58443,0.05970,0.76839,0.04358,-0.01951,0.63819,3.05295,-0.38134,-0.18669,
1520621228190371328,-25.26737,-1.62867,0.05630,0.79084,0.00481,-0.04341,0.61046,3.00522,-0.49876,0.12954,
1520621228290374400,-24.97402,-1.67579,0.08029,0.80399,0.03468,0.00023,0.59363,2.89616,-0.43021,0.26488,
1520621228391736320,-24.67553,-1.71198,0.08871,0.80113,0.05037,-0.01236,0.59624,2.97712,-0.32415,-0.14431,
1520621228491739392,-24.38000,-1.73636,0.06486,0.79592,0.03886,-0.02453,0.60365,2.95242,-0.14782,-0.18705,
1520621228591742208,-24.08367,-1.73577,0.06885,0.77152,0.02622,-0.03456,0.63473,2.92553,0.10131,0.25902,
1520621228691745280,-23.79061,-1.72649,0.09871,0.75841,0.03897,-0.02305,0.65021,2.99381,0.03055,0.18142,
1520621228796445184,-23.47241,-1.73313,0.09458,0.76368,0.04813,-0.03485,0.64286,3.06124,-0.15499,-0.25126,
1520621228896449024,-23.17381,-1.75814,0.06703,0.78097,0.00742,-0.07615,0.61986,2.93368,-0.27196,-0.21689,
1520621228996452096,-22.88061,-1.78927,0.06436,0.79301,0.02340,-0.06266,0.60553,2.87563,-0.31139,0.15421,
1520621229096455168,-22.58894,-1.81371,0.08455,0.79716,0.05052,-0.00505,0.60164,2.99817,-0.17404,0.15545,
1520621229197344256,-22.27707,-1.82490,0.08151,0.79006,0.03581,-0.02995,0.61125,3.09104,-0.08369,-0.22526,
1520621229297347328,-21.96763,-1.82598,0.05832,0.78595,0.02378,-0.04350,0.61630,3.09659,0.06862,-0.09174,
1520621229397351168,-21.66374,-1.81648,0.07232,0.76795,0.04469,-0.04442,0.63740,2.99285,0.08020,0.27739,
1520621229497354240,-21.36340,-1.81219,0.08688,0.77189,0.05976,-0.04107,0.63161,3.03621,-0.03539,-0.05002,
1520621229597357312,-21.05639,-1.82784,0.06451,0.78319,0.04691,-0.04454,0.61840,3.02559,-0.23487,-0.31390,
1520621229697360384,-20.75431,-1.86187,0.04508,0.80479,0.00591,-0.03602,0.59244,2.98909,-0.40911,-0.00321,
1520621229797363200,-20.46292,-1.90099,0.05902,0.81610,0.02758,-0.00238,0.57725,2.88552,-0.33872,0.21915,
1520621229897366272,-20.17038,-1.92892,0.06630,0.81425,0.03188,-0.01739,0.57938,2.99761,-0.22022,-0.14773,
1520621229997443072,-19.86792,-1.94328,0.03831,0.81211,0.03055,-0.02327,0.58224,2.99851,-0.03697,-0.25053,
1520621230094346496,-19.57380,-1.93801,0.03866,0.78846,0.01987,-0.05107,0.61265,3.02901,0.13800,0.25045,
1520621230194349568,-19.26906,-1.92412,0.07308,0.77324,0.04362,-0.03609,0.63158,3.06964,0.09428,0.31390,
1520621230294352640,-18.95706,-1.92721,0.08442,0.77624,0.04160,-0.04274,0.62762,3.14159,-0.13964,-0.08787,
1520621230394355456,-18.64570,-1.95269,0.06591,0.79191,0.00995,-0.06466,0.60712,3.10695,-0.32647,-0.14842,
1520621230490479104,-18.34921,-1.99124,0.06904,0.81061,-0.00540,-0.05900,0.58258,3.06324,-0.46566,0.19524,
1520621230590481920,-18.04907,-2.03557,0.09767,0.82896,0.04188,-0.02199,0.55730,3.00661,-0.36732,0.26795,
1520621230690484736,-17.74171,-2.06647,0.10055,0.83090,0.04167,-0.04380,0.55313,3.08837,-0.26014,-0.24196,
1520621230790487808,-17.43488,-2.08023,0.06781,0.81811,0.01674,-0.03633,0.57368,3.09021,0.00132,-0.23930,
1520621230890574336,-17.12725,-2.06846,0.07679,0.78467,0.01816,-0.03118,0.61887,3.03690,0.20053,0.38400,
1520621230990577152,-16.81676,-2.05455,0.11234,0.77583,0.01318,-0.02187,0.63043,3.16700,0.05994,0.16847,
1520621231090581248,-16.49422,-2.06031,0.10435,0.78688,0.02380,-0.03762,0.61550,3.19237,-0.13903,-0.28479,
1520621231190584064,-16.17512,-2.08271,0.07893,0.80549,-0.01407,-0.05614,0.58978,3.22092,-0.36017,-0.11963,
1520621231292119808,-15.85277,-2.12649,0.08839,0.82912,0.02921,-0.02950,0.55753,3.10869,-0.43629,0.24407,
1520621231392122624,-15.53855,-2.16520,0.10380,0.84040,0.04302,-0.03501,0.53912,3.17951,-0.33199,-0.04432,
1520621231492125696,-15.21632,-2.18994,0.07732,0.83996,0.03592,-0.02848,0.54072,3.16957,-0.17680,-0.39109,
1520621231592128768,-14.89902,-2.19646,0.06142,0.82246,0.02062,-0.03702,0.56724,3.14820,0.03690,0.07190,
1520621231689949440,-14.59380,-2.18894,0.07651,0.80174,0.04287,-0.00597,0.59610,3.10500,0.06141,0.12775,
1520621231789952512,-14.28191,-2.19005,0.08059,0.79998,0.06287,0.00396,0.59671,3.13105,-0.09096,-0.05903,
1520621231889955584,-13.96665,-2.20780,0.05955,0.81810,0.03299,-0.03327,0.57317,3.15508,-0.26181,-0.30554,
1520621231989958400,-13.64863,-2.24118,0.04360,0.83477,0.00668,-0.00210,0.55056,3.09612,-0.42672,0.06986,
1520621232091159296,-13.33885,-2.28065,0.06969,0.83559,0.02347,-0.00388,0.54884,3.12456,-0.34575,0.30109,
1520621232191162368,-13.01810,-2.31088,0.07941,0.83647,0.01610,-0.01647,0.54752,3.25430,-0.25852,-0.15533,
1520621232291165440,-12.69226,-2.32455,0.05301,0.82278,0.02111,-0.03192,0.56708,3.19917,-0.01165,-0.19589,
1520621232391168256,-12.37979,-2.31494,0.05926,0.79304,0.02598,-0.04782,0.60674,3.04161,0.15331,0.31109,
1520621232496532480,-12.05714,-2.30649,0.09564,0.78191,0.03489,-0.03604,0.62137,3.08030,-0.01175,0.20999,
1520621232596536320,-11.74562,-2.31683,0.09526,0.78368,0.04554,-0.03710,0.61838,3.13049,-0.19494,-0.19007,
1520621232696539392,-11.43280,-2.34553,0.07374,0.80028,0.01158,-0.04643,0.59771,3.11580,-0.36296,-0.11390,
1520621232796542464,-11.12664,-2.39198,0.08059,0.82419,-0.00907,-0.01449,0.56605,2.96314,-0.53109,0.24676,
1520621232897250816,-10.83493,-2.43989,0.10564,0.83414,0.00120,-0.01669,0.55129,2.98813,-0.42308,0.10561,
1520621232997253888,-10.53814,-2.47683,0.09286,0.83517,0.01580,-0.02086,0.54937,3.02951,-0.27036,-0.31899,
1520621233097256960,-10.24458,-2.49101,0.06917,0.81754,-0.00504,-0.03638,0.57470,2.98565,-0.00750,-0.10103,
1520621233197259776,-9.95396,-2.48317,0.07826,0.77884,0.02711,-0.03369,0.62573,2.80594,0.08385,0.24852,
1520621233293254144,-9.68101,-2.48275,0.09761,0.77279,0.04076,-0.02753,0.63275,2.88268,-0.10170,0.07625,
1520621233393257216,-9.38564,-2.50240,0.08638,0.78716,0.03355,-0.04523,0.61418,2.95648,-0.30097,-0.25954,
1520621233493260032,-9.08931,-2.54166,0.07051,0.80948,-0.00705,-0.04880,0.58507,2.91618,-0.49423,0.01422,
1520621233593263104,-8.80019,-2.59597,0.09241,0.83068,0.01422,0.00076,0.55657,2.79291,-0.53500,0.37344,
1520621233691418624,-8.52978,-2.64091,0.12448,0.82776,0.01710,-0.01890,0.56050,2.89773,-0.34389,0.11675,
1520621233791421696,-8.23852,-2.67192,0.11009,0.82595,0.00785,-0.02374,0.56319,2.90387,-0.21423,-0.30152,
1520621233891424768,-7.95124,-2.68375,0.09633,0.81375,0.01047,-0.05172,0.57881,2.82610,0.01933,0.08257,
1520621233991427584,-7.67327,-2.67747,0.12020,0.79931,0.02645,-0.06118,0.59720,2.79587,0.06854,0.26398,
1520621234091430656,-7.39089,-2.67633,0.13344,0.80134,0.03103,-0.03061,0.59662,2.89588,-0.06399,-0.03470,
1520621234189795840,-7.10983,-2.69013,0.11652,0.80748,0.01463,-0.04362,0.58810,2.86200,-0.24414,-0.23963,
1520621234289799680,-6.82538,-2.72596,0.11017,0.83017,-0.01410,-0.05492,0.55461,2.81212,-0.46801,0.14127,
1520621234389802752,-6.54649,-2.76987,0.13557,0.84615,0.01862,-0.03104,0.53172,2.78227,-0.37405,0.27539,
1520621234489805824,-6.26190,-2.80108,0.14508,0.84151,0.01143,-0.02581,0.53950,2.88237,-0.28460,-0.15641,
1520621234591033600,-5.97072,-2.82042,0.11182,0.83534,-0.00286,-0.02397,0.54920,2.85831,-0.06116,-0.33061,
1520621234691036672,-5.68372,-2.81290,0.10438,0.80528,0.00353,-0.02695,0.59227,2.78902,0.18439,0.21054,
1520621234791039744,-5.40911,-2.79499,0.13348,0.78736,0.01970,-0.00891,0.61611,2.74294,0.12621,0.20468,
1520621234891065600,-5.13041,-2.79202,0.13498,0.78788,0.02572,-0.01655,0.61507,2.80181,-0.05432,-0.18489,
1520621234991853824,-4.84759,-2.81062,0.10519,0.80997,-0.01018,-0.03507,0.58533,2.78215,-0.28335,-0.25321,
1520621235091856640,-4.57361,-2.84992,0.10890,0.82999,-0.01863,-0.00405,0.55745,2.64022,-0.44581,0.34805,
1520621235191859712,-4.30341,-2.89032,0.15655,0.83586,0.00182,-0.01223,0.54880,2.64673,-0.33580,0.42998,
1520621235291863552,-4.03315,-2.91858,0.17188,0.83554,-0.01114,-0.03846,0.54796,2.71451,-0.22813,-0.15240,
1520621235390322432,-3.76846,-2.93117,0.14560,0.82981,-0.03678,-0.05746,0.55386,2.60870,0.04968,-0.19352,
1520621235490325504,-3.51545,-2.91500,0.14793,0.80009,-0.02161,-0.04084,0.59810,2.45172,0.23699,0.20244,
1520621235590328576,-3.26300,-2.90097,0.16840,0.80056,0.00784,-0.01558,0.59900,2.43389,0.08883,0.10091,
1520621235690331136,-3.01349,-2.90241,0.16254,0.80784,0.02031,-0.05101,0.58684,2.45226,-0.05743,-0.25463,
1520621235791436288,-2.76281,-2.91635,0.13246,0.82007,-0.01542,-0.07022,0.56773,2.35155,-0.16370,-0.20695,
1520621235891440128,-2.53512,-2.94058,0.13428,0.83438,-0.01944,-0.03169,0.54994,2.12170,-0.27331,0.20490,
1520621235991443200,-2.33526,-2.96815,0.16263,0.84078,-0.01020,-0.02749,0.54058,2.03551,-0.20530,0.20345,
1520621236091446272,-2.12514,-2.98441,0.15833,0.83159,-0.01966,-0.07295,0.55023,2.04934,-0.11251,-0.30188,
1520621236197007872,-1.91055,-2.98845,0.12546,0.82304,-0.03477,-0.06186,0.56354,1.92324,0.04554,-0.16384,
1520621236297010944,-1.72621,-2.97766,0.12914,0.80438,-0.02297,-0.04537,0.59193,1.74130,0.13490,0.20490,
1520621236397014016,-1.55584,-2.96513,0.15024,0.79590,-0.00414,-0.02884,0.60473,1.69823,0.10502,0.14840,
1520621236497016832,-1.38468,-2.96131,0.15126,0.79576,-0.00952,-0.03379,0.60459,1.69620,-0.02614,-0.13452,
1520621236597460736,-1.22173,-2.96640,0.13176,0.80567,-0.02583,-0.04882,0.58978,1.58467,-0.12094,-0.15669,
1520621236697463808,-1.07518,-2.97909,0.12800,0.81581,-0.00437,-0.01868,0.57800,1.37911,-0.14889,0.09914,
1520621236797466880,-0.93416,-2.99405,0.14288,0.82094,0.00945,-0.00762,0.57088,1.32430,-0.17984,0.15887,
1520621236897470720,-0.78918,-3.01059,0.14746,0.83305,0.00959,-0.02910,0.55235,1.37877,-0.19844,-0.07125,
1520621236996881920,-0.64267,-3.02473,0.12944,0.83496,0.00301,-0.04954,0.54807,1.36098,-0.14282,-0.20066,
1520621237096884992,-0.51055,-3.03153,0.11730,0.82996,0.00064,-0.02149,0.55740,1.20822,-0.03825,0.01251,
1520621237196888064,-0.39095,-3.03063,0.13269,0.81195,0.00838,-0.01196,0.58354,1.03319,0.05149,0.29883,
1520621237296890880,-0.28293,-3.02685,0.16261,0.80160,-0.00165,-0.02873,0.59717,0.99840,0.02352,0.23998,
1520621237397485824,-0.17616,-3.02580,0.17171,0.79771,-0.01478,-0.03378,0.60192,1.04522,-0.02000,-0.05349,
1520621237497489664,-0.06965,-3.02883,0.15439,0.79641,-0.02049,-0.03194,0.60357,1.04362,-0.03750,-0.24606,
1520621237597492736,0.02665,-3.03204,0.13196,0.79861,-0.01746,-0.02831,0.60093,0.89158,-0.03529,-0.13898,
1520621237697495808,0.10764,-3.03683,0.13182,0.80548,-0.02324,-0.02286,0.59172,0.70555,-0.08310,0.11008,
1520621237797594880,0.16577,-3.04733,0.14794,0.81164,-0.01904,-0.01780,0.58357,0.50169,-0.12606,0.21751,
1520621237897597696,0.20773,-3.05929,0.16979,0.81841,-0.02518,-0.02966,0.57331,0.32883,-0.11885,0.20067,
1520621237997600768,0.23582,-3.06927,0.18081,0.82333,-0.02951,-0.05629,0.56400,0.16759,-0.07375,0.04463,
1520621238097608704,0.24728,-3.07382,0.17893,0.82122,-0.02655,-0.05838,0.56699,-0.04357,-0.02594,-0.04277,
1520621238197084416,0.23498,-3.07520,0.17275,0.81897,-0.01774,-0.04704,0.57163,-0.22631,-0.01024,-0.05510,
1520621238297002496,0.20455,-3.07589,0.16884,0.81815,-0.00665,-0.04430,0.57325,-0.35317,-0.02175,-0.03820,
1520621238397005568,0.16674,-3.07909,0.16354,0.81449,-0.00270,-0.04434,0.57847,-0.43274,-0.03885,-0.05970,
1520621238497009408,0.12034,-3.08623,0.15668,0.80550,-0.00138,-0.04021,0.59123,-0.52301,-0.06089,-0.06241,
1520621238597012480,0.06693,-3.09395,0.14954,0.79584,0.00164,-0.03866,0.60427,-0.58750,-0.07476,-0.06710,
1520621238697167360,0.00886,-3.10307,0.14369,0.78859,0.01086,-0.03224,0.61398,-0.60752,-0.07688,-0.02469,
1520621238797170432,-0.05160,-3.11054,0.14313,0.78075,0.01926,-0.02588,0.62401,-0.61210,-0.04066,0.02438,
1520621238897173504,-0.11240,-3.11285,0.14869,0.77504,0.02103,-0.02262,0.63116,-0.61098,0.00542,0.06664,
1520621238997176320,-0.17437,-3.11027,0.15517,0.76702,0.02054,-0.02540,0.64079,-0.62229,0.03500,0.05724,
1520621239097634816,-0.23798,-3.10555,0.15807,0.76362,0.01351,-0.02268,0.64512,-0.63963,0.05768,0.00466,
1520621239197638912,-0.30551,-3.09901,0.15722,0.76330,0.00867,-0.02246,0.64559,-0.70629,0.07356,-0.02881,
1520621239297641984,-0.37832,-3.09021,0.15189,0.76778,0.00711,-0.02428,0.64021,-0.75703,0.09810,-0.05918,
1520621239397645056,-0.45616,-3.07888,0.14755,0.76997,0.00750,-0.02827,0.63741,-0.80408,0.12182,-0.02612,
1520621239497667328,-0.53687,-3.06709,0.14647,0.76964,0.01761,-0.01113,0.63814,-0.81929,0.10054,0.01947,
1520621239597669120,-0.61624,-3.05970,0.14994,0.77220,0.02327,-0.00090,0.63495,-0.77497,0.06177,0.03558,
1520621239697672192,-0.69234,-3.05425,0.14837,0.76948,0.01977,0.00089,0.63837,-0.75240,0.05326,-0.06712,
1520621239797678336,-0.76767,-3.04991,0.13886,0.76160,0.02094,0.01051,0.64762,-0.77606,0.02339,-0.08567,
1520621239897678080,-0.84754,-3.05023,0.13262,0.74986,0.01875,0.01501,0.66116,-0.80990,-0.03682,-0.04350,
1520621239997681152,-0.93080,-3.05644,0.12876,0.73958,0.01661,0.00470,0.67285,-0.84623,-0.08667,-0.05065,
1520621240097684992,-1.01688,-3.06464,0.12249,0.73060,0.01449,0.00241,0.68264,-0.88013,-0.08683,-0.06450,
1520621240197688064,-1.10555,-3.07111,0.11878,0.72443,0.01145,0.00605,0.68923,-0.90360,-0.04895,-0.00053,
1520621240297691136,-1.19569,-3.07506,0.12317,0.71324,0.01539,0.01749,0.70054,-0.91596,-0.00134,0.08700,
1520621240397694208,-1.28654,-3.07369,0.13256,0.70720,0.01277,0.02605,0.70641,-0.88541,0.04624,0.08791,
1520621240497697024,-1.37407,-3.06630,0.13592,0.70518,0.00310,0.01708,0.70881,-0.84782,0.09491,-0.01168,
1520621240597700096,-1.45963,-3.05435,0.13218,0.69821,0.01508,0.01728,0.71553,-0.84372,0.13885,-0.02792,
1520621240697703168,-1.54588,-3.03892,0.12963,0.68896,0.01607,0.01110,0.72454,-0.87259,0.16669,-0.03399,
1520621240797707008,-1.63687,-3.02302,0.12366,0.68432,0.01042,0.00530,0.72909,-0.88213,0.16680,-0.07410,
1520621240897710080,-1.72604,-3.00680,0.11650,0.68210,0.01355,0.01125,0.73105,-0.86540,0.16377,-0.06049,
1520621240997713152,-1.81372,-2.99222,0.11497,0.67979,0.01974,0.02923,0.73256,-0.83944,0.14198,0.03449,
1520621241097715968,-1.89359,-2.98010,0.12092,0.67522,0.02256,0.02962,0.73668,-0.75543,0.10509,0.06961,
1520621241197719040,-1.96365,-2.97096,0.12524,0.67012,0.02326,0.02556,0.74145,-0.65172,0.09654,0.00959,
1520621241297722112,-2.02631,-2.96418,0.12500,0.66003,0.01690,0.03027,0.75044,-0.61325,0.04386,-0.01157,
1520621241397725184,-2.08716,-2.96189,0.12436,0.65224,0.00925,0.03468,0.75717,-0.58340,-0.00552,-0.01449,
1520621241497728000,-2.14743,-2.96319,0.12189,0.65164,0.01323,0.03290,0.75770,-0.58235,-0.02210,-0.03885,
1520621241597731072,-2.20671,-2.96561,0.11638,0.65642,0.01775,0.02755,0.75368,-0.59400,-0.02350,-0.06567,
1520621241697735424,-2.26661,-2.96647,0.10819,0.65852,0.02932,0.03074,0.75137,-0.59815,-0.00026,-0.07965,
1520621241797738240,-2.32488,-2.96399,0.10187,0.65751,0.04162,0.03702,0.75138,-0.55920,0.04703,-0.02981,
1520621241897035008,-2.37674,-2.95639,0.10128,0.65544,0.05072,0.04165,0.75239,-0.46943,0.09612,0.02406,
1520621241997037824,-2.41864,-2.94403,0.10648,0.64823,0.05178,0.04542,0.75832,-0.34585,0.12396,0.08902,
1520621242097040896,-2.44982,-2.92935,0.11607,0.63594,0.04067,0.04137,0.76955,-0.21342,0.17786,0.09079,
1520621242197043968,-2.47124,-2.90877,0.12265,0.61508,0.03213,0.03938,0.78683,-0.12392,0.22737,0.05238,
1520621242296133120,-2.48663,-2.88325,0.12791,0.58929,0.02667,0.03765,0.80660,-0.09868,0.28807,0.05313,
1520621242396136960,-2.49950,-2.85017,0.12975,0.55924,0.01985,0.03546,0.82801,-0.07293,0.36347,-0.00807,
1520621242496140032,-2.50673,-2.80919,0.12629,0.52426,0.01800,0.04115,0.85038,-0.05600,0.44491,-0.04535,
1520621242596143104,-2.51200,-2.76078,0.12201,0.48705,0.01559,0.04675,0.87198,-0.05046,0.51779,-0.02425,
1520621242692972544,-2.51669,-2.70733,0.12146,0.45327,0.01074,0.04464,0.89019,-0.04352,0.58313,0.01077,
1520621242792975616,-2.52085,-2.64715,0.12370,0.41918,0.00759,0.04491,0.90676,-0.03953,0.62252,0.02866,
1520621242892978688,-2.52417,-2.58402,0.12754,0.38802,0.00678,0.04172,0.92068,-0.03111,0.63291,0.05071,
1520621242992981760,-2.52655,-2.52176,0.13364,0.35890,0.01100,0.03117,0.93279,-0.01862,0.60641,0.06479,
1520621243090598912,-2.52705,-2.46359,0.13828,0.32830,0.01157,0.02651,0.94413,-0.00602,0.58435,0.03449,
1520621243190574592,-2.52686,-2.40595,0.14076,0.29933,0.01208,0.03529,0.95342,0.01452,0.58127,0.01784,
1520621243290578944,-2.52448,-2.34521,0.14026,0.26978,0.01411,0.03450,0.96220,0.03931,0.63174,-0.03411,
1520621243390581760,-2.51796,-2.27961,0.13392,0.24941,0.01867,0.03958,0.96741,0.07448,0.68851,-0.07720,
1520621243490584832,-2.50870,-2.20674,0.12538,0.23433,0.02541,0.04249,0.97090,0.10822,0.76155,-0.08357,
1520621243589565696,-2.49601,-2.12900,0.11857,0.22241,0.03111,0.04244,0.97353,0.14694,0.80931,-0.03192,
1520621243689568768,-2.48233,-2.04497,0.11720,0.19967,0.03516,0.04889,0.97801,0.13087,0.84770,0.00060,
1520621243789571840,-2.46899,-1.96190,0.12055,0.18136,0.03554,0.06353,0.98072,0.12765,0.81730,0.08096,
1520621243889574656,-2.45562,-1.87988,0.13057,0.16422,0.04005,0.05072,0.98430,0.13020,0.83358,0.08354,
1520621243989388800,-2.44253,-1.79330,0.13258,0.14973,0.03555,0.04881,0.98688,0.14817,0.88882,-0.04248,
1520621244089392896,-2.42504,-1.70291,0.12487,0.14208,0.02782,0.05444,0.98797,0.18868,0.93725,-0.10587,
1520621244189395968,-2.40400,-1.60552,0.11365,0.14140,0.02490,0.05124,0.98831,0.22912,0.99893,-0.11124,
1520621244289398784,-2.37789,-1.50524,0.10697,0.15125,0.01956,0.05096,0.98699,0.28270,0.98847,-0.00899,
1520621244389477120,-2.34657,-1.40744,0.11309,0.16066,0.01493,0.06529,0.98473,0.35897,0.92849,0.13312,
1520621244489479936,-2.30541,-1.31585,0.12802,0.18056,0.02238,0.05415,0.98182,0.45972,0.87829,0.15594,
1520621244589483008,-2.25602,-1.22425,0.13883,0.19775,0.04154,0.04166,0.97849,0.53690,0.87200,0.05175,
1520621244689486080,-2.19953,-1.13585,0.13910,0.21458,0.05632,0.04011,0.97426,0.58677,0.87210,-0.02466,
1520621244790159104,-2.13819,-1.04903,0.13364,0.22246,0.06365,0.03325,0.97229,0.64449,0.86382,-0.06250,
1520621244890163200,-2.07150,-0.96446,0.13003,0.22145,0.06155,0.03132,0.97272,0.69915,0.84048,0.01203,
1520621244990166272,-2.00022,-0.88345,0.13545,0.21278,0.05719,0.04466,0.97440,0.74513,0.80062,0.10986,
1520621245090169088,-1.92403,-0.80242,0.14855,0.21821,0.05339,0.04741,0.97329,0.75920,0.77348,0.14596,
1520621245190172928,-1.84773,-0.72837,0.16206,0.22198,0.05881,0.03233,0.97274,0.77971,0.73233,0.10761,
1520621245290176000,-1.76829,-0.65440,0.16606,0.22628,0.05176,0.02126,0.97245,0.80204,0.74615,-0.03935,
1520621245390178816,-1.68655,-0.57812,0.15811,0.23047,0.04360,0.02406,0.97180,0.84210,0.77340,-0.11074,
1520621245490181888,-1.60034,-0.50052,0.14896,0.24602,0.03808,0.02376,0.96823,0.86331,0.75545,-0.06914,
1520621245589938432,-1.51289,-0.42615,0.14644,0.26505,0.03827,0.03132,0.96296,0.88828,0.69488,0.03442,
1520621245689941504,-1.42234,-0.36070,0.15573,0.29096,0.04252,0.03971,0.95496,0.92345,0.59374,0.12574,
1520621245789944320,-1.32897,-0.30465,0.16783,0.31315,0.04276,0.02329,0.94845,0.94481,0.51131,0.08546,
1520621245889947392,-1.23459,-0.25529,0.17145,0.33198,0.04938,0.01796,0.94182,0.95342,0.46730,-0.02379,
1520621245989576704,-1.13908,-0.20963,0.16339,0.34569,0.07337,0.03108,0.93496,0.99753,0.46015,-0.14656,
1520621246089578752,-1.03848,-0.16573,0.14790,0.35363,0.09492,0.05308,0.92904,1.01329,0.40869,-0.13411,
1520621246189581312,-0.93596,-0.12733,0.14151,0.35561,0.10195,0.05282,0.92756,1.03899,0.36567,0.01183,
1520621246289585664,-0.83441,-0.09266,0.14883,0.36965,0.09489,0.04030,0.92343,0.98937,0.35702,0.10509,
1520621246389536256,-0.74158,-0.05927,0.16084,0.36285,0.09441,0.03249,0.92648,0.88812,0.34159,0.10808,
1520621246489452288,-0.65524,-0.02570,0.16922,0.35910,0.08137,0.02868,0.92930,0.85329,0.34510,0.03441,
1520621246589455360,-0.57134,0.00915,0.16894,0.34910,0.06502,0.01279,0.93474,0.84902,0.36810,-0.05344,
1520621246689458432,-0.48575,0.04741,0.16138,0.34396,0.06205,0.00688,0.93690,0.87353,0.40660,-0.10870,
1520621246789280000,-0.39879,0.08818,0.15246,0.34072,0.07097,0.02355,0.93719,0.85701,0.41927,-0.06449,
1520621246889282816,-0.31406,0.12858,0.15338,0.34035,0.06892,0.03299,0.93719,0.84363,0.37974,0.07954,
1520621246989285888,-0.23244,0.16330,0.16403,0.34737,0.05432,0.03155,0.93562,0.81475,0.32275,0.11134,
1520621247089289984,-0.15566,0.19276,0.17377,0.35113,0.04734,0.02347,0.93483,0.72965,0.28543,0.06324,
1520621247189225984,-0.08610,0.22132,0.17564,0.35161,0.04976,0.03222,0.93427,0.69680,0.31462,-0.04177,
1520621247289228800,-0.01799,0.25348,0.17043,0.34182,0.05295,0.04229,0.93732,0.67443,0.34468,-0.06912,
1520621247389231872,0.04890,0.29004,0.16438,0.32870,0.04621,0.04646,0.94216,0.64875,0.39291,-0.05625,
1520621247489234944,0.11136,0.33195,0.16276,0.30942,0.03747,0.04710,0.94902,0.58886,0.44644,0.01443,
1520621247589275392,0.16628,0.37989,0.16924,0.28390,0.03072,0.03503,0.95772,0.50760,0.49553,0.09481,
1520621247689281280,0.21058,0.42879,0.18318,0.24955,0.01649,0.02740,0.96783,0.35888,0.46838,0.17937,
1520621247789281280,0.23710,0.47270,0.20517,0.21724,0.01246,0.02887,0.97561,0.20750,0.41314,0.24421,
1520621247889284352,0.25001,0.51094,0.23126,0.19420,0.01386,0.02434,0.98056,0.08674,0.36375,0.27302,
1520621247989289216,0.25082,0.54440,0.26260,0.17618,0.00487,0.01412,0.98424,-0.03885,0.31445,0.37415,
1520621248089221376,0.23889,0.57062,0.30757,0.15965,-0.00392,-0.00363,0.98716,-0.17159,0.22260,0.51851,
1520621248189224448,0.21392,0.58658,0.36382,0.14902,-0.01059,-0.02730,0.98840,-0.30945,0.11300,0.59551,
1520621248289227520,0.17848,0.59207,0.42152,0.13623,-0.01430,-0.04602,0.98950,-0.38919,0.01908,0.53317,
1520621248389230592,0.13621,0.59064,0.46804,0.12011,-0.00754,-0.03597,0.99208,-0.43016,-0.03490,0.39426,
1520621248489042944,0.09223,0.58308,0.50136,0.09863,0.00422,-0.02006,0.99491,-0.43070,-0.11437,0.26724,
1520621248589046016,0.05012,0.56795,0.52175,0.07506,0.01488,-0.01924,0.99688,-0.39683,-0.19017,0.14399,
1520621248689049088,0.00927,0.54552,0.53190,0.01959,0.01845,-0.01612,0.99951,-0.41167,-0.26202,0.05968,
1520621248789051904,-0.02984,0.51654,0.53393,-0.08115,0.02541,0.00097,0.99638,-0.35725,-0.31893,-0.01377,
1520621248888956416,-0.06200,0.48520,0.53270,-0.18292,0.02928,0.01315,0.98260,-0.26741,-0.30541,-0.00860,
1520621248988959232,-0.08487,0.45439,0.53274,-0.27902,0.03202,0.00569,0.95974,-0.18171,-0.32471,0.00291,
1520621249088962048,-0.09596,0.42480,0.53338,-0.35642,0.03345,-0.00923,0.93368,-0.03630,-0.24996,-0.00524,
1520621249188965120,-0.09200,0.40688,0.53298,-0.37179,0.03758,-0.00514,0.92754,0.11730,-0.10692,-0.01313,
1520621249289032960,-0.07139,0.40325,0.53310,-0.30895,0.03491,0.00873,0.95040,0.29126,0.00562,-0.00292,
1520621249389035008,-0.03423,0.40502,0.53426,-0.19998,0.03018,0.01779,0.97917,0.44890,0.00299,-0.00279,
1520621249489038080,0.01439,0.40097,0.53341,-0.08178,0.01088,0.01962,0.99640,0.51932,-0.10708,-0.02093,
1520621249589041920,0.06749,0.38587,0.53293,0.02737,-0.01100,0.01350,0.99947,0.55201,-0.19170,0.00164,
1520621249689066240,0.12393,0.36446,0.53290,0.12999,-0.03304,0.00393,0.99096,0.56249,-0.23850,0.00614,
1520621249789069056,0.17903,0.33865,0.53279,0.22368,-0.05158,-0.01837,0.97312,0.53304,-0.28327,0.00236,
1520621249889072128,0.22923,0.30992,0.53030,0.30029,-0.06377,-0.04382,0.95071,0.47671,-0.26931,-0.05168,
1520621249989075200,0.27342,0.28771,0.52298,0.33888,-0.07008,-0.04479,0.93715,0.39990,-0.15309,-0.07249,
1520621250089076736,0.30691,0.27801,0.51793,0.30910,-0.06762,-0.02284,0.94835,0.27188,-0.03558,-0.02443,
1520621250189079808,0.32930,0.27743,0.51709,0.22851,-0.05980,-0.01673,0.97156,0.18286,0.01698,0.00079,
1520621250289082880,0.34402,0.28132,0.51622,0.13387,-0.04483,-0.01703,0.98984,0.10985,0.03256,-0.02163,
1520621250389085696,0.35197,0.28336,0.51305,0.03512,-0.02362,-0.00985,0.99906,0.03691,0.01685,-0.04615,
1520621250489121024,0.35100,0.28253,0.50718,-0.07753,-0.01086,-0.00417,0.99692,-0.03828,-0.01914,-0.07361,
1520621250589123840,0.34508,0.27898,0.49929,-0.19086,0.00272,-0.01499,0.98150,-0.08296,-0.03897,-0.08388,
1520621250689126912,0.33612,0.27514,0.49013,-0.27510,0.01935,-0.02204,0.96097,-0.10003,-0.01230,-0.08578,
1520621250789129984,0.32483,0.27696,0.48222,-0.29911,0.02998,-0.01638,0.95361,-0.12452,0.05556,-0.05055,
1520621250889163008,0.31350,0.28639,0.47927,-0.26354,0.02399,-0.00972,0.96430,-0.11165,0.13424,0.00229,
1520621250989165056,0.30291,0.30140,0.48087,-0.18602,0.00744,-0.00757,0.98249,-0.10980,0.12843,0.03050,
1520621251089169152,0.29221,0.31207,0.48256,-0.08751,-0.00799,0.00140,0.99613,-0.11623,0.07383,0.00716,
1520621251189171200,0.27779,0.31581,0.48279,-0.00634,-0.00216,0.01654,0.99984,-0.17422,0.01454,0.00372,
1520621251289178112,0.25939,0.31664,0.48382,0.06737,0.01618,0.02086,0.99738,-0.20950,0.02177,0.01167,
1520621251389157120,0.23511,0.31950,0.48521,0.12421,0.03579,0.00491,0.99160,-0.27668,0.05663,0.01035,
1520621251489159936,0.20530,0.32678,0.48538,0.13355,0.03667,-0.00240,0.99036,-0.32404,0.08691,0.00773,
1520621251589163008,0.17255,0.33701,0.48874,0.11024,0.00118,0.01123,0.99384,-0.33421,0.10394,0.06303,
1520621251689147648,0.14012,0.34646,0.49560,0.09048,-0.07548,0.02382,0.99275,-0.31956,0.08651,0.07678,
1520621251789150720,0.10921,0.35278,0.50302,0.06842,-0.15898,0.02218,0.98466,-0.30063,0.05426,0.06239,
1520621251889153792,0.08244,0.35561,0.50720,0.03657,-0.22632,0.01731,0.97321,-0.23278,0.00402,0.01053,
1520621251989156608,0.06374,0.35392,0.50622,0.01112,-0.27116,0.02885,0.96204,-0.14299,-0.03599,-0.03265,
1520621252089161984,0.05400,0.34913,0.50281,-0.00037,-0.29356,0.04874,0.95470,-0.06261,-0.06349,-0.03403,
1520621252189165056,0.05012,0.34246,0.50013,-0.00217,-0.29064,0.05846,0.95504,-0.02114,-0.05558,-0.01770,
1520621252289168128,0.04696,0.33898,0.49953,-0.00347,-0.23370,0.04934,0.97105,-0.00724,-0.01073,0.00507,
1520621252389171968,0.04834,0.33918,0.49865,0.00613,-0.14202,0.02518,0.98953,0.02386,0.00907,-0.02799,
1520621252489175040,0.05168,0.34132,0.49270,0.02016,-0.03089,0.01519,0.99920,0.04027,0.01955,-0.08323,
1520621252589246720,0.05592,0.34238,0.48338,0.03690,0.08137,0.01613,0.99587,0.04904,0.01418,-0.09145,
1520621252689250816,0.06007,0.34372,0.47552,0.05169,0.18996,0.01201,0.98036,0.05008,0.01482,-0.05816,
1520621252789252864,0.06618,0.34543,0.47275,0.07060,0.26543,-0.00426,0.96153,0.05392,0.00026,-0.00229,
1520621252889256704,0.07293,0.34554,0.47423,0.08496,0.30423,-0.02436,0.94849,0.05399,-0.01756,0.02428,
1520621252989167872,0.07673,0.34461,0.47550,0.09371,0.31007,-0.03328,0.94550,0.03343,0.00913,0.00374,
1520621253089170944,0.07984,0.34574,0.47509,0.09829,0.26531,-0.03699,0.95843,0.01629,0.05878,0.01306,
1520621253189174016,0.08082,0.35165,0.47630,0.10606,0.17704,-0.03376,0.97789,-0.00341,0.07335,0.01973,
1520621253289176832,0.08119,0.36187,0.47786,0.10421,0.07652,-0.02797,0.99121,-0.02691,0.07481,-0.00472,
1520621253389154560,0.07929,0.36996,0.47632,0.09017,-0.01026,-0.00553,0.99586,-0.02251,0.08103,-0.02340,
1520621253489157632,0.07851,0.37645,0.47464,0.07039,-0.09193,0.02488,0.99296,-0.01120,0.05275,-0.00296,
1520621253589160704,0.07913,0.38142,0.47758,0.05379,-0.17894,0.04594,0.98131,-0.00741,0.05567,0.05843,
1520621253689164544,0.07891,0.38669,0.48542,0.04005,-0.25692,0.04745,0.96444,-0.01953,0.04346,0.07535,
1520621253789194240,0.07724,0.38860,0.49112,0.02660,-0.28890,0.04588,0.95589,-0.04712,-0.00091,0.02765,
1520621253889197312,0.07386,0.38747,0.49232,0.02312,-0.25279,0.04521,0.96619,-0.06818,-0.02085,-0.01310,
1520621253989201664,0.06871,0.38730,0.49027,0.01760,-0.18400,0.03966,0.98197,-0.05239,0.01740,-0.03675,
1520621254089204480,0.06421,0.38754,0.48512,0.00980,-0.07069,0.03619,0.99679,-0.05826,-0.00168,-0.05763,
1520621254189278720,0.06193,0.38710,0.47995,0.00447,0.04930,0.02605,0.99843,-0.02076,-0.02107,-0.03009,
1520621254289281792,0.06300,0.38299,0.47861,0.02474,0.13380,0.00494,0.99069,0.03027,-0.07167,0.00415,
1520621254389288704,0.06465,0.37402,0.48023,0.08035,0.13817,-0.01224,0.98707,-0.00275,-0.10101,0.04585,
1520621254489287936,0.05984,0.36476,0.48839,0.10891,0.10058,-0.01839,0.98878,-0.05984,-0.07670,0.14439,
1520621254589293056,0.05127,0.36133,0.50587,0.10437,0.03177,-0.03627,0.99337,-0.10801,0.00374,0.20968,
1520621254689206784,0.03515,0.36226,0.52598,0.06782,-0.05963,-0.05890,0.99417,-0.22085,0.00275,0.18831,
1520621254789209856,0.00841,0.36062,0.53912,-0.00654,-0.14550,-0.05826,0.98762,-0.31187,-0.03199,0.06960,
1520621254889212928,-0.02646,0.35465,0.54033,-0.10434,-0.20504,-0.04104,0.97231,-0.37918,-0.06692,-0.03856,
1520621254989156864,-0.06550,0.34757,0.52970,-0.21771,-0.20403,-0.00709,0.95442,-0.37575,-0.06715,-0.15645,
1520621255089159936,-0.10217,0.34363,0.51078,-0.30578,-0.14498,0.04177,0.94007,-0.35315,-0.00613,-0.20383,
1520621255189163008,-0.13595,0.34782,0.49274,-0.34195,-0.03646,0.06623,0.93667,-0.28160,0.10117,-0.16292,
1520621255289166848,-0.15726,0.36261,0.47936,-0.30244,0.07468,0.04650,0.94910,-0.12420,0.17298,-0.12546,
1520621255389440768,-0.16234,0.38176,0.46556,-0.21464,0.15157,0.02872,0.96443,0.04247,0.20448,-0.15640,
1520621255489443840,-0.15030,0.40320,0.44962,-0.10261,0.17594,0.04573,0.97797,0.20126,0.21009,-0.14556,
1520621255589447680,-0.12297,0.42402,0.43962,0.01365,0.16322,0.05253,0.98510,0.34430,0.20898,-0.04729,
1520621255689449728,-0.08712,0.44429,0.44117,0.12341,0.10573,0.02709,0.98634,0.36861,0.18879,0.07508,
1520621255789279232,-0.05503,0.46456,0.45470,0.20878,0.01950,-0.01122,0.97770,0.28748,0.18775,0.18113,
1520621255889282304,-0.03336,0.48536,0.47732,0.25507,-0.07505,-0.04184,0.96310,0.15803,0.22828,0.24892,
1520621255989285120,-0.02762,0.51015,0.50290,0.24296,-0.15794,-0.04742,0.95592,-0.02078,0.24249,0.24073,
1520621256089289472,-0.04022,0.53313,0.52441,0.17460,-0.22163,-0.03383,0.95877,-0.17178,0.20927,0.17256,
1520621256189174272,-0.06358,0.55280,0.53632,0.07103,-0.24793,-0.00465,0.96616,-0.28451,0.15764,0.08202,
1520621256289177088,-0.09784,0.56743,0.54176,-0.04191,-0.23853,0.01412,0.97013,-0.37195,0.11493,0.04369,
1520621256389180160,-0.13987,0.58000,0.54463,-0.15900,-0.19082,0.00844,0.96862,-0.42020,0.09255,0.01992,
1520621256489183232,-0.18541,0.59072,0.54444,-0.25364,-0.11636,-0.01223,0.96020,-0.42872,0.08790,-0.02196,
1520621256589282304,-0.23128,0.60137,0.53855,-0.30145,-0.01651,-0.03035,0.95285,-0.42992,0.09486,-0.10332,
1520621256689285376,-0.27395,0.61206,0.52457,-0.29522,0.09112,-0.02474,0.95075,-0.36863,0.11855,-0.17742,
1520621256789288192,-0.30824,0.62158,0.50346,-0.22792,0.16033,0.00026,0.96039,-0.27528,0.08399,-0.23256,
1520621256889292544,-0.32978,0.62923,0.48042,-0.11836,0.18917,0.02815,0.97438,-0.14916,0.03606,-0.21242,
1520621256989232384,-0.33701,0.63354,0.46376,0.01160,0.18379,0.03143,0.98239,-0.04501,-0.05810,-0.12408,
1520621257089235200,-0.33893,0.62949,0.45594,0.12407,0.14512,0.01109,0.98154,-0.01474,-0.14354,-0.03776,
1520621257189239296,-0.33937,0.61738,0.45561,0.21791,0.08780,-0.00213,0.97201,-0.01489,-0.18217,0.03417,
1520621257289242368,-0.34114,0.60156,0.46250,0.29630,0.01037,-0.00535,0.95502,-0.03840,-0.20738,0.10735,
1520621257389245184,-0.34627,0.58409,0.47338,0.33955,-0.08249,-0.00245,0.93696,-0.07358,-0.18565,0.11904,
1520621257489371392,-0.35778,0.56801,0.48371,0.32529,-0.16324,0.02050,0.93119,-0.15939,-0.15375,0.09818,
1520621257589378304,-0.37791,0.55438,0.48968,0.25249,-0.20689,0.05880,0.94339,-0.21621,-0.16078,0.03973,
1520621257689377280,-0.40565,0.54202,0.49094,0.15795,-0.23417,0.09930,0.95413,-0.29744,-0.10887,0.00881,
1520621257789380352,-0.44269,0.53940,0.49025,0.05088,-0.22139,0.09791,0.96892,-0.39417,-0.05345,-0.00638,
1520621257889358080,-0.48288,0.54035,0.48797,-0.06272,-0.16113,0.06359,0.98288,-0.38441,-0.03875,-0.01804,
1520621257989361152,-0.51729,0.53896,0.48458,-0.15164,-0.06788,0.02694,0.98573,-0.29454,-0.03943,-0.05604,
1520621258089363968,-0.54258,0.53898,0.47439,-0.19381,0.04036,0.01747,0.98005,-0.20028,0.01965,-0.14400,
1520621258189367040,-0.55803,0.54285,0.46000,-0.17389,0.12684,0.03154,0.97605,-0.09857,0.02742,-0.14683,
1520621258289451520,-0.56167,0.54531,0.44683,-0.08844,0.17279,0.03856,0.98022,0.00853,-0.01340,-0.12430,
1520621258389454592,-0.55500,0.54511,0.43743,0.02140,0.17908,0.03216,0.98307,0.09274,-0.06291,-0.08410,
1520621258489458688,-0.54295,0.54613,0.43121,0.12280,0.15509,0.02646,0.97988,0.13544,-0.08930,-0.04315,
1520621258589461504,-0.52679,0.53831,0.43196,0.21392,0.09077,0.02062,0.97241,0.17163,-0.15604,0.07404,
1520621258689409792,-0.51025,0.52590,0.44467,0.28121,-0.00906,-0.01381,0.95950,0.12206,-0.16222,0.16471,
1520621258789412864,-0.50144,0.51451,0.46098,0.29561,-0.10783,-0.04667,0.94806,0.03844,-0.11696,0.16286,
1520621258889415680,-0.50358,0.50629,0.47591,0.25240,-0.18365,-0.05593,0.94839,-0.08933,-0.06389,0.13126,
1520621258989418752,-0.52281,0.50433,0.48658,0.15744,-0.19443,-0.05229,0.96678,-0.26919,-0.03020,0.08781,
1520621259089253632,-0.55667,0.50162,0.49460,0.03715,-0.16456,-0.04508,0.98464,-0.38949,-0.06703,0.07766,
1520621259189257728,-0.59664,0.49980,0.50161,-0.08074,-0.12392,-0.05579,0.98743,-0.41056,-0.04088,0.06999,
1520621259289260544,-0.63292,0.49982,0.50680,-0.17673,-0.07546,-0.06663,0.97910,-0.33615,-0.01854,0.04936,
1520621259389263616,-0.66043,0.50014,0.50973,-0.24899,0.00097,-0.06200,0.96652,-0.22629,-0.01767,0.00497,
1520621259489310464,-0.67263,0.50189,0.50631,-0.28121,0.08049,-0.03883,0.95548,-0.03181,0.02807,-0.07589,
1520621259589275648,-0.66467,0.50673,0.49467,-0.26600,0.14059,-0.02308,0.95339,0.18561,0.04830,-0.18115,
1520621259689278720,-0.63463,0.51459,0.47071,-0.22659,0.15940,-0.02557,0.96052,0.39637,0.05017,-0.30178,
1520621259789281536,-0.58509,0.52306,0.43883,-0.19167,0.13710,-0.02652,0.97147,0.57196,0.00284,-0.33035,
1520621259889309440,-0.51799,0.52665,0.40801,-0.16645,0.10990,-0.01086,0.97985,0.73609,-0.08579,-0.29298,
1520621259989312512,-0.43584,0.51867,0.37943,-0.14110,0.08972,0.00264,0.98592,0.88305,-0.15818,-0.28406,
1520621260089316608,-0.33887,0.50455,0.34773,-0.11342,0.07366,0.00779,0.99078,1.01605,-0.20378,-0.34113,
1520621260189319680,-0.23006,0.49033,0.31030,-0.07942,0.06468,0.02245,0.99449,1.13619,-0.20459,-0.36396,
1520621260289389568,-0.11208,0.47651,0.27595,-0.04326,0.06218,0.04409,0.99615,1.22345,-0.21605,-0.29383,
1520621260389392640,0.01196,0.46108,0.24911,-0.00955,0.06344,0.05699,0.99631,1.25964,-0.22896,-0.21685,
1520621260489396480,0.13753,0.44021,0.22890,0.01236,0.06998,0.05827,0.99577,1.26276,-0.24449,-0.17041,
1520621260589399552,0.26474,0.42118,0.21266,0.03270,0.07009,0.05657,0.99540,1.28164,-0.20312,-0.13403,
1520621260689657088,0.39189,0.40317,0.20270,0.05604,0.06850,0.05836,0.99436,1.26057,-0.18943,-0.03040,
1520621260789659904,0.51614,0.38372,0.20778,0.08693,0.05902,0.05635,0.99287,1.21431,-0.21216,0.14098,
1520621260889662976,0.63441,0.35992,0.22923,0.11689,0.05055,0.04527,0.99082,1.14160,-0.27725,0.28872,
1520621260989666048,0.74238,0.33071,0.26355,0.14863,0.03893,0.04379,0.98716,1.01971,-0.29651,0.39263,
1520621261089677824,0.83897,0.30388,0.30650,0.17062,0.03024,0.03387,0.98429,0.96477,-0.25297,0.42813,
1520621261189680896,0.92879,0.28225,0.34989,0.19442,0.01612,0.02291,0.98052,0.83724,-0.17346,0.42690,
1520621261289683712,1.00110,0.26949,0.39390,0.20928,0.00544,0.01242,0.97776,0.62750,-0.09643,0.46181,
1520621261389686784,1.04726,0.26372,0.44443,0.21415,-0.01234,-0.00581,0.97671,0.32026,-0.02258,0.53649,
1520621261489448960,1.06730,0.26255,0.49725,0.21225,-0.02931,-0.00846,0.97674,0.08197,0.00076,0.52056,
1520621261589452032,1.06043,0.26283,0.54939,0.21310,-0.04072,-0.01000,0.97613,-0.20633,0.00904,0.51702,
1520621261689455872,1.02715,0.26225,0.59941,0.19920,-0.04126,-0.02218,0.97884,-0.44799,-0.01623,0.46048,
1520621261789458944,0.97153,0.25811,0.63975,0.18905,-0.04138,-0.03774,0.98037,-0.65922,-0.05287,0.31327,
1520621261889462016,0.89868,0.25168,0.65947,0.18779,-0.04550,-0.04809,0.97998,-0.82243,-0.07375,0.06049,
1520621261989326592,0.80848,0.24058,0.65358,0.18821,-0.04877,-0.05510,0.97937,-0.99796,-0.14868,-0.18598,
1520621262089329664,0.70453,0.22275,0.62384,0.18061,-0.04836,-0.05924,0.98058,-1.08660,-0.18730,-0.42077,
1520621262189332736,0.59340,0.20125,0.57259,0.16913,-0.04429,-0.04993,0.98333,-1.14062,-0.22061,-0.60573,
1520621262289336832,0.47904,0.17869,0.50742,0.15058,-0.04334,-0.02242,0.98739,-1.13530,-0.20267,-0.69727,
1520621262389382400,0.36438,0.15891,0.43627,0.12560,-0.04799,0.01833,0.99075,-1.16619,-0.18616,-0.72419,
1520621262489385472,0.24480,0.13993,0.36618,0.09708,-0.05282,0.04634,0.99279,-1.21609,-0.18585,-0.68484,
1520621262589388288,0.12077,0.12219,0.30114,0.07984,-0.06575,0.04090,0.99380,-1.26435,-0.16673,-0.62693,
1520621262689391360,-0.00820,0.10550,0.24173,0.06792,-0.06128,0.01453,0.99570,-1.31860,-0.16334,-0.56638,
1520621262789527808,-0.14444,0.08799,0.18715,0.05006,-0.05638,-0.00048,0.99715,-1.41398,-0.20428,-0.52664,
1520621262889530880,-0.28889,0.06127,0.13969,0.01636,-0.05717,0.00279,0.99823,-1.47491,-0.32143,-0.42343,
1520621262989533952,-0.43783,0.02525,0.10393,-0.02570,-0.05467,0.00844,0.99814,-1.48758,-0.40188,-0.28195,
1520621263089537024,-0.58626,-0.01622,0.08403,-0.07035,-0.04917,0.00829,0.99628,-1.47041,-0.40330,-0.09756,
1520621263189532672,-0.73150,-0.05273,0.08515,-0.11636,-0.03704,0.02231,0.99227,-1.42269,-0.31678,0.12112,
1520621263289536768,-0.87132,-0.07760,0.10836,-0.15797,-0.02026,0.05888,0.98548,-1.35864,-0.16451,0.34567,
1520621263389539840,-0.99872,-0.08466,0.15659,-0.18279,0.00025,0.08367,0.97959,-1.14394,0.02763,0.61635,
1520621263489542656,-1.09806,-0.07238,0.22703,-0.18522,0.02041,0.09778,0.97761,-0.82324,0.21116,0.77872,
1520621263589739776,-1.16286,-0.03863,0.30660,-0.17477,0.04332,0.10383,0.97816,-0.48718,0.43797,0.80083,
1520621263689742848,-1.19837,0.01566,0.38203,-0.15537,0.05463,0.09166,0.98208,-0.23560,0.62057,0.70506,
1520621263789745920,-1.21511,0.08467,0.44498,-0.14271,0.06088,0.06862,0.98550,-0.07779,0.74541,0.56813,
1520621263889750016,-1.21543,0.16234,0.49541,-0.13261,0.05750,0.04427,0.98851,0.05987,0.81276,0.44603,
1520621263989844480,-1.20378,0.24553,0.53724,-0.12216,0.05129,0.03366,0.99061,0.17169,0.84481,0.40378,
1520621264089847552,-1.17901,0.33182,0.57629,-0.11090,0.04331,0.03162,0.99238,0.28583,0.89585,0.37611,
1520621264189850624,-1.14594,0.41944,0.61283,-0.10248,0.02703,0.01877,0.99419,0.35901,0.85448,0.35751,
1520621264289853696,-1.10768,0.50148,0.64703,-0.08854,0.00671,-0.00697,0.99603,0.37310,0.80386,0.31849,
1520621264389584896,-1.06853,0.57781,0.67276,-0.08369,0.00423,-0.02982,0.99604,0.38915,0.73602,0.16228,
1520621264489587712,-1.02411,0.64646,0.67455,-0.08604,0.00572,-0.03077,0.99580,0.47155,0.65364,-0.13196,
1520621264589590784,-0.97239,0.70793,0.64996,-0.08263,0.01314,-0.03736,0.99579,0.53530,0.59652,-0.33419,
1520621264689593856,-0.91318,0.76382,0.61207,-0.08279,0.01727,-0.04781,0.99527,0.63699,0.51316,-0.42109,
1520621264789454080,-0.84345,0.80807,0.56965,-0.07136,0.01300,-0.04932,0.99615,0.74493,0.34999,-0.43895,
1520621264889457920,-0.76522,0.83705,0.52455,-0.05897,0.00384,-0.04501,0.99724,0.80253,0.22286,-0.48153,
1520621264989460992,-0.68236,0.85231,0.47280,-0.05484,-0.00535,-0.03761,0.99777,0.84702,0.08268,-0.56363,
1520621265089464064,-0.59581,0.85362,0.41301,-0.06044,-0.01904,-0.02414,0.99770,0.88739,-0.05654,-0.63682,
1520621265189616384,-0.50504,0.84051,0.34986,-0.07855,-0.03227,-0.00787,0.99636,0.93020,-0.23445,-0.63292,
1520621265289619456,-0.40779,0.81076,0.28931,-0.08609,-0.04203,0.00612,0.99538,0.99610,-0.36531,-0.59331,
1520621265389622528,-0.30641,0.76735,0.23314,-0.08125,-0.04899,0.01943,0.99530,1.01511,-0.53364,-0.54039,
1520621265489626368,-0.20465,0.70650,0.18172,-0.07182,-0.05005,0.03065,0.99569,1.01433,-0.70611,-0.49427,
1520621265589981696,-0.10254,0.62706,0.13566,-0.06271,-0.04681,0.04200,0.99605,1.02394,-0.86458,-0.42318,
1520621265689984768,0.00255,0.53558,0.09746,-0.05317,-0.04439,0.06094,0.99574,1.06729,-0.95955,-0.33170,
1520621265789991936,0.11074,0.43922,0.06989,-0.04839,-0.04082,0.08837,0.99407,1.07747,-0.96002,-0.22453,
1520621265889990912,0.21816,0.34393,0.05198,-0.04859,-0.04778,0.11000,0.99159,1.06935,-0.94434,-0.14354,
1520621265990137088,0.32260,0.25032,0.03921,-0.04571,-0.04776,0.12714,0.98968,1.05970,-0.88593,-0.11856,
1520621266090140160,0.42693,0.16394,0.02759,-0.03682,-0.03600,0.14039,0.98876,1.07748,-0.80964,-0.11797,
1520621266190143232,0.53588,0.08510,0.01660,-0.02145,-0.02307,0.14405,0.98907,1.13332,-0.74935,-0.09860,
1520621266290146048,0.65147,0.01286,0.01136,0.00242,-0.00762,0.12998,0.99148,1.17263,-0.68750,0.02170,
1520621266390149120,0.76970,-0.05622,0.01937,0.03515,-0.00243,0.10479,0.99387,1.14671,-0.63113,0.20116,
1520621266490284032,0.87924,-0.11829,0.04701,0.08092,-0.02071,0.11052,0.99036,0.98166,-0.54269,0.38901,
1520621266590286848,0.96835,-0.16503,0.09326,0.11953,-0.02365,0.12169,0.98506,0.74270,-0.33089,0.56804,
1520621266690289920,1.03147,-0.18824,0.15795,0.15361,-0.03269,0.11061,0.98138,0.46984,-0.10638,0.74581,
1520621266790292992,1.06435,-0.19139,0.23842,0.17905,-0.04598,0.08593,0.97900,0.14536,0.07324,0.85644,
1520621266889959168,1.06132,-0.17691,0.32324,0.18907,-0.05574,0.06053,0.97851,-0.19311,0.21002,0.83533,
1520621266989963264,1.02623,-0.15067,0.40087,0.18289,-0.06904,0.03770,0.97998,-0.50253,0.30355,0.70479,
1520621267089966336,0.96092,-0.11812,0.46183,0.16975,-0.08418,0.02167,0.98165,-0.79980,0.34916,0.50647,
1520621267189969152,0.86681,-0.08353,0.50034,0.14803,-0.09120,-0.00063,0.98477,-1.05527,0.34121,0.26197,
1520621267289811456,0.75243,-0.05148,0.51278,0.11423,-0.08350,-0.02571,0.98961,-1.20934,0.30129,-0.01702,
1520621267389814272,0.62905,-0.02238,0.49500,0.07799,-0.06120,-0.02608,0.99473,-1.24860,0.27895,-0.31852,
1520621267489817344,0.50334,0.00601,0.45280,0.03026,-0.03172,0.00369,0.99903,-1.25707,0.27361,-0.49600,
1520621267589820416,0.37926,0.03039,0.40026,-0.01933,-0.00617,0.04531,0.99877,-1.19761,0.22805,-0.54513,
1520621267689811712,0.26418,0.05376,0.34656,-0.05713,-0.00054,0.07606,0.99547,-1.09595,0.24140,-0.53986,
1520621267789765632,0.16038,0.07918,0.29516,-0.08457,0.00308,0.09261,0.99210,-0.96434,0.27852,-0.50320,
1520621267889768704,0.06984,0.11200,0.24946,-0.09844,0.00574,0.10200,0.98989,-0.84246,0.36145,-0.42414,
1520621267989771520,-0.01248,0.15148,0.21619,-0.11200,0.03111,0.12530,0.98529,-0.79159,0.42600,-0.24219,
1520621268089872896,-0.08754,0.19603,0.20448,-0.12126,0.04998,0.14158,0.98120,-0.68992,0.46589,-0.00232,
1520621268189875968,-0.15373,0.24099,0.21568,-0.12911,0.05654,0.12970,0.98148,-0.61889,0.44468,0.19630,
1520621268289878784,-0.20692,0.28275,0.23939,-0.14118,0.05816,0.11808,0.98119,-0.44420,0.42151,0.23976,
1520621268389881856,-0.23951,0.32770,0.26179,-0.12914,0.03765,0.10144,0.98571,-0.27354,0.45818,0.18131,
1520621268490060544,-0.25906,0.37267,0.27474,-0.11482,0.02754,0.08538,0.98933,-0.13837,0.45196,0.07733,
1520621268590063616,-0.26754,0.41633,0.28008,-0.09404,0.02018,0.06979,0.99291,-0.07600,0.40940,0.04478,
1520621268690067712,-0.26960,0.45618,0.28408,-0.06579,0.01352,0.04594,0.99668,-0.01623,0.39517,0.05045,
1520621268790070784,-0.26947,0.49465,0.28882,-0.02654,0.00771,0.01525,0.99950,0.00975,0.39475,0.05563,
1520621268889868288,-0.26669,0.53301,0.29153,0.01759,0.00578,-0.00524,0.99981,0.03871,0.37063,0.00853,
1520621268989871360,-0.26277,0.56545,0.28900,0.04510,0.00474,-0.00496,0.99896,0.02564,0.27637,-0.05077,
1520621269089874176,-0.25740,0.58759,0.28291,0.06770,0.00635,0.00161,0.99768,0.05707,0.17314,-0.06282,
1520621269189877248,-0.25284,0.60036,0.27595,0.07158,0.00344,0.00415,0.99742,0.02278,0.09072,-0.06377,
1520621269289766912,-0.25419,0.60854,0.26821,0.05725,-0.00132,0.01063,0.99830,-0.03744,0.08203,-0.09275,
1520621269389769728,-0.25444,0.61897,0.26114,0.05011,-0.00359,0.01364,0.99864,0.03006,0.11025,-0.06446,
1520621269489772800,-0.24983,0.63047,0.25418,0.06034,-0.01001,0.01872,0.99795,0.03344,0.10202,-0.06704,
1520621269589775872,-0.24601,0.63934,0.24902,0.05923,-0.00970,0.01719,0.99805,0.03942,0.07788,-0.02820,
1520621269689914112,-0.24270,0.64802,0.24803,0.05810,-0.00557,0.01668,0.99816,0.02055,0.07789,0.00730,
1520621269789917184,-0.24089,0.65635,0.25188,0.06285,-0.00402,0.01667,0.99788,0.01444,0.07550,0.07941,
1520621269889920256,-0.23979,0.66436,0.26125,0.06616,-0.00403,0.00767,0.99777,0.01427,0.07607,0.10373,
1520621269989923328,-0.23926,0.67248,0.27255,0.06456,-0.00937,-0.00200,0.99787,0.00115,0.07547,0.12995,
1520621270089969920,-0.23894,0.68069,0.28490,0.05930,-0.00864,-0.00418,0.99819,0.01385,0.08680,0.11615,
1520621270189972992,-0.23767,0.68911,0.29518,0.05862,-0.00118,0.00064,0.99828,0.00946,0.07832,0.09378,
1520621270289976832,-0.23687,0.69594,0.30323,0.05861,0.00413,0.00324,0.99827,0.00421,0.05597,0.07294,
1520621270389979904,-0.23726,0.70002,0.30961,0.05596,0.00050,-0.00015,0.99843,-0.01138,0.02965,0.05453,
1520621270489944320,-0.23812,0.70174,0.31387,0.05454,-0.00740,-0.00445,0.99847,0.00462,0.01754,0.04541,
1520621270589947136,-0.23674,0.70338,0.31654,0.05684,-0.00977,-0.01145,0.99827,0.02096,0.01377,0.01566,
1520621270689949952,-0.23513,0.70357,0.31633,0.05582,-0.00798,-0.00813,0.99838,0.01603,-0.00461,-0.00584,
1520621270789954304,-0.23298,0.70315,0.31735,0.05482,-0.00654,-0.00819,0.99844,0.02282,-0.00540,0.03364,
1520621270889923840,-0.23145,0.70199,0.32078,0.05494,-0.00652,-0.01342,0.99838,0.00616,-0.02201,0.03973,
1520621270989926912,-0.23115,0.69932,0.32406,0.04977,-0.00546,-0.01408,0.99865,-0.00251,-0.02503,0.02676,
1520621271089929728,-0.23181,0.69751,0.32624,0.04632,-0.00897,-0.02086,0.99867,-0.01217,-0.01276,0.01797,
1520621271189932800,-0.23248,0.69668,0.32756,0.04165,-0.00867,-0.02167,0.99886,-0.00294,-0.00812,0.00404,
1520621271289936896,-0.23304,0.69512,0.32680,0.03758,-0.00916,-0.01206,0.99918,-0.00700,-0.02720,0.00254,
1520621271389891072,-0.23361,0.69257,0.32685,0.03519,-0.01157,-0.02026,0.99911,0.00047,-0.02438,-0.01032,
1520621271489894144,-0.23339,0.69050,0.32404,0.03285,-0.00901,-0.01839,0.99925,0.00710,-0.02014,-0.03456,
