1403715894234057984,-0.03146,0.05647,0.09462,0.04642,0.82141,-0.02857,0.56772,-0.00110,0.13553,0.24379,
1403715894334057984,-0.03310,0.07424,0.12421,0.05828,0.81654,-0.02094,0.57395,0.00781,0.19740,0.31121,
1403715894434057984,-0.03344,0.09813,0.15633,0.06485,0.81469,-0.01813,0.57597,-0.00120,0.26794,0.28354,
1403715894534057984,-0.03744,0.13161,0.18666,0.06271,0.81858,-0.02155,0.57055,-0.00865,0.33411,0.18046,
1403715894634057984,-0.03683,0.16826,0.20540,0.05999,0.82193,-0.02511,0.56586,0.00596,0.39219,0.12134,
1403715894734057984,-0.03504,0.21388,0.22752,0.05351,0.82353,-0.03029,0.56393,0.03404,0.44042,0.17018,
1403715894834057984,-0.02866,0.26104,0.25082,0.04714,0.82059,-0.03478,0.56851,0.06331,0.46895,0.21525,
1403715894934057984,-0.01815,0.31122,0.27919,0.04464,0.81653,-0.03620,0.57444,0.07989,0.48997,0.24151,
1403715895034057984,-0.00727,0.35870,0.30555,0.04263,0.81417,-0.03737,0.57785,0.08515,0.50044,0.25977,
1403715895134057984,0.00310,0.40638,0.33055,0.04178,0.81376,-0.03848,0.57841,0.08554,0.50541,0.25423,
1403715895234057984,0.01319,0.45393,0.35372,0.03938,0.81401,-0.04068,0.57809,0.07192,0.50457,0.24102,
1403715895334057984,0.02293,0.50042,0.37604,0.03890,0.81394,-0.04135,0.57817,0.07551,0.49583,0.22851,
1403715895434057984,0.03238,0.54955,0.39822,0.03928,0.81364,-0.04164,0.57854,0.05814,0.50205,0.20568,
1403715895534057984,0.04122,0.60021,0.42091,0.03900,0.81418,-0.04231,0.57775,0.05414,0.49919,0.21511,
1403715895634057984,0.05083,0.65353,0.44519,0.03928,0.81440,-0.04295,0.57738,0.06787,0.50174,0.22275,
1403715895734057984,0.06003,0.70480,0.46750,0.03900,0.81483,-0.04375,0.57674,0.06805,0.50154,0.20452,
1403715895834057984,0.06964,0.75911,0.48943,0.03907,0.81494,-0.04438,0.57653,0.06813,0.49745,0.20323,
1403715895934057984,0.07817,0.80928,0.51087,0.03891,0.81476,-0.04472,0.57676,0.07024,0.49855,0.20230,
1403715896034057984,0.08637,0.86005,0.53194,0.03610,0.81512,-0.04695,0.57626,0.07086,0.50150,0.20641,
1403715896134057984,0.09511,0.90958,0.55189,0.02945,0.81562,-0.05104,0.57558,0.08057,0.48747,0.18402,
1403715896234057984,0.10412,0.95894,0.56962,0.01844,0.81425,-0.05867,0.57725,0.07697,0.45124,0.17165,
1403715896334057984,0.11097,0.99730,0.58675,0.00221,0.81030,-0.06965,0.58186,0.06618,0.37844,0.18900,
1403715896434057984,0.11641,1.02625,0.60420,-0.01112,0.80744,-0.07838,0.58461,0.04102,0.26777,0.18046,
1403715896534057984,0.11890,1.04284,0.62155,-0.02079,0.80431,-0.08436,0.58782,0.00228,0.13293,0.18454,
1403715896634057984,0.11733,1.04831,0.64161,-0.02710,0.80006,-0.08817,0.59279,-0.03940,-0.02032,0.19340,
1403715896734057984,0.11109,1.04333,0.66369,-0.03086,0.79764,-0.09010,0.59556,-0.09855,-0.15956,0.19311,
1403715896834057984,0.09942,1.02530,0.68509,-0.03637,0.80054,-0.09234,0.59101,-0.14813,-0.31554,0.18904,
1403715896934057984,0.08285,0.99014,0.70692,-0.04525,0.80319,-0.09733,0.58598,-0.18742,-0.46761,0.18521,
1403715897034057984,0.06192,0.93499,0.72784,-0.05915,0.80458,-0.10554,0.58139,-0.22181,-0.66470,0.19591,
1403715897134057984,0.03932,0.85656,0.74907,-0.06624,0.80508,-0.10971,0.57916,-0.23859,-0.89528,0.21014,
1403715897234057984,0.01380,0.75625,0.77258,-0.06017,0.80677,-0.10542,0.57826,-0.26184,-1.11653,0.21221,
1403715897334057984,-0.01289,0.63490,0.79575,-0.03562,0.81143,-0.08809,0.57668,-0.26031,-1.28837,0.22892,
1403715897434057984,-0.04033,0.50124,0.81926,-0.00748,0.81641,-0.06829,0.57338,-0.26001,-1.37788,0.22940,
1403715897534057984,-0.06574,0.36166,0.84168,0.00807,0.81805,-0.05695,0.57227,-0.24376,-1.41246,0.21019,
1403715897634057984,-0.08849,0.21947,0.86044,0.00630,0.81805,-0.05802,0.57218,-0.22197,-1.42820,0.16875,
1403715897734057984,-0.10857,0.07435,0.87718,-0.00380,0.81675,-0.06450,0.57336,-0.21192,-1.46255,0.16746,
1403715897834057984,-0.12722,-0.07618,0.89466,-0.01190,0.81404,-0.06914,0.57655,-0.20677,-1.52323,0.16529,
1403715897934057984,-0.14329,-0.23373,0.91204,-0.01090,0.81024,-0.06720,0.58213,-0.19426,-1.59318,0.17935,
1403715898034057984,-0.15969,-0.39862,0.92973,-0.00435,0.80606,-0.06160,0.58861,-0.20309,-1.65326,0.18175,
1403715898134057984,-0.18009,-0.56841,0.94724,0.00655,0.79802,-0.05637,0.59995,-0.23415,-1.69072,0.17711,
1403715898234057984,-0.20549,-0.73942,0.96267,0.01877,0.79177,-0.05754,0.60781,-0.28863,-1.70197,0.14654,
1403715898334057984,-0.23634,-0.90934,0.97336,0.03254,0.79153,-0.06438,0.60686,-0.36844,-1.69240,0.08317,
1403715898434057984,-0.27341,-1.07791,0.97825,0.04549,0.79618,-0.07653,0.59847,-0.41321,-1.66568,0.03466,
1403715898534057984,-0.31444,-1.24278,0.98019,0.05748,0.80237,-0.09291,0.58674,-0.43008,-1.62629,-0.00100,
1403715898634057984,-0.35481,-1.40598,0.97776,0.07067,0.80577,-0.11013,0.57759,-0.42518,-1.59849,-0.05315,
1403715898734057984,-0.39468,-1.56615,0.96592,0.08462,0.80152,-0.12805,0.57794,-0.42512,-1.55939,-0.16564,
1403715898834057984,-0.43379,-1.72106,0.94117,0.09635,0.80040,-0.14304,0.57412,-0.41888,-1.52249,-0.29163,
1403715898934057984,-0.47125,-1.87379,0.90510,0.10418,0.80012,-0.15456,0.57015,-0.39574,-1.48846,-0.41561,
1403715899034057984,-0.50427,-2.02484,0.85872,0.10986,0.79952,-0.16172,0.56793,-0.36182,-1.46159,-0.52739,
1403715899134057984,-0.52689,-2.20570,0.80457,0.11068,0.80328,-0.16633,0.56109,-0.31973,-1.46725,-0.57106,
1403715899234057984,-0.54862,-2.36707,0.75098,0.11532,0.81090,-0.16666,0.54896,-0.26157,-1.45678,-0.49031,
1403715899334057984,-0.56683,-2.51329,0.70711,0.11951,0.81962,-0.16444,0.53563,-0.18964,-1.41287,-0.38424,
1403715899434057984,-0.57460,-2.65490,0.67694,0.12494,0.82663,-0.15883,0.52521,-0.06364,-1.37695,-0.23472,
1403715899534057984,-0.56870,-2.78908,0.66118,0.12419,0.82777,-0.15628,0.52435,0.06914,-1.33949,-0.14758,
1403715899634057984,-0.54775,-2.91315,0.65000,0.11992,0.82806,-0.15584,0.52502,0.19675,-1.29210,-0.13854,
1403715899734057984,-0.51433,-3.03398,0.64019,0.12013,0.82775,-0.15181,0.52664,0.33116,-1.24368,-0.12828,
1403715899834057984,-0.46976,-3.14061,0.63445,0.12629,0.82450,-0.14294,0.53274,0.44675,-1.17570,-0.09076,
1403715899934057984,-0.41809,-3.25091,0.62914,0.13661,0.82032,-0.13062,0.53977,0.53656,-1.09112,-0.06143,
1403715900034057984,-0.35838,-3.35651,0.62293,0.14680,0.81797,-0.11984,0.54316,0.62063,-0.98085,-0.08316,
1403715900134057984,-0.29088,-3.45488,0.61658,0.15195,0.81710,-0.11364,0.54437,0.70076,-0.86811,-0.05803,
1403715900234057984,-0.21578,-3.53947,0.61190,0.15596,0.81642,-0.10874,0.54526,0.78433,-0.73441,-0.05036,
1403715900334057984,-0.13236,-3.60968,0.60769,0.15786,0.81674,-0.10664,0.54465,0.86633,-0.58909,-0.03200,
1403715900434057984,-0.04392,-3.65727,0.60458,0.15659,0.81719,-0.10734,0.54421,0.93805,-0.42471,-0.03529,
1403715900534057984,0.05298,-3.69254,0.60354,0.13798,0.81329,-0.12088,0.55219,1.00264,-0.29898,0.00930,
1403715900634057984,0.14883,-3.70985,0.60717,0.12235,0.80345,-0.13201,0.56752,1.02282,-0.21644,0.03808,
1403715900734057984,0.24739,-3.72482,0.61200,0.10688,0.78936,-0.14309,0.58738,0.99441,-0.16651,0.04473,
1403715900834057984,0.34146,-3.73658,0.61873,0.10785,0.77453,-0.14299,0.60665,0.92303,-0.11798,0.06874,
1403715900934057984,0.42593,-3.74336,0.62617,0.11460,0.76493,-0.13949,0.61830,0.79925,-0.06402,0.07791,
1403715901034057984,0.49752,-3.74425,0.63564,0.11891,0.75550,-0.13699,0.62953,0.66354,0.01487,0.12103,
1403715901134057984,0.55587,-3.73771,0.64731,0.12191,0.74669,-0.13547,0.63972,0.49403,0.10575,0.13810,
1403715901234057984,0.59938,-3.72242,0.66052,0.12303,0.73933,-0.13591,0.64791,0.31600,0.20146,0.16417,
1403715901334057984,0.62455,-3.69775,0.67512,0.12092,0.73814,-0.13945,0.64891,0.11912,0.29097,0.16127,
1403715901434057984,0.63276,-3.66463,0.68956,0.11477,0.74746,-0.14581,0.63786,-0.05310,0.36205,0.13173,
1403715901534057984,0.62446,-3.62603,0.70321,0.11182,0.76048,-0.15034,0.62175,-0.19151,0.40905,0.16438,
1403715901634057984,0.61138,-3.58259,0.71957,0.11500,0.76596,-0.15037,0.61439,-0.28024,0.44783,0.17806,
1403715901734057984,0.58301,-3.53394,0.73409,0.11512,0.77023,-0.15151,0.60872,-0.37129,0.49516,0.14238,
1403715901834057984,0.54390,-3.48221,0.74683,0.11431,0.77781,-0.15283,0.59882,-0.43211,0.52889,0.13080,
1403715901934057984,0.49878,-3.42525,0.75743,0.11390,0.78316,-0.15319,0.59179,-0.48238,0.56075,0.11319,
1403715902034057984,0.44851,-3.36586,0.76717,0.11281,0.78456,-0.15358,0.59004,-0.52838,0.58967,0.10270,
1403715902134057984,0.39324,-3.30351,0.77623,0.11634,0.78371,-0.15071,0.59123,-0.55582,0.62522,0.08209,
1403715902234057984,0.33613,-3.23987,0.78278,0.12286,0.78564,-0.14504,0.58876,-0.57886,0.65676,0.05389,
1403715902334057984,0.27675,-3.17175,0.78641,0.12695,0.79147,-0.14115,0.58098,-0.60483,0.70533,0.04100,
1403715902434057984,0.21547,-3.09867,0.79173,0.12778,0.79624,-0.13957,0.57463,-0.60567,0.76472,0.04238,
1403715902534057984,0.15353,-3.02128,0.79668,0.11706,0.80051,-0.14565,0.56945,-0.59092,0.80274,0.04736,
1403715902634057984,0.09417,-2.94065,0.80262,0.10474,0.80516,-0.14893,0.56441,-0.56402,0.82372,0.06631,
1403715902734057984,0.03884,-2.85895,0.80557,0.09174,0.81183,-0.14559,0.55796,-0.53932,0.82328,-0.01310,
1403715902834057984,-0.01477,-2.77794,0.79966,0.07884,0.81953,-0.13476,0.55136,-0.47057,0.79565,-0.12507,
1403715902934057984,-0.06075,-2.69809,0.78371,0.06772,0.82659,-0.11871,0.54595,-0.40257,0.76886,-0.18714,
1403715903034057984,-0.09794,-2.62133,0.76667,0.06018,0.82978,-0.09652,0.54638,-0.32476,0.75667,-0.16232,
1403715903134057984,-0.12834,-2.54532,0.75146,0.05413,0.83137,-0.07073,0.54853,-0.24509,0.75200,-0.14350,
1403715903234057984,-0.15408,-2.46814,0.73817,0.04770,0.83259,-0.04984,0.54958,-0.18270,0.76561,-0.13006,
1403715903334057984,-0.17453,-2.39632,0.72014,0.03575,0.83728,-0.03898,0.54422,-0.11356,0.76440,-0.14016,
1403715903434057984,-0.18808,-2.31732,0.70793,0.02200,0.84249,-0.02997,0.53743,-0.01616,0.78250,-0.03978,
1403715903534057984,-0.18751,-2.23680,0.70919,0.00834,0.84508,-0.01651,0.53432,0.09289,0.79919,0.09336,
1403715903634057984,-0.16980,-2.16104,0.72687,-0.00605,0.84514,0.00238,0.53450,0.21453,0.79876,0.24206,
1403715903734057984,-0.13779,-2.09488,0.76180,-0.02148,0.84129,0.02567,0.53955,0.31636,0.78652,0.38507,
1403715903834057984,-0.09658,-2.03045,0.80923,-0.04621,0.83351,0.04680,0.54858,0.41854,0.77058,0.51621,
1403715903934057984,-0.05088,-1.96533,0.86615,-0.07219,0.82336,0.07304,0.55815,0.47340,0.74896,0.56620,
1403715904034057984,-0.00274,-1.90344,0.92379,-0.09801,0.81268,0.10419,0.56488,0.47997,0.71289,0.55943,
1403715904134057984,0.04666,-1.84830,0.97848,-0.12568,0.80361,0.13607,0.56559,0.47839,0.65064,0.53669,
1403715904234057984,0.09354,-1.79697,1.02998,-0.14668,0.79519,0.17342,0.56222,0.45242,0.58359,0.50188,
1403715904334057984,0.13975,-1.74907,1.07794,-0.16081,0.78265,0.21435,0.56183,0.45000,0.54136,0.46246,
1403715904434057984,0.18487,-1.70295,1.11779,-0.17661,0.76845,0.24981,0.56204,0.42133,0.52035,0.34004,
1403715904534057984,0.22939,-1.65583,1.14456,-0.18846,0.75457,0.28197,0.56177,0.38948,0.50410,0.21820,
1403715904634057984,0.27020,-1.60847,1.15909,-0.19881,0.73869,0.31312,0.56282,0.32312,0.50058,0.08210,
1403715904734057984,0.30549,-1.55795,1.16181,-0.21911,0.72438,0.33878,0.55901,0.23156,0.50240,-0.05422,
1403715904834057984,0.33423,-1.50410,1.15246,-0.24981,0.71485,0.36060,0.54457,0.15881,0.50223,-0.16191,
1403715904934057984,0.35769,-1.45005,1.13282,-0.28040,0.69976,0.38533,0.53220,0.10429,0.48427,-0.28770,
1403715905034057984,0.37589,-1.39860,1.10256,-0.30895,0.67903,0.41253,0.52276,0.06139,0.44518,-0.37581,
1403715905134057984,0.39224,-1.35176,1.06144,-0.33478,0.65430,0.43860,0.51714,0.03067,0.38352,-0.50120,
1403715905234057984,0.40205,-1.31360,1.01351,-0.35283,0.62945,0.46406,0.51376,-0.01379,0.30234,-0.51741,
1403715905334057984,0.40438,-1.28541,0.96253,-0.35867,0.61566,0.49346,0.49881,-0.07643,0.19535,-0.53821,
1403715905434057984,0.39661,-1.26823,0.91334,-0.36367,0.60409,0.52096,0.48107,-0.16428,0.12494,-0.49212,
1403715905534057984,0.37781,-1.25758,0.86831,-0.37029,0.59291,0.54617,0.46157,-0.24383,0.07649,-0.48083,
1403715905634057984,0.34887,-1.25134,0.82538,-0.38713,0.58390,0.56500,0.43586,-0.31353,0.05515,-0.45118,
1403715905734057984,0.31137,-1.25173,0.78439,-0.40983,0.57384,0.58125,0.40607,-0.35729,0.02128,-0.42600,
1403715905834057984,0.27165,-1.25447,0.74390,-0.43036,0.55619,0.60231,0.37771,-0.36744,0.00707,-0.42374,
1403715905934057984,0.23474,-1.25827,0.70229,-0.44128,0.53506,0.63205,0.34569,-0.35346,0.01799,-0.42624,
1403715906034057984,0.19931,-1.25898,0.66194,-0.44641,0.50680,0.66574,0.31729,-0.35324,0.05391,-0.39786,
1403715906134057984,0.16338,-1.25108,0.62575,-0.45630,0.46773,0.69493,0.30015,-0.35272,0.12228,-0.32889,
1403715906234057984,0.12517,-1.23761,0.59340,-0.47131,0.41879,0.71844,0.29382,-0.39827,0.14362,-0.32073,
1403715906334057984,0.08164,-1.22067,0.56122,-0.48449,0.37504,0.73963,0.27848,-0.45953,0.14526,-0.31184,
1403715906434057984,0.03256,-1.20540,0.52965,-0.49656,0.33398,0.75818,0.25893,-0.52026,0.12070,-0.31016,
1403715906534057984,-0.02086,-1.19045,0.50381,0.51284,-0.29447,-0.77044,-0.23814,-0.58725,0.08904,-0.25275,
1403715906634057984,-0.07926,-1.18015,0.48655,0.52971,-0.26159,-0.77946,-0.20837,-0.63348,0.04055,-0.14236,
1403715906734057984,-0.13907,-1.17552,0.48405,0.54623,-0.23161,-0.78614,-0.17316,-0.64825,0.00567,-0.00558,
1403715906834057984,-0.19909,-1.17568,0.48962,0.55793,-0.19872,-0.79385,-0.13791,-0.63100,-0.01844,0.03009,
1403715906934057984,-0.25496,-1.17844,0.49244,0.56900,-0.16058,-0.79940,-0.10686,-0.58673,-0.03161,-0.04182,
1403715907034057984,-0.30820,-1.18131,0.48421,0.57774,-0.11869,-0.80358,-0.07992,-0.53927,-0.03763,-0.16431,
1403715907134057984,-0.35829,-1.18475,0.46999,0.57925,-0.06921,-0.80996,-0.06035,-0.51596,-0.05912,-0.14594,
1403715907234057984,-0.40542,-1.19419,0.46357,0.58029,-0.01855,-0.81340,-0.03617,-0.48204,-0.12102,-0.00998,
1403715907334057984,-0.44694,-1.20925,0.47309,0.58022,0.02916,-0.81392,-0.00559,-0.43327,-0.18371,0.13155,
1403715907434057984,-0.48423,-1.23106,0.49325,0.58073,0.07748,-0.81011,0.02155,-0.38832,-0.24341,0.21720,
1403715907534057984,-0.51887,-1.25844,0.51765,0.57863,0.12170,-0.80515,0.04587,-0.34390,-0.30410,0.24488,
1403715907634057984,-0.54756,-1.29175,0.54172,0.57529,0.15860,-0.79920,0.07190,-0.28763,-0.36586,0.23187,
1403715907734057984,-0.57212,-1.33041,0.56547,0.57523,0.18840,-0.78957,0.10097,-0.23238,-0.42016,0.22035,
1403715907834057984,-0.59300,-1.37342,0.58617,0.57556,0.21606,-0.77793,0.12988,-0.17174,-0.45558,0.18738,
1403715907934057984,-0.60518,-1.41793,0.60370,0.57195,0.24086,-0.76716,0.16226,-0.10579,-0.46088,0.15781,
1403715908034057984,-0.61197,-1.46186,0.61873,0.56479,0.26797,-0.75585,0.19464,-0.03984,-0.44623,0.13419,
1403715908134057984,-0.61167,-1.50459,0.63295,0.55674,0.29882,-0.74166,0.22516,0.01524,-0.41953,0.11032,
1403715908234057984,-0.60750,-1.54374,0.64336,0.54467,0.33350,-0.72654,0.25347,0.08761,-0.36121,0.06835,
1403715908334057984,-0.59720,-1.57848,0.65138,0.52987,0.36931,-0.71001,0.28061,0.13277,-0.30346,0.05734,
1403715908434057984,-0.58374,-1.60903,0.66039,0.51340,0.40499,-0.69151,0.30696,0.16053,-0.26400,0.06436,
1403715908534057984,-0.56594,-1.63331,0.67007,-0.49690,-0.44129,0.66921,-0.33243,0.19765,-0.20681,0.08469,
1403715908634057984,-0.54393,-1.65216,0.67994,-0.48089,-0.47807,0.64294,-0.35612,0.23234,-0.15440,0.08721,
1403715908734057984,-0.51579,-1.66219,0.68810,-0.46658,-0.51163,0.61313,-0.38028,0.26067,-0.09334,0.07065,
1403715908834057984,-0.48526,-1.66417,0.69290,-0.44897,-0.54003,0.58506,-0.40558,0.28474,-0.01681,0.04087,
1403715908934057984,-0.45513,-1.65941,0.69334,0.42534,0.56972,-0.56091,0.42412,0.30210,0.07005,0.00229,
1403715909034057984,-0.42365,-1.65148,0.69252,0.40341,0.60192,-0.53500,0.43444,0.30996,0.12699,-0.02254,
1403715909134057984,-0.39126,-1.63984,0.68998,0.38371,0.63126,-0.50807,0.44288,0.33475,0.15894,-0.04486,
1403715909234057984,-0.35384,-1.62534,0.68531,0.36316,0.65528,-0.48310,0.45315,0.36740,0.18653,-0.06711,
1403715909334057984,-0.31164,-1.60952,0.67815,0.34348,0.67452,-0.45867,0.46548,0.39968,0.19741,-0.09322,
1403715909434057984,-0.26531,-1.59000,0.66854,0.32748,0.69263,-0.43256,0.47529,0.43745,0.21850,-0.12382,
1403715909534057984,-0.21427,-1.56771,0.65488,0.31704,0.71055,-0.40098,0.48355,0.49925,0.24430,-0.17063,
1403715909634057984,-0.15695,-1.54170,0.63804,0.30181,0.72873,-0.36797,0.49241,0.56610,0.29296,-0.18934,
1403715909734057984,-0.09336,-1.51064,0.61955,0.27802,0.74380,-0.33527,0.50701,0.62519,0.34566,-0.22401,
1403715909834057984,-0.02433,-1.47294,0.59921,0.24826,0.75790,-0.29960,0.52364,0.69186,0.40398,-0.22129,
1403715909934057984,0.04880,-1.42772,0.57847,0.21114,0.76627,-0.26079,0.54794,0.70673,0.46647,-0.22563,
1403715910034057984,0.12042,-1.37614,0.55699,0.17280,0.77306,-0.21567,0.57097,0.68160,0.52835,-0.24021,
1403715910134057984,0.18645,-1.31975,0.53289,0.13501,0.78314,-0.16626,0.58380,0.61556,0.58416,-0.27471,
1403715910234057984,0.24721,-1.25847,0.50673,0.09940,0.79446,-0.11810,0.58738,0.55433,0.61073,-0.27964,
1403715910334057984,0.30155,-1.19409,0.48280,0.06664,0.80013,-0.07416,0.59148,0.49734,0.63005,-0.23443,
1403715910434057984,0.34807,-1.12906,0.46028,0.03901,0.79876,-0.03406,0.59942,0.43105,0.65090,-0.21869,
1403715910534057984,0.38274,-1.06411,0.43888,0.01415,0.79348,0.00321,0.60843,0.32657,0.66956,-0.20549,
1403715910634057984,0.40758,-0.99731,0.42017,-0.01066,0.79020,0.03656,0.61166,0.23104,0.68696,-0.16989,
1403715910734057984,0.42141,-0.92939,0.40609,-0.03625,0.78914,0.06675,0.60950,0.14481,0.69538,-0.13562,
1403715910834057984,0.42689,-0.86183,0.39497,-0.06029,0.78597,0.09629,0.60774,0.04534,0.69385,-0.09579,
1403715910934057984,0.42163,-0.79488,0.38448,-0.08511,0.78238,0.12507,0.60415,-0.06920,0.68741,-0.10152,
1403715911034057984,0.40757,-0.72654,0.37341,-0.11099,0.77825,0.15255,0.59895,-0.17000,0.67275,-0.08050,
1403715911134057984,0.38374,-0.66040,0.36396,-0.13751,0.76792,0.17924,0.59938,-0.26992,0.63154,-0.07480,
1403715911234057984,0.34946,-0.59784,0.35476,-0.16335,0.75721,0.20718,0.59752,-0.37431,0.58700,-0.06841,
1403715911334057984,0.30648,-0.53786,0.34477,-0.18742,0.74957,0.23685,0.58900,-0.47550,0.52686,-0.07722,
1403715911434057984,0.25493,-0.48438,0.33401,-0.21082,0.74344,0.26539,0.57656,-0.55008,0.46443,-0.10428,
1403715911534057984,0.19580,-0.43790,0.32091,-0.23182,0.74050,0.29207,0.55912,-0.61681,0.38820,-0.12641,
1403715911634057984,0.13144,-0.39641,0.30685,-0.24594,0.73802,0.32130,0.54001,-0.65289,0.33118,-0.12618,
1403715911734057984,0.06509,-0.36031,0.29646,-0.25413,0.73028,0.35308,0.52672,-0.66833,0.30243,-0.04411,
1403715911834057984,-0.00263,-0.32742,0.29838,-0.26371,0.71901,0.38166,0.51751,-0.69572,0.28310,0.09555,
1403715911934057984,-0.07301,-0.29622,0.31311,-0.27637,0.70680,0.40494,0.50997,-0.72040,0.27855,0.21437,
1403715912034057984,-0.14540,-0.26519,0.34044,-0.29089,0.69650,0.42265,0.50164,-0.74110,0.26425,0.31803,
1403715912134057984,-0.21955,-0.23455,0.37330,-0.30676,0.68855,0.43519,0.49235,-0.75173,0.25965,0.32405,
1403715912234057984,-0.29377,-0.20427,0.40556,-0.32100,0.68053,0.44717,0.48361,-0.75667,0.24938,0.30475,
1403715912334057984,-0.36738,-0.17686,0.43603,-0.33397,0.67117,0.45944,0.47635,-0.74938,0.23346,0.27452,
1403715912434057984,-0.43808,-0.15124,0.46464,-0.34478,0.66183,0.47363,0.46774,-0.74088,0.21560,0.26860,
1403715912534057984,-0.50882,-0.12925,0.49172,-0.35661,0.65073,0.48909,0.45845,-0.72569,0.19597,0.25330,
1403715912634057984,-0.57968,-0.10926,0.51715,-0.36987,0.63792,0.50685,0.44651,-0.71830,0.18361,0.24415,
1403715912734057984,-0.64868,-0.09048,0.54330,-0.38507,0.62071,0.52727,0.43408,-0.71436,0.17608,0.25705,
1403715912834057984,-0.71833,-0.07339,0.56904,-0.40227,0.59924,0.55117,0.41870,-0.70012,0.15516,0.23135,
1403715912934057984,-0.78690,-0.05933,0.58579,-0.42048,0.57342,0.57785,0.40059,-0.68675,0.13320,0.10376,
1403715913034057984,-0.85379,-0.04802,0.58856,-0.43918,0.54653,0.60290,0.38071,-0.66723,0.10470,-0.04836,
1403715913134057984,-0.91937,-0.03830,0.57790,-0.45543,0.51785,0.62712,0.36213,-0.65672,0.08436,-0.14319,
1403715913234057984,-0.98509,-0.02881,0.56308,-0.47413,0.48737,0.64646,0.34606,-0.63020,0.05909,-0.14287,
1403715913334057984,-1.04959,-0.02101,0.54982,-0.48841,0.45336,0.66405,0.33905,-0.59630,0.03767,-0.13025,
1403715913434057984,-1.11084,-0.01837,0.53791,-0.49603,0.42313,0.67833,0.33880,-0.58353,-0.02632,-0.11483,
1403715913534057984,-1.17383,-0.02512,0.52680,0.50171,-0.39943,-0.68576,-0.34421,-0.57901,-0.13012,-0.10690,
1403715913634057984,-1.23726,-0.04367,0.51560,-0.49944,0.37707,0.69260,0.35872,-0.60888,-0.25256,-0.12224,
1403715913734057984,-1.30779,-0.07565,0.50595,-0.49707,0.36635,0.69628,0.36594,-0.67598,-0.41832,-0.11509,
1403715913834057984,-1.38683,-0.12047,0.49602,-0.49284,0.37140,0.70032,0.35878,-0.77346,-0.54788,-0.09757,
1403715913934057984,-1.47287,-0.17998,0.49038,-0.48748,0.38241,0.70391,0.34734,-0.84836,-0.66304,-0.04672,
1403715914034057984,-1.56316,-0.24826,0.48945,-0.48384,0.39084,0.70477,0.34123,-0.91917,-0.74532,-0.00411,
1403715914134057984,-1.65764,-0.32436,0.49266,-0.47927,0.39499,0.70474,0.34297,-0.98970,-0.80883,0.02300,
1403715914234057984,-1.75876,-0.40680,0.49626,-0.47810,0.41012,0.70062,0.33519,-1.03876,-0.86413,0.01728,
1403715914334057984,-1.86320,-0.49245,0.50039,-0.47015,0.43496,0.69715,0.32211,-1.07022,-0.87262,0.02234,
1403715914434057984,-1.96921,-0.57504,0.50639,-0.45539,0.46018,0.69505,0.31266,-1.07965,-0.83469,0.04941,
1403715914534057984,-2.07777,-0.65351,0.51464,-0.44034,0.48097,0.69124,0.31137,-1.10470,-0.76123,0.08486,
1403715914634057984,-2.18785,-0.72502,0.52439,-0.43000,0.50362,0.68217,0.31003,-1.11517,-0.66990,0.07677,
1403715914734057984,-2.29791,-0.78671,0.53313,-0.42387,0.53346,0.66700,0.30144,-1.10029,-0.54843,0.05318,
1403715914834057984,-2.40741,-0.83504,0.53892,-0.42308,0.56736,0.64703,0.28366,-1.05590,-0.38621,0.04646,
1403715914934057984,-2.50949,-0.86767,0.54498,-0.42265,0.59205,0.63044,0.27090,-0.94565,-0.20437,0.05444,
1403715915034057984,-2.60001,-0.88029,0.55286,-0.42317,0.60610,0.61853,0.26643,-0.80623,0.00701,0.06503,
1403715915134057984,-2.67942,-0.87447,0.56206,-0.42423,0.61322,0.61088,0.26611,-0.64152,0.21905,0.08237,
1403715915234057984,-2.74322,-0.84809,0.57387,-0.42811,0.60897,0.60658,0.27918,-0.46741,0.42469,0.13188,
1403715915334057984,-2.79008,-0.80258,0.58619,-0.42919,0.58983,0.60980,0.30989,-0.35538,0.54838,0.11358,
1403715915434057984,-2.82524,-0.74482,0.59012,-0.42625,0.56934,0.61640,0.33796,-0.29908,0.62836,-0.02483,
1403715915534057984,-2.85381,-0.67859,0.57658,-0.42625,0.55624,0.61962,0.35352,-0.27378,0.67417,-0.20283,
1403715915634057984,-2.87820,-0.60821,0.54866,-0.42481,0.54501,0.62374,0.36531,-0.26593,0.70645,-0.30965,
1403715915734057984,-2.90165,-0.53525,0.51386,-0.42201,0.53870,0.62861,0.36954,-0.28014,0.71847,-0.33717,
1403715915834057984,-2.92703,-0.46097,0.47762,-0.41979,0.54170,0.63256,0.36085,-0.29503,0.74688,-0.34496,
1403715915934057984,-2.95488,-0.38314,0.44351,-0.41696,0.54523,0.63678,0.35126,-0.29938,0.79715,-0.31405,
1403715916034057984,-2.98399,-0.29993,0.41261,-0.42187,0.54337,0.63566,0.35031,-0.29928,0.84850,-0.30820,
1403715916134057984,-3.01291,-0.21173,0.38257,-0.42508,0.54292,0.63100,0.35550,-0.27992,0.88726,-0.30175,
1403715916234057984,-3.03969,-0.12076,0.35352,-0.42583,0.54817,0.61983,0.36605,-0.26159,0.89819,-0.29883,
1403715916334057984,-3.06350,-0.02925,0.32610,-0.42045,0.55965,0.60502,0.37944,-0.23900,0.90921,-0.29152,
1403715916434057984,-3.08545,0.06364,0.30012,-0.41435,0.57591,0.58587,0.39164,-0.22184,0.91228,-0.29160,
1403715916534057984,-3.10687,0.15728,0.27287,-0.40423,0.59771,0.56491,0.40026,-0.19824,0.91147,-0.28961,
1403715916634057984,-3.12580,0.24995,0.24692,-0.39227,0.61987,0.54201,0.41002,-0.17052,0.90481,-0.27867,
1403715916734057984,-3.14180,0.34290,0.22209,-0.38501,0.64174,0.51722,0.41523,-0.13853,0.91306,-0.26081,
1403715916834057984,-3.15242,0.43562,0.20025,-0.38114,0.66002,0.49494,0.41730,-0.07443,0.91149,-0.23264,
1403715916934057984,-3.15461,0.52672,0.18352,-0.38427,0.67402,0.47240,0.41817,0.03038,0.91037,-0.17271,
1403715917034057984,-3.14486,0.61468,0.17188,-0.38685,0.68215,0.45504,0.42185,0.15028,0.87329,-0.12335,
1403715917134057984,-3.12137,0.70041,0.16685,-0.38531,0.67618,0.44317,0.44488,0.30638,0.83803,-0.02866,
1403715917234057984,-3.08628,0.77809,0.16680,-0.36846,0.66038,0.43894,0.48525,0.36527,0.73929,-0.00192,
1403715917334057984,-3.05041,0.84310,0.16442,-0.35068,0.65441,0.43187,0.51211,0.34388,0.60418,-0.02897,
1403715917434057984,-3.01916,0.89913,0.16133,-0.33979,0.65603,0.42502,0.52299,0.28419,0.49638,-0.02584,
1403715917534057984,-2.99378,0.94565,0.15735,-0.33475,0.66993,0.42021,0.51241,0.22778,0.40408,-0.05499,
1403715917634057984,-2.97148,0.98265,0.14902,-0.33687,0.68372,0.41443,0.49729,0.22605,0.34893,-0.09942,
1403715917734057984,-2.94840,1.01371,0.13547,-0.34690,0.68555,0.40575,0.49503,0.24353,0.29348,-0.13134,
1403715917834057984,-2.92495,1.03302,0.12022,-0.35470,0.67845,0.40056,0.50343,0.25668,0.17834,-0.10640,
1403715917934057984,-2.90382,1.03583,0.10819,-0.35769,0.67009,0.40043,0.51254,0.24541,0.02754,-0.06621,
1403715918034057984,-2.88507,1.02400,0.09926,-0.35253,0.66306,0.40592,0.52086,0.21691,-0.13938,-0.02917,
1403715918134057984,-2.86777,1.00243,0.09059,-0.33566,0.66292,0.41189,0.52746,0.17682,-0.27476,-0.05205,
1403715918234057984,-2.85252,0.97316,0.08207,-0.32394,0.66644,0.40706,0.53406,0.12271,-0.37309,-0.04362,
1403715918334057984,-2.84228,0.93401,0.07087,-0.32256,0.67925,0.39095,0.53078,0.06477,-0.46899,-0.16800,
1403715918434057984,-2.83511,0.88634,0.04592,-0.32080,0.70195,0.37302,0.51499,0.04462,-0.54431,-0.30703,
1403715918534057984,-2.82865,0.82989,0.00931,-0.31463,0.72231,0.35700,0.50183,0.06832,-0.61812,-0.40157,
1403715918634057984,-2.81839,0.76616,-0.03524,-0.30640,0.73517,0.34425,0.49713,0.12862,-0.67032,-0.43548,
1403715918734057984,-2.80128,0.69783,-0.07463,-0.29025,0.74098,0.34272,0.49924,0.19375,-0.72140,-0.29250,
1403715918834057984,-2.77936,0.62682,-0.09941,-0.26742,0.74328,0.35101,0.50280,0.22335,-0.73980,-0.17145,
1403715918934057984,-2.75609,0.55720,-0.11353,-0.24609,0.74961,0.36229,0.49625,0.23368,-0.70889,-0.04511,
1403715919034057984,-2.72973,0.49259,-0.11484,-0.23277,0.75767,0.37010,0.48454,0.27624,-0.60801,0.09579,
1403715919134057984,-2.69948,0.43736,-0.10304,-0.21975,0.75858,0.38004,0.48150,0.31194,-0.49119,0.17771,
1403715919234057984,-2.66594,0.39570,-0.08628,-0.20627,0.74877,0.39254,0.49265,0.32959,-0.34818,0.18997,
1403715919334057984,-2.63317,0.37102,-0.06885,-0.19820,0.73318,0.40254,0.51101,0.29010,-0.19919,0.15816,
1403715919434057984,-2.60752,0.36051,-0.06165,-0.20846,0.72865,0.39781,0.51706,0.22120,-0.09803,0.00645,
1403715919534057984,-2.58781,0.36131,-0.06909,-0.22444,0.72935,0.38744,0.51726,0.18037,-0.01248,-0.14208,
1403715919634057984,-2.57115,0.36909,-0.08988,-0.23515,0.73020,0.37950,0.51720,0.15288,0.05422,-0.27324,
1403715919734057984,-2.55608,0.38226,-0.12328,-0.23661,0.73028,0.37740,0.51796,0.12990,0.10993,-0.37531,
1403715919834057984,-2.54552,0.39824,-0.16365,-0.23263,0.72824,0.37923,0.52128,0.09144,0.15803,-0.42273,
1403715919934057984,-2.53999,0.41841,-0.20691,-0.22980,0.72888,0.38133,0.52011,0.02613,0.21270,-0.42095,
1403715920034057984,-2.53804,0.44506,-0.24327,-0.22876,0.73468,0.38312,0.51102,-0.00966,0.28609,-0.29577,
1403715920134057984,-2.53946,0.47801,-0.26584,-0.23011,0.73954,0.38383,0.50280,-0.03988,0.35356,-0.15113,
1403715920234057984,-2.54258,0.51871,-0.27383,-0.23488,0.74258,0.38256,0.49705,-0.03883,0.44994,0.00198,
1403715920334057984,-2.54499,0.56841,-0.26407,-0.24818,0.73946,0.37960,0.49750,-0.03271,0.51804,0.14174,
1403715920434057984,-2.54719,0.62195,-0.24422,-0.26155,0.73431,0.37690,0.50033,-0.02357,0.54833,0.19986,
1403715920534057984,-2.54775,0.67758,-0.22220,-0.27432,0.72753,0.37355,0.50587,-0.00674,0.55113,0.20802,
1403715920634057984,-2.54731,0.73113,-0.20232,-0.28562,0.72055,0.36948,0.51256,-0.00283,0.52421,0.19485,
1403715920734057984,-2.54759,0.77940,-0.17990,-0.29503,0.71254,0.36803,0.51942,-0.00907,0.47065,0.27854,
1403715920834057984,-2.54944,0.82148,-0.14756,-0.30304,0.70515,0.37253,0.52169,-0.03776,0.39605,0.36331,
1403715920934057984,-2.55385,0.85629,-0.10602,-0.31058,0.70259,0.38189,0.51387,-0.06564,0.31204,0.45426,
1403715921034057984,-2.55901,0.88205,-0.05642,-0.31654,0.70529,0.39559,0.49585,-0.05612,0.23177,0.52882,
1403715921134057984,-2.56156,0.90144,-0.00178,-0.31944,0.70445,0.41190,0.48171,-0.01558,0.18744,0.54681,
1403715921234057984,-2.56041,0.91796,0.05453,-0.32150,0.69999,0.42454,0.47583,0.02727,0.17101,0.54589,
1403715921334057984,-2.55573,0.93329,0.10936,-0.31816,0.69516,0.43651,0.47433,0.06551,0.15218,0.53040,
1403715921434057984,-2.54957,0.94839,0.16420,-0.31157,0.69141,0.44748,0.47396,0.07748,0.15710,0.53090,
1403715921534057984,-2.54346,0.96446,0.22158,-0.30852,0.68954,0.45270,0.47373,0.07176,0.17825,0.57426,
1403715921634057984,-2.53755,0.98319,0.28803,-0.30735,0.68807,0.45437,0.47501,0.06809,0.21805,0.71134,
1403715921734057984,-2.53154,1.00580,0.36399,-0.30810,0.68957,0.45304,0.47362,0.06428,0.24776,0.76613,
1403715921834057984,-2.52596,1.03162,0.44084,-0.31450,0.69200,0.44716,0.47147,0.06294,0.26243,0.74435,
1403715921934057984,-2.52004,1.05851,0.50947,-0.31886,0.69347,0.44205,0.47120,0.07508,0.28747,0.62233,
1403715922034057984,-2.51236,1.08673,0.56895,-0.31896,0.69402,0.43948,0.47271,0.09258,0.28774,0.59019,
1403715922134057984,-2.50331,1.11441,0.63003,-0.32039,0.69187,0.43620,0.47791,0.10278,0.28453,0.66349,
1403715922234057984,-2.49237,1.14137,0.70084,-0.32461,0.68817,0.43142,0.48469,0.11465,0.27473,0.76991,
1403715922334057984,-2.48091,1.16644,0.78251,-0.32664,0.68405,0.42908,0.49119,0.10941,0.22932,0.85746,
1403715922434057984,-2.47049,1.18616,0.86694,-0.32225,0.68068,0.43244,0.49581,0.09768,0.17228,0.84165,
1403715922534057984,-2.46149,1.20145,0.94848,-0.32310,0.68026,0.43277,0.49554,0.07768,0.12959,0.80973,
1403715922634057984,-2.45490,1.21335,1.02616,-0.32885,0.68008,0.42952,0.49483,0.05760,0.08035,0.74598,
1403715922734057984,-2.44867,1.21890,1.09230,-0.32981,0.67974,0.42931,0.49485,0.05647,0.02513,0.59003,
1403715922834057984,-2.44368,1.22085,1.14397,-0.32488,0.67838,0.43356,0.49626,0.03909,-0.01250,0.42764,
1403715922934057984,-2.44052,1.22112,1.18038,-0.31987,0.67756,0.43758,0.49711,0.02068,-0.03128,0.29136,
1403715923034057984,-2.44097,1.22065,1.20948,-0.31674,0.67660,0.43991,0.49836,-0.00928,-0.04797,0.26070,
1403715923134057984,-2.44535,1.21480,1.23640,-0.31374,0.67760,0.44206,0.49699,-0.05900,-0.07798,0.29058,
1403715923234057984,-2.45638,1.20841,1.27164,-0.30885,0.68131,0.44532,0.49206,-0.10466,-0.08553,0.40747,
1403715923334057984,-2.46823,1.20074,1.31900,-0.30970,0.68677,0.44531,0.48386,-0.14265,-0.08517,0.49772,
1403715923434057984,-2.48171,1.19373,1.36775,-0.31830,0.69275,0.43986,0.47466,-0.14098,-0.06844,0.44584,
1403715923534057984,-2.49440,1.18933,1.40810,-0.32884,0.69767,0.43253,0.46695,-0.10646,-0.06410,0.32267,
1403715923634057984,-2.50326,1.18113,1.42991,-0.33893,0.70036,0.42549,0.46213,-0.05897,-0.08107,0.12336,
1403715923734057984,-2.50816,1.17170,1.42892,-0.34614,0.70072,0.42065,0.46069,-0.01519,-0.11033,-0.12466,
1403715923834057984,-2.50703,1.15916,1.40391,-0.35072,0.69775,0.41768,0.46442,0.04827,-0.14184,-0.28582,
1403715923934057984,-2.50082,1.14274,1.36565,-0.35520,0.68991,0.41478,0.47520,0.10808,-0.18807,-0.39627,
1403715924034057984,-2.48797,1.12099,1.31717,-0.35505,0.68232,0.41547,0.48555,0.15123,-0.25517,-0.52234,
1403715924134057984,-2.47199,1.09307,1.25997,-0.34951,0.67669,0.41947,0.49395,0.16296,-0.33475,-0.58199,
1403715924234057984,-2.45702,1.05738,1.19887,-0.34220,0.67539,0.42464,0.49642,0.16754,-0.40812,-0.58387,
1403715924334057984,-2.44250,1.01424,1.14072,-0.33584,0.67707,0.42895,0.49477,0.15003,-0.47342,-0.56700,
1403715924434057984,-2.42809,0.96621,1.08482,-0.32956,0.68190,0.43272,0.48903,0.13580,-0.50195,-0.55392,
1403715924534057984,-2.41334,0.91625,1.03013,-0.32219,0.68938,0.43691,0.47965,0.13996,-0.51629,-0.53308,
1403715924634057984,-2.39574,0.86630,0.97700,-0.32097,0.69597,0.43540,0.47226,0.16513,-0.51171,-0.52098,
1403715924734057984,-2.37638,0.81478,0.92431,-0.32355,0.70445,0.42349,0.46875,0.22160,-0.50990,-0.51573,
1403715924834057984,-2.35169,0.76383,0.87307,-0.32194,0.71237,0.40677,0.47268,0.28855,-0.51920,-0.50325,
1403715924934057984,-2.32079,0.70948,0.82286,-0.31489,0.72059,0.38582,0.48243,0.35214,-0.55937,-0.48876,
1403715925034057984,-2.28306,0.65086,0.77598,-0.30209,0.72419,0.36306,0.50247,0.41102,-0.60685,-0.41779,
1403715925134057984,-2.24095,0.58750,0.73963,-0.28524,0.72436,0.34022,0.52744,0.40631,-0.67640,-0.28238,
1403715925234057984,-2.20103,0.51599,0.71607,-0.26846,0.73040,0.31614,0.54269,0.38102,-0.74383,-0.16319,
1403715925334057984,-2.16410,0.43769,0.70509,-0.25314,0.74380,0.29032,0.54626,0.34984,-0.82062,-0.06894,
1403715925434057984,-2.13092,0.35232,0.70168,-0.23804,0.76137,0.26305,0.54263,0.32608,-0.88329,-0.02866,
1403715925534057984,-2.09897,0.26102,0.69941,-0.22111,0.77879,0.23685,0.53711,0.32870,-0.94604,-0.02316,
1403715925634057984,-2.06555,0.16458,0.69853,-0.20240,0.79079,0.21105,0.53772,0.35142,-0.99917,-0.01874,
1403715925734057984,-2.02867,0.06257,0.69833,-0.18352,0.79779,0.18418,0.54399,0.38508,-1.04894,-0.00709,
1403715925834057984,-1.98795,-0.04375,0.69690,-0.16435,0.80345,0.15658,0.55039,0.41282,-1.09066,-0.01477,
1403715925934057984,-1.94532,-0.15516,0.69430,-0.14206,0.80641,0.12993,0.55915,0.42180,-1.14427,-0.01930,
1403715926034057984,-1.90273,-0.27182,0.69094,-0.11957,0.80701,0.10172,0.56929,0.42862,-1.17801,-0.05248,
1403715926134057984,-1.86054,-0.39246,0.67972,-0.10154,0.80348,0.06733,0.58273,0.40675,-1.22800,-0.15179,
1403715926234057984,-1.82312,-0.51724,0.65485,-0.08156,0.79958,0.03176,0.59415,0.33090,-1.28246,-0.30830,
1403715926334057984,-1.79290,-0.64738,0.61876,-0.05751,0.79552,-0.00200,0.60319,0.26630,-1.33739,-0.40248,
1403715926434057984,-1.76930,-0.78167,0.57660,-0.02738,0.78949,-0.03134,0.61235,0.16299,-1.37210,-0.41714,
1403715926534057984,-1.75705,-0.91730,0.53170,0.00445,0.78228,-0.05809,0.62020,0.04716,-1.40123,-0.45093,
1403715926634057984,-1.75753,-1.05546,0.48456,0.03357,0.78354,-0.08469,0.61463,-0.07857,-1.39077,-0.46892,
1403715926734057984,-1.76877,-1.19254,0.43689,0.05887,0.78919,-0.11238,0.60091,-0.16274,-1.38052,-0.44400,
1403715926834057984,-1.78896,-1.32730,0.39499,0.08767,0.79515,-0.13378,0.58494,-0.23252,-1.34089,-0.34101,
1403715926934057984,-1.81441,-1.45432,0.36571,0.11106,0.79858,-0.15395,0.57117,-0.26892,-1.27888,-0.19555,
1403715927034057984,-1.83915,-1.57655,0.34996,0.12912,0.79793,-0.17335,0.56265,-0.25746,-1.22016,-0.08149,
1403715927134057984,-1.85972,-1.69584,0.33936,0.14786,0.79031,-0.18989,0.56346,-0.25782,-1.16563,-0.08360,
1403715927234057984,-1.87978,-1.80733,0.32865,0.17893,0.78143,-0.19700,0.56440,-0.25028,-1.07456,-0.08070,
1403715927334057984,-1.89700,-1.90626,0.31907,0.20967,0.77231,-0.20258,0.56439,-0.22718,-0.94099,-0.06612,
1403715927434057984,-1.91183,-1.99136,0.31166,0.23304,0.75767,-0.21203,0.57155,-0.21773,-0.77669,-0.03390,
1403715927534057984,-1.92936,-2.05938,0.30539,0.23968,0.73822,-0.23409,0.58549,-0.23804,-0.60262,-0.05466,
1403715927634057984,-1.95312,-2.10873,0.29938,0.24390,0.71835,-0.26138,0.59679,-0.32284,-0.42797,-0.05358,
1403715927734057984,-1.98648,-2.14462,0.29193,0.25594,0.70355,-0.28962,0.59636,-0.41491,-0.28033,-0.07991,
1403715927834057984,-2.03030,-2.16526,0.28269,0.28041,0.69431,-0.31597,0.58264,-0.51581,-0.14203,-0.09765,
1403715927934057984,-2.08253,-2.17052,0.27221,0.30828,0.68634,-0.34357,0.56202,-0.59752,0.03253,-0.11831,
1403715928034057984,-2.14197,-2.15953,0.25700,0.33395,0.67668,-0.37527,0.53829,-0.63465,0.18515,-0.19899,
1403715928134057984,-2.20511,-2.13394,0.22927,0.34964,0.66164,-0.41552,0.51704,-0.65527,0.31457,-0.35268,
1403715928234057984,-2.26936,-2.09640,0.18868,0.36473,0.64061,-0.45697,0.49776,-0.64492,0.42052,-0.45344,
1403715928334057984,-2.33355,-2.05033,0.13906,0.38765,0.60997,-0.49038,0.48701,-0.64876,0.51609,-0.51922,
1403715928434057984,-2.39795,-1.99256,0.08611,0.41136,0.57846,-0.51794,0.47740,-0.64888,0.64688,-0.55803,
1403715928534057984,-2.46358,-1.92098,0.02909,0.42191,0.55575,-0.54911,0.46002,-0.64856,0.77546,-0.59384,
1403715928634057984,-2.53039,-1.83726,-0.02535,-0.42460,-0.54162,0.57616,-0.44091,-0.64995,0.87639,-0.49157,
1403715928734057984,-2.59760,-1.74552,-0.06825,-0.42288,-0.54095,0.59522,-0.41745,-0.65617,0.94535,-0.38381,
1403715928834057984,-2.66444,-1.65038,-0.09437,-0.40565,-0.55408,0.61380,-0.38948,-0.64424,0.94240,-0.14678,
1403715928934057984,-2.72831,-1.55987,-0.09344,-0.38175,-0.57394,0.62285,-0.37003,-0.61754,0.84981,0.12576,
1403715929034057984,-2.78973,-1.48473,-0.06423,-0.35643,-0.59686,0.62274,-0.35904,-0.62044,0.66544,0.38382,
1403715929134057984,-2.84999,-1.43408,-0.01242,-0.33640,-0.61694,0.61792,-0.35268,-0.62952,0.45944,0.49394,
1403715929234057984,-2.90645,-1.40913,0.04300,0.32497,0.63594,-0.60836,0.34623,-0.61877,0.21140,0.46595,
1403715929334057984,-2.95468,-1.41807,0.09603,0.34159,0.65255,-0.58311,0.34276,-0.56043,-0.04438,0.42720,
1403715929434057984,-3.00487,-1.43462,0.13798,0.38219,0.66465,-0.54290,0.34268,-0.43748,-0.20003,0.36798,
1403715929534057984,-3.04149,-1.45828,0.17407,0.42514,0.67093,-0.50274,0.34113,-0.22289,-0.28128,0.35378,
1403715929634057984,-3.05250,-1.48707,0.20847,0.45681,0.67210,-0.47506,0.33752,0.06546,-0.27226,0.32923,
1403715929734057984,-3.03186,-1.51342,0.23855,0.45014,0.66329,-0.48644,0.34757,0.36519,-0.25163,0.27068,
1403715929834057984,-2.98447,-1.53971,0.26543,0.42822,0.64473,-0.51137,0.37344,0.59263,-0.26047,0.19855,
1403715929934057984,-2.92383,-1.56399,0.28572,0.40580,0.61761,-0.53418,0.41053,0.68976,-0.25594,0.09132,
1403715930034057984,-2.85641,-1.58975,0.29504,0.38793,0.59272,-0.55092,0.44123,0.70239,-0.24708,-0.00905,
1403715930134057984,-2.79140,-1.60965,0.30008,0.37162,0.57144,-0.56484,0.46509,0.63028,-0.20870,-0.00898,
1403715930234057984,-2.73634,-1.62541,0.30572,-0.35831,-0.55526,0.57604,-0.48112,0.49132,-0.15570,0.01113,
1403715930334057984,-2.69679,-1.63498,0.31176,-0.35305,-0.54835,0.58248,-0.48517,0.31146,-0.09275,0.00504,
1403715930434057984,-2.67419,-1.64099,0.31395,-0.35294,-0.55750,0.58618,-0.47011,0.14655,-0.05660,-0.04650,
1403715930534057984,-2.66386,-1.64463,0.30356,-0.35262,-0.57029,0.59013,-0.44964,0.04001,-0.04317,-0.17667,
1403715930634057984,-2.66313,-1.64733,0.28705,-0.34837,-0.58115,0.59588,-0.43107,-0.05965,-0.07521,-0.18393,
1403715930734057984,-2.67133,-1.65541,0.27959,-0.34265,-0.58504,0.60200,-0.42180,-0.16165,-0.15445,-0.03875,
1403715930834057984,-2.68904,-1.67289,0.28610,-0.34367,-0.58883,0.60349,-0.41349,-0.24762,-0.25683,0.13107,
1403715930934057984,-2.71510,-1.70028,0.30802,0.35575,0.59915,-0.59689,0.39772,-0.30064,-0.33690,0.26309,
1403715931034057984,-2.74413,-1.73758,0.33317,0.36055,0.60873,-0.59426,0.38251,-0.30454,-0.43306,0.22171,
1403715931134057984,-2.77309,-1.78685,0.34887,0.35665,0.61549,-0.59751,0.37008,-0.27574,-0.55356,0.12497,
1403715931234057984,-2.80005,-1.85004,0.36361,0.35426,0.61809,-0.59934,0.36503,-0.24957,-0.71433,0.21442,
1403715931334057984,-2.82396,-1.92853,0.39065,0.35398,0.61584,-0.60020,0.36770,-0.22171,-0.86459,0.35862,
1403715931434057984,-2.84667,-2.02430,0.43265,0.35716,0.61240,-0.59793,0.37401,-0.20790,-1.01398,0.44403,
1403715931534057984,-2.86877,-2.13265,0.47267,0.36006,0.61053,-0.59469,0.37942,-0.19504,-1.13095,0.36899,
1403715931634057984,-2.88837,-2.25126,0.50007,0.36539,0.61126,-0.58865,0.38255,-0.16409,-1.21362,0.20708,
1403715931734057984,-2.90505,-2.37718,0.51255,0.37154,0.61364,-0.58108,0.38438,-0.13380,-1.27271,0.06745,
1403715931834057984,-2.91881,-2.50891,0.51521,0.37520,0.61383,-0.57493,0.38974,-0.10481,-1.32975,0.05019,
1403715931934057984,-2.92922,-2.64543,0.52009,0.38414,0.60901,-0.56536,0.40237,-0.07606,-1.36326,0.06778,
1403715932034057984,-2.93670,-2.78329,0.52743,0.39391,0.60151,-0.55544,0.41774,-0.04599,-1.36052,0.09357,
1403715932134057984,-2.94101,-2.91810,0.53984,0.41005,0.59042,-0.54104,0.43651,-0.01875,-1.30594,0.15873,
1403715932234057984,-2.94227,-3.04403,0.55856,0.43223,0.57586,-0.52257,0.45660,0.01527,-1.18441,0.22597,
1403715932334057984,-2.94071,-3.15563,0.58218,0.45209,0.55786,-0.50500,0.47893,0.04338,-1.00156,0.22540,
1403715932434057984,-2.93666,-3.24380,0.60705,0.46667,0.54361,-0.49157,0.49503,0.06052,-0.73920,0.23547,
1403715932534057984,-2.93088,-3.30120,0.63207,0.47560,0.53189,-0.48193,0.50857,0.06549,-0.41706,0.26574,
1403715932634057984,-2.92430,-3.32184,0.65980,0.48478,0.51843,-0.47161,0.52326,0.06636,-0.05134,0.28544,
1403715932734057984,-2.91654,-3.29830,0.68954,0.49257,0.50807,-0.46334,0.53344,0.06338,0.37288,0.28608,
1403715932834057984,-2.90888,-3.23043,0.71810,0.49504,0.50649,-0.46303,0.53292,0.05299,0.80430,0.27252,
1403715932934057984,-2.90222,-3.12669,0.74404,0.48034,0.52493,-0.48343,0.50992,0.04873,1.19113,0.23408,
1403715933034057984,-2.89595,-2.99305,0.76819,0.45143,0.55270,-0.51541,0.47444,0.06407,1.45875,0.23340,
1403715933134057984,-2.88485,-2.84051,0.79526,0.42281,0.57689,-0.54352,0.43934,0.08146,1.58634,0.23503,
1403715933234057984,-2.87338,-2.68162,0.82096,0.39246,0.59890,-0.56880,0.40468,0.10013,1.58988,0.23571,
1403715933334057984,-2.85869,-2.52810,0.84605,0.36005,0.61659,-0.59245,0.37306,0.12878,1.48899,0.24284,
1403715933434057984,-2.84246,-2.38911,0.87009,0.32120,0.62790,-0.61882,0.34588,0.12667,1.28671,0.21685,
1403715933534057984,-2.82837,-2.27760,0.89437,-0.28390,-0.63538,0.64268,-0.32041,0.11423,0.93724,0.25521,
1403715933634057984,-2.81739,-2.20559,0.92386,-0.25901,-0.64177,0.65778,-0.29726,0.06842,0.49393,0.32216,
1403715933734057984,-2.81357,-2.18121,0.96057,-0.25146,-0.64992,0.66098,-0.27835,0.02637,-0.03334,0.40458,
1403715933834057984,-2.81208,-2.20583,1.00661,-0.25683,-0.65334,0.65836,-0.27156,0.00911,-0.58437,0.50224,
1403715933934057984,-2.80318,-2.28433,1.06483,-0.28522,-0.64169,0.65058,-0.28919,0.00822,-1.09783,0.66753,
1403715934034057984,-2.80297,-2.40676,1.13724,-0.33729,-0.61780,0.62571,-0.33624,0.01844,-1.41478,0.76283,
1403715934134057984,-2.80145,-2.55065,1.21126,-0.39447,-0.58502,0.59183,-0.38971,0.02823,-1.48340,0.68750,
1403715934234057984,-2.79925,-2.69290,1.26765,-0.44485,-0.54920,0.55613,-0.43727,0.04463,-1.39654,0.41319,
1403715934334057984,-2.79518,-2.82122,1.30158,-0.47891,-0.52204,0.52749,-0.46890,0.05164,-1.20355,0.24166,
1403715934434057984,-2.78972,-2.92448,1.32276,0.50316,0.49973,-0.50369,0.49335,0.07315,-0.90956,0.13826,
1403715934534057984,-2.78309,-2.99679,1.33146,0.52033,0.48138,-0.48377,0.51331,0.09599,-0.53879,0.05230,
1403715934634057984,-2.77462,-3.02575,1.33438,0.53178,0.46703,-0.46745,0.52970,0.10073,-0.05683,0.02684,
1403715934734057984,-2.76698,-3.00486,1.33876,0.53322,0.45962,-0.45944,0.54160,0.10350,0.49175,0.06090,
1403715934834057984,-2.76181,-2.93136,1.35164,0.52336,0.46315,-0.46384,0.54446,0.08305,1.04319,0.07876,
1403715934934057984,-2.75672,-2.80589,1.36666,0.49582,0.49345,-0.49218,0.51810,0.05515,1.51109,0.13708,
1403715935034057984,-2.75374,-2.63979,1.37836,-0.45761,-0.52764,0.52840,-0.48268,0.03410,1.78934,0.05121,
1403715935134057984,-2.75132,-2.45284,1.37930,-0.41890,-0.55945,0.56228,-0.44202,0.01975,1.93796,-0.05288,
1403715935234057984,-2.74986,-2.25579,1.37001,-0.38493,-0.58408,0.58895,-0.40474,0.00350,1.96420,-0.17369,
1403715935334057984,-2.75149,-2.06465,1.34679,-0.35881,-0.60246,0.60688,-0.37416,-0.00717,1.87097,-0.27985,
1403715935434057984,-2.75052,-1.88589,1.31655,-0.33970,-0.61599,0.61852,-0.35014,-0.00193,1.71047,-0.36924,
1403715935534057984,-2.75217,-1.72681,1.27747,0.32560,0.62626,-0.62513,0.33316,0.00223,1.45884,-0.44791,
1403715935634057984,-2.75099,-1.59466,1.23442,0.31562,0.63286,-0.63003,0.32084,0.01559,1.16641,-0.45066,
1403715935734057984,-2.74794,-1.49569,1.19248,0.30474,0.63933,-0.63524,0.30800,0.03478,0.82167,-0.41667,
1403715935834057984,-2.74250,-1.43597,1.15364,0.29500,0.64459,-0.64020,0.29600,0.06094,0.42024,-0.35204,
1403715935934057984,-2.72865,-1.42058,1.12290,0.29318,0.64457,-0.64390,0.28978,0.07390,-0.01005,-0.26337,
1403715936034057984,-2.72017,-1.45649,1.10425,-0.31314,-0.63524,0.63558,-0.30733,0.09332,-0.42602,-0.13430,
1403715936134057984,-2.71288,-1.53188,1.09664,0.35395,0.61516,-0.61486,0.34387,0.10389,-0.70689,-0.06757,
1403715936234057984,-2.70263,-1.61970,1.09134,0.39771,0.58992,-0.58947,0.38255,0.12780,-0.83065,-0.04340,
1403715936334057984,-2.68985,-1.71154,1.08449,-0.43434,-0.56293,0.56564,-0.41775,0.14598,-0.81677,-0.09115,
1403715936434057984,-2.67465,-1.79077,1.07225,-0.45472,-0.54094,0.55188,-0.44277,0.16678,-0.68600,-0.15727,
1403715936534057984,-2.65843,-1.85914,1.05679,-0.46386,-0.52752,0.54593,-0.45665,0.17060,-0.51126,-0.18303,
1403715936634057984,-2.64279,-1.90489,1.04158,-0.46693,-0.51585,0.54380,-0.46920,0.16648,-0.30008,-0.16244,
1403715936734057984,-2.62865,-1.92538,1.02981,-0.46622,-0.51089,0.54518,-0.47371,0.14997,-0.06051,-0.15308,
1403715936834057984,-2.61542,-1.92199,1.01701,-0.45928,-0.52081,0.55306,-0.46037,0.13219,0.13607,-0.15202,
1403715936934057984,-2.60186,-1.90150,1.00292,-0.45145,-0.53055,0.56114,-0.44703,0.12754,0.28869,-0.14114,
1403715937034057984,-2.58853,-1.86864,0.98983,-0.44144,-0.54026,0.56569,-0.43959,0.13284,0.40017,-0.15011,
1403715937134057984,-2.57466,-1.82615,0.97437,-0.42444,-0.55587,0.56910,-0.43242,0.13990,0.47099,-0.15728,
1403715937234057984,-2.56016,-1.77691,0.95824,0.40788,0.57317,-0.56578,0.43012,0.14879,0.51053,-0.20099,
1403715937334057984,-2.54470,-1.72476,0.93500,0.39274,0.59114,-0.55545,0.43334,0.15318,0.52829,-0.29728,
1403715937434057984,-2.53031,-1.67036,0.90037,0.38019,0.60752,-0.54006,0.44126,0.14500,0.53917,-0.40809,
1403715937534057984,-2.51590,-1.61722,0.85109,0.36069,0.62653,-0.53205,0.44078,0.12799,0.53528,-0.56368,
1403715937634057984,-2.50172,-1.56746,0.79310,0.33643,0.65062,-0.52881,0.42881,0.14214,0.46750,-0.57652,
1403715937734057984,-2.48723,-1.52572,0.73595,0.31587,0.67064,-0.52253,0.42123,0.14795,0.37444,-0.56397,
1403715937834057984,-2.47147,-1.49433,0.68171,0.30014,0.68635,-0.51256,0.41967,0.17254,0.23165,-0.51911,
1403715937934057984,-2.45189,-1.47623,0.63179,0.28706,0.69952,-0.50057,0.42154,0.21519,0.09044,-0.50154,
1403715938034057984,-2.42722,-1.47183,0.58412,0.27479,0.71323,-0.48570,0.42413,0.27046,-0.06950,-0.45408,
1403715938134057984,-2.39655,-1.48284,0.54279,0.26196,0.72726,-0.46940,0.42677,0.34214,-0.24833,-0.34645,
1403715938234057984,-2.35748,-1.50986,0.51420,0.25055,0.74003,-0.44985,0.43268,0.43241,-0.43646,-0.15035,
1403715938334057984,-2.30830,-1.55390,0.50457,0.25481,0.74704,-0.41745,0.45027,0.51663,-0.57970,0.04059,
1403715938434057984,-2.25095,-1.61126,0.51043,0.25873,0.75014,-0.38401,0.47211,0.59666,-0.63691,0.13207,
1403715938534057984,-2.18778,-1.67437,0.52168,0.25324,0.75044,-0.35690,0.49531,0.64768,-0.64273,0.09708,
1403715938634057984,-2.12165,-1.73840,0.52842,0.24352,0.75230,-0.33900,0.50973,0.66389,-0.63804,0.04929,
1403715938734057984,-2.05435,-1.80273,0.53185,0.23110,0.75981,-0.33140,0.50936,0.67044,-0.64066,0.02081,
1403715938834057984,-1.98457,-1.86792,0.53137,0.21752,0.77399,-0.33092,0.49407,0.71645,-0.67124,-0.00249,
1403715938934057984,-1.90941,-1.93717,0.52926,0.20484,0.78712,-0.33285,0.47717,0.77909,-0.72655,-0.01967,
1403715939034057984,-1.82583,-2.01459,0.52467,0.19423,0.79671,-0.33481,0.46414,0.86929,-0.81889,-0.05202,
1403715939134057984,-1.73137,-2.10307,0.52057,0.19101,0.80040,-0.33281,0.46057,0.99604,-0.93970,-0.00875,
1403715939234057984,-1.62363,-2.20405,0.52306,0.20133,0.78593,-0.32310,0.48723,1.11344,-1.04298,0.05266,
1403715939334057984,-1.50862,-2.31154,0.52864,0.21598,0.76291,-0.31049,0.52432,1.15441,-1.07139,0.04514,
1403715939434057984,-1.39383,-2.41689,0.53279,0.23007,0.73762,-0.29922,0.55986,1.12415,-1.02309,0.02742,
1403715939534057984,-1.28525,-2.51396,0.53450,0.24295,0.71573,-0.28937,0.58734,1.03630,-0.91809,0.02238,
1403715939634057984,-1.18800,-2.59701,0.53896,0.25641,0.69174,-0.28017,0.61421,0.89151,-0.74031,0.10427,
1403715939734057984,-1.10905,-2.65917,0.55044,0.26982,0.66487,-0.27101,0.64164,0.66141,-0.49100,0.16266,
1403715939834057984,-1.05280,-2.69575,0.56861,0.27912,0.64641,-0.26629,0.65828,0.40675,-0.20324,0.25204,
1403715939934057984,-1.02237,-2.70065,0.59614,0.28468,0.63916,-0.26540,0.66332,0.11224,0.14301,0.34603,
1403715940034057984,-1.01792,-2.67301,0.63167,0.28171,0.65492,-0.27367,0.64561,-0.12933,0.44413,0.38099,
1403715940134057984,-1.03687,-2.61589,0.67096,0.26774,0.69091,-0.29082,0.60530,-0.31784,0.68887,0.41730,
1403715940234057984,-1.07173,-2.53764,0.71259,0.25111,0.72529,-0.30728,0.56257,-0.41828,0.84342,0.40768,
1403715940334057984,-1.11256,-2.44839,0.75289,0.23130,0.75609,-0.32277,0.52025,-0.41687,0.89496,0.40140,
1403715940434057984,-1.15059,-2.35855,0.79175,0.21125,0.78276,-0.33694,0.47868,-0.36007,0.86575,0.36271,
1403715940534057984,-1.18020,-2.27639,0.82754,0.18913,0.80571,-0.35137,0.43773,-0.22756,0.74361,0.34595,
1403715940634057984,-1.19301,-2.21193,0.86150,0.16290,0.82553,-0.36812,0.39554,-0.02940,0.53130,0.32571,
1403715940734057984,-1.18262,-2.17511,0.89643,0.14064,0.83957,-0.38134,0.36044,0.23557,0.18749,0.36871,
1403715940834057984,-1.14282,-2.17789,0.93738,0.13686,0.84795,-0.38149,0.34163,0.57128,-0.22846,0.44141,
1403715940934057984,-1.06614,-2.22419,0.98729,0.15086,0.84246,-0.37484,0.35637,0.95695,-0.66676,0.56134,
1403715941034057984,-0.95686,-2.30624,1.04899,0.18102,0.81637,-0.36177,0.41218,1.21439,-0.95060,0.63835,
1403715941134057984,-0.82958,-2.40891,1.11600,0.21751,0.77271,-0.34205,0.48848,1.31546,-1.05517,0.68346,
1403715941234057984,-0.69875,-2.51441,1.18125,0.24951,0.72314,-0.32078,0.55849,1.28041,-1.01368,0.59826,
1403715941334057984,-0.57649,-2.60932,1.23754,0.26473,0.68418,-0.30777,0.60589,1.15386,-0.87253,0.49987,
1403715941434057984,-0.46965,-2.68708,1.28333,0.27292,0.65570,-0.29912,0.63726,0.98695,-0.69371,0.35867,
1403715941534057984,-0.38068,-2.74817,1.30694,0.27439,0.63945,-0.29527,0.65470,0.78484,-0.50895,0.13174,
1403715941634057984,-0.31555,-2.78911,1.31067,0.27473,0.62421,-0.29172,0.67066,0.52543,-0.28285,-0.05416,
1403715941734057984,-0.27951,-2.80346,1.30359,0.27432,0.60435,-0.28738,0.69059,0.18810,0.00210,-0.11669,
1403715941834057984,-0.27859,-2.78985,1.29220,0.27641,0.58654,-0.28136,0.70740,-0.18286,0.30304,-0.15293,
1403715941934057984,-0.31568,-2.74315,1.27480,0.27943,0.58570,-0.27881,0.70791,-0.58295,0.63406,-0.23934,
1403715942034057984,-0.39015,-2.66492,1.24622,0.27601,0.61665,-0.28723,0.67902,-0.92689,0.93107,-0.33765,
1403715942134057984,-0.49534,-2.55850,1.20677,0.26275,0.66374,-0.30337,0.63117,-1.16113,1.15269,-0.47505,
1403715942234057984,-0.61680,-2.43765,1.14993,0.24360,0.70911,-0.32067,0.57878,-1.27871,1.26652,-0.69628,
1403715942334057984,-0.74625,-2.30956,1.06861,0.22054,0.75036,-0.33863,0.52312,-1.30245,1.29181,-0.89481,
1403715942434057984,-0.87320,-2.18467,0.97146,0.20048,0.77693,-0.35213,0.48187,-1.23784,1.21373,-1.03065,
1403715942534057984,-0.98913,-2.07079,0.86648,0.18171,0.79526,-0.36372,0.44972,-1.12239,1.07161,-1.05491,
1403715942634057984,-1.09098,-1.97263,0.76232,0.16960,0.81227,-0.36863,0.41900,-0.94759,0.86491,-1.02285,
1403715942734057984,-1.17405,-1.89887,0.66220,0.16333,0.82397,-0.36883,0.39794,-0.71877,0.59223,-0.97244,
1403715942834057984,-1.23059,-1.85582,0.56758,0.16260,0.82854,-0.36654,0.39081,-0.45019,0.30150,-0.91785,
1403715942934057984,-1.25767,-1.84698,0.47772,0.16481,0.82897,-0.36270,0.39254,-0.16421,-0.01016,-0.86813,
1403715943034057984,-1.25245,-1.86798,0.39873,0.17255,0.82707,-0.35628,0.39907,0.11578,-0.30759,-0.68794,
1403715943134057984,-1.21464,-1.92339,0.34010,0.18624,0.82352,-0.34519,0.40984,0.43052,-0.59374,-0.49090,
1403715943234057984,-1.15785,-1.99289,0.30211,0.20015,0.80494,-0.33495,0.44701,0.67541,-0.77482,-0.27962,
1403715943334057984,-1.08227,-2.07556,0.28071,0.21661,0.77192,-0.31992,0.50485,0.81299,-0.84557,-0.11832,
1403715943434057984,-1.00146,-2.15869,0.27071,0.23210,0.73599,-0.29837,0.56162,0.80297,-0.78875,-0.08159,
1403715943534057984,-0.92478,-2.23369,0.25922,0.23936,0.71148,-0.28145,0.59774,0.70013,-0.68767,-0.11489,
1403715943634057984,-0.86137,-2.29573,0.24646,0.24427,0.69555,-0.27241,0.61833,0.54673,-0.53279,-0.13054,
1403715943734057984,-0.81513,-2.34129,0.23596,0.24723,0.67985,-0.26993,0.63547,0.36099,-0.34875,-0.06875,
1403715943834057984,-0.79090,-2.36550,0.23220,0.25449,0.66231,-0.26813,0.65168,0.10422,-0.11318,0.01334,
1403715943934057984,-0.79483,-2.36245,0.24167,0.26110,0.65053,-0.26807,0.66089,-0.19317,0.17077,0.19325,
1403715944034057984,-0.82998,-2.32944,0.26439,0.25391,0.66124,-0.27806,0.64882,-0.47867,0.45118,0.25469,
1403715944134057984,-0.89009,-2.27099,0.29263,0.22814,0.70209,-0.29654,0.60588,-0.67448,0.64829,0.29403,
1403715944234057984,-0.96435,-2.20049,0.32066,0.19421,0.74858,-0.31046,0.55274,-0.76854,0.71385,0.24555,
1403715944334057984,-1.04202,-2.13028,0.34398,0.16395,0.78934,-0.31234,0.50250,-0.76536,0.65855,0.20329,
1403715944434057984,-1.11351,-2.06816,0.35980,0.14069,0.81954,-0.30130,0.46666,-0.64469,0.53998,0.12878,
1403715944534057984,-1.17130,-2.01928,0.36888,0.11974,0.84324,-0.28334,0.44083,-0.47289,0.38294,0.11060,
1403715944634057984,-1.20799,-1.98908,0.38010,0.09865,0.85902,-0.26290,0.42805,-0.22144,0.17348,0.12218,
1403715944734057984,-1.21520,-1.98363,0.39570,0.07900,0.86985,-0.24084,0.42321,0.07488,-0.07123,0.16842,
1403715944834057984,-1.18698,-2.00436,0.41874,0.07045,0.87566,-0.21187,0.42821,0.38524,-0.30246,0.25569,
1403715944934057984,-1.12838,-2.04991,0.45112,0.07907,0.86507,-0.16785,0.46607,0.65919,-0.45815,0.34234,
1403715945034057984,-1.04965,-2.09973,0.48581,0.09491,0.83513,-0.12830,0.52639,0.77096,-0.50153,0.33826,
1403715945134057984,-0.96895,-2.14975,0.51800,0.10617,0.79809,-0.09532,0.58540,0.78727,-0.46252,0.28166,
1403715945234057984,-0.89413,-2.19218,0.54501,0.11364,0.76994,-0.07562,0.62334,0.68187,-0.36759,0.25911,
1403715945334057984,-0.83514,-2.22373,0.57210,0.11840,0.74584,-0.06598,0.65219,0.49534,-0.23335,0.26729,
1403715945434057984,-0.79764,-2.23974,0.60128,0.12342,0.72110,-0.06120,0.67899,0.24518,-0.06368,0.29486,
1403715945534057984,-0.78937,-2.23769,0.63393,0.12281,0.70075,-0.06270,0.69995,-0.08662,0.11837,0.26252,
1403715945634057984,-0.81265,-2.21839,0.65590,0.10875,0.72385,-0.07763,0.67690,-0.38386,0.27189,0.16724,
1403715945734057984,-0.85869,-2.18962,0.67499,0.09404,0.76274,-0.09382,0.63291,-0.59887,0.35698,0.15335,
1403715945834057984,-0.91989,-2.15258,0.69282,0.08589,0.80086,-0.10481,0.58331,-0.70768,0.41006,0.13566,
1403715945934057984,-0.98406,-2.11369,0.71154,0.07836,0.83519,-0.11420,0.53224,-0.66645,0.42181,0.13697,
1403715946034057984,-1.03974,-2.07356,0.72987,0.06878,0.85983,-0.11797,0.49198,-0.51132,0.40266,0.15638,
1403715946134057984,-1.07306,-2.03655,0.75313,0.05800,0.87739,-0.11474,0.46223,-0.27966,0.35776,0.15645,
1403715946234057984,-1.07761,-2.00412,0.77841,0.04653,0.89180,-0.10494,0.43762,0.02088,0.30240,0.18391,
1403715946334057984,-1.03970,-1.98300,0.81610,0.03706,0.89747,-0.08855,0.43050,0.40376,0.23258,0.28226,
1403715946434057984,-0.97140,-1.97094,0.85842,0.03611,0.88591,-0.06152,0.45833,0.76553,0.16580,0.39332,
1403715946534057984,-0.88155,-1.95586,0.90190,0.03539,0.85909,-0.04037,0.50899,0.97595,0.18150,0.39995,
1403715946634057984,-0.77850,-1.93848,0.94496,0.03142,0.82421,-0.02759,0.56474,1.03520,0.19149,0.41923,
1403715946734057984,-0.67672,-1.91956,0.98742,0.02670,0.79280,-0.01964,0.60858,0.96827,0.21013,0.36493,
1403715946834057984,-0.58564,-1.89989,1.02272,0.02145,0.77259,-0.01553,0.63436,0.84956,0.21626,0.30532,
1403715946934057984,-0.51072,-1.87874,1.05225,0.01943,0.75783,-0.01215,0.65204,0.65493,0.23204,0.26716,
1403715947034057984,-0.45667,-1.85688,1.07812,0.02066,0.74410,-0.01014,0.66767,0.44489,0.25071,0.23581,
1403715947134057984,-0.42508,-1.83216,1.10214,0.01886,0.72100,-0.01281,0.69256,0.16604,0.27338,0.25065,
1403715947234057984,-0.42475,-1.80577,1.12382,0.01933,0.69372,-0.01685,0.71979,-0.16579,0.28442,0.17509,
1403715947334057984,-0.45905,-1.77752,1.13329,0.01820,0.69211,-0.02347,0.72118,-0.52115,0.29300,0.01638,
1403715947434057984,-0.52846,-1.74890,1.12709,0.01944,0.72451,-0.02920,0.68837,-0.82098,0.31567,-0.13984,
1403715947534057984,-0.62208,-1.71551,1.10654,0.01422,0.76516,-0.03603,0.64268,-1.04788,0.33147,-0.26340,
1403715947634057984,-0.73331,-1.68452,1.07508,0.00294,0.80299,-0.04460,0.59431,-1.13504,0.30997,-0.38228,
1403715947734057984,-0.84659,-1.65453,1.03319,-0.00727,0.83598,-0.05210,0.54623,-1.11593,0.27252,-0.47762,
1403715947834057984,-0.95286,-1.62935,0.98259,-0.00455,0.85801,-0.04943,0.51123,-0.99715,0.22073,-0.54587,
1403715947934057984,-1.04419,-1.61033,0.92297,0.00087,0.87606,-0.04275,0.48031,-0.81834,0.17649,-0.61644,
1403715948034057984,-1.11284,-1.59623,0.86283,0.00351,0.89182,-0.03593,0.45094,-0.54916,0.13515,-0.59204,
1403715948134057984,-1.15043,-1.58783,0.80553,0.00388,0.90355,-0.03008,0.42741,-0.18952,0.09688,-0.54460,
1403715948234057984,-1.14753,-1.58373,0.75649,0.00299,0.90695,-0.02501,0.42048,0.21528,0.06911,-0.42931,
1403715948334057984,-1.08808,-1.58048,0.71929,0.00327,0.89541,-0.02640,0.44444,0.64436,0.04411,-0.31802,
1403715948434057984,-0.99569,-1.58598,0.69328,0.00203,0.87024,-0.02508,0.49199,0.91559,0.01514,-0.26402,
1403715948534057984,-0.89294,-1.58920,0.66878,0.00712,0.84062,-0.02289,0.54110,1.03710,-0.01233,-0.23511,
1403715948634057984,-0.78517,-1.59296,0.64263,0.01405,0.81190,-0.02242,0.58320,1.05255,-0.02325,-0.26891,
1403715948734057984,-0.68285,-1.59611,0.61263,0.02107,0.78565,-0.02307,0.61788,0.96579,-0.02017,-0.29551,
1403715948834057984,-0.59425,-1.59840,0.57992,0.02628,0.76660,-0.02430,0.64112,0.80263,-0.01567,-0.33231,
1403715948934057984,-0.52194,-1.59898,0.54719,0.02445,0.75231,-0.02426,0.65791,0.60667,0.00699,-0.29797,
1403715949034057984,-0.47152,-1.59712,0.51942,0.01812,0.73874,-0.01882,0.67348,0.36827,0.03802,-0.26515,
1403715949134057984,-0.44660,-1.59281,0.49200,0.00763,0.73510,-0.01000,0.67784,0.10463,0.05407,-0.23824,
1403715949234057984,-0.44904,-1.58660,0.46459,-0.00441,0.75558,0.00305,0.65503,-0.13738,0.06509,-0.27619,
1403715949334057984,-0.47107,-1.58012,0.43675,-0.01744,0.78912,0.01874,0.61371,-0.28789,0.05836,-0.26570,
1403715949434057984,-0.50463,-1.57475,0.41131,-0.02702,0.82554,0.03392,0.56267,-0.33830,0.05230,-0.23909,
1403715949534057984,-0.53581,-1.56910,0.39059,-0.03457,0.85109,0.04943,0.52154,-0.25195,0.05754,-0.20393,
1403715949634057984,-0.55545,-1.56168,0.37306,-0.04279,0.86592,0.06770,0.49373,-0.09099,0.08699,-0.16843,
1403715949734057984,-0.55838,-1.55184,0.35836,-0.05282,0.87659,0.08705,0.47035,0.11756,0.12464,-0.15246,
1403715949834057984,-0.53583,-1.53760,0.34759,-0.05844,0.88094,0.11089,0.45632,0.38650,0.18101,-0.10541,
1403715949934057984,-0.48196,-1.51700,0.34410,-0.06058,0.87734,0.13875,0.45536,0.67262,0.26774,-0.02752,
1403715950034057984,-0.39968,-1.48890,0.35167,-0.05924,0.86655,0.17043,0.46532,0.92871,0.39208,0.03488,
1403715950134057984,-0.29841,-1.44491,0.36215,-0.06451,0.84206,0.19701,0.49796,1.09541,0.53868,0.09537,
1403715950234057984,-0.18553,-1.38651,0.37474,-0.08321,0.80784,0.20486,0.54635,1.14049,0.63936,0.09776,
1403715950334057984,-0.07531,-1.32105,0.38609,-0.10925,0.77517,0.19848,0.58974,1.06232,0.68216,0.09766,
1403715950434057984,0.02371,-1.25592,0.39611,-0.12839,0.74679,0.18981,0.62434,0.91685,0.65021,0.08166,
1403715950534057984,0.10481,-1.19668,0.40643,-0.13876,0.72070,0.18238,0.65427,0.70468,0.57253,0.06868,
1403715950634057984,0.16113,-1.14594,0.41630,-0.14326,0.70613,0.17695,0.67048,0.42750,0.47663,0.09724,
1403715950734057984,0.18765,-1.10533,0.43102,-0.14724,0.69296,0.17222,0.68444,0.11551,0.36423,0.13679,
1403715950834057984,0.18111,-1.07568,0.44928,-0.15174,0.68151,0.16909,0.69565,-0.23873,0.23922,0.17620,
1403715950934057984,0.13836,-1.05999,0.46930,-0.15438,0.68151,0.16931,0.69501,-0.58886,0.10254,0.16118,
1403715951034057984,0.06455,-1.05612,0.48301,-0.15621,0.71289,0.17344,0.66130,-0.89639,-0.03456,0.10525,
1403715951134057984,-0.03140,-1.06098,0.49398,-0.15155,0.75200,0.18283,0.61490,-1.08511,-0.12234,0.12528,
1403715951234057984,-0.14204,-1.07472,0.50707,-0.14192,0.79013,0.19954,0.56191,-1.15358,-0.15136,0.13403,
1403715951334057984,-0.25302,-1.08764,0.52039,-0.13758,0.81904,0.21573,0.51352,-1.10241,-0.12148,0.14274,
1403715951434057984,-0.35433,-1.09255,0.53621,-0.13608,0.83768,0.23274,0.47497,-0.95111,-0.03014,0.15451,
1403715951534057984,-0.43714,-1.08794,0.55229,-0.13769,0.85094,0.24912,0.44146,-0.73265,0.09669,0.17320,
1403715951634057984,-0.49713,-1.06968,0.57108,-0.14093,0.85783,0.26613,0.41647,-0.46907,0.24652,0.20427,
1403715951734057984,-0.52857,-1.03677,0.59113,-0.14613,0.85940,0.28317,0.39987,-0.17535,0.43520,0.23226,
1403715951834057984,-0.52931,-0.98446,0.61439,-0.15486,0.85563,0.29866,0.39334,0.15317,0.64535,0.26754,
1403715951934057984,-0.48579,-0.91694,0.64552,-0.17857,0.83402,0.31150,0.41892,0.45647,0.85696,0.38415,
1403715952034057984,-0.42623,-0.82840,0.68322,-0.21064,0.79740,0.31783,0.46772,0.62356,0.96009,0.39398,
1403715952134057984,-0.35983,-0.73203,0.72133,-0.24645,0.75391,0.31913,0.51869,0.65116,0.96151,0.38542,
1403715952234057984,-0.29512,-0.64064,0.75549,-0.27550,0.71793,0.32233,0.55206,0.60944,0.86381,0.32398,
1403715952334057984,-0.23458,-0.56450,0.78431,-0.29665,0.69217,0.32546,0.57182,0.53983,0.70514,0.30676,
1403715952434057984,-0.18184,-0.50787,0.81168,-0.31254,0.67122,0.32747,0.58698,0.43305,0.50256,0.28237,
1403715952534057984,-0.13961,-0.47239,0.83712,-0.32424,0.65529,0.33332,0.59528,0.30278,0.27553,0.27460,
1403715952634057984,-0.10975,-0.46181,0.86340,-0.33854,0.63848,0.33743,0.60321,0.16050,0.01406,0.29859,
1403715952734057984,-0.09782,-0.47877,0.89246,-0.35331,0.61657,0.33516,0.61861,-0.01500,-0.30560,0.30678,
1403715952834057984,-0.10558,-0.52646,0.92262,-0.36414,0.59771,0.33198,0.63241,-0.19711,-0.63488,0.28444,
1403715952934057984,-0.13048,-0.60729,0.94400,-0.35644,0.61500,0.34568,0.61256,-0.37845,-0.96810,0.15685,
1403715953034057984,-0.17178,-0.71647,0.95567,-0.33369,0.65611,0.37440,0.56391,-0.50245,-1.18474,0.05457,
1403715953134057984,-0.22243,-0.84358,0.95385,-0.30614,0.69722,0.40363,0.50719,-0.55528,-1.30192,-0.10259,
1403715953234057984,-0.27507,-0.97453,0.94068,-0.28026,0.72970,0.42495,0.45652,-0.51882,-1.28983,-0.17838,
1403715953334057984,-0.32135,-1.09682,0.91891,-0.26290,0.74867,0.43862,0.42188,-0.44194,-1.15714,-0.27249,
1403715953434057984,-0.35795,-1.20408,0.88629,-0.25046,0.76107,0.45289,0.39105,-0.33253,-0.96907,-0.34225,
1403715953534057984,-0.37903,-1.28993,0.85388,-0.24479,0.76543,0.47001,0.36508,-0.17104,-0.69462,-0.29444,
1403715953634057984,-0.37923,-1.34446,0.82912,-0.24261,0.76293,0.49126,0.34313,0.01291,-0.35662,-0.21253,
1403715953734057984,-0.37324,-1.35612,0.81438,-0.24008,0.76086,0.50550,0.32851,0.21216,0.01143,-0.12773,
1403715953834057984,-0.34029,-1.33099,0.80978,-0.23970,0.74994,0.52274,0.32692,0.40471,0.43264,-0.00223,
1403715953934057984,-0.28811,-1.25895,0.81469,-0.23924,0.72315,0.54311,0.35335,0.52874,0.82038,0.04089,
1403715954034057984,-0.23551,-1.16272,0.81876,-0.24336,0.67931,0.55934,0.40798,0.50959,1.08521,-0.00090,
1403715954134057984,-0.18930,-1.04374,0.81302,-0.26427,0.64045,0.55594,0.45925,0.39699,1.25651,-0.09398,
1403715954234057984,-0.15560,-0.91426,0.80011,-0.29624,0.60895,0.53768,0.50231,0.23015,1.31468,-0.11433,
1403715954334057984,-0.14058,-0.78492,0.78739,-0.33284,0.59068,0.51098,0.52841,0.05408,1.25178,-0.15346,
1403715954434057984,-0.14258,-0.66430,0.77312,-0.37500,0.58165,0.47941,0.53965,-0.10766,1.10042,-0.13466,
1403715954534057984,-0.15746,-0.56335,0.76251,-0.40745,0.56699,0.45255,0.55471,-0.22988,0.83767,-0.10124,
1403715954634057984,-0.18418,-0.49330,0.75510,-0.42856,0.55005,0.43396,0.57049,-0.34727,0.49495,-0.07167,
1403715954734057984,-0.22085,-0.46055,0.74639,-0.43849,0.54233,0.42607,0.57625,-0.46394,0.08966,-0.09414,
1403715954834057984,-0.27007,-0.46699,0.73508,-0.43172,0.55222,0.43375,0.56616,-0.56229,-0.28324,-0.10288,
1403715954934057984,-0.32969,-0.51075,0.72404,-0.41299,0.57486,0.45090,0.54375,-0.65427,-0.61006,-0.10438,
1403715955034057984,-0.39926,-0.58478,0.71385,-0.38541,0.60431,0.47243,0.51292,-0.73352,-0.82666,-0.07214,
1403715955134057984,-0.47534,-0.67390,0.70817,-0.36069,0.63440,0.48908,0.47774,-0.78180,-0.94636,-0.07301,
1403715955234057984,-0.55303,-0.76783,0.70158,-0.33819,0.66647,0.50160,0.43571,-0.76533,-0.93904,-0.05638,
1403715955334057984,-0.62639,-0.85540,0.69843,-0.31557,0.68945,0.51245,0.40307,-0.70856,-0.83272,-0.01203,
1403715955434057984,-0.69220,-0.92964,0.69886,-0.29813,0.70636,0.51947,0.37727,-0.63122,-0.65910,0.01253,
1403715955534057984,-0.75111,-0.98100,0.70071,-0.28882,0.72179,0.52377,0.34822,-0.52783,-0.41529,0.03302,
1403715955634057984,-0.79600,-1.00704,0.70713,-0.28464,0.73087,0.53093,0.32080,-0.37437,-0.09577,0.09526,
1403715955734057984,-0.82424,-0.99427,0.72010,-0.28547,0.72305,0.54621,0.31204,-0.19681,0.30971,0.20713,
1403715955834057984,-0.82605,-0.94423,0.74804,-0.31540,0.68825,0.55885,0.33842,-0.07301,0.64881,0.31833,
1403715955934057984,-0.82400,-0.86967,0.77897,-0.35830,0.64551,0.55984,0.37618,-0.02480,0.78043,0.31195,
1403715956034057984,-0.82104,-0.78748,0.81027,-0.40004,0.59515,0.56069,0.41400,-0.01980,0.81842,0.31175,
1403715956134057984,-0.82003,-0.70789,0.83985,-0.43061,0.54710,0.56747,0.43959,-0.03749,0.74258,0.28038,
1403715956234057984,-0.81932,-0.63969,0.86440,-0.45375,0.50714,0.57883,0.44930,-0.07654,0.58114,0.23146,
1403715956334057984,-0.82244,-0.58763,0.88629,-0.47539,0.47589,0.59144,0.44467,-0.12452,0.36932,0.23777,
1403715956434057984,-0.82958,-0.56091,0.90956,0.50833,-0.44097,-0.59421,-0.44053,-0.15036,0.09631,0.27919,
1403715956534057984,-0.84112,-0.56401,0.93582,0.54327,-0.40575,-0.59134,-0.43651,-0.13400,-0.20829,0.28214,
1403715956634057984,-0.85050,-0.59880,0.96179,0.56656,-0.38305,-0.59150,-0.42709,-0.07477,-0.56632,0.25473,
1403715956734057984,-0.85309,-0.66769,0.98516,0.56804,-0.38162,-0.60431,-0.40804,0.00170,-0.91232,0.20817,
1403715956834057984,-0.84864,-0.77006,1.00644,0.55570,-0.39481,-0.62432,-0.38151,0.07682,-1.19091,0.19293,
1403715956934057984,-0.83948,-0.89509,1.02720,0.53151,-0.41428,-0.64828,-0.35441,0.12685,-1.36984,0.15884,
1403715957034057984,-0.82695,-1.03454,1.04251,-0.49719,0.43621,0.67459,0.32779,0.14955,-1.46285,0.06141,
1403715957134057984,-0.81434,-1.17713,1.04814,-0.46440,0.45613,0.69527,0.30476,0.12795,-1.44698,-0.03548,
1403715957234057984,-0.80570,-1.31596,1.04230,-0.43359,0.47549,0.71221,0.28048,0.08692,-1.36342,-0.16648,
1403715957334057984,-0.80321,-1.44140,1.02372,-0.40209,0.49554,0.72713,0.25306,0.02535,-1.19447,-0.28075,
1403715957434057984,-0.80659,-1.54681,0.99442,-0.37095,0.51048,0.74057,0.23099,-0.06135,-0.92466,-0.32058,
1403715957534057984,-0.81910,-1.62143,0.96094,-0.34554,0.52120,0.75046,0.21391,-0.17195,-0.56886,-0.35012,
1403715957634057984,-0.84228,-1.65714,0.92531,-0.32668,0.52571,0.75853,0.20382,-0.30459,-0.14750,-0.34669,
1403715957734057984,-0.88063,-1.64865,0.89201,-0.32527,0.52071,0.76117,0.20901,-0.46811,0.31481,-0.29830,
1403715957834057984,-0.93672,-1.59377,0.86759,-0.35889,0.50672,0.74830,0.23342,-0.65740,0.76989,-0.15867,
1403715957934057984,-1.00944,-1.50425,0.85514,-0.41337,0.48117,0.72535,0.26734,-0.76998,0.99262,-0.10448,
1403715958034057984,-1.08741,-1.39892,0.84312,-0.46760,0.44847,0.70154,0.29676,-0.81835,1.05610,-0.09089,
1403715958134057984,-1.16889,-1.29474,0.83018,0.51631,-0.41296,-0.67926,-0.31858,-0.81954,0.99815,-0.13273,
1403715958234057984,-1.24633,-1.20083,0.81211,0.55698,-0.38026,-0.66029,-0.33045,-0.75971,0.84265,-0.16798,
1403715958334057984,-1.31515,-1.12582,0.78956,0.58584,-0.35143,-0.64907,-0.33466,-0.65914,0.63279,-0.19767,
1403715958434057984,-1.37298,-1.07997,0.76499,0.61391,-0.32497,-0.63692,-0.33443,-0.53105,0.34315,-0.18816,
1403715958534057984,-1.41257,-1.06696,0.73847,0.63910,-0.30199,-0.62667,-0.32809,-0.33427,0.00650,-0.21114,
1403715958634057984,-1.42931,-1.08482,0.70873,0.64827,-0.29094,-0.63260,-0.30808,-0.11149,-0.33059,-0.25033,
1403715958734057984,-1.42097,-1.13263,0.67852,0.64606,-0.28873,-0.65049,-0.27586,0.12856,-0.61174,-0.27212,
1403715958834057984,-1.38948,-1.20699,0.64839,0.63063,-0.29398,-0.67991,-0.23153,0.35432,-0.82451,-0.28462,
1403715958934057984,-1.34086,-1.29728,0.61858,0.60757,-0.30192,-0.71169,-0.18220,0.54733,-0.91171,-0.27114,
1403715959034057984,-1.27751,-1.39020,0.58762,0.57730,-0.30221,-0.74490,-0.14322,0.68547,-0.88581,-0.28946,
1403715959134057984,-1.20214,-1.47552,0.55729,0.54541,-0.28887,-0.77710,-0.12326,0.75871,-0.76985,-0.25989,
1403715959234057984,-1.12626,-1.54694,0.52960,0.51588,-0.26297,-0.80630,-0.12079,0.73831,-0.63991,-0.24310,
1403715959334057984,-1.05462,-1.61059,0.50085,-0.48240,0.24104,0.83436,0.11415,0.65931,-0.52805,-0.28163,
1403715959434057984,-0.99957,-1.66531,0.47293,-0.44495,0.23181,0.85874,0.10420,0.47468,-0.38377,-0.27556,
1403715959534057984,-0.96361,-1.70031,0.44862,-0.41645,0.22412,0.87608,0.09396,0.18195,-0.20690,-0.20643,
1403715959634057984,-0.96328,-1.71224,0.43793,-0.40552,0.20778,0.88563,0.08973,-0.22013,0.00787,-0.00161,
1403715959734057984,-1.01272,-1.70669,0.44975,-0.42866,0.19309,0.87782,0.09166,-0.63823,0.19271,0.23934,
1403715959834057984,-1.09311,-1.68142,0.47840,-0.48539,0.17496,0.85143,0.09407,-0.88898,0.29885,0.31381,
1403715959934057984,-1.18976,-1.64938,0.50952,0.54967,-0.15467,-0.81484,-0.09990,-0.96331,0.32285,0.28651,
1403715960034057984,-1.28705,-1.61716,0.53502,0.60751,-0.13772,-0.77505,-0.10613,-0.90581,0.29862,0.21172,
1403715960134057984,-1.37384,-1.59139,0.55378,0.64857,-0.12567,-0.74261,-0.11002,-0.75062,0.22762,0.15322,
1403715960234057984,-1.43950,-1.57275,0.57025,0.67629,-0.11566,-0.71817,-0.11608,-0.49445,0.11761,0.15513,
1403715960334057984,-1.47498,-1.56617,0.58737,0.69479,-0.10913,-0.70042,-0.12154,-0.19079,-0.01054,0.15257,
1403715960434057984,-1.47654,-1.57551,0.60500,0.71066,-0.10491,-0.68439,-0.12479,0.15812,-0.16893,0.16643,
1403715960534057984,-1.44319,-1.59938,0.62118,0.70624,-0.10585,-0.68867,-0.12550,0.51448,-0.31972,0.13032,
1403715960634057984,-1.37822,-1.63845,0.63462,0.66965,-0.11311,-0.72361,-0.12310,0.81704,-0.46163,0.10528,
1403715960734057984,-1.28805,-1.69080,0.64658,0.62391,-0.12182,-0.76270,-0.11910,0.99191,-0.56358,0.13131,
1403715960834057984,-1.18580,-1.75145,0.66049,0.56574,-0.13249,-0.80588,-0.11373,1.05102,-0.62828,0.11110,
1403715960934057984,-1.08379,-1.81581,0.67610,0.50500,-0.14254,-0.84441,-0.10784,0.97171,-0.64647,0.15013,
1403715961034057984,-0.99704,-1.88125,0.69421,-0.45913,0.15010,0.86936,0.10427,0.76117,-0.62337,0.15841,
1403715961134057984,-0.93535,-1.94193,0.71188,-0.41976,0.15811,0.88822,0.09934,0.45484,-0.55654,0.18136,
1403715961234057984,-0.91283,-1.99320,0.73340,-0.39159,0.17040,0.89973,0.09000,0.04588,-0.44058,0.24464,
1403715961334057984,-0.93394,-2.03104,0.76364,-0.39766,0.18321,0.89563,0.07842,-0.40509,-0.28453,0.35532,
1403715961434057984,-0.99537,-2.05216,0.80378,-0.43563,0.18498,0.87818,0.06937,-0.77261,-0.12923,0.44347,
1403715961534057984,-1.08677,-2.05725,0.85246,-0.48380,0.17233,0.85569,0.06351,-0.99967,0.00555,0.50946,
1403715961634057984,-1.19231,-2.05294,0.90467,0.53378,-0.14701,-0.83047,-0.06154,-1.10181,0.08263,0.51593,
1403715961734057984,-1.30297,-2.04104,0.95448,0.58195,-0.11566,-0.80269,-0.06031,-1.09403,0.11170,0.46657,
1403715961834057984,-1.40808,-2.02951,0.99528,0.62452,-0.08373,-0.77401,-0.06220,-0.99620,0.10376,0.33194,
1403715961934057984,-1.50011,-2.01966,1.02104,0.65560,-0.05819,-0.75024,-0.06271,-0.82049,0.06637,0.20247,
1403715962034057984,-1.56916,-2.01567,1.03794,0.69273,-0.03890,-0.71798,-0.05583,-0.56314,-0.00730,0.12964,
1403715962134057984,-1.60685,-2.01813,1.04589,0.72423,-0.02305,-0.68790,-0.04180,-0.20934,-0.07594,0.02269,
1403715962234057984,-1.60566,-2.02717,1.04252,0.73639,-0.00919,-0.67606,-0.02422,0.19891,-0.13279,-0.08533,
1403715962334057984,-1.56231,-2.04005,1.02515,0.72892,-0.00016,-0.68460,0.00072,0.60329,-0.16395,-0.17257,
1403715962434057984,-1.47806,-2.05180,0.99929,0.70969,0.00230,-0.70391,0.02920,0.99537,-0.14439,-0.25638,
1403715962534057984,-1.36251,-2.06208,0.96710,0.67771,0.00166,-0.73262,0.06303,1.28189,-0.07899,-0.36953,
1403715962634057984,-1.22389,-2.06498,0.92428,0.63263,0.00137,-0.76849,0.09591,1.45682,0.04113,-0.45698,
1403715962734057984,-1.07259,-2.05420,0.87327,0.59414,0.00420,-0.79512,0.12147,1.53402,0.19859,-0.56648,
1403715962834057984,-0.91715,-2.02599,0.81172,0.55732,0.01679,-0.81947,0.13260,1.53257,0.37315,-0.64458,
1403715962934057984,-0.76636,-1.97844,0.73905,0.52414,0.04311,-0.84110,0.12641,1.46144,0.52725,-0.75249,
1403715963034057984,-0.62907,-1.92060,0.65331,-0.48755,-0.08407,0.86295,-0.10274,1.29611,0.58507,-0.91658,
1403715963134057984,-0.51044,-1.86257,0.55313,-0.44765,-0.11880,0.88188,-0.08823,1.07816,0.56829,-1.05142,
1403715963234057984,-0.41869,-1.80858,0.44224,-0.41226,-0.14684,0.89518,-0.08450,0.78480,0.49238,-1.16239,
1403715963334057984,-0.36024,-1.76591,0.32297,-0.38763,-0.17092,0.90152,-0.08825,0.39980,0.34945,-1.19166,
1403715963434057984,-0.34503,-1.74230,0.21052,-0.41687,-0.19214,0.88228,-0.10435,-0.04307,0.16113,-1.06860,
1403715963534057984,-0.36661,-1.73229,0.10954,-0.48107,-0.21116,0.84098,-0.12937,-0.28696,0.02695,-0.99148,
1403715963634057984,-0.40543,-1.72627,0.01602,0.53534,0.22671,-0.79874,0.15503,-0.36840,-0.02750,-0.89244,
1403715963734057984,-0.43760,-1.72546,-0.06761,0.56830,0.24134,-0.76731,0.17326,-0.31119,-0.02144,-0.77221,
1403715963834057984,-0.45989,-1.72254,-0.14016,0.57944,0.25084,-0.75202,0.18919,-0.20951,-0.00141,-0.64738,
1403715963934057984,-0.47383,-1.71852,-0.19709,0.57594,0.25872,-0.74986,0.19765,-0.10708,0.03866,-0.52809,
1403715964034057984,-0.47843,-1.71059,-0.24084,0.56142,0.26690,-0.75735,0.19999,-0.02861,0.07406,-0.39086,
1403715964134057984,-0.47698,-1.70238,-0.27003,0.53266,0.28823,-0.77519,0.17968,0.00676,0.06431,-0.20895,
1403715964234057984,-0.47453,-1.70165,-0.26901,0.51259,0.30040,-0.78650,0.16860,0.00653,-0.04616,0.11123,
1403715964334057984,-0.47574,-1.71421,-0.23418,0.51574,0.29378,-0.78425,0.18072,-0.04066,-0.15373,0.29601,
1403715964434057984,-0.47822,-1.73373,-0.19040,0.52275,0.28678,-0.77954,0.19186,-0.04965,-0.20800,0.26917,
1403715964534057984,-0.48124,-1.75728,-0.15481,0.52754,0.28698,-0.77588,0.19327,-0.05911,-0.25371,0.24453,
1403715964634057984,-0.48529,-1.78428,-0.12406,0.52813,0.28459,-0.77546,0.19688,-0.05834,-0.29681,0.29004,
1403715964734057984,-0.49123,-1.81383,-0.08628,0.53009,0.27514,-0.77403,0.21019,-0.06715,-0.29217,0.37995,
1403715964834057984,-0.50028,-1.84239,-0.03582,0.53431,0.26221,-0.76976,0.23071,-0.10261,-0.27780,0.54874,
1403715964934057984,-0.51210,-1.86600,0.01705,0.54532,0.25695,-0.75992,0.24316,-0.12198,-0.20894,0.48086,
1403715965034057984,-0.52509,-1.88273,0.06022,0.56055,0.25686,-0.74640,0.25038,-0.11618,-0.12094,0.35500,
1403715965134057984,-0.53533,-1.89062,0.08900,0.57897,0.25813,-0.73004,0.25535,-0.06389,-0.02016,0.18608,
1403715965234057984,-0.53900,-1.88861,0.10106,0.56503,0.27351,-0.74045,0.24016,0.00121,0.10222,0.04358,
1403715965334057984,-0.53665,-1.87731,0.10649,0.52332,0.29476,-0.77104,0.21154,0.03279,0.15027,0.02602,
1403715965434057984,-0.53601,-1.86698,0.11433,-0.47421,-0.30773,0.80343,-0.18689,-0.02816,0.09438,0.08726,
1403715965534057984,-0.54586,-1.86729,0.12878,-0.44013,-0.31462,0.82424,-0.16713,-0.17610,-0.06362,0.15406,
1403715965634057984,-0.57439,-1.88736,0.15264,-0.43416,-0.31534,0.82852,-0.16005,-0.39165,-0.28764,0.30262,
1403715965734057984,-0.62308,-1.92754,0.18936,-0.47532,-0.30841,0.80578,-0.17226,-0.55436,-0.48464,0.40382,
1403715965834057984,-0.68066,-1.97784,0.22862,0.53209,0.29470,-0.76914,0.19610,-0.57716,-0.53163,0.39575,
1403715965934057984,-0.73622,-2.02904,0.26626,0.58034,0.28092,-0.73265,0.21795,-0.50360,-0.49070,0.32592,
1403715966034057984,-0.78127,-2.07254,0.29867,0.61148,0.27362,-0.70576,0.23049,-0.36706,-0.39517,0.29022,
1403715966134057984,-0.80840,-2.10407,0.33166,0.64178,0.26510,-0.67647,0.24543,-0.13651,-0.24227,0.31772,
1403715966234057984,-0.81200,-2.11657,0.36445,0.65081,0.26362,-0.66635,0.25087,0.11461,-0.02213,0.29694,
1403715966334057984,-0.79063,-2.10880,0.39348,0.62227,0.27349,-0.69359,0.23857,0.34090,0.16114,0.28153,
1403715966434057984,-0.74828,-2.08587,0.42250,0.57871,0.28532,-0.73232,0.21771,0.48977,0.27241,0.27637,
1403715966534057984,-0.69557,-2.05693,0.44888,0.52089,0.29601,-0.77751,0.19115,0.53336,0.28843,0.26132,
1403715966634057984,-0.64423,-2.03274,0.47597,-0.47186,-0.30073,0.81149,-0.16848,0.45913,0.19093,0.27966,
1403715966734057984,-0.60556,-2.02227,0.50431,-0.44150,-0.30018,0.83141,-0.15406,0.30399,0.03549,0.27305,
1403715966834057984,-0.58610,-2.03025,0.53076,-0.42330,-0.29943,0.84289,-0.14388,0.06938,-0.17758,0.31481,
1403715966934057984,-0.59133,-2.06214,0.56530,-0.44421,-0.29526,0.83307,-0.14658,-0.16138,-0.39718,0.39484,
1403715967034057984,-0.61585,-2.11486,0.60607,-0.49374,-0.28704,0.80519,-0.15967,-0.29596,-0.55637,0.43340,
1403715967184057856,-0.66083,-2.20586,0.67005,0.57558,0.26784,-0.74952,0.18758,-0.26357,-0.59685,0.40995,
1403715967284058112,-0.68038,-2.26366,0.71066,0.62495,0.25357,-0.70945,0.20451,-0.10478,-0.52368,0.40944,
1403715967384058112,-0.67839,-2.30922,0.74892,0.65921,0.24009,-0.67816,0.21886,0.14568,-0.36469,0.36629,
1403715967484057856,-0.65060,-2.33728,0.78311,0.66299,0.23535,-0.67457,0.22363,0.42628,-0.18749,0.31849,
1403715967584058112,-0.59468,-2.34661,0.81397,0.64156,0.23740,-0.69105,0.23343,0.68623,-0.00665,0.27508,
1403715967684057856,-0.51600,-2.33771,0.84118,0.59998,0.24907,-0.72029,0.24325,0.86674,0.15206,0.26146,
1403715967784058112,-0.42495,-2.31212,0.86803,0.54925,0.26316,-0.75042,0.25681,0.92995,0.29763,0.23473,
1403715967884058112,-0.33343,-2.27592,0.89091,-0.49728,-0.28002,0.77641,-0.26737,0.87425,0.38788,0.18476,
1403715967984057856,-0.25427,-2.23273,0.90517,-0.45873,-0.30235,0.79242,-0.26501,0.71945,0.43267,0.07628,
1403715968084058112,-0.19312,-2.18838,0.90895,-0.42943,-0.33404,0.80325,-0.24248,0.50604,0.40222,-0.00211,
1403715968184057856,-0.15357,-2.15057,0.90481,-0.41306,-0.35888,0.80680,-0.22284,0.30088,0.28895,-0.03994,
1403715968284058112,-0.13471,-2.12706,0.89707,-0.43149,-0.36612,0.79327,-0.22471,0.12486,0.14675,-0.07431,
1403715968384058112,-0.12950,-2.11393,0.88116,-0.46856,-0.36208,0.76944,-0.23940,0.02645,0.05725,-0.17579,
1403715968484057856,-0.13511,-2.10460,0.85342,0.50591,0.35414,-0.74253,0.25941,-0.01900,0.04268,-0.31213,
1403715968584058112,-0.13833,-2.09725,0.81626,0.54062,0.34296,-0.71698,0.27578,-0.02944,0.06013,-0.42808,
1403715968684057856,-0.14013,-2.08526,0.77024,0.57138,0.33333,-0.69240,0.28810,0.02836,0.16209,-0.46910,
1403715968784058112,-0.13250,-2.05949,0.72134,0.59517,0.32584,-0.67187,0.29697,0.15028,0.33414,-0.47759,
1403715968934057984,-0.09072,-1.98474,0.64986,0.61223,0.32010,-0.65583,0.30430,0.39611,0.65220,-0.47771,
1403715969034057984,-0.04215,-1.90825,0.59780,0.59326,0.32834,-0.67232,0.29704,0.55006,0.84975,-0.53616,
1403715969134057984,0.01909,-1.81515,0.54125,0.54327,0.34847,-0.71373,0.27205,0.64670,0.97813,-0.58218,
1403715969234057984,0.08469,-1.71465,0.48442,-0.47733,-0.37014,0.76058,-0.23806,0.62679,0.98792,-0.53222,
1403715969334057984,0.14184,-1.62164,0.43547,-0.42624,-0.38305,0.79206,-0.21032,0.50034,0.83724,-0.45170,
1403715969434057984,0.18332,-1.54815,0.39294,-0.39040,-0.39195,0.81170,-0.18736,0.31103,0.59279,-0.40765,
1403715969634057984,0.19811,-1.49836,0.33168,-0.39293,-0.42279,0.80388,-0.14364,-0.13257,-0.15648,-0.21752,
1403715969734057984,0.18041,-1.53124,0.31539,-0.42667,-0.43647,0.78075,-0.13366,-0.23797,-0.53757,-0.13206,
1403715969834057984,0.16034,-1.59782,0.30494,-0.46983,-0.43565,0.75389,-0.14532,-0.23878,-0.87439,-0.05135,
1403715969934057984,0.13786,-1.69035,0.30175,0.50704,0.41324,-0.73295,0.18690,-0.16567,-1.05782,-0.02014,
1403715970034057984,0.12514,-1.79752,0.30025,0.54072,0.38491,-0.71026,0.23450,-0.07346,-1.10282,-0.00965,
1403715970134057984,0.12257,-1.90516,0.29859,0.56772,0.36475,-0.68774,0.26770,0.04288,-1.03487,-0.01721,
1403715970234057984,0.13215,-2.00250,0.29899,0.59437,0.34641,-0.66271,0.29586,0.18300,-0.88340,0.01817,
1403715970334057984,0.15833,-2.08076,0.30180,0.61554,0.32941,-0.64018,0.32057,0.35635,-0.63828,0.04085,
1403715970434057984,0.20317,-2.13028,0.30661,0.62439,0.31959,-0.62879,0.33558,0.54751,-0.34519,0.04749,
1403715970534057984,0.26799,-2.14821,0.30841,0.60710,0.31802,-0.64132,0.34497,0.73109,-0.02750,0.01882,
1403715970634057984,0.34470,-2.13755,0.30855,0.56347,0.32598,-0.67722,0.34295,0.82625,0.26769,0.00684,
1403715970734057984,0.42644,-2.09921,0.31131,0.50956,0.33912,-0.72046,0.32600,0.81933,0.47319,0.02781,
1403715970884058112,0.53493,-2.01746,0.31819,-0.41449,-0.35393,0.78684,-0.28949,0.59594,0.55222,0.09804,
1403715970984057856,0.58015,-1.96772,0.33078,-0.36586,-0.36218,0.81495,-0.26614,0.30121,0.44363,0.16199,
1403715971084058112,0.59094,-1.93326,0.35098,-0.33951,-0.38155,0.82598,-0.23857,-0.07616,0.22493,0.27762,
1403715971184057856,0.56417,-1.92590,0.38413,-0.34343,-0.40931,0.81706,-0.21666,-0.43987,-0.10363,0.40119,
1403715971284058112,0.49600,-1.95700,0.42890,-0.37910,-0.44111,0.78575,-0.21047,-0.69911,-0.46335,0.51085,
1403715971384058112,0.41714,-2.01548,0.48081,-0.42905,-0.46952,0.73930,-0.22116,-0.76140,-0.74168,0.55387,
1403715971484057856,0.34106,-2.10041,0.53420,-0.47629,-0.48738,0.69049,-0.24254,-0.71098,-0.90514,0.51291,
1403715971584058112,0.27487,-2.19542,0.58388,0.51043,0.50177,-0.64365,0.27094,-0.55160,-0.98107,0.48784,
1403715971684057856,0.22836,-2.29289,0.63099,0.52719,0.51161,-0.60703,0.30306,-0.35870,-0.96541,0.45366,
1403715971784058112,0.20072,-2.38562,0.67394,0.52813,0.51471,-0.58175,0.34310,-0.17483,-0.87765,0.38544,
1403715971884058112,0.18829,-2.46710,0.71137,0.51277,0.51618,-0.56880,0.38352,-0.02873,-0.74386,0.33581,
1403715972084058112,0.19747,-2.58279,0.77357,-0.47922,-0.53151,0.54997,-0.43056,0.12545,-0.40195,0.29595,
1403715972184057856,0.20808,-2.61572,0.80559,-0.48057,-0.53087,0.53216,-0.45170,0.14923,-0.19955,0.33774,
1403715972284058112,0.22375,-2.62348,0.83857,0.48952,0.52351,-0.51276,0.47264,0.17605,0.05925,0.34276,
1403715972384058112,0.24248,-2.60363,0.86971,0.49465,0.51798,-0.50112,0.48569,0.19383,0.35166,0.29061,
1403715972484057856,0.26371,-2.55481,0.89801,0.49094,0.52095,-0.50201,0.48536,0.21621,0.65387,0.25944,
1403715972584058112,0.28715,-2.47971,0.92136,0.46998,0.53621,-0.52135,0.46882,0.22946,0.91317,0.19559,
1403715972684057856,0.31213,-2.38259,0.93799,0.43767,0.55477,-0.55016,0.44497,0.24476,1.07773,0.11967,
1403715972784058112,0.33713,-2.27545,0.94584,-0.40238,-0.57123,0.58002,-0.41875,0.23377,1.13039,0.02447,
1403715972884058112,0.36033,-2.16573,0.94643,-0.38192,-0.57807,0.59827,-0.40255,0.20420,1.10248,-0.00986,
1403715972984057856,0.38031,-2.06051,0.94340,-0.38480,-0.56972,0.60106,-0.40753,0.17758,1.03659,-0.06292,
1403715973084058112,0.39610,-1.96030,0.93564,-0.38876,-0.55425,0.60296,-0.42203,0.11347,1.00374,-0.08169,
1403715973184057856,0.40303,-1.85971,0.92792,-0.39622,-0.54876,0.60169,-0.42407,0.03834,1.00747,-0.07987,
1403715973284058112,0.40387,-1.75870,0.91976,-0.39798,-0.54625,0.60347,-0.42314,-0.02436,1.01290,-0.06663,
1403715973384058112,0.39705,-1.65671,0.91200,-0.39142,-0.54889,0.61019,-0.41614,-0.09750,1.02023,-0.08540,
1403715973484057856,0.38043,-1.55826,0.90545,-0.38253,-0.55705,0.61768,-0.40228,-0.16474,0.97664,-0.07155,
1403715973684057856,0.33103,-1.38176,0.89769,-0.35455,-0.56529,0.63620,-0.38730,-0.29224,0.78752,-0.04024,
1403715973784058112,0.29089,-1.31197,0.89572,-0.34056,-0.56720,0.64309,-0.38566,-0.38788,0.63527,-0.02920,
1403715973884058112,0.24234,-1.25918,0.89476,-0.33409,-0.56995,0.64561,-0.38306,-0.49397,0.48128,-0.01034,
1403715973984057856,0.18477,-1.22293,0.89611,-0.33613,-0.57406,0.64255,-0.38025,-0.59609,0.30395,0.01817,
1403715974084058112,0.11902,-1.20145,0.90101,-0.35217,-0.57737,0.63057,-0.38078,-0.66629,0.15902,0.05440,
1403715974184057856,0.04812,-1.19156,0.90626,-0.36851,-0.57664,0.61820,-0.38667,-0.70924,0.04967,0.04295,
1403715974284058112,-0.02621,-1.18885,0.90799,-0.37833,-0.57662,0.60989,-0.39041,-0.73129,-0.02381,-0.00595,
1403715974384058112,-0.10171,-1.19291,0.90217,-0.37993,-0.57965,0.60678,-0.38921,-0.74540,-0.07141,-0.08970,
1403715974484057856,-0.17867,-1.20393,0.89027,-0.37980,-0.58187,0.60535,-0.38824,-0.75806,-0.13766,-0.11145,
1403715974584058112,-0.25604,-1.22006,0.87830,-0.38448,-0.58041,0.60117,-0.39229,-0.76416,-0.20163,-0.11784,
1403715974734057984,-0.37275,-1.25543,0.85642,-0.39169,-0.57746,0.59496,-0.39893,-0.76598,-0.25307,-0.14654,
1403715974834057984,-0.44976,-1.28181,0.83866,-0.39274,-0.57709,0.59322,-0.40101,-0.75873,-0.27554,-0.16147,
1403715975034057984,-0.60063,-1.34015,0.80353,-0.39549,-0.57909,0.58773,-0.40351,-0.73810,-0.30315,-0.16646,
1403715975134057984,-0.67396,-1.37192,0.78740,-0.39750,-0.58227,0.58344,-0.40318,-0.72495,-0.31964,-0.14830,
1403715975234057984,-0.74679,-1.40527,0.77160,0.39929,0.58622,-0.57934,0.40159,-0.69493,-0.34192,-0.12393,
1403715975334057984,-0.81483,-1.43905,0.76024,0.40225,0.58824,-0.57422,0.40303,-0.65218,-0.35633,-0.07407,
1403715975434057984,-0.88047,-1.47439,0.75422,0.40796,0.58870,-0.56738,0.40630,-0.60896,-0.34307,-0.02060,
1403715975534057984,-0.93980,-1.50694,0.75416,0.41315,0.58959,-0.56131,0.40820,-0.54804,-0.30681,0.02101,
1403715975634057984,-0.99523,-1.53682,0.75628,0.40864,0.59167,-0.56273,0.40776,-0.49894,-0.29185,0.06300,
1403715975734057984,-1.04539,-1.56574,0.76309,0.40490,0.59311,-0.56440,0.40710,-0.44954,-0.27959,0.08934,
1403715975834057984,-1.08914,-1.59504,0.77409,0.40270,0.59353,-0.56585,0.40667,-0.40572,-0.28924,0.10240,
1403715975934057984,-1.13043,-1.62532,0.78517,0.40069,0.59493,-0.56733,0.40453,-0.36003,-0.29849,0.10335,
1403715976034057984,-1.16542,-1.65639,0.79648,0.39965,0.59648,-0.56865,0.40140,-0.32155,-0.30761,0.09802,
1403715976134057984,-1.19786,-1.68833,0.80789,0.39989,0.59583,-0.56957,0.40084,-0.27354,-0.31878,0.10553,
1403715976234057984,-1.22404,-1.72178,0.81918,0.40423,0.59439,-0.56848,0.40017,-0.22985,-0.32636,0.10622,
1403715976334057984,-1.24745,-1.75682,0.83090,0.40793,0.59339,-0.56786,0.39876,-0.19004,-0.34312,0.10373,
1403715976434057984,-1.26409,-1.79286,0.84110,0.41283,0.59535,-0.56399,0.39629,-0.11452,-0.35552,0.07937,
1403715976584058112,-1.27341,-1.84782,0.85170,0.41310,0.60585,-0.55199,0.39699,0.02453,-0.36282,0.04044,
1403715976684057856,-1.26975,-1.88499,0.85550,0.40464,0.61360,-0.54384,0.40497,0.10199,-0.35878,0.01314,
1403715976784058112,-1.25959,-1.92195,0.85768,0.39391,0.61985,-0.53806,0.41365,0.15714,-0.36199,0.00555,
1403715976884058112,-1.24398,-1.95965,0.85901,0.38737,0.62489,-0.53211,0.41990,0.20131,-0.36036,0.00315,
1403715976984057856,-1.22312,-1.99627,0.86019,0.38220,0.62972,-0.52682,0.42408,0.25447,-0.35829,0.00856,
1403715977084058112,-1.19690,-2.03248,0.86021,0.37690,0.63628,-0.51854,0.42919,0.30577,-0.35194,-0.01024,
1403715977184057856,-1.16472,-2.06814,0.85821,0.36970,0.64617,-0.50624,0.43532,0.36516,-0.34600,-0.00609,
1403715977284058112,-1.12637,-2.10299,0.85437,0.35845,0.65895,-0.49033,0.44371,0.42602,-0.32907,-0.03429,
1403715977384058112,-1.08166,-2.13571,0.85096,0.34570,0.67393,-0.46866,0.45461,0.48258,-0.30823,-0.02605,
1403715977484057856,-1.03185,-2.16610,0.84615,0.32934,0.69015,-0.44439,0.46663,0.53453,-0.28590,-0.04643,
1403715977734057984,-0.88438,-2.23265,0.83300,0.27729,0.73075,-0.37380,0.49939,0.63128,-0.21339,-0.06372,
1403715977834057984,-0.81992,-2.25474,0.82736,0.25615,0.74582,-0.34081,0.51185,0.65862,-0.18919,-0.06362,
1403715977934057984,-0.75302,-2.27273,0.82229,0.23991,0.75921,-0.30226,0.52411,0.68414,-0.13842,-0.03479,
1403715978034057984,-0.68353,-2.28371,0.81769,0.22530,0.77180,-0.25923,0.53513,0.70756,-0.06463,-0.04501,
1403715978134057984,-0.61178,-2.28503,0.81313,0.21056,0.78218,-0.21284,0.54640,0.73032,0.03257,-0.05502,
1403715978234057984,-0.53695,-2.27643,0.80705,0.19590,0.79174,-0.16808,0.55365,0.76409,0.15070,-0.07032,
1403715978334057984,-0.46049,-2.25486,0.80127,0.17506,0.79748,-0.12913,0.56277,0.76670,0.30000,-0.05288,
1403715978434057984,-0.38339,-2.21831,0.79422,0.14462,0.80070,-0.09926,0.57281,0.78233,0.42835,-0.08213,
1403715978534057984,-0.30495,-2.17102,0.78477,0.10467,0.80348,-0.07592,0.58112,0.76706,0.54414,-0.10146,
1403715978634057984,-0.22952,-2.11309,0.77488,0.06460,0.80295,-0.05022,0.59041,0.72138,0.62560,-0.12614,
1403715978734057984,-0.16039,-2.04888,0.76219,0.03009,0.80447,-0.01919,0.59292,0.65589,0.66648,-0.11802,
1403715978834057984,-0.09820,-1.98144,0.74997,0.00335,0.80699,0.01777,0.59029,0.58372,0.69403,-0.11570,
1403715978934057984,-0.04191,-1.91024,0.74054,-0.02117,0.80921,0.05826,0.58424,0.54154,0.72140,-0.08377,
1403715979034057984,0.01219,-1.83611,0.73477,-0.04498,0.80770,0.10105,0.57912,0.49728,0.76045,-0.04898,
1403715979134057984,0.06202,-1.75763,0.73371,-0.07657,0.79858,0.14009,0.58033,0.43355,0.80289,0.01650,
1403715979284058112,0.12260,-1.63577,0.74668,-0.13038,0.76876,0.19669,0.59442,0.31998,0.81273,0.12667,
1403715979384058112,0.15017,-1.55546,0.75904,-0.15356,0.74785,0.24189,0.59885,0.19915,0.79298,0.11437,
1403715979484057856,0.16351,-1.47693,0.76913,-0.17009,0.73326,0.28621,0.59287,0.05706,0.77838,0.11350,
1403715979584058112,0.16135,-1.39845,0.78117,-0.18988,0.72085,0.32351,0.58280,-0.09197,0.77473,0.12133,
1403715979684057856,0.14627,-1.31913,0.79366,-0.21239,0.70850,0.35738,0.57026,-0.23878,0.78255,0.14376,
1403715979784058112,0.11548,-1.23952,0.80966,-0.23812,0.69030,0.39028,0.56078,-0.38381,0.77663,0.15528,
1403715979934057984,0.04170,-1.12522,0.83273,-0.28210,0.65668,0.43508,0.54763,-0.60110,0.72611,0.15929,
1403715980034057984,-0.02527,-1.05433,0.84886,-0.31314,0.63023,0.46349,0.53846,-0.74270,0.65966,0.17069,
1403715980134057984,-0.10648,-0.99218,0.86349,-0.34045,0.60405,0.49238,0.52610,-0.88152,0.56416,0.15409,
1403715980234057984,-0.20139,-0.94165,0.87443,-0.36877,0.58064,0.51970,0.50673,-1.00162,0.45763,0.11778,
1403715980434057984,-0.42322,-0.87572,0.89407,-0.42266,0.53539,0.57176,0.45585,-1.18179,0.20810,0.09385,
1403715980534057984,-0.54403,-0.86278,0.90274,-0.45446,0.50727,0.59278,0.42983,-1.23235,0.06604,0.08209,
1403715980634057984,-0.66516,-0.85802,0.90973,-0.48228,0.47910,0.61483,0.39982,-1.23813,-0.06864,0.07038,
1403715980734057984,-0.78563,-0.86849,0.91369,0.50503,-0.44868,-0.63799,-0.36959,-1.21014,-0.20267,0.03716,
1403715980834057984,-0.90229,-0.88613,0.91117,0.52380,-0.41886,-0.66160,-0.33537,-1.16459,-0.31512,0.01778,
1403715980934057984,-1.01505,-0.91102,0.91027,0.54199,-0.38585,-0.68306,-0.30133,-1.10506,-0.40848,0.02024,
1403715981034057984,-1.12216,-0.94276,0.90882,0.56199,-0.34887,-0.70065,-0.26747,-1.00924,-0.49033,0.02839,
1403715981134057984,-1.21857,-0.98986,0.90830,0.58110,-0.30864,-0.71602,-0.23319,-0.90637,-0.56510,0.01428,
1403715981234057984,-1.30399,-1.04910,0.91024,0.59612,-0.26431,-0.73107,-0.20078,-0.78316,-0.65287,0.02989,
1403715981334057984,-1.37519,-1.11620,0.91312,0.60957,-0.21910,-0.74411,-0.16348,-0.64040,-0.70352,0.04918,
1403715981434057984,-1.43245,-1.18585,0.91694,0.62166,-0.17269,-0.75400,-0.12330,-0.48575,-0.74406,0.05395,
1403715981534057984,-1.47186,-1.25933,0.92369,0.63570,-0.12462,-0.75739,-0.08196,-0.30875,-0.76898,0.09198,
1403715981634057984,-1.49198,-1.33097,0.93138,0.64779,-0.07403,-0.75692,-0.04426,-0.10048,-0.77461,0.09527,
1403715981734057984,-1.49390,-1.40397,0.93740,0.65000,-0.02224,-0.75953,-0.01099,0.11208,-0.77711,0.04979,
1403715981834057984,-1.47449,-1.47920,0.93879,0.63411,0.02735,-0.77245,0.02195,0.31535,-0.76381,0.01965,
1403715981934057984,-1.44517,-1.55852,0.93922,0.61448,0.07402,-0.78367,0.05292,0.43936,-0.75219,0.02158,
1403715982034057984,-1.40195,-1.63626,0.94079,0.60261,0.11785,-0.78512,0.08102,0.53593,-0.73802,0.03330,
1403715982134057984,-1.34851,-1.71398,0.94427,0.59504,0.15795,-0.78054,0.10834,0.61684,-0.72370,0.03598,
1403715982234057984,-1.28789,-1.79060,0.94877,0.58852,0.19573,-0.77280,0.13458,0.68498,-0.71632,0.05265,
1403715982384058112,-1.17797,-1.89846,0.95594,0.57545,0.24819,-0.75933,0.17515,0.78748,-0.68646,0.05160,
1403715982484057856,-1.09649,-1.96538,0.95986,0.56584,0.28414,-0.74740,0.20121,0.86124,-0.65098,0.04127,
1403715982634057984,-0.96075,-2.06096,0.96399,0.55153,0.33939,-0.72295,0.24079,0.98153,-0.59951,0.02946,
1403715982734057984,-0.86091,-2.12082,0.96601,0.53758,0.37592,-0.70508,0.26936,1.04668,-0.55907,0.01257,
1403715982834057984,-0.75415,-2.17648,0.96900,0.52153,0.41265,-0.68489,0.29775,1.09746,-0.49597,0.02248,
1403715982934057984,-0.64239,-2.22103,0.97117,0.50478,0.44997,-0.66241,0.32240,1.14768,-0.41860,0.02499,
1403715983034057984,-0.52546,-2.25794,0.97173,-0.48685,-0.48218,0.63910,-0.34934,1.18091,-0.35235,-0.00541,
1403715983134057984,-0.40503,-2.28978,0.97092,-0.46742,-0.51347,0.61443,-0.37462,1.21717,-0.28477,-0.00152,
1403715983234057984,-0.28138,-2.31545,0.96989,-0.44617,-0.54326,0.58709,-0.40141,1.23092,-0.21460,-0.00816,
1403715983334057984,-0.15650,-2.33356,0.96851,0.42484,0.57378,-0.55571,0.42600,1.23938,-0.13229,-0.01530,
1403715983584058112,0.15009,-2.33886,0.96649,0.36286,0.63281,-0.46454,0.50208,1.18830,0.09925,0.01480,
1403715983684057856,0.26504,-2.32311,0.96727,0.33554,0.64807,-0.42641,0.53441,1.10701,0.23230,-0.00307,
1403715983784058112,0.37068,-2.29428,0.96705,0.30729,0.66223,-0.39066,0.56072,0.99655,0.36736,0.00534,
1403715983884058112,0.46353,-2.25098,0.96654,0.27858,0.67719,-0.35623,0.58044,0.85437,0.49408,0.00276,
1403715983984057856,0.54717,-2.19896,0.97396,0.24972,0.69202,-0.32406,0.59475,0.70306,0.61276,0.00281,
1403715984084058112,0.61245,-2.13384,0.97917,0.21893,0.70840,-0.29499,0.60268,0.53524,0.71453,0.01677,
1403715984184057856,0.66645,-2.06395,0.98595,0.18789,0.72506,-0.26798,0.60595,0.39117,0.77411,0.04072,
1403715984284058112,0.70053,-1.98602,0.99297,0.15936,0.73891,-0.23992,0.60914,0.23207,0.81161,0.05776,
1403715984384058112,0.71552,-1.90265,1.00155,0.13303,0.74785,-0.21051,0.61539,0.07353,0.83775,0.08110,
1403715984484057856,0.71632,-1.81809,1.01059,0.11233,0.75698,-0.17733,0.61880,-0.08038,0.84665,0.08104,
1403715984584058112,0.70334,-1.73189,1.01753,0.09029,0.77221,-0.14384,0.61224,-0.20751,0.85369,0.05543,
1403715984684057856,0.68181,-1.64215,1.02356,0.06860,0.78932,-0.10706,0.60067,-0.28762,0.87322,0.05136,
1403715984784058112,0.65120,-1.55072,1.02874,0.03606,0.79950,-0.07177,0.59528,-0.34231,0.87338,0.04263,
1403715984884058112,0.61558,-1.46275,1.03352,-0.00053,0.80186,-0.03843,0.59627,-0.39003,0.83515,0.04681,
1403715985034057984,0.55326,-1.34064,1.04006,-0.03835,0.79968,0.01531,0.59900,-0.46302,0.73331,0.04396,
1403715985134057984,0.50374,-1.26628,1.04312,-0.05032,0.79852,0.04482,0.59819,-0.53124,0.66521,0.04085,
1403715985234057984,0.44764,-1.19614,1.04820,-0.05353,0.79668,0.06515,0.59849,-0.58290,0.62106,0.05512,
1403715985334057984,0.38472,-1.13167,1.05482,-0.04195,0.79553,0.08318,0.59871,-0.64005,0.60557,0.05921,
1403715985434057984,0.31551,-1.06801,1.06115,-0.03686,0.79590,0.08389,0.59845,-0.71125,0.61432,0.03685,
1403715985534057984,0.24023,-1.00100,1.06449,-0.03612,0.80361,0.06800,0.59015,-0.76427,0.62831,0.01560,
1403715985634057984,0.16188,-0.93042,1.06483,-0.03117,0.81878,0.04734,0.57130,-0.78556,0.64438,-0.01254,
1403715985734057984,0.08176,-0.86167,1.06169,-0.02702,0.83601,0.02778,0.54734,-0.75091,0.65803,-0.07519,
1403715985834057984,0.00925,-0.79458,1.05200,-0.03169,0.84773,0.00487,0.52946,-0.66233,0.63861,-0.14712,
1403715985934057984,-0.05406,-0.73122,1.03395,-0.03395,0.84853,-0.01320,0.52790,-0.54325,0.60187,-0.25914,
1403715986034057984,-0.10752,-0.67074,1.00458,-0.03382,0.84340,-0.02506,0.53564,-0.46154,0.55914,-0.38581,
1403715986234057984,-0.18666,-0.56905,0.91410,-0.03476,0.83214,-0.03783,0.55218,-0.28853,0.39582,-0.48819,
1403715986334057984,-0.21658,-0.52957,0.86602,-0.02525,0.82780,-0.03277,0.55950,-0.24300,0.31864,-0.46368,
1403715986434057984,-0.26315,-0.48607,0.82498,-0.01286,0.81938,-0.02461,0.57258,-0.26018,0.28695,-0.47946,
1403715986534057984,-0.29247,-0.45520,0.77362,-0.00660,0.82300,-0.01812,0.56771,-0.26178,0.26099,-0.54864,
1403715986634057984,-0.33860,-0.41870,0.72139,-0.00348,0.83686,-0.01427,0.54722,-0.25071,0.25367,-0.57178,
1403715986734057984,-0.37270,-0.38501,0.66686,-0.00327,0.84891,-0.01248,0.52838,-0.16272,0.25085,-0.54226,
1403715986834057984,-0.39143,-0.35486,0.61819,-0.00279,0.85059,-0.01048,0.52572,-0.03272,0.24486,-0.47030,
1403715986934057984,-0.39550,-0.32790,0.57398,-0.00290,0.84437,-0.01070,0.53565,0.06455,0.23566,-0.44420,
1403715987034057984,-0.39685,-0.30068,0.53293,-0.00460,0.83085,-0.02002,0.55612,0.11393,0.21507,-0.40752,
1403715987134057984,-0.38498,-0.28112,0.49315,-0.00879,0.81744,-0.03839,0.57466,0.11417,0.18152,-0.41370,
1403715987234057984,-0.38208,-0.26349,0.45535,-0.01110,0.80635,-0.05903,0.58838,0.07090,0.12093,-0.39161,
1403715987334057984,-0.38072,-0.25526,0.42006,-0.00688,0.80014,-0.07439,0.59515,0.01037,0.03613,-0.37524,
1403715987484057856,-0.39114,-0.25365,0.36886,0.01834,0.80274,-0.07294,0.59157,-0.08175,-0.03335,-0.34297,
1403715987584058112,-0.40245,-0.25611,0.33656,0.02886,0.80877,-0.06979,0.58326,-0.11817,-0.05130,-0.32142,
1403715987684057856,-0.41451,-0.25960,0.30478,0.03421,0.81193,-0.06687,0.57890,-0.13370,-0.04703,-0.29407,
1403715987784058112,-0.42679,-0.26394,0.27480,0.03766,0.81626,-0.06282,0.57302,-0.14090,-0.04173,-0.30681,
1403715987884058112,-0.43878,-0.26880,0.24379,0.03801,0.82585,-0.05960,0.55944,-0.12832,-0.03421,-0.29268,
1403715987984057856,-0.44780,-0.27310,0.21415,0.03658,0.83351,-0.05673,0.54837,-0.07547,-0.03445,-0.26763,
1403715988084058112,-0.45049,-0.27748,0.18905,0.03464,0.83313,-0.05380,0.54936,-0.01013,-0.03101,-0.22359,
1403715988184057856,-0.44867,-0.28167,0.16862,0.03440,0.82616,-0.05009,0.56014,0.03908,-0.02642,-0.18730,
1403715988284058112,-0.44561,-0.28436,0.15046,0.03550,0.81855,-0.04645,0.57145,0.03187,-0.01831,-0.17121,
1403715988384058112,-0.44244,-0.28512,0.13451,0.03473,0.81209,-0.04467,0.58079,0.03276,0.00754,-0.15001,
1403715988484057856,-0.43984,-0.28519,0.12022,0.02884,0.80859,-0.04787,0.58571,-0.00001,0.01894,-0.15207,
1403715988584058112,-0.44093,-0.28251,0.10723,0.01946,0.80758,-0.05514,0.58685,-0.03445,0.01914,-0.13024,
1403715988684057856,-0.43659,-0.28140,0.09686,0.00845,0.80880,-0.06420,0.58451,-0.06370,-0.00642,-0.11523,
1403715988834057984,-0.44792,-0.28795,0.08301,0.00618,0.81649,-0.06766,0.57335,-0.09390,-0.08751,-0.08149,
1403715988934057984,-0.45420,-0.30069,0.07794,0.01357,0.82155,-0.06397,0.56638,-0.08037,-0.13649,-0.04316,
1403715989084058112,-0.46252,-0.32515,0.07748,0.02274,0.82409,-0.05996,0.56282,-0.05916,-0.17165,-0.01420,
1403715989184057856,-0.46640,-0.34289,0.07609,0.02598,0.82388,-0.05929,0.56305,-0.02977,-0.18196,-0.00174,
1403715989284058112,-0.46811,-0.36127,0.07533,0.02773,0.82384,-0.05970,0.56299,-0.01222,-0.18426,-0.00839,
1403715989384058112,-0.46727,-0.38028,0.07466,0.02911,0.82287,-0.05986,0.56432,0.01479,-0.19247,-0.00646,
1403715989484057856,-0.46460,-0.39956,0.07387,0.02952,0.82340,-0.06030,0.56348,0.03133,-0.19214,-0.01014,
1403715989584058112,-0.45972,-0.41940,0.07321,0.03043,0.82278,-0.06020,0.56434,0.06271,-0.20430,0.00417,
1403715989684057856,-0.45278,-0.44021,0.07320,0.03312,0.81749,-0.05840,0.57202,0.07178,-0.19909,-0.01513,
1403715989784058112,-0.44511,-0.46052,0.06987,0.03519,0.81288,-0.05634,0.57862,0.07894,-0.19937,-0.05625,
1403715989884058112,-0.43903,-0.48017,0.06283,0.03741,0.81088,-0.05349,0.58157,0.05707,-0.18383,-0.09121,
1403715989984057856,-0.43462,-0.49760,0.05342,0.04048,0.81081,-0.04987,0.58178,0.03508,-0.15042,-0.09286,
1403715990084058112,-0.43222,-0.51055,0.04436,0.04105,0.81156,-0.04773,0.58087,0.01958,-0.13111,-0.09760,
1403715990184057856,-0.43256,-0.52186,0.03386,0.04059,0.81306,-0.04642,0.57891,0.00118,-0.10548,-0.14102,
