1403715529762142976,0.09163,0.13373,0.22314,-0.04558,0.81027,0.08585,0.57794,0.12374,0.17826,0.09583,
1403715529862142976,0.10386,0.14681,0.22061,-0.04994,0.80808,0.08981,0.58003,0.11342,0.18044,0.11339,
1403715529962142976,0.12055,0.16333,0.22510,-0.05448,0.80488,0.09034,0.58399,0.11389,0.18041,0.14636,
1403715530062142976,0.14089,0.18328,0.23655,-0.05209,0.79887,0.09304,0.59198,0.10303,0.18774,0.18374,
1403715530162142976,0.15945,0.20767,0.25494,-0.04468,0.79433,0.09662,0.59809,0.06873,0.22056,0.22597,
1403715530262142976,0.17318,0.23679,0.28380,-0.03532,0.79728,0.09894,0.59439,0.03099,0.27409,0.34974,
1403715530362142976,0.18190,0.27040,0.32682,-0.03249,0.80043,0.09730,0.59058,-0.00897,0.34098,0.48634,
1403715530462142976,0.18671,0.31153,0.38558,-0.03879,0.80245,0.09300,0.58816,-0.02923,0.40062,0.57289,
1403715530562142976,0.19635,0.36285,0.44765,-0.04460,0.80303,0.09498,0.58663,-0.03473,0.43893,0.52630,
1403715530662142976,0.20320,0.41685,0.50171,-0.04931,0.80232,0.09755,0.58680,-0.04472,0.45882,0.39014,
1403715530762142976,0.21180,0.47688,0.54993,-0.05467,0.80195,0.10157,0.58615,-0.04269,0.49562,0.33259,
1403715530862142976,0.21854,0.53821,0.59467,-0.06356,0.80113,0.11132,0.58460,-0.04092,0.51714,0.34467,
1403715530962142976,0.22805,0.60212,0.63887,-0.06897,0.80101,0.12200,0.58201,-0.02191,0.52485,0.33092,
1403715531062142976,0.23791,0.66434,0.67564,-0.07267,0.80872,0.12981,0.56907,-0.00844,0.53645,0.28062,
1403715531162142976,0.25272,0.73130,0.70988,-0.07425,0.82094,0.13389,0.55011,0.04324,0.56803,0.24411,
1403715531262142976,0.27467,0.79601,0.73904,-0.08905,0.82511,0.12739,0.54317,0.15094,0.58898,0.28343,
1403715531362142976,0.30510,0.85439,0.76784,-0.10293,0.81656,0.12100,0.55498,0.24722,0.55458,0.29140,
1403715531462142976,0.34232,0.90645,0.79245,-0.10675,0.80849,0.11992,0.56619,0.30093,0.48413,0.18002,
1403715531562142976,0.38365,0.95202,0.80270,-0.10721,0.80414,0.12016,0.57222,0.33691,0.42862,0.03670,
1403715531662142976,0.42578,0.99403,0.80139,-0.10970,0.80484,0.11812,0.57117,0.36576,0.38028,-0.06846,
1403715531762142976,0.46939,1.03333,0.80026,-0.10114,0.80354,0.12229,0.57371,0.39097,0.32533,-0.05700,
1403715531862142976,0.51370,1.06889,0.80320,-0.09077,0.79655,0.12686,0.58410,0.39831,0.29460,-0.01108,
1403715531962142976,0.55363,1.09750,0.80387,-0.08471,0.78966,0.12838,0.59395,0.35975,0.26438,-0.01820,
1403715532062142976,0.58847,1.12393,0.80380,-0.08067,0.78639,0.12903,0.59869,0.31085,0.24527,-0.02512,
1403715532162142976,0.61853,1.14852,0.80157,-0.07712,0.78463,0.13013,0.60123,0.25523,0.23565,-0.03376,
1403715532262142976,0.64216,1.17205,0.79814,-0.07914,0.78327,0.13073,0.60261,0.19122,0.23686,-0.04115,
1403715532362142976,0.66092,1.19573,0.79364,-0.08668,0.78563,0.13112,0.59840,0.13945,0.22528,-0.05894,
1403715532462142976,0.67579,1.21779,0.78840,-0.09617,0.78827,0.12928,0.59386,0.10158,0.19582,-0.05275,
1403715532562142976,0.68596,1.23568,0.78294,-0.10727,0.79007,0.12520,0.59044,0.07502,0.14917,-0.06959,
1403715532662142976,0.69390,1.24684,0.77724,-0.12270,0.78901,0.11761,0.59040,0.05766,0.07015,-0.06316,
1403715532762142976,0.69972,1.24804,0.76976,-0.13533,0.78643,0.11173,0.59223,0.02794,-0.05161,-0.08975,
1403715532862142976,0.70376,1.23766,0.75961,-0.13989,0.78538,0.10667,0.59349,0.01114,-0.18198,-0.11247,
1403715532962142976,0.70695,1.21444,0.74431,-0.13762,0.78769,0.09601,0.59278,0.00081,-0.32127,-0.20372,
1403715533062142976,0.70910,1.17677,0.71915,-0.12996,0.79163,0.07866,0.59182,-0.01007,-0.45705,-0.31313,
1403715533162142976,0.71146,1.12564,0.68620,-0.11439,0.79287,0.05882,0.59566,-0.02066,-0.60209,-0.32304,
1403715533262142976,0.71003,1.05958,0.66154,-0.09200,0.78653,0.04117,0.60927,-0.07734,-0.74470,-0.19424,
1403715533362142976,0.70187,0.98125,0.65021,-0.07087,0.78521,0.02765,0.61454,-0.14112,-0.84036,-0.03239,
1403715533462142976,0.68796,0.89356,0.65304,-0.05598,0.78984,0.01725,0.61051,-0.19738,-0.91637,0.10640,
1403715533562142976,0.66773,0.79780,0.66880,-0.05601,0.79643,0.00207,0.60213,-0.26426,-0.99712,0.25217,
1403715533662142976,0.64151,0.69323,0.69858,-0.06282,0.80269,-0.01284,0.59294,-0.31030,-1.10647,0.38942,
1403715533762142976,0.61311,0.57637,0.74424,-0.06765,0.80682,-0.02376,0.58643,-0.31689,-1.23984,0.52537,
1403715533862142976,0.58498,0.44626,0.79819,-0.06013,0.81003,-0.02381,0.58281,-0.30610,-1.37069,0.53191,
1403715533962142976,0.55638,0.30506,0.84606,-0.04568,0.81201,-0.01693,0.58160,-0.29546,-1.45160,0.42362,
1403715534062142976,0.52687,0.15673,0.88052,-0.03348,0.81311,-0.00961,0.58107,-0.29873,-1.52017,0.27537,
1403715534162142976,0.49804,0.00409,0.90205,-0.01983,0.81310,0.00016,0.58179,-0.29821,-1.55245,0.14573,
1403715534262142976,0.46963,-0.15030,0.91042,-0.00698,0.81368,0.00991,0.58119,-0.29146,-1.55116,0.02194,
1403715534362142976,0.44440,-0.30344,0.90759,-0.00059,0.81407,0.01530,0.58057,-0.28308,-1.53504,-0.10144,
1403715534462142976,0.42406,-0.45586,0.89323,0.00462,0.81495,0.01369,0.57936,-0.26416,-1.51868,-0.20729,
1403715534562142976,0.40899,-0.60714,0.87030,0.01196,0.81533,0.00599,0.57884,-0.22606,-1.49539,-0.24873,
1403715534662142976,0.39871,-0.75819,0.84518,0.01976,0.81642,-0.00803,0.57707,-0.21033,-1.47541,-0.25858,
1403715534762142976,0.38989,-0.90458,0.81792,0.03147,0.81942,-0.02679,0.57170,-0.19386,-1.44125,-0.27751,
1403715534862142976,0.38313,-1.04541,0.78882,0.04814,0.82425,-0.04926,0.56202,-0.16170,-1.40544,-0.28777,
1403715534962142976,0.38190,-1.18165,0.76004,0.06573,0.82750,-0.07292,0.55281,-0.09688,-1.36495,-0.27316,
1403715535062142976,0.39027,-1.31361,0.73267,0.08036,0.82880,-0.09273,0.54593,-0.01802,-1.31614,-0.27217,
1403715535162142976,0.40603,-1.44140,0.70488,0.08910,0.83257,-0.10904,0.53573,0.08050,-1.26672,-0.27327,
1403715535262142976,0.43581,-1.56401,0.67778,0.09231,0.83724,-0.12125,0.52518,0.20804,-1.23665,-0.24198,
1403715535362142976,0.48087,-1.68205,0.65358,0.09181,0.83953,-0.13074,0.51930,0.36335,-1.21409,-0.21233,
1403715535462142976,0.53882,-1.80003,0.63027,0.07875,0.83525,-0.14507,0.52452,0.50447,-1.22894,-0.18152,
1403715535562142976,0.60556,-1.92214,0.60846,0.07104,0.82554,-0.15067,0.53920,0.58316,-1.26734,-0.16484,
1403715535662142976,0.67772,-2.05076,0.58710,0.07022,0.81628,-0.14591,0.55449,0.65366,-1.29712,-0.18241,
1403715535762142976,0.75153,-2.18007,0.56555,0.06905,0.81401,-0.13256,0.56128,0.68732,-1.30958,-0.18519,
1403715535862142976,0.82464,-2.30902,0.54406,0.07154,0.81518,-0.10895,0.56436,0.69247,-1.29355,-0.20943,
1403715535962142976,0.89753,-2.43625,0.52109,0.06850,0.82154,-0.08474,0.55964,0.72036,-1.25839,-0.23225,
1403715536062142976,0.97087,-2.55933,0.49947,0.06104,0.82954,-0.06698,0.55104,0.75570,-1.21980,-0.20155,
1403715536162142976,1.05010,-2.67849,0.48060,0.05404,0.83613,-0.05336,0.54325,0.82965,-1.17901,-0.16169,
1403715536262142976,1.13793,-2.79403,0.46527,0.05339,0.84102,-0.03892,0.53696,0.91821,-1.12274,-0.13123,
1403715536362142976,1.23292,-2.90140,0.45459,0.05557,0.84114,-0.02465,0.53740,0.99892,-1.04003,-0.07688,
1403715536462142976,1.33676,-3.00128,0.44761,0.06465,0.83667,-0.00823,0.54382,1.07246,-0.93913,-0.03835,
1403715536562142976,1.44710,-3.08899,0.44350,0.07270,0.83071,0.00395,0.55192,1.12702,-0.80413,-0.01694,
1403715536662142976,1.56311,-3.16328,0.44071,0.07701,0.82335,0.01144,0.56218,1.16571,-0.65403,-0.00320,
1403715536762142976,1.68188,-3.22161,0.44033,0.07600,0.81144,0.01513,0.57928,1.16084,-0.47927,0.02894,
1403715536862142976,1.79841,-3.26354,0.44318,0.07518,0.79847,0.02238,0.59691,1.11140,-0.31926,0.05194,
1403715536962142976,1.90714,-3.28859,0.44840,0.08349,0.78539,0.03354,0.61242,1.00159,-0.15542,0.07778,
1403715537062142976,2.00353,-3.29443,0.45557,0.09261,0.77084,0.04239,0.62884,0.87512,0.05443,0.10834,
1403715537162142976,2.08510,-3.27820,0.46671,0.09822,0.75141,0.04778,0.65073,0.68229,0.28419,0.14899,
1403715537262142976,2.14508,-3.23837,0.48109,0.09645,0.73373,0.04695,0.67092,0.44056,0.52055,0.17723,
1403715537362142976,2.17768,-3.17511,0.49824,0.07066,0.73096,0.03004,0.67808,0.16251,0.72288,0.18377,
1403715537462142976,2.18470,-3.09619,0.51457,0.04182,0.74986,0.00826,0.66023,-0.08834,0.84157,0.17381,
1403715537562142976,2.16860,-3.00925,0.53142,0.01946,0.77801,-0.01077,0.62785,-0.26678,0.89170,0.17520,
1403715537662142976,2.13929,-2.92068,0.55161,0.00637,0.79833,-0.02408,0.60170,-0.35231,0.88697,0.23854,
1403715537762142976,2.10306,-2.83375,0.57724,0.00139,0.79712,-0.03203,0.60297,-0.39839,0.85911,0.29012,
1403715537862142976,2.05816,-2.74951,0.60349,0.00154,0.78676,-0.03514,0.61626,-0.48882,0.81766,0.27100,
1403715537962142976,2.00283,-2.66937,0.62529,0.00281,0.78480,-0.03582,0.61871,-0.59968,0.78412,0.20002,
1403715538062142976,1.94115,-2.59309,0.64312,-0.00043,0.79136,-0.03935,0.61009,-0.67673,0.73852,0.18182,
1403715538162142976,1.87113,-2.52311,0.65959,-0.00390,0.79835,-0.04877,0.60021,-0.74509,0.66476,0.12833,
1403715538262142976,1.79533,-2.46154,0.66842,0.00043,0.80268,-0.06053,0.59333,-0.78565,0.59577,0.02202,
1403715538362142976,1.71652,-2.40786,0.66611,0.01012,0.80079,-0.07379,0.59430,-0.81755,0.51866,-0.07376,
1403715538462142976,1.63310,-2.36099,0.65738,0.03160,0.79002,-0.08338,0.60656,-0.87932,0.45855,-0.08853,
1403715538562142976,1.54377,-2.31929,0.64753,0.05810,0.77827,-0.09289,0.61829,-0.96594,0.43316,-0.06609,
1403715538662142976,1.44380,-2.27477,0.63874,0.07994,0.77219,-0.10917,0.62082,-1.06945,0.44984,-0.08229,
1403715538762142976,1.33333,-2.22941,0.62785,0.09890,0.77386,-0.13271,0.61134,-1.15583,0.46789,-0.11716,
1403715538862142976,1.21378,-2.18273,0.61541,0.11842,0.77994,-0.16128,0.59301,-1.23627,0.47982,-0.12322,
1403715538962142976,1.08818,-2.13424,0.59880,0.14070,0.78050,-0.19350,0.57757,-1.26524,0.48713,-0.21263,
1403715539062142976,0.96029,-2.08421,0.57135,0.16569,0.77431,-0.22845,0.56639,-1.29117,0.50748,-0.32706,
1403715539162142976,0.83110,-2.03193,0.53208,0.19062,0.76426,-0.26513,0.55613,-1.30276,0.52785,-0.44309,
1403715539262142976,0.70252,-1.97778,0.48155,0.21330,0.75348,-0.30168,0.54385,-1.30148,0.54960,-0.56587,
1403715539362142976,0.57491,-1.92191,0.41969,0.23302,0.74544,-0.33533,0.52685,-1.28760,0.56354,-0.65047,
1403715539462142976,0.45154,-1.86790,0.35704,0.25103,0.73612,-0.36168,0.51410,-1.24295,0.54545,-0.56728,
1403715539562142976,0.33689,-1.81525,0.30874,0.25713,0.72764,-0.38540,0.50585,-1.17287,0.52626,-0.39879,
1403715539662142976,0.22865,-1.76773,0.27954,0.25660,0.71785,-0.40400,0.50560,-1.11788,0.47973,-0.19672,
1403715539762142976,0.12345,-1.72319,0.26864,0.25971,0.70934,-0.41323,0.50856,-1.09015,0.43628,-0.02292,
1403715539862142976,0.01941,-1.68252,0.27213,0.26254,0.70825,-0.41448,0.50760,-1.08069,0.40131,0.08639,
1403715539962142976,-0.08080,-1.64963,0.29124,0.25356,0.71531,-0.41663,0.50046,-1.06540,0.34148,0.25402,
1403715540062142976,-0.17374,-1.62838,0.32174,0.23831,0.72551,-0.42124,0.48928,-1.03340,0.24782,0.24825,
1403715540162142976,-0.25988,-1.62043,0.35649,0.21894,0.73313,-0.42788,0.48115,-0.97470,0.09145,0.33330,
1403715540262142976,-0.34386,-1.62799,0.39489,0.21080,0.73497,-0.42898,0.48099,-0.93975,-0.08272,0.36578,
1403715540362142976,-0.42960,-1.64851,0.43443,0.21843,0.73794,-0.41993,0.48102,-0.90790,-0.23527,0.37924,
1403715540462142976,-0.51817,-1.67812,0.47012,0.22806,0.74392,-0.40994,0.47594,-0.87078,-0.34727,0.33301,
1403715540562142976,-0.60296,-1.71691,0.50238,0.23372,0.75332,-0.40559,0.46193,-0.81429,-0.45659,0.29172,
1403715540662142976,-0.67966,-1.76617,0.52978,0.23235,0.75866,-0.40870,0.45101,-0.71687,-0.57107,0.26211,
1403715540762142976,-0.74568,-1.82892,0.55395,0.22148,0.75517,-0.42103,0.45100,-0.62530,-0.70448,0.23399,
1403715540862142976,-0.80244,-1.90781,0.57700,0.22124,0.74705,-0.42612,0.45978,-0.55533,-0.85457,0.22628,
1403715540962142976,-0.85357,-2.00153,0.59800,0.22679,0.73970,-0.42551,0.46942,-0.50613,-0.99430,0.21683,
1403715541062142976,-0.90026,-2.10668,0.61710,0.23560,0.73613,-0.42059,0.47508,-0.46220,-1.09642,0.19920,
1403715541162142976,-0.94357,-2.21987,0.63251,0.23819,0.73499,-0.41862,0.47730,-0.42043,-1.16369,0.16143,
1403715541262142976,-0.98397,-2.34203,0.64582,0.23025,0.72358,-0.42406,0.49355,-0.40425,-1.25544,0.16219,
1403715541362142976,-1.02582,-2.47156,0.65858,0.23666,0.71490,-0.42312,0.50387,-0.43610,-1.31981,0.14068,
1403715541462142976,-1.07053,-2.60580,0.66701,0.24684,0.71791,-0.41892,0.49818,-0.45699,-1.35127,0.07047,
1403715541562142976,-1.11487,-2.74333,0.67181,0.24997,0.72791,-0.41845,0.48224,-0.43602,-1.39626,0.05346,
1403715541662142976,-1.15600,-2.88484,0.67800,0.25177,0.73611,-0.41773,0.46932,-0.39468,-1.44158,0.07377,
1403715541762142976,-1.19014,-3.03221,0.68640,0.26729,0.74196,-0.40619,0.46159,-0.30748,-1.50694,0.09777,
1403715541862142976,-1.21408,-3.18362,0.69605,0.29128,0.74377,-0.38776,0.46002,-0.18666,-1.51489,0.12492,
1403715541962142976,-1.22538,-3.33271,0.70439,0.30905,0.74594,-0.36954,0.45989,-0.03812,-1.47219,0.10090,
1403715542062142976,-1.22070,-3.47500,0.71142,0.31900,0.74975,-0.34966,0.46244,0.13839,-1.37672,0.10100,
1403715542162142976,-1.20012,-3.60688,0.71910,0.32079,0.74871,-0.32922,0.47765,0.29465,-1.25028,0.10326,
1403715542262142976,-1.16291,-3.72726,0.72711,0.31375,0.74499,-0.30938,0.50084,0.42545,-1.09671,0.11744,
1403715542362142976,-1.11454,-3.83283,0.73766,0.29433,0.74149,-0.29410,0.52636,0.52275,-0.92591,0.13363,
1403715542462142976,-1.05952,-3.92311,0.75054,0.26512,0.73484,-0.28201,0.55694,0.55247,-0.77732,0.17018,
1403715542562142976,-1.00435,-3.99938,0.76422,0.24083,0.73080,-0.27092,0.57839,0.50795,-0.65310,0.14250,
1403715542662142976,-0.95575,-4.06372,0.77143,0.22235,0.73921,-0.26310,0.57871,0.42571,-0.53620,0.09459,
1403715542762142976,-0.91472,-4.11525,0.77701,0.20964,0.74635,-0.25720,0.57694,0.36810,-0.44205,0.05952,
1403715542862142976,-0.87957,-4.15679,0.77849,0.20081,0.75513,-0.25381,0.57011,0.31112,-0.36324,0.00647,
1403715542962142976,-0.84867,-4.19070,0.77527,0.18963,0.75914,-0.25562,0.56781,0.26858,-0.29624,-0.06048,
1403715543062142976,-0.82168,-4.22089,0.76377,0.17966,0.75796,-0.25934,0.57093,0.22263,-0.26217,-0.12222,
1403715543162142976,-0.80157,-4.24702,0.74798,0.17569,0.75563,-0.26193,0.57406,0.16140,-0.24176,-0.14638,
1403715543262142976,-0.78598,-4.27089,0.73012,0.17486,0.75080,-0.26460,0.57940,0.09520,-0.21396,-0.16566,
1403715543362142976,-0.77835,-4.29315,0.71330,0.17551,0.74839,-0.26702,0.58122,0.01284,-0.19079,-0.16185,
1403715543462142976,-0.77374,-4.31641,0.69564,0.18166,0.74796,-0.26579,0.58044,-0.05207,-0.16614,-0.15620,
1403715543562142976,-0.77837,-4.33419,0.68054,0.19035,0.74690,-0.26273,0.58041,-0.10879,-0.12999,-0.14910,
1403715543662142976,-0.78879,-4.34898,0.66337,0.20126,0.74152,-0.25684,0.58624,-0.18554,-0.07240,-0.16651,
1403715543762142976,-0.81169,-4.35283,0.64603,0.22040,0.73646,-0.25146,0.58806,-0.27348,0.00818,-0.18973,
1403715543862142976,-0.84075,-4.34740,0.62411,0.24536,0.73296,-0.25135,0.58258,-0.34000,0.12880,-0.22802,
1403715543962142976,-0.87552,-4.32754,0.59946,0.26874,0.73079,-0.26151,0.57039,-0.37695,0.28716,-0.25711,
1403715544062142976,-0.91232,-4.29138,0.57168,0.29086,0.72835,-0.28060,0.55333,-0.38428,0.45592,-0.31664,
1403715544162142976,-0.94950,-4.24021,0.53409,0.29865,0.72051,-0.31885,0.53852,-0.37562,0.58720,-0.44114,
1403715544262142976,-0.98797,-4.17730,0.48407,0.30813,0.70645,-0.36313,0.52357,-0.36922,0.68505,-0.57580,
1403715544362142976,-1.02405,-4.10557,0.41988,0.31912,0.68734,-0.41011,0.50749,-0.34862,0.76023,-0.70343,
1403715544462142976,-1.05848,-4.02700,0.34494,0.33121,0.66444,-0.45335,0.49325,-0.34108,0.81938,-0.77916,
1403715544562142976,-1.09220,-3.94295,0.27126,0.34595,0.64290,-0.48690,0.47950,-0.32473,0.86028,-0.68646,
1403715544662142976,-1.12232,-3.85497,0.21225,0.35859,0.62660,-0.50883,0.46891,-0.29547,0.88538,-0.47702,
1403715544762142976,-1.15105,-3.76408,0.17916,0.37432,0.61345,-0.51545,0.46677,-0.28288,0.92305,-0.19740,
1403715544862142976,-1.17803,-3.66652,0.17260,0.38506,0.60605,-0.51622,0.46685,-0.27264,1.00261,0.08128,
1403715544962142976,-1.20517,-3.56113,0.18620,0.38580,0.60661,-0.51848,0.46299,-0.26001,1.06969,0.19030,
1403715545062142976,-1.23190,-3.45015,0.20605,0.38379,0.60949,-0.52398,0.45460,-0.25789,1.11841,0.19279,
1403715545162142976,-1.25753,-3.33727,0.22395,0.38551,0.60883,-0.53179,0.44487,-0.25187,1.14748,0.11880,
1403715545262142976,-1.28160,-3.22252,0.23159,0.38920,0.60361,-0.54321,0.43486,-0.24112,1.15556,-0.01303,
1403715545362142976,-1.30432,-3.10747,0.22802,0.39238,0.59457,-0.55665,0.42739,-0.21689,1.16199,-0.10350,
1403715545462142976,-1.32548,-2.99216,0.22085,0.38770,0.58075,-0.57191,0.43050,-0.20512,1.16579,-0.07917,
1403715545562142976,-1.34929,-2.87800,0.21935,-0.37967,-0.56749,0.58580,-0.43663,-0.24470,1.13596,0.00927,
1403715545662142976,-1.37884,-2.76535,0.22595,-0.37347,-0.55803,0.59472,-0.44208,-0.31832,1.12620,0.05974,
1403715545762142976,-1.41643,-2.65392,0.23427,-0.37042,-0.55752,0.59567,-0.44400,-0.40752,1.10650,0.05351,
1403715545862142976,-1.46101,-2.54337,0.24063,-0.37088,-0.56531,0.58837,-0.44351,-0.47359,1.09315,0.06383,
1403715545962142976,-1.51107,-2.43306,0.24753,0.37268,0.58166,-0.57179,0.44253,-0.51915,1.08597,0.07480,
1403715546062142976,-1.56367,-2.32236,0.25424,0.37042,0.60317,-0.54834,0.44530,-0.52382,1.07645,0.08687,
1403715546162142976,-1.61625,-2.21212,0.26165,0.35887,0.62630,-0.52151,0.45496,-0.50853,1.06837,0.09735,
1403715546262142976,-1.66792,-2.10222,0.26949,0.34043,0.65045,-0.49126,0.46871,-0.49556,1.07532,0.10329,
1403715546362142976,-1.71792,-1.99123,0.27930,0.31755,0.67365,-0.45937,0.48410,-0.47960,1.08650,0.10994,
1403715546462142976,-1.76630,-1.88141,0.29108,0.29142,0.69678,-0.42649,0.49766,-0.47837,1.09411,0.14349,
1403715546562142976,-1.81473,-1.77253,0.30426,0.26480,0.71867,-0.39138,0.51011,-0.47324,1.08534,0.12985,
1403715546662142976,-1.86312,-1.66476,0.31639,0.23945,0.74260,-0.35306,0.51629,-0.47041,1.06772,0.11065,
1403715546762142976,-1.91009,-1.55923,0.32567,0.21035,0.77012,-0.31530,0.51308,-0.44259,1.04286,0.05890,
1403715546862142976,-1.95254,-1.45857,0.33389,0.17610,0.79481,-0.28169,0.50785,-0.39141,0.98611,0.08116,
1403715546962142976,-1.98832,-1.36571,0.34396,0.14940,0.81215,-0.24351,0.50872,-0.32726,0.90119,0.09190,
1403715547062142976,-2.01556,-1.28116,0.35484,0.13193,0.82615,-0.19930,0.51024,-0.22880,0.84575,0.09797,
1403715547162142976,-2.03120,-1.20103,0.36561,0.11166,0.83592,-0.15746,0.51378,-0.11312,0.81143,0.09900,
1403715547262142976,-2.03554,-1.12377,0.37654,0.09204,0.84271,-0.11566,0.51768,0.00329,0.78671,0.09642,
1403715547362142976,-2.02824,-1.04833,0.38717,0.07328,0.84817,-0.07805,0.51879,0.11733,0.77959,0.08236,
1403715547462142976,-2.00821,-0.97458,0.39517,0.05155,0.85478,-0.04744,0.51424,0.24316,0.79221,0.05054,
1403715547562142976,-1.97323,-0.90333,0.40018,0.02989,0.86027,-0.01683,0.50868,0.38487,0.80429,0.02368,
1403715547662142976,-1.92677,-0.82403,0.40438,0.00913,0.86275,0.01769,0.50525,0.53720,0.83132,0.02465,
1403715547762142976,-1.86653,-0.73803,0.40875,-0.00974,0.86293,0.05321,0.50242,0.68526,0.87373,0.03210,
1403715547862142976,-1.79126,-0.64546,0.41282,-0.03071,0.86073,0.08577,0.50085,0.83509,0.93159,0.03211,
1403715547962142976,-1.70079,-0.54822,0.41710,-0.05160,0.85239,0.11449,0.50760,0.97141,0.98318,0.02947,
1403715548062142976,-1.59812,-0.44476,0.42216,-0.07101,0.83925,0.13250,0.52255,1.07100,1.02878,0.04734,
1403715548162142976,-1.48791,-0.34148,0.42554,-0.08111,0.82476,0.14568,0.54034,1.12066,1.04765,0.01245,
1403715548262142976,-1.37570,-0.23388,0.42809,-0.08373,0.81410,0.15441,0.55353,1.13664,1.08039,-0.00182,
1403715548362142976,-1.26301,-0.12292,0.42402,-0.08428,0.80901,0.15749,0.55999,1.12768,1.10306,-0.13542,
1403715548462142976,-1.15166,-0.00956,0.40801,-0.08229,0.80829,0.15738,0.56136,1.11904,1.13857,-0.23651,
1403715548562142976,-1.04342,0.10700,0.38587,-0.08458,0.80977,0.15181,0.56042,1.10017,1.16673,-0.24927,
1403715548662142976,-0.93810,0.22510,0.36367,-0.08722,0.81176,0.14449,0.55908,1.07892,1.18650,-0.24092,
1403715548762142976,-0.83863,0.34277,0.34364,-0.08871,0.81222,0.13786,0.55984,1.05768,1.18726,-0.21469,
1403715548862142976,-0.74273,0.45943,0.32608,-0.08799,0.81283,0.13264,0.56034,1.04616,1.19114,-0.19424,
1403715548962142976,-0.64992,0.57255,0.30961,-0.08924,0.81205,0.12936,0.56202,1.03002,1.19266,-0.18628,
1403715549062142976,-0.56173,0.68558,0.29366,-0.09400,0.80910,0.13370,0.56448,0.98532,1.19361,-0.16527,
1403715549162142976,-0.47344,0.79997,0.28109,-0.10276,0.80030,0.14096,0.57367,0.94458,1.17994,-0.11818,
1403715549262142976,-0.38827,0.91308,0.27060,-0.11092,0.78914,0.14709,0.58594,0.87954,1.14625,-0.10603,
1403715549362142976,-0.30908,1.02464,0.25872,-0.12180,0.78144,0.14931,0.59348,0.77810,1.10253,-0.11669,
1403715549462142976,-0.23621,1.13199,0.24366,-0.13852,0.78237,0.14568,0.58948,0.70458,1.03740,-0.14303,
1403715549562142976,-0.16909,1.23115,0.22813,-0.15093,0.78928,0.14301,0.57776,0.64450,0.94483,-0.14792,
1403715549662142976,-0.10254,1.32243,0.21212,-0.15915,0.79930,0.13543,0.56343,0.64246,0.82889,-0.13358,
1403715549762142976,-0.03572,1.40125,0.19898,-0.16152,0.80463,0.11952,0.55874,0.67136,0.70030,-0.10545,
1403715549862142976,0.03396,1.46728,0.18969,-0.15695,0.80581,0.09784,0.56256,0.68978,0.56178,-0.09353,
1403715549962142976,0.10410,1.51804,0.18273,-0.15339,0.80885,0.06657,0.56374,0.71135,0.40208,-0.05678,
1403715550062142976,0.17272,1.54801,0.17760,-0.14395,0.81431,0.03112,0.56144,0.71191,0.20230,-0.04633,
1403715550162142976,0.24164,1.55698,0.17734,-0.11658,0.82012,0.00275,0.56017,0.72227,-0.01298,0.05504,
1403715550262142976,0.31297,1.54802,0.18971,-0.08419,0.82416,-0.02223,0.55962,0.72346,-0.18464,0.18823,
1403715550362142976,0.38429,1.52178,0.21741,-0.05363,0.82581,-0.04698,0.55943,0.73294,-0.33865,0.33854,
1403715550462142976,0.45620,1.48134,0.25488,-0.01982,0.82358,-0.07062,0.56244,0.73908,-0.45944,0.37856,
1403715550562142976,0.53020,1.43219,0.29135,0.01132,0.82007,-0.09757,0.56376,0.73346,-0.52850,0.32580,
1403715550662142976,0.60401,1.37707,0.31700,0.03270,0.81501,-0.13128,0.56343,0.72521,-0.58130,0.18730,
1403715550762142976,0.67752,1.31572,0.32978,0.04757,0.80764,-0.16944,0.56280,0.70796,-0.64111,0.06101,
1403715550862142976,0.74767,1.24674,0.32955,0.05771,0.79870,-0.20948,0.56112,0.67923,-0.72552,-0.05798,
1403715550962142976,0.81485,1.16731,0.31943,0.06978,0.78841,-0.24764,0.55876,0.63532,-0.84429,-0.12663,
1403715551062142976,0.87674,1.07484,0.30928,0.09237,0.77880,-0.27784,0.55475,0.56963,-0.99859,-0.03724,
1403715551162142976,0.93050,0.96755,0.31231,0.11985,0.76815,-0.30414,0.55053,0.49151,-1.13538,0.10752,
1403715551262142976,0.97639,0.84763,0.32866,0.14020,0.75391,-0.33475,0.54764,0.41616,-1.25039,0.21606,
1403715551362142976,1.01269,0.71763,0.35131,0.15560,0.73757,-0.36922,0.54356,0.31297,-1.35158,0.23227,
1403715551462142976,1.03827,0.57767,0.37537,0.17411,0.71923,-0.40154,0.53960,0.20009,-1.44308,0.22879,
1403715551562142976,1.04882,0.42896,0.39927,0.20006,0.70064,-0.42844,0.53434,0.06250,-1.53522,0.23583,
1403715551662142976,1.04578,0.27337,0.42300,0.23640,0.68268,-0.44727,0.52727,-0.07595,-1.58651,0.25099,
1403715551762142976,1.02918,0.11595,0.44704,0.27342,0.66105,-0.46426,0.52222,-0.20234,-1.57951,0.24097,
1403715551862142976,1.00192,-0.03876,0.47030,0.30419,0.63421,-0.48364,0.52091,-0.31717,-1.54085,0.23333,
1403715551962142976,0.96287,-0.18736,0.49258,0.33423,0.60551,-0.50142,0.51983,-0.44179,-1.45081,0.22152,
1403715552062142976,0.91301,-0.32526,0.51275,0.36715,0.58804,-0.51648,0.50266,-0.53953,-1.32589,0.20185,
1403715552162142976,0.85656,-0.44967,0.53016,0.39048,0.57276,-0.53585,0.48201,-0.59991,-1.18313,0.16496,
1403715552262142976,0.79485,-0.56035,0.54624,0.41835,0.55214,-0.55078,0.46558,-0.63704,-1.04769,0.16662,
1403715552362142976,0.73039,-0.65529,0.56061,-0.44603,-0.52691,0.56566,-0.45106,-0.65697,-0.88456,0.13637,
1403715552462142976,0.66509,-0.73273,0.57280,-0.46913,-0.50156,0.58514,-0.43124,-0.64832,-0.70345,0.12255,
1403715552562142976,0.60124,-0.79276,0.58411,-0.48858,-0.47010,0.60690,-0.41470,-0.62748,-0.52069,0.09605,
1403715552662142976,0.53918,-0.83362,0.59405,0.50514,0.43278,-0.63019,0.40050,-0.60311,-0.32417,0.07869,
1403715552762142976,0.47816,-0.85670,0.60078,0.51639,0.39469,-0.65705,0.38190,-0.59011,-0.13638,0.04274,
1403715552862142976,0.41750,-0.85992,0.60529,0.52553,0.35614,-0.68417,0.35902,-0.59164,0.06206,0.00750,
1403715552962142976,0.35660,-0.84379,0.60498,0.52677,0.31541,-0.71315,0.33830,-0.58876,0.25332,-0.04249,
1403715553062142976,0.29257,-0.81183,0.60158,0.52575,0.27262,-0.73952,0.31996,-0.62934,0.43402,-0.06734,
1403715553162142976,0.22415,-0.76147,0.59550,0.53227,0.23404,-0.75774,0.29622,-0.67954,0.61171,-0.07874,
1403715553262142976,0.15109,-0.69242,0.59012,0.54676,0.19602,-0.76683,0.27314,-0.73348,0.78316,-0.07399,
1403715553362142976,0.07584,-0.60416,0.58397,0.57027,0.15976,-0.76699,0.24697,-0.74625,0.98760,-0.08533,
1403715553462142976,0.00386,-0.49509,0.57621,0.60061,0.12991,-0.76033,0.21047,-0.68630,1.17161,-0.09359,
1403715553562142976,-0.05799,-0.36907,0.56365,0.62648,0.10271,-0.75322,0.17217,-0.56992,1.32234,-0.14945,
1403715553662142976,-0.10476,-0.23016,0.54607,0.63952,0.08268,-0.75205,0.13639,-0.40780,1.43118,-0.19323,
1403715553762142976,-0.13443,-0.08303,0.52391,0.63248,0.07314,-0.76362,0.10728,-0.23445,1.50371,-0.23227,
1403715553862142976,-0.14821,0.06844,0.50035,0.60982,0.07309,-0.78500,0.08097,-0.08626,1.52460,-0.20878,
1403715553962142976,-0.15290,0.22010,0.48012,0.58719,0.07644,-0.80341,0.06252,-0.01182,1.50186,-0.18697,
1403715554062142976,-0.15312,0.37004,0.46092,0.55789,0.07677,-0.82442,0.05658,0.00675,1.46386,-0.20587,
1403715554162142976,-0.15595,0.51725,0.44235,0.52628,0.07885,-0.84495,0.05362,-0.05357,1.41467,-0.17656,
1403715554262142976,-0.17067,0.65918,0.42802,0.50389,0.08269,-0.85827,0.05133,-0.20293,1.35473,-0.14060,
1403715554362142976,-0.20104,0.79458,0.41328,-0.49423,-0.09724,0.86305,-0.03788,-0.39129,1.27432,-0.16645,
1403715554462142976,-0.24931,0.92015,0.39418,0.51238,0.13836,-0.84753,0.00365,-0.53175,1.13355,-0.21738,
1403715554562142976,-0.30579,1.02921,0.36378,0.54523,0.19521,-0.81410,-0.04318,-0.54983,0.88151,-0.32461,
1403715554662142976,-0.35835,1.10805,0.32122,0.57292,0.24111,-0.77876,-0.08458,-0.46507,0.53822,-0.45247,
1403715554762142976,-0.39428,1.14660,0.26846,0.59046,0.26695,-0.75369,-0.10980,-0.28238,0.08495,-0.50225,
1403715554862142976,-0.40807,1.13534,0.21954,0.60779,0.27669,-0.73497,-0.11771,0.00666,-0.50112,-0.39452,
1403715554962142976,-0.39195,1.05254,0.19331,0.62415,0.26555,-0.72739,-0.10402,0.35292,-1.13839,-0.12944,
1403715555062142976,-0.33974,0.90890,0.19251,0.62520,0.22303,-0.74594,-0.05435,0.68744,-1.63249,0.07941,
1403715555162142976,-0.25973,0.73144,0.21074,0.60436,0.16297,-0.77964,0.01855,0.86518,-1.88590,0.19913,
1403715555262142976,-0.16969,0.53913,0.23051,0.56872,0.10135,-0.81043,0.09737,0.90570,-1.94305,0.10015,
1403715555362142976,-0.08226,0.35178,0.24022,0.53861,0.05451,-0.82593,0.15735,0.81594,-1.81276,0.00207,
1403715555462142976,-0.01061,0.18321,0.25382,0.53774,0.04205,-0.82446,0.17126,0.66985,-1.54730,0.13367,
1403715555562142976,0.04675,0.04078,0.28424,0.55182,0.05192,-0.81730,0.15757,0.55770,-1.28198,0.30295,
1403715555662142976,0.09656,-0.07758,0.32550,0.56133,0.06701,-0.81272,0.14106,0.49825,-1.07070,0.43085,
1403715555762142976,0.14704,-0.17809,0.37276,0.55718,0.07572,-0.81552,0.13693,0.47529,-0.91827,0.50757,
1403715555862142976,0.19621,-0.26293,0.42796,0.54563,0.07274,-0.82132,0.14978,0.40331,-0.75111,0.62168,
1403715555962142976,0.23938,-0.33049,0.49178,0.53812,0.07172,-0.82474,0.15838,0.32439,-0.57567,0.67083,
1403715556062142976,0.27464,-0.38090,0.55084,0.52527,0.06283,-0.83034,0.17514,0.23241,-0.40934,0.57225,
1403715556162142976,0.29343,-0.41103,0.60019,0.52325,0.05762,-0.82985,0.18504,0.11651,-0.20069,0.49893,
1403715556262142976,0.29648,-0.41781,0.64480,0.53368,0.05828,-0.82281,0.18645,-0.01064,0.02773,0.49249,
1403715556362142976,0.28944,-0.40380,0.68796,0.54213,0.06527,-0.81760,0.18265,-0.10449,0.23997,0.44869,
1403715556462142976,0.27457,-0.37212,0.72603,0.54757,0.07792,-0.81505,0.17259,-0.17575,0.41007,0.33511,
1403715556562142976,0.25521,-0.32676,0.75226,0.55126,0.10316,-0.81510,0.14520,-0.22855,0.51743,0.17692,
1403715556662142976,0.23117,-0.27205,0.76408,0.54933,0.12246,-0.81707,0.12508,-0.25210,0.58384,0.01772,
1403715556762142976,0.20391,-0.21346,0.76091,0.54129,0.13617,-0.82213,0.11208,-0.31171,0.59773,-0.10451,
1403715556862142976,0.17088,-0.15566,0.75032,0.54444,0.14893,-0.81948,0.09926,-0.36158,0.57349,-0.14109,
1403715556962142976,0.13346,-0.10145,0.73730,0.54819,0.15898,-0.81627,0.08896,-0.39217,0.52550,-0.14624,
1403715557062142976,0.09196,-0.05380,0.72060,0.53719,0.15875,-0.82348,0.09007,-0.43102,0.44815,-0.17340,
1403715557162142976,0.04478,-0.01254,0.70464,0.51869,0.15368,-0.83554,0.09603,-0.50113,0.38502,-0.15163,
1403715557262142976,-0.01265,0.02341,0.69182,0.50235,0.14873,-0.84581,0.10065,-0.63567,0.33044,-0.12455,
1403715557362142976,-0.08388,0.05535,0.68137,-0.49383,-0.14593,0.85122,-0.10128,-0.78140,0.27386,-0.10808,
1403715557462142976,-0.17047,0.08497,0.67225,-0.49941,-0.14391,0.84832,-0.10113,-0.93762,0.23985,-0.08829,
1403715557562142976,-0.27065,0.10979,0.66347,0.51963,0.14529,-0.83634,0.09701,-1.05109,0.20013,-0.09570,
1403715557662142976,-0.37986,0.12930,0.65158,0.53814,0.14868,-0.82478,0.08967,-1.12500,0.15557,-0.10865,
1403715557762142976,-0.49387,0.14346,0.63652,0.55118,0.14954,-0.81658,0.08389,-1.14383,0.09573,-0.12753,
1403715557862142976,-0.60864,0.15224,0.62577,0.55337,0.14270,-0.81615,0.08560,-1.14724,0.05031,-0.04159,
1403715557962142976,-0.72289,0.15642,0.62728,0.55290,0.13481,-0.81771,0.08650,-1.15257,0.01057,0.08253,
1403715558062142976,-0.83674,0.15643,0.64161,0.55372,0.12882,-0.81820,0.08567,-1.15694,-0.01774,0.19479,
1403715558162142976,-0.95224,0.15206,0.66686,0.55120,0.12504,-0.82069,0.08374,-1.17410,-0.05895,0.28248,
1403715558262142976,-1.06949,0.14459,0.69558,0.54999,0.12773,-0.82193,0.07500,-1.19640,-0.08569,0.28594,
1403715558362142976,-1.18773,0.13262,0.72413,0.55786,0.13434,-0.81657,0.06287,-1.19802,-0.14695,0.27015,
1403715558462142976,-1.30574,0.11320,0.75004,0.57274,0.13386,-0.80624,0.06346,-1.17875,-0.23000,0.22122,
1403715558562142976,-1.42039,0.08944,0.76694,0.59246,0.12666,-0.79205,0.07485,-1.10942,-0.25922,0.10418,
1403715558662142976,-1.52830,0.06601,0.77037,0.60453,0.12057,-0.78293,0.08384,-1.03269,-0.24366,-0.03923,
1403715558762142976,-1.62627,0.04332,0.76152,0.60775,0.12167,-0.77971,0.08886,-0.93289,-0.25045,-0.12459,
1403715558862142976,-1.71448,0.02078,0.75070,0.60807,0.13390,-0.77718,0.09120,-0.82748,-0.24929,-0.11594,
1403715558962142976,-1.79163,-0.00182,0.74260,0.60857,0.15362,-0.77294,0.09276,-0.69513,-0.24228,-0.08141,
1403715559062142976,-1.85408,-0.02550,0.73759,0.60779,0.17594,-0.76824,0.09719,-0.54658,-0.26588,-0.04698,
1403715559162142976,-1.90274,-0.05234,0.73603,0.60612,0.19589,-0.76281,0.11122,-0.40364,-0.28957,-0.01173,
1403715559262142976,-1.93722,-0.08095,0.73757,0.60475,0.21843,-0.75563,0.12482,-0.27138,-0.30516,-0.00689,
1403715559362142976,-1.95615,-0.11063,0.73919,0.60142,0.24351,-0.74860,0.13639,-0.12704,-0.31354,-0.01947,
1403715559462142976,-1.95967,-0.14161,0.73829,0.58913,0.26869,-0.74816,0.14489,-0.00823,-0.32255,-0.06240,
1403715559562142976,-1.95280,-0.17586,0.72758,0.56683,0.28251,-0.75731,0.15928,0.08200,-0.35858,-0.18729,
1403715559662142976,-1.93943,-0.21254,0.70554,0.55070,0.29011,-0.76311,0.17386,0.12714,-0.37960,-0.28907,
1403715559762142976,-1.92356,-0.25360,0.67453,0.54464,0.30388,-0.76109,0.17824,0.15260,-0.42583,-0.33162,
1403715559862142976,-1.90411,-0.29886,0.64175,0.54032,0.31975,-0.75628,0.18401,0.20478,-0.47060,-0.33213,
1403715559962142976,-1.88104,-0.34929,0.60858,0.53683,0.34126,-0.74829,0.18818,0.25610,-0.53641,-0.32126,
1403715560062142976,-1.85400,-0.40750,0.57636,0.53222,0.36347,-0.73930,0.19512,0.31596,-0.61300,-0.29950,
1403715560162142976,-1.82037,-0.47461,0.55096,0.52465,0.38353,-0.73143,0.20654,0.38751,-0.70967,-0.19690,
1403715560262142976,-1.78036,-0.55034,0.53810,0.51234,0.39550,-0.72679,0.22992,0.43776,-0.78223,-0.05915,
1403715560362142976,-1.73630,-0.63240,0.53610,-0.49964,-0.40832,0.72144,-0.25131,0.45492,-0.84110,0.00776,
1403715560462142976,-1.69160,-0.71811,0.53771,-0.48998,-0.42420,0.71289,-0.26787,0.45528,-0.88117,0.01401,
1403715560562142976,-1.64667,-0.80714,0.53776,-0.48176,-0.43970,0.70301,-0.28345,0.45343,-0.91097,-0.00304,
1403715560662142976,-1.60147,-0.89886,0.53843,-0.47399,-0.45794,0.69095,-0.29702,0.45961,-0.94983,0.01931,
1403715560762142976,-1.55429,-0.99592,0.54101,-0.46663,-0.47771,0.67686,-0.30970,0.46940,-0.98804,0.02171,
1403715560862142976,-1.50556,-1.09531,0.54330,-0.46130,-0.50064,0.65953,-0.31872,0.49183,-1.01568,0.01785,
1403715560962142976,-1.45335,-1.19763,0.54545,-0.45346,-0.52427,0.64168,-0.32829,0.54096,-1.04920,0.01882,
1403715561062142976,-1.39696,-1.30115,0.54774,-0.44207,-0.54597,0.62381,-0.34258,0.58329,-1.06565,0.01866,
1403715561162142976,-1.33725,-1.40671,0.54830,-0.42605,-0.56407,0.60821,-0.36110,0.61763,-1.08459,-0.00410,
1403715561262142976,-1.27477,-1.51408,0.54827,-0.40830,-0.57534,0.59732,-0.38141,0.63394,-1.09442,-0.01825,
1403715561362142976,-1.21315,-1.62414,0.54656,-0.38741,-0.57876,0.59330,-0.40366,0.61615,-1.10724,-0.02515,
1403715561462142976,-1.15525,-1.73486,0.54521,0.37381,0.58552,-0.58435,0.41948,0.56530,-1.11626,-0.00933,
1403715561562142976,-1.10239,-1.84602,0.54710,0.37315,0.59850,-0.56619,0.42660,0.51747,-1.12238,0.01770,
1403715561662142976,-1.05270,-1.95678,0.55048,0.37680,0.61389,-0.54488,0.42927,0.50836,-1.12525,0.02833,
1403715561762142976,-1.00271,-2.06584,0.55454,0.37988,0.62503,-0.52190,0.43893,0.52302,-1.08628,0.03544,
1403715561862142976,-0.95120,-2.16972,0.55947,0.37773,0.63489,-0.49942,0.45256,0.54364,-1.02567,0.05213,
1403715561962142976,-0.89709,-2.26642,0.56654,0.37390,0.64310,-0.47501,0.47010,0.56589,-0.94826,0.08131,
1403715562062142976,-0.84192,-2.35271,0.57542,0.37099,0.64704,-0.45145,0.48980,0.56324,-0.82291,0.09181,
1403715562162142976,-0.78687,-2.42539,0.58542,0.37333,0.64863,-0.43122,0.50394,0.55418,-0.67527,0.10585,
1403715562262142976,-0.73246,-2.48229,0.59432,0.37730,0.65410,-0.41666,0.50615,0.54842,-0.50088,0.08574,
1403715562362142976,-0.67679,-2.52375,0.60060,0.37870,0.66589,-0.41040,0.49473,0.56808,-0.32442,0.06039,
1403715562462142976,-0.61444,-2.55265,0.60466,0.37580,0.68288,-0.40954,0.47405,0.63988,-0.18510,0.03544,
1403715562562142976,-0.54141,-2.57159,0.61033,0.37459,0.69753,-0.40165,0.46022,0.76643,-0.08670,0.06794,
1403715562662142976,-0.45440,-2.58071,0.61716,0.36393,0.70601,-0.39473,0.46184,0.88702,0.01740,0.03094,
1403715562762142976,-0.35773,-2.57864,0.62249,0.33389,0.70780,-0.40432,0.47335,0.98081,0.09014,0.03966,
1403715562862142976,-0.25372,-2.57120,0.62825,0.30753,0.70868,-0.41034,0.48458,1.03087,0.13519,0.03165,
1403715562962142976,-0.14679,-2.56013,0.63389,0.28546,0.71199,-0.40749,0.49552,1.04256,0.14555,0.03575,
1403715563062142976,-0.04089,-2.54726,0.63981,0.26970,0.71708,-0.39501,0.50697,1.04283,0.13914,0.04540,
1403715563162142976,0.06364,-2.53384,0.64609,0.26299,0.72341,-0.36933,0.52068,1.04029,0.15176,0.06272,
1403715563262142976,0.16873,-2.51846,0.65210,0.25300,0.72889,-0.33634,0.53999,1.04149,0.18750,0.06416,
1403715563362142976,0.27051,-2.49559,0.65603,0.23568,0.73769,-0.29847,0.55784,1.00213,0.27103,0.05212,
1403715563462142976,0.36451,-2.46499,0.65810,0.21427,0.74983,-0.25756,0.57053,0.94601,0.32727,0.02026,
1403715563562142976,0.45238,-2.42633,0.65121,0.19413,0.76117,-0.21641,0.57974,0.88341,0.41120,-0.10470,
1403715563662142976,0.53231,-2.37976,0.63257,0.17664,0.76915,-0.17682,0.58817,0.80046,0.49399,-0.21566,
1403715563762142976,0.60087,-2.32375,0.60348,0.16029,0.77324,-0.13917,0.59753,0.71774,0.59561,-0.31438,
1403715563862142976,0.66403,-2.25805,0.56410,0.13064,0.77428,-0.11005,0.60935,0.64021,0.69852,-0.42861,
1403715563962142976,0.71945,-2.18263,0.51508,0.09278,0.77696,-0.08478,0.61688,0.52384,0.78537,-0.52639,
1403715564062142976,0.76609,-2.09988,0.46012,0.04721,0.78238,-0.06243,0.61787,0.39522,0.82973,-0.54241,
1403715564162142976,0.80118,-2.01546,0.40760,0.00553,0.78523,-0.03638,0.61811,0.26585,0.82349,-0.50208,
1403715564262142976,0.82645,-1.93371,0.35804,-0.03035,0.78822,-0.00513,0.61462,0.15757,0.77214,-0.43847,
1403715564362142976,0.84153,-1.85759,0.32015,-0.05812,0.78914,0.03597,0.61040,0.04898,0.71418,-0.31472,
1403715564462142976,0.84582,-1.78776,0.29425,-0.08383,0.79690,0.08298,0.59249,-0.02784,0.65724,-0.16855,
1403715564562142976,0.84453,-1.72098,0.28243,-0.10803,0.80051,0.13053,0.57487,-0.08942,0.61752,-0.02007,
1403715564662142976,0.83849,-1.65603,0.28529,-0.13027,0.79661,0.17786,0.56286,-0.11200,0.59379,0.12921,
1403715564762142976,0.82954,-1.59441,0.30382,-0.15040,0.78712,0.22441,0.55450,-0.13261,0.59016,0.26498,
1403715564862142976,0.81825,-1.53365,0.33717,-0.17124,0.77345,0.26772,0.54843,-0.14170,0.60198,0.39129,
1403715564962142976,0.80465,-1.47242,0.38427,-0.19327,0.75446,0.30662,0.54719,-0.16747,0.62295,0.52518,
1403715565062142976,0.78527,-1.40865,0.44282,-0.21605,0.73597,0.34298,0.54225,-0.23767,0.64031,0.63425,
1403715565162142976,0.75751,-1.34568,0.50519,-0.24587,0.71967,0.37508,0.53004,-0.30537,0.64096,0.57749,
1403715565262142976,0.72350,-1.28396,0.55783,-0.27621,0.70392,0.40370,0.51501,-0.34297,0.63217,0.45742,
1403715565362142976,0.68737,-1.22316,0.59904,-0.30668,0.68349,0.42686,0.50653,-0.36861,0.61507,0.34924,
1403715565462142976,0.64923,-1.16636,0.62857,-0.33763,0.66061,0.44731,0.49951,-0.39159,0.55280,0.22743,
1403715565562142976,0.60836,-1.11725,0.64911,-0.36412,0.63658,0.47146,0.48980,-0.42445,0.46611,0.18280,
1403715565662142976,0.56327,-1.07852,0.67148,-0.38969,0.61172,0.49888,0.47441,-0.45960,0.36175,0.23776,
1403715565762142976,0.51335,-1.05067,0.69790,-0.41281,0.58504,0.53098,0.45319,-0.49592,0.24501,0.27626,
1403715565862142976,0.46068,-1.03469,0.72648,-0.43330,0.55662,0.56739,0.42485,-0.51551,0.12644,0.30917,
1403715565962142976,0.40744,-1.03028,0.75595,-0.45579,0.52061,0.60348,0.39628,-0.52588,0.03004,0.30894,
1403715566062142976,0.35474,-1.03288,0.78583,-0.47960,0.48139,0.63573,0.36619,-0.51358,-0.06245,0.29761,
1403715566162142976,0.30360,-1.04273,0.81489,-0.49928,0.44030,0.66549,0.33760,-0.48471,-0.13506,0.28767,
1403715566262142976,0.25618,-1.06003,0.84199,0.51784,-0.39871,-0.69145,-0.30783,-0.45371,-0.22176,0.27231,
1403715566362142976,0.21224,-1.08615,0.86709,0.53450,-0.35661,-0.71430,-0.27734,-0.40401,-0.29984,0.23557,
1403715566462142976,0.17373,-1.11888,0.88449,0.54865,-0.31482,-0.73368,-0.24818,-0.36916,-0.35892,0.12653,
1403715566562142976,0.13856,-1.15817,0.89011,0.56344,-0.27438,-0.74736,-0.22070,-0.33739,-0.42430,0.01091,
1403715566662142976,0.10526,-1.20414,0.88564,0.57556,-0.23440,-0.75880,-0.19495,-0.28922,-0.49881,-0.10020,
1403715566762142976,0.07567,-1.25834,0.87539,0.58472,-0.19165,-0.77044,-0.16674,-0.23755,-0.58609,-0.12382,
1403715566862142976,0.05175,-1.32275,0.86557,0.59235,-0.14808,-0.78095,-0.13156,-0.17974,-0.66314,-0.08869,
1403715566962142976,0.03510,-1.39493,0.85863,0.60083,-0.10024,-0.78752,-0.09366,-0.11463,-0.72940,-0.08504,
1403715567062142976,0.02713,-1.47262,0.85013,0.60203,-0.05081,-0.79528,-0.05010,-0.02710,-0.79123,-0.09835,
1403715567162142976,0.02643,-1.55433,0.84224,0.60066,0.00003,-0.79950,-0.00113,0.04633,-0.82020,-0.07246,
1403715567262142976,0.03337,-1.63559,0.83358,0.59182,0.05576,-0.80286,0.04539,0.11200,-0.81754,-0.09372,
1403715567362142976,0.04518,-1.71713,0.82312,0.57919,0.11688,-0.80203,0.08732,0.15355,-0.81217,-0.12213,
1403715567462142976,0.06263,-1.79863,0.80600,0.56396,0.18066,-0.79625,0.12368,0.19099,-0.80129,-0.24247,
1403715567562142976,0.08384,-1.87922,0.77462,0.54920,0.24089,-0.78459,0.15736,0.21743,-0.79782,-0.39298,
1403715567662142976,0.10675,-1.96230,0.73109,0.53692,0.29410,-0.76692,0.19252,0.24845,-0.80880,-0.48090,
1403715567762142976,0.13382,-2.05042,0.68285,0.52739,0.34332,-0.74259,0.22926,0.28071,-0.82143,-0.50455,
1403715567862142976,0.16610,-2.14092,0.63467,0.51640,0.38957,-0.71508,0.26502,0.32183,-0.82657,-0.49872,
1403715567962142976,0.20267,-2.23008,0.58723,0.50170,0.43600,-0.68593,0.29614,0.36691,-0.81953,-0.47841,
1403715568062142976,0.24439,-2.31528,0.54278,-0.48908,-0.47751,0.65294,-0.32627,0.42481,-0.79723,-0.43456,
1403715568162142976,0.29259,-2.39628,0.50161,-0.47491,-0.51358,0.61860,-0.35781,0.49759,-0.74888,-0.41285,
1403715568262142976,0.34823,-2.47237,0.46165,-0.45514,-0.54762,0.58586,-0.38694,0.56732,-0.69084,-0.42195,
1403715568362142976,0.41111,-2.53938,0.42418,0.43187,0.57871,-0.55376,0.41465,0.61580,-0.61808,-0.39053,
1403715568462142976,0.47830,-2.59690,0.39186,0.40825,0.60815,-0.52013,0.43927,0.65748,-0.53971,-0.33732,
1403715568562142976,0.54879,-2.64269,0.36788,0.38321,0.63643,-0.48521,0.46117,0.69776,-0.44249,-0.26795,
1403715568662142976,0.61908,-2.67711,0.35071,0.35867,0.66397,-0.44793,0.47944,0.72094,-0.33636,-0.21095,
1403715568762142976,0.69044,-2.69695,0.33961,0.33063,0.68857,-0.41084,0.49776,0.74512,-0.23291,-0.15197,
1403715568862142976,0.76180,-2.70645,0.33223,0.30216,0.71211,-0.37366,0.51183,0.74967,-0.13681,-0.11669,
1403715568962142976,0.83282,-2.70808,0.32441,0.27210,0.73364,-0.34023,0.52151,0.73853,-0.04776,-0.11967,
1403715569062142976,0.90283,-2.70350,0.31643,0.24477,0.75259,-0.30858,0.52771,0.73325,0.02161,-0.12361,
1403715569162142976,0.97459,-2.69723,0.30627,0.21702,0.76783,-0.27828,0.53470,0.74044,0.07398,-0.12517,
1403715569262142976,1.05001,-2.68815,0.29610,0.19113,0.77644,-0.25192,0.54510,0.74195,0.09493,-0.08191,
1403715569362142976,1.12623,-2.67635,0.28910,0.17501,0.77552,-0.22544,0.56313,0.72618,0.12506,-0.06908,
1403715569462142976,1.19895,-2.65976,0.28341,0.16152,0.77379,-0.20097,0.57860,0.69353,0.17850,-0.04477,
1403715569562142976,1.26857,-2.63705,0.27843,0.15077,0.77647,-0.17468,0.58640,0.64233,0.24911,-0.02893,
1403715569662142976,1.33219,-2.60703,0.27357,0.13750,0.78263,-0.14815,0.58876,0.58513,0.33091,-0.04566,
1403715569762142976,1.38807,-2.56916,0.26936,0.11767,0.79070,-0.12192,0.58829,0.52573,0.41983,-0.02965,
1403715569862142976,1.43798,-2.52321,0.26655,0.09077,0.79740,-0.09364,0.58919,0.47183,0.49432,-0.01076,
1403715569962142976,1.48304,-2.47030,0.26587,0.06638,0.79816,-0.06008,0.59576,0.40938,0.56317,0.00248,
1403715570062142976,1.52087,-2.41186,0.26520,0.04065,0.79771,-0.02563,0.60112,0.34166,0.61153,-0.01054,
1403715570162142976,1.55257,-2.34824,0.26302,0.01402,0.79661,0.01015,0.60425,0.27589,0.65579,-0.02285,
1403715570262142976,1.57673,-2.28022,0.25963,-0.01410,0.79454,0.04707,0.60521,0.18344,0.69562,-0.02634,
1403715570362142976,1.59286,-2.20786,0.25403,-0.04316,0.78883,0.08600,0.60703,0.08562,0.72854,-0.05334,
1403715570462142976,1.59797,-2.13263,0.24730,-0.07474,0.78090,0.12559,0.60732,-0.01445,0.75526,-0.06447,
1403715570562142976,1.59326,-2.05496,0.23962,-0.10550,0.77034,0.16736,0.60617,-0.14215,0.76185,-0.09501,
1403715570662142976,1.57536,-1.97649,0.22813,-0.13605,0.76208,0.20966,0.59730,-0.27062,0.75244,-0.14444,
1403715570762142976,1.54681,-1.89710,0.21463,-0.16656,0.75510,0.25191,0.58191,-0.37822,0.75291,-0.13472,
1403715570862142976,1.50803,-1.81737,0.20128,-0.19679,0.74370,0.29449,0.56697,-0.46201,0.75005,-0.13528,
1403715570962142976,1.46003,-1.74047,0.18701,-0.22488,0.73193,0.33432,0.54949,-0.53736,0.72896,-0.15253,
1403715571062142976,1.40609,-1.66575,0.17143,-0.25028,0.72172,0.36551,0.53186,-0.57801,0.71200,-0.15997,
1403715571162142976,1.34867,-1.59348,0.15514,-0.27362,0.71268,0.38273,0.52033,-0.59543,0.68279,-0.14973,
1403715571262142976,1.28954,-1.52567,0.14248,-0.29212,0.69795,0.39112,0.52397,-0.60913,0.63216,-0.10986,
1403715571362142976,1.22751,-1.46567,0.13164,-0.30169,0.68492,0.39572,0.53223,-0.64561,0.54496,-0.10665,
1403715571462142976,1.16134,-1.41470,0.12055,-0.30118,0.68524,0.40164,0.52766,-0.68316,0.46959,-0.12192,
1403715571562142976,1.09146,-1.37151,0.10968,-0.30122,0.69617,0.40404,0.51123,-0.71848,0.40439,-0.15939,
1403715571662142976,1.01826,-1.33208,0.08998,-0.31241,0.71638,0.39609,0.48199,-0.71255,0.38120,-0.27033,
1403715571762142976,0.95146,-1.29679,0.05804,-0.32815,0.74180,0.38198,0.44287,-0.61655,0.35180,-0.38813,
1403715571862142976,0.89821,-1.26511,0.02044,-0.33487,0.76406,0.37255,0.40654,-0.41951,0.34216,-0.38613,
1403715571962142976,0.86947,-1.23541,-0.01562,-0.33209,0.78155,0.36882,0.37796,-0.14418,0.35306,-0.35756,
1403715572062142976,0.87202,-1.20362,-0.04796,-0.31696,0.79185,0.37626,0.36187,0.19429,0.40709,-0.30010,
1403715572162142976,0.90329,-1.16500,-0.07595,-0.28875,0.78708,0.40053,0.36973,0.48484,0.51804,-0.24063,
1403715572262142976,0.95714,-1.10943,-0.09937,-0.26909,0.76154,0.42994,0.40348,0.66083,0.69158,-0.19023,
1403715572362142976,1.02477,-1.03636,-0.12056,-0.26461,0.71916,0.45833,0.45025,0.69683,0.84292,-0.20936,
1403715572462142976,1.09094,-0.95082,-0.14320,-0.27570,0.67787,0.47818,0.48561,0.61701,0.91622,-0.25793,
1403715572562142976,1.14803,-0.86051,-0.16937,-0.29634,0.65123,0.49227,0.49573,0.50313,0.94550,-0.27366,
1403715572662142976,1.19443,-0.76678,-0.19570,-0.31608,0.63029,0.50888,0.49382,0.36426,0.94318,-0.26770,
1403715572762142976,1.22520,-0.67404,-0.21977,-0.33094,0.61337,0.53028,0.48275,0.22985,0.92980,-0.22620,
1403715572862142976,1.24194,-0.58162,-0.23480,-0.34937,0.60143,0.54923,0.46321,0.09226,0.91347,-0.08554,
1403715572962142976,1.24731,-0.48952,-0.23556,-0.37230,0.58706,0.56421,0.44545,-0.00373,0.90614,0.04174,
1403715573062142976,1.24380,-0.39851,-0.22422,-0.39473,0.56932,0.57892,0.43002,-0.08792,0.88042,0.17465,
1403715573162142976,1.23314,-0.31033,-0.20219,-0.41653,0.55232,0.59365,0.41113,-0.13811,0.83699,0.25090,
1403715573262142976,1.21754,-0.22804,-0.17694,-0.43385,0.53449,0.61064,0.39142,-0.17068,0.78644,0.23578,
1403715573362142976,1.19964,-0.15129,-0.15444,-0.44842,0.51736,0.62865,0.36885,-0.17764,0.74919,0.20567,
1403715573462142976,1.18199,-0.07737,-0.13450,-0.46383,0.50208,0.64477,0.34212,-0.16780,0.73548,0.17297,
1403715573562142976,1.16624,-0.00578,-0.11545,-0.47859,0.48720,0.65915,0.31480,-0.13677,0.72574,0.18685,
1403715573662142976,1.15403,0.06406,-0.09449,-0.48535,0.46544,0.67760,0.29776,-0.09883,0.73178,0.19114,
1403715573762142976,1.14444,0.13521,-0.07445,-0.48282,0.43965,0.70140,0.28572,-0.09186,0.74733,0.18073,
1403715573862142976,1.13405,0.20839,-0.05525,-0.47821,0.41221,0.72614,0.27225,-0.11792,0.76143,0.18429,
1403715573962142976,1.11896,0.28246,-0.03591,-0.47876,0.38529,0.74762,0.25181,-0.17842,0.78771,0.18599,
1403715574062142976,1.09722,0.35989,-0.01721,-0.48203,0.35676,0.76776,0.22562,-0.25495,0.83120,0.19969,
1403715574162142976,1.06842,0.44238,0.00388,-0.49182,0.32444,0.78301,0.19937,-0.33486,0.88661,0.22618,
1403715574262142976,1.03312,0.53203,0.02699,0.50870,-0.28374,-0.79206,-0.18264,-0.39000,0.93362,0.23676,
1403715574362142976,0.99277,0.62646,0.04985,0.52520,-0.23666,-0.79736,-0.17991,-0.44158,0.93709,0.22841,
1403715574462142976,0.94779,0.71839,0.06927,0.53320,-0.19636,-0.80238,-0.18256,-0.47809,0.88915,0.16871,
1403715574562142976,0.89668,0.80428,0.08313,0.53626,-0.16971,-0.80658,-0.18182,-0.54232,0.79334,0.12627,
1403715574662142976,0.83956,0.87855,0.09266,0.53351,-0.15000,-0.81337,-0.17691,-0.60993,0.67834,0.09686,
1403715574762142976,0.77424,0.93992,0.10047,0.53270,-0.13666,-0.81872,-0.16512,-0.69271,0.55281,0.06703,
1403715574862142976,0.69929,0.99358,0.10894,0.53578,-0.13687,-0.82086,-0.14283,-0.77962,0.45172,0.07937,
1403715574962142976,0.61704,1.03987,0.12188,0.54468,-0.14040,-0.81720,-0.12567,-0.83412,0.39478,0.12419,
1403715575062142976,0.53108,1.08201,0.13933,0.55557,-0.14155,-0.81058,-0.11940,-0.85628,0.36929,0.16379,
1403715575162142976,0.44423,1.11949,0.15934,0.57084,-0.13988,-0.79963,-0.12314,-0.85032,0.32545,0.21159,
1403715575262142976,0.36034,1.14892,0.18058,0.59002,-0.13650,-0.78442,-0.13393,-0.80388,0.25229,0.19855,
1403715575362142976,0.28338,1.16904,0.19743,0.58778,-0.13979,-0.78424,-0.14119,-0.73598,0.15359,0.12670,
1403715575462142976,0.21365,1.17807,0.21210,0.57418,-0.14854,-0.79240,-0.14266,-0.68977,0.06323,0.15111,
1403715575562142976,0.14643,1.17869,0.23142,0.56646,-0.14836,-0.79518,-0.15749,-0.67326,-0.01719,0.21941,
1403715575662142976,0.08027,1.16847,0.25481,0.56678,-0.14090,-0.79135,-0.18079,-0.67567,-0.15062,0.23184,
1403715575762142976,0.01258,1.14313,0.27828,0.56555,-0.13614,-0.78877,-0.19866,-0.69488,-0.32661,0.20788,
1403715575862142976,-0.05731,1.09989,0.29810,0.56119,-0.14042,-0.79024,-0.20214,-0.71383,-0.50908,0.18578,
1403715575962142976,-0.13055,1.04021,0.31524,0.56106,-0.15286,-0.79091,-0.19053,-0.73052,-0.67057,0.15611,
1403715576062142976,-0.20593,0.96704,0.33138,0.56231,-0.16799,-0.79108,-0.17258,-0.74373,-0.78841,0.15167,
1403715576162142976,-0.28233,0.88466,0.34679,0.56522,-0.17746,-0.78947,-0.16055,-0.74600,-0.85995,0.12633,
1403715576262142976,-0.36157,0.79829,0.36165,0.56760,-0.18288,-0.78827,-0.15170,-0.74329,-0.89736,0.13990,
1403715576362142976,-0.44017,0.70937,0.37913,0.57566,-0.18074,-0.78280,-0.15219,-0.72687,-0.93064,0.17589,
1403715576462142976,-0.51471,0.61593,0.39982,0.59168,-0.17637,-0.77139,-0.15418,-0.68283,-0.98071,0.21109,
1403715576562142976,-0.58179,0.51655,0.42248,0.60496,-0.17314,-0.76072,-0.15921,-0.59443,-1.04627,0.22451,
1403715576662142976,-0.63616,0.40845,0.44503,0.61187,-0.17245,-0.75367,-0.16692,-0.47713,-1.13943,0.20410,
1403715576762142976,-0.67869,0.29124,0.46606,0.60729,-0.17828,-0.75458,-0.17327,-0.36280,-1.23560,0.20666,
1403715576862142976,-0.70945,0.16430,0.48603,0.59143,-0.19026,-0.76359,-0.17592,-0.26520,-1.32587,0.19937,
1403715576962142976,-0.73245,0.02937,0.50658,0.57472,-0.20267,-0.77280,-0.17720,-0.21665,-1.39350,0.20886,
1403715577062142976,-0.75134,-0.11136,0.52819,0.56836,-0.22008,-0.77384,-0.17237,-0.18196,-1.43458,0.20522,
1403715577162142976,-0.76627,-0.25367,0.54751,0.56534,-0.24124,-0.77109,-0.16615,-0.15158,-1.43561,0.16264,
1403715577262142976,-0.77745,-0.39449,0.55659,0.56458,-0.25739,-0.76683,-0.16425,-0.12405,-1.41033,-0.01375,
1403715577362142976,-0.78646,-0.53218,0.54322,0.56269,-0.26313,-0.76482,-0.17085,-0.09784,-1.38751,-0.22876,
1403715577462142976,-0.79083,-0.66660,0.51544,0.56027,-0.26405,-0.76449,-0.17867,-0.05438,-1.38328,-0.29832,
1403715577562142976,-0.79155,-0.80172,0.48706,0.55880,-0.26463,-0.76428,-0.18328,-0.02412,-1.37548,-0.24780,
1403715577662142976,-0.78634,-0.93185,0.46966,0.55787,-0.26602,-0.76436,-0.18373,0.01690,-1.36169,-0.09598,
1403715577762142976,-0.77773,-1.06201,0.46705,0.55801,-0.27059,-0.76415,-0.17743,0.04991,-1.33994,0.01803,
1403715577862142976,-0.76455,-1.18875,0.46580,0.56030,-0.28088,-0.76049,-0.16980,0.10878,-1.28944,-0.06530,
1403715577962142976,-0.74230,-1.31003,0.45180,0.55965,-0.29626,-0.75601,-0.16571,0.18522,-1.23847,-0.23010,
1403715578062142976,-0.71460,-1.42507,0.42174,0.55416,-0.31899,-0.75179,-0.16111,0.25597,-1.16248,-0.37851,
1403715578162142976,-0.68131,-1.53073,0.37801,0.54082,-0.35376,-0.74884,-0.14701,0.33974,-1.05503,-0.49985,
1403715578262142976,-0.64122,-1.62074,0.33037,0.53006,-0.38312,-0.74093,-0.15255,0.41647,-0.84207,-0.46217,
1403715578362142976,-0.59160,-1.69442,0.28536,0.52133,-0.40435,-0.73038,-0.17681,0.53051,-0.68663,-0.45865,
1403715578462142976,-0.53522,-1.75811,0.24004,0.50717,-0.42306,-0.72186,-0.20666,0.58662,-0.55039,-0.45328,
1403715578562142976,-0.47522,-1.80977,0.19288,-0.47785,0.44010,0.72306,0.23485,0.61453,-0.44345,-0.48997,
1403715578662142976,-0.41539,-1.85095,0.14281,-0.43663,0.45687,0.73381,0.24926,0.56339,-0.31429,-0.48256,
1403715578762142976,-0.36275,-1.87682,0.09544,-0.40425,0.47179,0.74107,0.25458,0.45590,-0.13186,-0.44996,
1403715578862142976,-0.32296,-1.88106,0.05150,-0.39024,0.48229,0.74066,0.25794,0.31614,0.08675,-0.40527,
1403715578962142976,-0.29650,-1.86269,0.01256,-0.39195,0.47769,0.73631,0.27573,0.16222,0.32239,-0.32150,
1403715579062142976,-0.28380,-1.82565,-0.01958,-0.40043,0.45929,0.73115,0.30680,0.00536,0.47580,-0.22727,
1403715579162142976,-0.28469,-1.78079,-0.04245,-0.40690,0.43245,0.72720,0.34437,-0.19591,0.53248,-0.09887,
1403715579262142976,-0.31352,-1.72820,-0.05002,-0.41627,0.40754,0.72040,0.37637,-0.42272,0.50019,-0.04126,
1403715579362142976,-0.36701,-1.67984,-0.05549,-0.42214,0.40014,0.71554,0.38691,-0.63193,0.42624,-0.07500,
1403715579462142976,-0.44230,-1.63840,-0.06354,-0.42438,0.40503,0.71377,0.38259,-0.83915,0.34022,-0.09808,
1403715579562142976,-0.53738,-1.60320,-0.07359,-0.42718,0.42043,0.71304,0.36377,-1.02331,0.28013,-0.08925,
1403715579662142976,-0.64961,-1.57079,-0.07873,-0.43431,0.42541,0.71038,0.35464,-1.17857,0.27430,-0.03971,
1403715579762142976,-0.77373,-1.54191,-0.07631,-0.44710,0.42669,0.70469,0.34850,-1.29106,0.25065,0.03740,
1403715579862142976,-0.90854,-1.51783,-0.06620,-0.45219,0.42157,0.70276,0.35204,-1.39062,0.20577,0.15518,
1403715579962142976,-1.05315,-1.49922,-0.04770,-0.45637,0.42556,0.69758,0.35215,-1.47186,0.15228,0.19547,
1403715580062142976,-1.20389,-1.48567,-0.03172,-0.46038,0.44015,0.68589,0.35196,-1.51835,0.11640,0.10929,
1403715580162142976,-1.35713,-1.47603,-0.02925,-0.46009,0.45986,0.67083,0.35614,-1.54045,0.07526,-0.03448,
1403715580262142976,-1.51245,-1.46963,-0.03908,-0.45554,0.48203,0.65405,0.36380,-1.55960,0.03783,-0.11317,
1403715580362142976,-1.66818,-1.46762,-0.05218,-0.45317,0.50812,0.63242,0.36944,-1.55173,0.00162,-0.11381,
1403715580462142976,-1.82205,-1.46971,-0.06354,-0.44999,0.53577,0.60894,0.37371,-1.52163,-0.03447,-0.08347,
1403715580562142976,-1.97147,-1.47633,-0.07273,-0.44618,0.56060,0.58866,0.37434,-1.47821,-0.06243,-0.07579,
1403715580662142976,-2.11416,-1.48607,-0.08084,-0.44449,0.58390,0.57237,0.36591,-1.38957,-0.08157,-0.08540,
1403715580762142976,-2.24391,-1.49663,-0.08760,-0.44394,0.60413,0.55903,0.35416,-1.25524,-0.06468,-0.06495,
1403715580862142976,-2.35687,-1.50523,-0.09196,-0.44784,0.62222,0.54524,0.33912,-1.07674,-0.03891,-0.05125,
1403715580962142976,-2.44815,-1.51023,-0.09391,-0.45327,0.64028,0.53275,0.31743,-0.83565,0.00932,-0.01383,
1403715581062142976,-2.51387,-1.50864,-0.09263,-0.44438,0.64784,0.53554,0.30989,-0.55759,0.07765,0.01537,
1403715581162142976,-2.55500,-1.49729,-0.08843,-0.42969,0.64889,0.54446,0.31284,-0.30016,0.19546,0.07588,
1403715581262142976,-2.57723,-1.47356,-0.08109,-0.42075,0.64108,0.55097,0.32925,-0.11697,0.30066,0.09031,
1403715581362142976,-2.58283,-1.43981,-0.07369,-0.42523,0.63117,0.55373,0.33790,0.02906,0.38501,0.09402,
1403715581462142976,-2.57391,-1.40006,-0.06752,-0.42842,0.61461,0.56589,0.34420,0.16027,0.43475,0.07716,
1403715581562142976,-2.55328,-1.35405,-0.06495,-0.42669,0.58502,0.58890,0.35900,0.22896,0.49332,-0.01811,
1403715581662142976,-2.52926,-1.30299,-0.07482,-0.42642,0.55214,0.61454,0.36830,0.23686,0.52650,-0.14983,
1403715581762142976,-2.50601,-1.25019,-0.09411,-0.42658,0.51741,0.64229,0.37119,0.20651,0.53953,-0.18614,
1403715581862142976,-2.48874,-1.19683,-0.10965,-0.42912,0.48129,0.66915,0.36939,0.11758,0.53171,-0.09489,
1403715581962142976,-2.48105,-1.14570,-0.11441,-0.44367,0.45679,0.68637,0.35127,0.01260,0.50967,0.00655,
1403715582062142976,-2.48321,-1.09657,-0.10561,-0.47187,0.43384,0.69084,0.33446,-0.05843,0.47837,0.13029,
1403715582162142976,-2.48921,-1.05115,-0.09164,-0.49835,0.41019,0.69113,0.32516,-0.07466,0.41323,0.12013,
1403715582262142976,-2.49627,-1.01269,-0.08612,0.51282,-0.39458,-0.69355,-0.31671,-0.06757,0.34320,-0.03651,
1403715582362142976,-2.50322,-0.98119,-0.09439,0.50699,-0.38999,-0.70506,-0.30621,-0.06112,0.28736,-0.13639,
1403715582462142976,-2.51090,-0.95509,-0.10545,-0.49506,0.39045,0.71691,0.29751,-0.08442,0.24325,-0.12982,
1403715582562142976,-2.52214,-0.93393,-0.11052,-0.48251,0.39448,0.72617,0.29024,-0.13232,0.22631,-0.01676,
1403715582662142976,-2.54013,-0.91438,-0.10289,-0.47301,0.39969,0.73094,0.28677,-0.20085,0.22738,0.10567,
1403715582762142976,-2.56438,-0.89347,-0.08877,-0.46561,0.40662,0.73232,0.28562,-0.26393,0.25129,0.09783,
1403715582862142976,-2.59321,-0.86917,-0.08549,-0.45561,0.41555,0.73441,0.28352,-0.31621,0.27145,-0.03114,
1403715582962142976,-2.62779,-0.84376,-0.09332,-0.44261,0.42475,0.73806,0.28098,-0.38813,0.31791,-0.16940,
1403715583062142976,-2.67163,-0.80723,-0.11463,-0.43331,0.43242,0.73976,0.27932,-0.48301,0.40139,-0.27362,
1403715583162142976,-2.72548,-0.76301,-0.13722,-0.44211,0.43422,0.73092,0.28590,-0.58659,0.51088,-0.24098,
1403715583262142976,-2.78817,-0.70942,-0.15815,-0.46870,0.43108,0.71138,0.29737,-0.64009,0.55091,-0.21957,
1403715583362142976,-2.85350,-0.65282,-0.17995,-0.49869,0.42692,0.68944,0.30615,-0.63799,0.54435,-0.23704,
1403715583462142976,-2.91701,-0.59910,-0.20467,0.52529,-0.42180,-0.66975,-0.31240,-0.60832,0.49447,-0.25809,
1403715583562142976,-2.97361,-0.55442,-0.23043,0.54753,-0.41322,-0.65332,-0.32037,-0.52019,0.38993,-0.24604,
1403715583662142976,-3.01916,-0.52349,-0.25390,0.57694,-0.39650,-0.62978,-0.33662,-0.38756,0.21719,-0.23215,
1403715583762142976,-3.05022,-0.51391,-0.27772,0.60298,-0.37734,-0.60730,-0.35388,-0.22777,-0.03734,-0.23524,
1403715583862142976,-3.06309,-0.53523,-0.29711,0.62071,-0.36361,-0.59174,-0.36380,-0.03491,-0.38964,-0.13492,
1403715583962142976,-3.05342,-0.59448,-0.30140,0.62591,-0.36468,-0.58914,-0.35799,0.20377,-0.78281,0.04135,
1403715584062142976,-3.01709,-0.69224,-0.28699,0.62152,-0.37737,-0.59684,-0.33925,0.47039,-1.13564,0.22876,
1403715584162142976,-2.95638,-0.82081,-0.25715,0.60299,-0.39807,-0.61630,-0.31325,0.71241,-1.40569,0.38769,
1403715584262142976,-2.87278,-0.96944,-0.21292,0.57105,-0.42146,-0.64486,-0.28359,0.92145,-1.54492,0.46921,
1403715584362142976,-2.77344,-1.12403,-0.17067,0.53728,-0.43895,-0.67218,-0.25852,1.03033,-1.54705,0.34079,
1403715584462142976,-2.66548,-1.27590,-0.14629,0.51057,-0.44696,-0.69190,-0.24660,1.11256,-1.49915,0.14836,
1403715584562142976,-2.55171,-1.42008,-0.13460,-0.49505,0.44988,0.70297,0.24161,1.15186,-1.38371,0.11329,
1403715584662142976,-2.43576,-1.55247,-0.12337,-0.48217,0.44763,0.71202,0.24529,1.17379,-1.25003,0.12609,
1403715584762142976,-2.32030,-1.67158,-0.10991,-0.46465,0.43935,0.72423,0.25801,1.14290,-1.10421,0.15655,
1403715584862142976,-2.20667,-1.77511,-0.09416,-0.45368,0.43361,0.73118,0.26745,1.07341,-0.98688,0.18102,
1403715584962142976,-2.10094,-1.86782,-0.07783,-0.43724,0.42861,0.74116,0.27530,0.97764,-0.87481,0.17160,
1403715585062142976,-2.00651,-1.95004,-0.06449,-0.41828,0.43131,0.75147,0.27258,0.84125,-0.76362,0.13613,
1403715585162142976,-1.92870,-2.01913,-0.05069,-0.40413,0.43888,0.75772,0.26442,0.66886,-0.61352,0.14856,
1403715585262142976,-1.86701,-2.07037,-0.03390,-0.40308,0.44091,0.75795,0.26198,0.49305,-0.41051,0.19706,
1403715585362142976,-1.82019,-2.10373,-0.01285,-0.41656,0.43446,0.75174,0.26946,0.33823,-0.24042,0.22255,
1403715585462142976,-1.78337,-2.12588,0.00853,-0.43011,0.42631,0.74582,0.27754,0.22039,-0.13243,0.21384,
1403715585562142976,-1.75653,-2.14156,0.02910,-0.44412,0.41599,0.73960,0.28757,0.11401,-0.06256,0.19660,
1403715585662142976,-1.74144,-2.15037,0.04586,-0.45358,0.40860,0.73559,0.29362,0.02778,-0.02313,0.13583,
1403715585762142976,-1.73856,-2.15299,0.05420,-0.45547,0.40650,0.73547,0.29392,-0.05764,0.00473,0.00720,
1403715585862142976,-1.74644,-2.15067,0.04303,-0.45931,0.41109,0.73358,0.28619,-0.11677,0.02608,-0.24823,
1403715585962142976,-1.76316,-2.14368,0.01305,-0.46787,0.42421,0.72735,0.26853,-0.17113,0.08057,-0.33541,
1403715586062142976,-1.78289,-2.12901,-0.01627,-0.48303,0.43990,0.71515,0.24844,-0.17879,0.18390,-0.23085,
1403715586162142976,-1.79865,-2.10443,-0.02963,0.50622,-0.43945,-0.69798,-0.25188,-0.12027,0.27339,-0.07167,
1403715586262142976,-1.80765,-2.07487,-0.03134,0.51637,-0.42608,-0.69103,-0.27256,-0.03709,0.28383,0.00471,
1403715586362142976,-1.81075,-2.04669,-0.03083,0.51553,-0.40740,-0.69180,-0.29945,-0.00568,0.25809,0.00285,
1403715586462142976,-1.81216,-2.02451,-0.03178,0.51669,-0.39172,-0.69055,-0.32052,-0.01022,0.18054,-0.02122,
1403715586562142976,-1.81423,-2.01087,-0.03253,0.51962,-0.38421,-0.68829,-0.32961,-0.01392,0.06449,-0.02387,
1403715586662142976,-1.81689,-2.00881,-0.03275,0.51968,-0.38390,-0.68807,-0.33033,-0.02089,-0.05460,-0.03538,
1403715586762142976,-1.81945,-2.01762,-0.03388,0.51546,-0.39329,-0.69120,-0.31917,-0.01875,-0.16500,-0.05177,
1403715586862142976,-1.82071,-2.03636,-0.03679,0.50444,-0.40929,-0.69864,-0.29988,-0.00878,-0.22602,-0.03625,
1403715586962142976,-1.82191,-2.05761,-0.03351,-0.49272,0.42059,0.70551,0.28739,-0.00965,-0.22870,0.00286,
1403715587062142976,-1.82280,-2.07842,-0.02820,-0.48828,0.42589,0.70718,0.28301,-0.01219,-0.20304,0.02981,
1403715587162142976,-1.82411,-2.09689,-0.01932,-0.49118,0.42292,0.70462,0.28876,-0.01725,-0.17942,0.08942,
1403715587262142976,-1.82621,-2.11541,-0.00761,-0.49889,0.41347,0.70032,0.29950,-0.03154,-0.18146,0.13613,
1403715587362142976,-1.82979,-2.13640,0.00635,0.50669,-0.40903,-0.69732,-0.29951,-0.04502,-0.22286,0.12503,
1403715587462142976,-1.83176,-2.16150,0.02352,0.51619,-0.41272,-0.69276,-0.28861,-0.02002,-0.25216,0.12351,
1403715587562142976,-1.82839,-2.18833,0.04015,0.52050,-0.42448,-0.68751,-0.27610,0.05204,-0.26707,0.13727,
1403715587662142976,-1.81795,-2.21469,0.05755,0.51983,-0.44356,-0.67955,-0.26693,0.14948,-0.25789,0.14394,
1403715587762142976,-1.79667,-2.23918,0.07508,0.51099,-0.46510,-0.67165,-0.26730,0.27298,-0.22190,0.15493,
1403715587862142976,-1.76422,-2.25986,0.09487,0.50120,-0.48795,-0.65751,-0.27999,0.38383,-0.17397,0.18377,
1403715587962142976,-1.72065,-2.27656,0.11547,-0.48850,0.50732,0.63967,0.30793,0.49108,-0.14370,0.20638,
1403715588062142976,-1.66779,-2.29305,0.13487,-0.47686,0.52327,0.61751,0.34275,0.56495,-0.15300,0.17906,
1403715588162142976,-1.60826,-2.31247,0.14429,-0.46490,0.53881,0.59319,0.37641,0.61653,-0.20228,0.01854,
1403715588262142976,-1.54615,-2.33528,0.13112,-0.45306,0.55659,0.56675,0.40464,0.63329,-0.26912,-0.23102,
1403715588362142976,-1.48395,-2.36502,0.09716,-0.43982,0.57791,0.54061,0.42463,0.64369,-0.36224,-0.34903,
1403715588462142976,-1.42110,-2.40367,0.05879,-0.42381,0.59725,0.51733,0.44276,0.65668,-0.46235,-0.34787,
1403715588562142976,-1.35664,-2.45104,0.02166,-0.40676,0.61711,0.49580,0.45596,0.67129,-0.55328,-0.33483,
1403715588662142976,-1.28885,-2.50736,-0.01431,-0.38676,0.63943,0.47728,0.46233,0.67923,-0.63651,-0.34986,
1403715588762142976,-1.21892,-2.57092,-0.05030,-0.36106,0.66312,0.46325,0.46401,0.68836,-0.68956,-0.34972,
1403715588862142976,-1.14754,-2.63801,-0.08785,-0.32751,0.68842,0.45349,0.46169,0.70231,-0.69841,-0.36647,
1403715588962142976,-1.07481,-2.70298,-0.12683,-0.29102,0.71434,0.44499,0.45498,0.71683,-0.64339,-0.37426,
1403715589062142976,-1.00041,-2.75920,-0.16206,-0.26003,0.73734,0.43243,0.44914,0.73761,-0.51843,-0.29013,
1403715589162142976,-0.92230,-2.80015,-0.18574,-0.23892,0.75360,0.41620,0.44921,0.78642,-0.33703,-0.14605,
1403715589262142976,-0.83889,-2.82215,-0.19401,-0.22334,0.76514,0.39994,0.45248,0.83216,-0.16323,-0.00381,
1403715589362142976,-0.74984,-2.82911,-0.19149,-0.20700,0.77866,0.38465,0.45042,0.89999,0.00005,0.12261,
1403715589462142976,-0.65015,-2.82174,-0.18081,-0.19365,0.79250,0.36742,0.44659,0.98513,0.16984,0.14683,
1403715589562142976,-0.54187,-2.79605,-0.16668,-0.17952,0.80296,0.35434,0.44437,1.09130,0.34852,0.18248,
1403715589662142976,-0.42383,-2.74943,-0.14186,-0.17125,0.80877,0.34503,0.44444,1.22321,0.57201,0.33725,
1403715589762142976,-0.29105,-2.68010,-0.09961,-0.17215,0.80265,0.33791,0.46035,1.36283,0.80383,0.54682,
1403715589862142976,-0.14712,-2.59178,-0.03871,-0.18470,0.78077,0.32931,0.49784,1.42838,0.94819,0.65984,
1403715589962142976,-0.00026,-2.49345,0.02400,-0.19986,0.76333,0.32042,0.52413,1.40953,1.00588,0.59471,
1403715590062142976,0.14458,-2.39233,0.07888,-0.20946,0.75303,0.31669,0.53738,1.37835,1.02304,0.52895,
1403715590162142976,0.28327,-2.29135,0.12856,-0.20988,0.74927,0.31966,0.54071,1.32058,1.01909,0.48250,
1403715590262142976,0.41458,-2.18922,0.17275,-0.20728,0.74934,0.32966,0.53559,1.25417,1.02737,0.44280,
1403715590362142976,0.53846,-2.08347,0.21573,-0.20321,0.74346,0.34920,0.53295,1.18457,1.07907,0.42978,
1403715590462142976,0.65440,-1.96994,0.25749,-0.20255,0.73183,0.37572,0.53127,1.09958,1.16924,0.40314,
1403715590562142976,0.76091,-1.84733,0.29663,-0.20736,0.71722,0.40586,0.52713,0.99022,1.26103,0.37412,
1403715590662142976,0.85544,-1.71582,0.33334,-0.22114,0.70634,0.43419,0.51348,0.86537,1.34547,0.33745,
1403715590762142976,0.93673,-1.57597,0.36770,-0.25094,0.69946,0.45411,0.49150,0.75765,1.43440,0.33871,
1403715590862142976,1.00657,-1.43189,0.40469,-0.28515,0.68372,0.47253,0.47742,0.67807,1.48523,0.36841,
1403715590962142976,1.07173,-1.28196,0.44191,-0.31451,0.66172,0.49600,0.46604,0.61096,1.50735,0.35790,
1403715591062142976,1.12935,-1.13213,0.47766,-0.33563,0.63963,0.52538,0.44967,0.54074,1.51449,0.33606,
1403715591162142976,1.17904,-0.98317,0.50988,-0.35189,0.61316,0.55891,0.43339,0.48452,1.52095,0.30519,
1403715591262142976,1.22200,-0.83305,0.53865,-0.36296,0.58141,0.59523,0.41943,0.39728,1.52194,0.27324,
1403715591362142976,1.25475,-0.68139,0.56416,-0.37515,0.54756,0.62838,0.40568,0.27734,1.54145,0.25659,
1403715591462142976,1.27543,-0.52784,0.58768,-0.39016,0.51463,0.65676,0.38936,0.14971,1.54364,0.22145,
1403715591562142976,1.28266,-0.37536,0.60504,-0.40577,0.48574,0.68153,0.36732,0.02345,1.53387,0.09280,
1403715591662142976,1.27831,-0.22157,0.61060,-0.42423,0.45928,0.70140,0.34224,-0.08747,1.54460,-0.01915,
1403715591762142976,1.26424,-0.06565,0.60640,-0.44022,0.42797,0.71840,0.32703,-0.18229,1.54000,-0.13763,
1403715591862142976,1.24073,0.08958,0.58894,-0.45279,0.39842,0.73409,0.31201,-0.28471,1.51496,-0.25981,
1403715591962142976,1.20620,0.24163,0.55889,-0.46240,0.36653,0.74966,0.29977,-0.39690,1.47900,-0.38071,
1403715592062142976,1.15943,0.38911,0.51806,-0.46786,0.33059,0.76613,0.29132,-0.52636,1.41794,-0.47803,
1403715592162142976,1.09791,0.52770,0.47401,-0.47881,0.29307,0.77848,0.28074,-0.69751,1.32444,-0.40585,
1403715592262142976,1.01962,0.65287,0.44181,-0.49742,0.25307,0.78520,0.26831,-0.85394,1.17315,-0.26637,
1403715592362142976,0.92745,0.76011,0.42290,0.51158,-0.21356,-0.79288,-0.25302,-0.99818,0.98750,-0.14574,
1403715592462142976,0.82222,0.84841,0.41480,0.52010,-0.17482,-0.80209,-0.23576,-1.11467,0.78887,-0.05181,
1403715592562142976,0.70689,0.91683,0.41102,0.52883,-0.13517,-0.80865,-0.21946,-1.19720,0.58278,-0.03618,
1403715592662142976,0.58215,0.96333,0.40552,0.53652,-0.09500,-0.81342,-0.20364,-1.29305,0.36130,-0.06751,
1403715592762142976,0.44956,0.98524,0.40033,0.54299,-0.05696,-0.81779,-0.18202,-1.35983,0.10272,-0.05087,
1403715592862142976,0.31198,0.98081,0.39619,0.54997,-0.03590,-0.82293,-0.13794,-1.40530,-0.12426,-0.05200,
1403715592962142976,0.16995,0.95928,0.39183,0.55532,-0.02333,-0.82726,-0.08190,-1.43324,-0.27875,-0.05057,
1403715593062142976,0.02603,0.92658,0.38775,0.56137,-0.00621,-0.82703,-0.02912,-1.43643,-0.35544,-0.05111,
1403715593162142976,-0.12007,0.89205,0.38466,0.56541,0.02277,-0.82442,0.01093,-1.42738,-0.37206,-0.04690,
1403715593262142976,-0.26255,0.85506,0.38168,0.56867,0.05805,-0.81956,0.03958,-1.41082,-0.37436,-0.04167,
1403715593362142976,-0.40216,0.81741,0.37836,0.56885,0.10004,-0.81461,0.05301,-1.38257,-0.37949,-0.04234,
1403715593462142976,-0.53835,0.77654,0.37537,0.56782,0.14536,-0.80803,0.05948,-1.34805,-0.43142,-0.03758,
1403715593562142976,-0.66931,0.72785,0.37035,0.56664,0.18514,-0.79968,0.07177,-1.29123,-0.52780,-0.03169,
1403715593662142976,-0.79381,0.66992,0.36679,0.57194,0.21890,-0.78510,0.09263,-1.20702,-0.60988,-0.02157,
1403715593762142976,-0.90917,0.60397,0.36410,0.57982,0.24860,-0.76697,0.11733,-1.09825,-0.68976,-0.02555,
1403715593862142976,-1.01324,0.53163,0.36135,0.58011,0.28159,-0.75142,0.13985,-0.95569,-0.75262,-0.04814,
1403715593962142976,-1.10123,0.45417,0.35592,0.57021,0.31617,-0.74019,0.16433,-0.80557,-0.80317,-0.07056,
1403715594062142976,-1.17541,0.37120,0.34993,0.55342,0.35090,-0.73163,0.18790,-0.67383,-0.85441,-0.06515,
1403715594162142976,-1.23946,0.28232,0.34470,0.53495,0.38133,-0.72343,0.21229,-0.56102,-0.90366,-0.06981,
1403715594262142976,-1.29526,0.18794,0.34136,0.52012,0.40928,-0.71194,0.23475,-0.47202,-0.94521,-0.03592,
1403715594362142976,-1.34285,0.08846,0.34070,0.50943,0.43760,-0.69611,0.25380,-0.38405,-0.99407,-0.00968,
1403715594462142976,-1.38234,-0.01648,0.34131,0.50021,0.46857,-0.67637,0.26972,-0.28811,-1.03897,-0.00461,
1403715594562142976,-1.40908,-0.12541,0.34254,-0.49155,-0.50255,0.65237,-0.28326,-0.17536,-1.08685,-0.00123,
1403715594662142976,-1.42284,-0.23784,0.34158,-0.47661,-0.53620,0.62984,-0.29771,-0.03974,-1.13158,-0.02547,
1403715594762142976,-1.42206,-0.35460,0.33757,-0.44501,-0.56705,0.61727,-0.31528,0.08730,-1.18254,-0.06240,
1403715594862142976,-1.40986,-0.47794,0.33302,-0.40985,-0.59143,0.60585,-0.33939,0.17856,-1.27000,-0.05692,
1403715594962142976,-1.38924,-0.60792,0.32818,0.37947,0.61562,-0.58913,0.36047,0.23369,-1.34630,-0.05981,
1403715595062142976,-1.36454,-0.74796,0.32274,0.35648,0.63976,-0.56633,0.37802,0.27488,-1.44660,-0.05816,
1403715595162142976,-1.33530,-0.89833,0.31813,0.33455,0.65768,-0.54233,0.40177,0.31312,-1.54398,-0.03684,
1403715595262142976,-1.30232,-1.05630,0.31413,0.31584,0.67426,-0.51408,0.42584,0.33874,-1.62193,-0.05057,
1403715595362142976,-1.26690,-1.22065,0.30786,0.30039,0.68918,-0.48139,0.45063,0.35662,-1.66913,-0.08370,
1403715595462142976,-1.23042,-1.38835,0.29878,0.28340,0.70221,-0.44774,0.47552,0.36192,-1.70058,-0.08960,
1403715595562142976,-1.19512,-1.55869,0.29088,0.27305,0.71661,-0.40689,0.49634,0.34496,-1.69740,-0.07299,
1403715595662142976,-1.15974,-1.72590,0.28434,0.27752,0.73049,-0.35384,0.51397,0.36251,-1.64755,-0.06252,
1403715595762142976,-1.12160,-1.88273,0.27816,0.28851,0.73937,-0.29472,0.53220,0.39862,-1.50456,-0.04684,
1403715595862142976,-1.08017,-2.02048,0.27246,0.29601,0.74192,-0.24005,0.55164,0.42760,-1.27805,-0.01092,
1403715595962142976,-1.03642,-2.13275,0.27261,0.29849,0.73366,-0.19531,0.57836,0.42626,-0.95895,0.04559,
1403715596062142976,-0.99519,-2.20774,0.28074,0.28637,0.71484,-0.16706,0.61570,0.35250,-0.58164,0.12182,
1403715596162142976,-0.96550,-2.24534,0.29705,0.26792,0.70257,-0.15365,0.64110,0.19846,-0.19193,0.19041,
1403715596262142976,-0.95243,-2.24540,0.32147,0.24996,0.71873,-0.15221,0.63069,0.02826,0.15709,0.23318,
1403715596362142976,-0.95063,-2.21961,0.34767,0.22342,0.75960,-0.16115,0.58917,-0.06000,0.42520,0.24352,
1403715596462142976,-0.95083,-2.17511,0.37665,0.18822,0.79688,-0.17166,0.54781,-0.04294,0.58461,0.26856,
1403715596562142976,-0.94277,-2.11872,0.40908,0.15572,0.82457,-0.17558,0.51478,0.06080,0.64844,0.29736,
1403715596662142976,-0.91948,-2.06018,0.44307,0.12782,0.84565,-0.17230,0.48873,0.22723,0.63449,0.30976,
1403715596762142976,-0.87888,-2.00260,0.47655,0.10646,0.85994,-0.16112,0.47246,0.43108,0.58806,0.31524,
1403715596862142976,-0.82362,-1.94748,0.50702,0.08471,0.87170,-0.15034,0.45865,0.65426,0.51975,0.28864,
1403715596962142976,-0.74641,-1.90157,0.53409,0.06890,0.88145,-0.14071,0.44552,0.89381,0.42757,0.26527,
1403715597062142976,-0.64403,-1.86280,0.55928,0.06099,0.88584,-0.13212,0.44058,1.15519,0.32343,0.26006,
1403715597162142976,-0.51317,-1.83293,0.58598,0.05604,0.87987,-0.12628,0.45470,1.43106,0.23115,0.27815,
1403715597262142976,-0.35742,-1.81167,0.61309,0.04779,0.86392,-0.12117,0.48649,1.63427,0.15960,0.28044,
1403715597362142976,-0.18761,-1.79837,0.63822,0.03616,0.84530,-0.11307,0.52093,1.73644,0.09477,0.25306,
1403715597462142976,-0.01085,-1.79287,0.66317,0.02525,0.82564,-0.09842,0.55497,1.77687,0.02544,0.24730,
1403715597562142976,0.16478,-1.79275,0.68447,0.01696,0.81173,-0.07485,0.57897,1.72787,-0.00531,0.20122,
1403715597662142976,0.33351,-1.79540,0.70049,0.00546,0.80717,-0.04859,0.58829,1.66054,-0.04244,0.13980,
1403715597762142976,0.49704,-1.80287,0.71273,-0.00642,0.80959,-0.02339,0.58650,1.60979,-0.07686,0.11247,
1403715597862142976,0.65623,-1.81303,0.72223,-0.01712,0.81046,-0.00517,0.58552,1.55891,-0.11482,0.10688,
1403715597962142976,0.81053,-1.82692,0.73397,-0.02326,0.80388,0.00806,0.59429,1.50176,-0.14732,0.12655,
1403715598062142976,0.95700,-1.84321,0.74470,-0.02550,0.79875,0.01669,0.60090,1.41178,-0.17361,0.10180,
1403715598162142976,1.09497,-1.86031,0.75083,-0.02170,0.79452,0.02448,0.60636,1.33593,-0.16929,0.03419,
1403715598262142976,1.22445,-1.87725,0.74767,-0.02206,0.78424,0.02598,0.61951,1.23260,-0.16970,-0.08846,
1403715598362142976,1.34070,-1.89232,0.73273,-0.02333,0.76964,0.02422,0.63759,1.10028,-0.16325,-0.16595,
1403715598462142976,1.44004,-1.90795,0.71526,-0.02790,0.74955,0.01881,0.66110,0.87590,-0.17491,-0.16005,
1403715598562142976,1.51375,-1.92558,0.69798,-0.03285,0.73605,0.01246,0.67601,0.59995,-0.20909,-0.16536,
1403715598662142976,1.56211,-1.94532,0.67948,-0.03038,0.73897,0.01027,0.67298,0.33995,-0.22894,-0.20255,
1403715598762142976,1.58670,-1.96594,0.65662,-0.02325,0.75884,0.01085,0.65078,0.11932,-0.23748,-0.25842,
1403715598862142976,1.59134,-1.98635,0.62885,-0.01706,0.78031,0.01198,0.62504,-0.04244,-0.23340,-0.28533,
1403715598962142976,1.58314,-2.00688,0.59844,-0.01116,0.79408,0.01388,0.60755,-0.12997,-0.21783,-0.32204,
1403715599062142976,1.56530,-2.02530,0.56601,-0.00782,0.80014,0.01523,0.59957,-0.18459,-0.18523,-0.34549,
1403715599162142976,1.54309,-2.04137,0.53144,-0.00674,0.80106,0.01553,0.59834,-0.23687,-0.16190,-0.37722,
1403715599262142976,1.51536,-2.05560,0.49186,-0.01331,0.80680,0.01092,0.59057,-0.28819,-0.13856,-0.42417,
1403715599362142976,1.48450,-2.06932,0.44817,-0.02467,0.81161,0.00281,0.58367,-0.32038,-0.14881,-0.45702,
1403715599462142976,1.45181,-2.08678,0.40164,-0.04011,0.81217,-0.00736,0.58199,-0.33040,-0.18631,-0.46812,
1403715599562142976,1.41770,-2.11128,0.35500,-0.05184,0.81071,-0.01421,0.58297,-0.33778,-0.26968,-0.45533,
1403715599662142976,1.38235,-2.14535,0.31206,-0.06068,0.80564,-0.01958,0.58896,-0.35747,-0.37757,-0.41973,
1403715599762142976,1.34363,-2.18901,0.27168,-0.05742,0.79947,-0.01779,0.59769,-0.40406,-0.47351,-0.40312,
1403715599862142976,1.29971,-2.24036,0.23146,-0.04315,0.79678,-0.00926,0.60265,-0.47042,-0.55420,-0.41663,
1403715599962142976,1.24891,-2.29836,0.18979,-0.02597,0.80353,0.00134,0.59469,-0.52491,-0.59580,-0.42843,
1403715600062142976,1.19443,-2.35725,0.14709,-0.01057,0.81038,0.01217,0.58569,-0.55167,-0.58383,-0.42459,
1403715600162142976,1.13861,-2.41234,0.10474,0.00889,0.81309,0.03649,0.58093,-0.56585,-0.51471,-0.41775,
1403715600262142976,1.08338,-2.45704,0.06148,0.02197,0.81318,0.06839,0.57756,-0.56087,-0.37951,-0.42031,
1403715600362142976,1.02787,-2.48689,0.01706,0.01900,0.81211,0.10045,0.57449,-0.57564,-0.21227,-0.43638,
1403715600462142976,0.97082,-2.50044,-0.02757,-0.00244,0.81407,0.12804,0.56647,-0.59274,-0.04818,-0.45705,
1403715600562142976,0.91258,-2.49764,-0.07118,-0.04235,0.82178,0.14699,0.54889,-0.57970,0.09327,-0.42892,
1403715600662142976,0.85888,-2.48175,-0.10919,-0.07983,0.82469,0.16978,0.53356,-0.52132,0.20182,-0.32302,
1403715600762142976,0.81204,-2.45622,-0.13371,-0.10956,0.81863,0.19956,0.52727,-0.45538,0.28189,-0.17394,
1403715600862142976,0.77193,-2.42384,-0.14473,-0.13354,0.80809,0.23212,0.52467,-0.39154,0.35568,-0.03955,
1403715600962142976,0.73741,-2.38447,-0.14166,-0.15412,0.79661,0.26157,0.52272,-0.33693,0.42854,0.11083,
1403715601062142976,0.70961,-2.33817,-0.12559,-0.17009,0.78484,0.28388,0.52393,-0.28382,0.48435,0.21328,
1403715601162142976,0.68715,-2.28658,-0.09802,-0.17812,0.77635,0.29976,0.52507,-0.25146,0.52552,0.33465,
1403715601262142976,0.66453,-2.22981,-0.05931,-0.17914,0.76958,0.31076,0.52828,-0.24057,0.58433,0.44544,
1403715601362142976,0.64127,-2.16646,-0.01603,-0.17719,0.76408,0.32034,0.53120,-0.25678,0.65012,0.44260,
1403715601462142976,0.61638,-2.09781,0.02403,-0.18102,0.76205,0.32288,0.53128,-0.27853,0.70778,0.38711,
1403715601562142976,0.59013,-2.02383,0.05965,-0.18608,0.76188,0.32142,0.53067,-0.28774,0.77021,0.35111,
1403715601662142976,0.56277,-1.94363,0.09290,-0.19088,0.76318,0.31818,0.52904,-0.29213,0.81997,0.32992,
1403715601762142976,0.53411,-1.85975,0.12639,-0.19673,0.76033,0.31431,0.53329,-0.29947,0.86107,0.33525,
1403715601862142976,0.50461,-1.77262,0.15839,-0.19916,0.75742,0.31041,0.53879,-0.30906,0.87700,0.31536,
1403715601962142976,0.47310,-1.68533,0.18940,-0.19909,0.75259,0.29914,0.55181,-0.32647,0.87403,0.32258,
1403715602062142976,0.43739,-1.59911,0.21941,-0.19910,0.74205,0.28123,0.57501,-0.37600,0.84732,0.26964,
1403715602162142976,0.39508,-1.51781,0.24310,-0.19579,0.73811,0.26021,0.59088,-0.45812,0.77987,0.20769,
1403715602262142976,0.34250,-1.44549,0.26178,-0.18840,0.74517,0.23725,0.59408,-0.55946,0.69135,0.16903,
1403715602362142976,0.28099,-1.38199,0.27581,-0.17078,0.76026,0.21886,0.58731,-0.63644,0.61789,0.12487,
1403715602462142976,0.21346,-1.32544,0.28696,-0.14936,0.77965,0.20091,0.57400,-0.67924,0.56591,0.13303,
1403715602562142976,0.14294,-1.27391,0.29919,-0.12883,0.79416,0.18259,0.56513,-0.69291,0.53052,0.13205,
1403715602662142976,0.07101,-1.22529,0.30619,-0.10478,0.80020,0.16550,0.56685,-0.69769,0.51348,0.03410,
1403715602762142976,-0.00182,-1.17694,0.30086,-0.08257,0.80512,0.14550,0.56903,-0.70939,0.52315,-0.13130,
1403715602862142976,-0.07512,-1.12482,0.28044,-0.06456,0.81086,0.12313,0.56848,-0.71375,0.55118,-0.26274,
1403715602962142976,-0.14848,-1.06891,0.24799,-0.04798,0.81679,0.10128,0.56595,-0.70572,0.57991,-0.37786,
1403715603062142976,-0.21995,-1.00891,0.20609,-0.03266,0.81878,0.07919,0.56768,-0.69828,0.61479,-0.44671,
1403715603162142976,-0.29018,-0.94554,0.16131,-0.01714,0.81997,0.05631,0.56937,-0.69194,0.63434,-0.46182,
1403715603262142976,-0.35873,-0.87876,0.11621,-0.00306,0.82443,0.03459,0.56490,-0.67073,0.68148,-0.45836,
1403715603362142976,-0.42471,-0.80864,0.07258,0.00891,0.82940,0.01769,0.55831,-0.63484,0.72091,-0.43196,
1403715603462142976,-0.48596,-0.73431,0.03405,0.01138,0.82999,0.00150,0.55766,-0.58126,0.76759,-0.37489,
1403715603562142976,-0.54088,-0.65721,-0.00002,0.00583,0.82927,-0.01484,0.55862,-0.53316,0.77786,-0.32375,
1403715603662142976,-0.59037,-0.58155,-0.03112,-0.00479,0.82881,-0.03145,0.55863,-0.48770,0.74901,-0.30998,
1403715603762142976,-0.63491,-0.51163,-0.05924,-0.01515,0.82524,-0.04531,0.56275,-0.43367,0.68191,-0.23524,
1403715603862142976,-0.67543,-0.45228,-0.07806,-0.02517,0.82400,-0.05536,0.56332,-0.40332,0.56895,-0.14468,
1403715603962142976,-0.71070,-0.40542,-0.08546,-0.03192,0.83491,-0.06015,0.54616,-0.34160,0.43815,-0.05395,
1403715604062142976,-0.73688,-0.37119,-0.08573,-0.02416,0.84377,-0.05350,0.53348,-0.24264,0.31501,0.00206,
1403715604162142976,-0.75411,-0.34578,-0.08483,-0.00639,0.84411,-0.04066,0.53458,-0.15067,0.24236,-0.02178,
1403715604262142976,-0.76423,-0.32473,-0.08759,0.00598,0.83940,-0.03207,0.54253,-0.06834,0.20855,-0.04975,
1403715604362142976,-0.76763,-0.30559,-0.09392,0.01138,0.83697,-0.02829,0.54640,-0.01485,0.19893,-0.10205,
1403715604462142976,-0.76414,-0.28731,-0.10237,0.01342,0.83731,-0.02722,0.54589,0.06405,0.19950,-0.09213,
1403715604562142976,-0.75510,-0.26867,-0.11071,0.01388,0.83168,-0.02682,0.55443,0.11458,0.19459,-0.09462,
1403715604662142976,-0.74048,-0.25145,-0.11930,0.01562,0.82441,-0.02552,0.56520,0.14251,0.19252,-0.09499,
1403715604762142976,-0.72483,-0.23184,-0.12969,0.01805,0.82121,-0.02391,0.56984,0.15333,0.20493,-0.10452,
1403715604862142976,-0.70795,-0.21132,-0.13992,0.01757,0.82125,-0.02412,0.56979,0.16728,0.21713,-0.08663,
1403715604962142976,-0.69085,-0.19046,-0.14746,0.01896,0.82274,-0.02255,0.56765,0.16577,0.22073,-0.08347,
1403715605062142976,-0.67206,-0.16806,-0.15371,0.01812,0.82487,-0.02224,0.56460,0.19767,0.23178,-0.04316,
1403715605162142976,-0.65141,-0.14396,-0.15544,0.01778,0.82337,-0.02090,0.56684,0.21503,0.24344,-0.01100,
1403715605262142976,-0.62820,-0.11941,-0.15527,0.01493,0.82155,-0.02054,0.56958,0.23936,0.25402,0.01242,
1403715605362142976,-0.60440,-0.09463,-0.15330,0.00714,0.81955,-0.02321,0.57249,0.24737,0.25308,-0.00083,
1403715605462142976,-0.57975,-0.07074,-0.15732,0.00046,0.81896,-0.02496,0.57330,0.24871,0.23029,-0.09749,
1403715605562142976,-0.55554,-0.04831,-0.17052,-0.00540,0.82131,-0.02668,0.56984,0.24533,0.20890,-0.19265,
1403715605662142976,-0.53161,-0.02846,-0.19172,-0.00769,0.82234,-0.02625,0.56834,0.24820,0.17322,-0.23414,
1403715605762142976,-0.50673,-0.01239,-0.21301,0.00018,0.82085,-0.01961,0.57081,0.26197,0.14165,-0.20539,
1403715605862142976,-0.48037,0.00202,-0.23089,0.00570,0.82006,-0.01503,0.57205,0.26987,0.12935,-0.16878,
1403715605962142976,-0.45334,0.01608,-0.24633,0.00842,0.81835,-0.01190,0.57453,0.27011,0.13327,-0.17114,
1403715606062142976,-0.42745,0.03073,-0.26597,0.00940,0.81732,-0.00993,0.57603,0.27140,0.14067,-0.24751,
1403715606162142976,-0.40135,0.04691,-0.29224,0.00871,0.81689,-0.00807,0.57667,0.26201,0.16694,-0.30035,
1403715606262142976,-0.37703,0.06566,-0.32012,0.00386,0.81713,-0.00970,0.57636,0.24704,0.19132,-0.26232,
1403715606362142976,-0.35304,0.08511,-0.34013,-0.00334,0.81754,-0.01195,0.57573,0.24665,0.18581,-0.15524,
1403715606462142976,-0.32886,0.10265,-0.34937,-0.00807,0.81720,-0.01306,0.57615,0.24849,0.16739,-0.04578,
1403715606562142976,-0.30451,0.11869,-0.35188,-0.01309,0.81596,-0.01363,0.57780,0.23532,0.15067,-0.02594,
1403715606662142976,-0.28179,0.13301,-0.35605,-0.01951,0.81478,-0.01455,0.57926,0.21785,0.12648,-0.06128,
1403715606762142976,-0.26098,0.14307,-0.36382,-0.02823,0.81340,-0.01730,0.58077,0.20571,0.07960,-0.10846,
1403715606862142976,-0.24203,0.14771,-0.37440,-0.03003,0.80904,-0.01592,0.58677,0.18888,0.02040,-0.12726,
1403715606962142976,-0.22662,0.14777,-0.38570,-0.02116,0.80415,-0.00804,0.59399,0.14214,-0.01191,-0.13430,
1403715607062142976,-0.21714,0.14507,-0.40010,-0.01014,0.80642,0.00044,0.59126,0.08930,-0.02548,-0.15940,
1403715607162142976,-0.21142,0.14295,-0.41555,-0.00476,0.80953,0.00557,0.58703,0.05825,-0.00525,-0.15407,
1403715607262142976,-0.20789,0.14302,-0.42958,-0.00271,0.81213,0.00771,0.58342,0.02479,0.01340,-0.12819,
1403715607362142976,-0.20790,0.14512,-0.44031,-0.00296,0.81242,0.00783,0.58301,-0.00358,0.02738,-0.09803,
1403715607462142976,-0.20993,0.14888,-0.44807,-0.00176,0.81151,0.00801,0.58428,-0.03086,0.05038,-0.06154,
1403715607562142976,-0.21455,0.15525,-0.45412,-0.00032,0.81253,0.00773,0.58286,-0.05465,0.07178,-0.04528,
1403715607662142976,-0.22100,0.16380,-0.45805,0.00067,0.81353,0.00656,0.58149,-0.07565,0.10405,-0.02340,
1403715607762142976,-0.22951,0.17490,-0.46220,0.00164,0.81358,0.00574,0.58142,-0.09740,0.12006,-0.07517,
1403715607862142976,-0.23985,0.18743,-0.47492,-0.00198,0.81461,0.00134,0.58000,-0.11166,0.13391,-0.18203,
1403715607962142976,-0.24447,0.19592,-0.48222,0.00380,0.81292,0.01014,0.58228,-0.00337,-0.01369,0.02673,
1403715608062142976,-0.24352,0.19497,-0.48233,0.00439,0.81493,0.01166,0.57943,0.00465,-0.00732,-0.06784,
1403715608162142976,-0.24233,0.19520,-0.48416,0.00310,0.81722,0.01042,0.57622,-0.00660,0.02384,0.01136,
1403715608262142976,-0.24354,0.19471,-0.48446,0.00303,0.81531,0.01050,0.57892,0.00827,0.00566,-0.00961,
1403715608362142976,-0.24348,0.19570,-0.48519,0.00279,0.81657,0.01025,0.57714,-0.00046,-0.01714,-0.00119,
1403715608462142976,-0.24376,0.19580,-0.48532,0.00254,0.81637,0.01016,0.57743,-0.00225,0.01235,-0.00051,
1403715608562142976,-0.24377,0.19559,-0.48545,0.00272,0.81613,0.01019,0.57777,0.00640,-0.00491,0.00382,
1403715608662142976,-0.24368,0.19558,-0.48553,0.00276,0.81635,0.01017,0.57746,-0.00458,0.00291,-0.00368,
1403715608762142976,-0.24393,0.19554,-0.48556,0.00271,0.81608,0.01012,0.57784,0.00106,-0.00094,-0.00174,
1403715608862142976,-0.24369,0.19549,-0.48573,0.00272,0.81639,0.00998,0.57741,-0.00025,-0.00061,0.00286,
1403715608962142976,-0.24387,0.19549,-0.48574,0.00259,0.81618,0.00993,0.57771,-0.00253,0.00295,-0.00079,
1403715609062142976,-0.24379,0.19544,-0.48578,0.00250,0.81627,0.00981,0.57758,0.00108,-0.00470,0.00352,
1403715609162142976,-0.24380,0.19541,-0.48579,0.00244,0.81634,0.00972,0.57749,-0.00367,0.00160,0.00332,
1403715609262142976,-0.24387,0.19540,-0.48580,0.00252,0.81625,0.00966,0.57761,0.00011,-0.00245,0.00084,
1403715609362142976,-0.24376,0.19534,-0.48586,0.00255,0.81638,0.00951,0.57743,-0.00198,-0.00107,0.00242,
