1413393218105760512,-0.15322,0.19961,0.26299,0.00616,0.80645,-0.00021,0.59127,-0.21610,0.28270,0.18140,
1413393218205760512,-0.17948,0.23335,0.28481,-0.00492,0.80624,-0.00767,0.59152,-0.23451,0.28440,0.08479,
1413393218305760256,-0.21036,0.25863,0.29594,-0.01585,0.80760,-0.01598,0.58930,-0.25201,0.25169,0.00746,
1413393218405760512,-0.23170,0.27410,0.28511,-0.01147,0.80735,-0.01361,0.58980,-0.26601,0.17372,-0.06533,
1413393218505760512,-0.26294,0.29335,0.27705,-0.00099,0.80671,-0.00649,0.59091,-0.28420,0.15496,-0.09205,
1413393218605760512,-0.29104,0.31979,0.26617,0.00856,0.80557,-0.00136,0.59243,-0.29589,0.18909,-0.08235,
1413393218705760512,-0.32081,0.34784,0.25892,0.01147,0.80506,-0.00038,0.59308,-0.31118,0.20190,-0.06658,
1413393218805760256,-0.35504,0.37429,0.25485,0.01120,0.80934,-0.00005,0.58724,-0.32785,0.22190,-0.06444,
1413393218905760512,-0.39315,0.39937,0.25754,0.00409,0.81916,-0.00580,0.57352,-0.31854,0.24214,-0.04020,
1413393219005760512,-0.42610,0.42245,0.25980,0.00024,0.82591,-0.00937,0.56373,-0.27496,0.21837,0.00419,
1413393219105760512,-0.45096,0.44031,0.26673,-0.00198,0.82708,-0.00988,0.56200,-0.20896,0.18913,0.05824,
1413393219205760512,-0.46687,0.45527,0.27735,-0.00346,0.82584,-0.00968,0.56381,-0.14619,0.17121,0.09009,
1413393219305760256,-0.47378,0.46584,0.28633,-0.00458,0.82412,-0.00834,0.56633,-0.08885,0.13259,0.11518,
1413393219405760512,-0.47650,0.47421,0.29715,-0.00710,0.82357,-0.00797,0.56711,-0.03270,0.10483,0.11721,
1413393219505760512,-0.48554,0.48814,0.30846,-0.00721,0.82205,-0.00691,0.56933,0.01755,0.08160,0.04242,
1413393219605760512,-0.48960,0.50557,0.30935,-0.00691,0.81968,-0.00621,0.57274,0.04729,0.05940,0.00704,
1413393219705760512,-0.49073,0.52059,0.31174,-0.00642,0.81613,-0.00529,0.57781,0.06264,0.03967,0.08855,
1413393219805760256,-0.49800,0.54478,0.32572,-0.00293,0.81185,-0.00179,0.58385,0.05602,0.03588,0.20177,
1413393219905760512,-0.49458,0.55767,0.35712,-0.00038,0.81016,-0.00031,0.58621,0.03974,0.03915,0.33695,
1413393220005760512,-0.49273,0.57360,0.38655,0.00207,0.80854,0.00163,0.58843,0.03125,0.04732,0.28409,
1413393220105760512,-0.48705,0.57809,0.41267,0.00362,0.80721,0.00195,0.59025,0.00320,0.05485,0.21825,
1413393220205760512,-0.49128,0.61875,0.43906,0.00464,0.80669,0.00299,0.59095,0.00392,0.07443,0.22393,
1413393220305760256,-0.49053,0.62716,0.46411,0.00609,0.80599,0.00324,0.59188,-0.01101,0.09261,0.24077,
1413393220405760512,-0.48811,0.63677,0.48973,0.00622,0.80578,0.00262,0.59218,-0.02306,0.09664,0.26283,
1413393220505760512,-0.46491,0.62412,0.50655,0.00807,0.80773,0.00110,0.58950,-0.02936,0.12238,0.22659,
1413393220605760512,-0.46547,0.63598,0.53052,0.00778,0.80971,-0.00016,0.58678,-0.02581,0.13610,0.12927,
1413393220705760512,-0.46627,0.64756,0.54063,0.00694,0.80896,-0.00083,0.58782,-0.02961,0.11892,0.00625,
1413393220805760256,-0.47102,0.65670,0.54220,0.00011,0.81093,-0.00479,0.58512,-0.02918,0.11608,-0.02828,
1413393220905760512,-0.47605,0.66227,0.54968,-0.00593,0.81282,-0.00959,0.58240,-0.03664,0.10423,0.06585,
1413393221005760512,-0.47906,0.66869,0.56933,-0.00570,0.81344,-0.01109,0.58152,-0.01977,0.03943,0.19484,
1413393221105760512,-0.47606,0.67394,0.59811,-0.00405,0.81484,-0.01083,0.57957,-0.00230,0.01816,0.24373,
1413393221205760512,-0.47285,0.67853,0.62711,-0.00074,0.81631,-0.01098,0.57751,0.01633,0.01603,0.27346,
1413393221305760256,-0.46771,0.68267,0.65790,0.00280,0.81853,-0.01023,0.57436,0.03625,-0.01771,0.25681,
1413393221405760512,-0.46055,0.68424,0.68998,0.00516,0.82080,-0.00908,0.57111,0.07589,-0.01855,0.29552,
1413393221505760512,-0.45177,0.68590,0.72012,0.00924,0.82174,-0.00705,0.56974,0.10646,-0.01018,0.21424,
1413393221605760512,-0.44090,0.68904,0.74024,0.01423,0.82227,-0.00379,0.56891,0.14758,-0.00622,0.14704,
1413393221705760512,-0.42906,0.69034,0.75697,0.01574,0.81969,-0.00164,0.57259,0.16794,0.00516,0.16639,
1413393221805760256,-0.41599,0.69823,0.77577,0.01394,0.81488,-0.00041,0.57946,0.17067,0.03906,0.17118,
1413393221905760512,-0.40346,0.69756,0.79114,0.01310,0.81273,0.00052,0.58250,0.15979,0.04856,0.15215,
1413393222005760512,-0.39426,0.69894,0.80354,0.01044,0.81167,0.00081,0.58402,0.14366,0.02437,0.07684,
1413393222105760512,-0.38402,0.69601,0.80594,0.00772,0.81084,0.00138,0.58522,0.13955,0.03385,-0.03900,
1413393222205760512,-0.37975,0.69352,0.79402,0.00708,0.81066,0.00236,0.58546,0.11554,0.02149,-0.16481,
1413393222305760256,-0.37122,0.69257,0.77046,0.00610,0.81318,0.00340,0.58196,0.09869,0.00756,-0.24605,
1413393222405760512,-0.36200,0.69239,0.74616,0.00509,0.81904,0.00386,0.57370,0.10711,0.02120,-0.22363,
1413393222505760512,-0.35087,0.69375,0.72730,0.00515,0.82316,0.00471,0.56777,0.12938,0.02996,-0.16421,
1413393222605760512,-0.34209,0.69379,0.71701,0.00192,0.82482,0.00338,0.56538,0.15188,0.01514,-0.06801,
1413393222705760512,-0.32396,0.69350,0.71686,0.00166,0.82599,0.00505,0.56366,0.19550,0.01985,0.03743,
1413393222805760256,-0.30180,0.69476,0.72477,-0.00009,0.82841,0.00429,0.56010,0.24542,0.01576,0.12941,
1413393222905760512,-0.27459,0.69400,0.74128,-0.00234,0.83067,0.00483,0.55674,0.29362,0.01171,0.19551,
1413393223005760512,-0.24032,0.69420,0.76500,-0.00242,0.83141,0.00736,0.55561,0.34181,0.00747,0.24819,
1413393223105760512,-0.20099,0.69383,0.79047,-0.00402,0.82894,0.00862,0.55925,0.39383,-0.00517,0.27001,
1413393223205760512,-0.15965,0.69263,0.81472,-0.00134,0.82703,0.01237,0.56203,0.42960,-0.00309,0.27298,
1413393223305760256,-0.11388,0.69406,0.83921,-0.00002,0.82545,0.01382,0.56430,0.45621,0.00680,0.20190,
1413393223405760512,-0.06815,0.69208,0.84836,0.00083,0.82381,0.01519,0.56666,0.47011,0.00436,0.00878,
1413393223505760512,-0.01979,0.69709,0.83691,0.00313,0.82073,0.01575,0.57109,0.47582,0.01871,-0.20282,
1413393223605760512,0.02669,0.70238,0.80322,0.00421,0.81691,0.01484,0.57656,0.45662,0.02577,-0.36728,
1413393223705760512,0.06093,0.72138,0.75577,0.00758,0.81478,0.01190,0.57960,0.43557,0.05320,-0.38863,
1413393223805760256,0.10162,0.73279,0.72001,0.00997,0.81347,0.00877,0.58145,0.42105,0.09076,-0.25951,
1413393223905760512,0.14432,0.74730,0.70115,0.01419,0.81406,0.00640,0.58057,0.41596,0.11963,-0.10634,
1413393224005760512,0.20076,0.78284,0.70079,0.01791,0.81398,0.00317,0.58061,0.42529,0.17670,-0.02147,
1413393224105760512,0.24315,0.80121,0.70029,0.01884,0.81359,-0.00055,0.58113,0.40412,0.20373,-0.07930,
1413393224205760512,0.28366,0.82388,0.69017,0.02076,0.81277,-0.00261,0.58221,0.37512,0.22159,-0.18122,
1413393224305760256,0.33548,0.86221,0.67351,0.02373,0.81124,-0.00346,0.58422,0.37231,0.25828,-0.27904,
1413393224405760512,0.37224,0.88405,0.63838,0.02567,0.81061,-0.00628,0.58499,0.36774,0.25638,-0.38205,
1413393224505760512,0.41145,0.91066,0.59594,0.02775,0.80907,-0.01500,0.58687,0.34477,0.26643,-0.46935,
1413393224605760512,0.44945,0.94002,0.54689,0.02984,0.80770,-0.03016,0.58806,0.32139,0.27181,-0.51680,
1413393224705760512,0.51228,0.97458,0.49957,0.03417,0.80805,-0.04780,0.58617,0.29532,0.28428,-0.46683,
1413393224805760256,0.54167,1.00171,0.45541,0.04099,0.80923,-0.06534,0.58240,0.23180,0.25174,-0.42493,
1413393224905760512,0.59344,1.03202,0.41683,0.04844,0.80980,-0.07969,0.57924,0.24133,0.25195,-0.30147,
1413393225005760512,0.63562,1.06236,0.38988,0.05641,0.81108,-0.08858,0.57543,0.24815,0.26336,-0.14694,
1413393225105760512,0.67339,1.09279,0.38019,0.06400,0.81209,-0.09216,0.57264,0.27531,0.24179,-0.05211,
1413393225205760512,0.70409,1.11760,0.37490,0.06676,0.81224,-0.09516,0.57162,0.28985,0.23915,-0.04185,
1413393225305760256,0.74468,1.14968,0.37358,0.06966,0.81339,-0.09756,0.56923,0.31242,0.24458,-0.04342,
1413393225405760512,0.77797,1.17094,0.37267,0.07278,0.81263,-0.10666,0.56830,0.32195,0.21240,0.00317,
1413393225505760512,0.81724,1.19329,0.37262,0.07707,0.81067,-0.12292,0.56724,0.33085,0.18055,0.03058,
1413393225605760512,0.86542,1.22149,0.37806,0.08471,0.80854,-0.14391,0.56425,0.35715,0.15900,0.07790,
1413393225705760512,0.89963,1.24342,0.39067,0.09840,0.80378,-0.16658,0.56259,0.34384,0.12608,0.10610,
1413393225805760256,0.94009,1.26687,0.39972,0.12052,0.79800,-0.18625,0.56033,0.32532,0.10675,0.12799,
1413393225905760512,0.97695,1.28793,0.40779,0.14772,0.79144,-0.20379,0.55702,0.30706,0.12836,-0.03170,
1413393226005760512,1.01713,1.30864,0.39466,0.17466,0.78468,-0.22009,0.55257,0.31597,0.15881,-0.21179,
1413393226105760512,1.06423,1.33837,0.36963,0.19272,0.77710,-0.23994,0.54901,0.34189,0.23452,-0.22611,
1413393226205760512,1.11992,1.38103,0.34712,0.20437,0.77024,-0.25994,0.54534,0.38539,0.31832,-0.13082,
1413393226305760256,1.17825,1.42481,0.33684,0.20932,0.76608,-0.27637,0.54122,0.42791,0.36016,-0.04906,
1413393226405760512,1.23048,1.46175,0.33337,0.20906,0.76594,-0.28991,0.53440,0.44535,0.38217,-0.03036,
1413393226505760512,1.28028,1.49720,0.32667,0.20537,0.76899,-0.29928,0.52622,0.47422,0.37570,-0.11579,
1413393226605760512,1.33070,1.52914,0.31202,0.20120,0.77116,-0.30466,0.52155,0.48704,0.34836,-0.18571,
1413393226705760512,1.38365,1.55474,0.29779,0.20441,0.77181,-0.30134,0.52126,0.52889,0.30622,-0.15825,
1413393226805760256,1.44225,1.58575,0.28406,0.21302,0.77112,-0.29336,0.52339,0.58066,0.31008,-0.11883,
1413393226905760512,1.50470,1.61634,0.27261,0.21791,0.77213,-0.28585,0.52404,0.61730,0.31800,-0.11682,
1413393227005760512,1.56998,1.63338,0.26782,0.21701,0.77367,-0.28018,0.52521,0.66377,0.31757,-0.07774,
1413393227105760512,1.64574,1.66405,0.26133,0.21411,0.77283,-0.27777,0.52890,0.71294,0.34283,-0.06024,
1413393227205760512,1.71854,1.67452,0.26386,0.20636,0.77140,-0.27708,0.53440,0.74077,0.33010,-0.01728,
1413393227305760256,1.80394,1.70050,0.26260,0.19835,0.76995,-0.27919,0.53841,0.76854,0.32876,-0.00204,
1413393227405760512,1.87543,1.69280,0.27335,0.19185,0.76981,-0.27870,0.54122,0.76593,0.27900,0.01948,
1413393227505760512,1.97021,1.70210,0.27877,0.18693,0.76978,-0.27901,0.54281,0.79589,0.24792,0.02958,
1413393227605760512,2.06103,1.70691,0.28546,0.18495,0.76699,-0.28218,0.54580,0.80582,0.20722,0.03799,
1413393227705760512,2.13532,1.64291,0.30849,0.18385,0.76505,-0.28659,0.54659,0.78410,0.08528,0.05738,
1413393227805760256,2.23580,1.60676,0.31309,0.18774,0.76155,-0.29555,0.54538,0.79885,0.01099,0.03038,
1413393227905760512,2.32623,1.46747,0.32139,0.18822,0.75661,-0.30647,0.54606,0.81321,-0.16574,0.04332,
1413393228005760512,2.47061,1.32387,0.30992,0.19310,0.75041,-0.32057,0.54483,0.84959,-0.34043,0.00936,
1413393228105760512,2.63840,1.18783,0.28444,0.20158,0.74395,-0.33540,0.54168,0.93020,-0.48939,-0.00471,
1413393228205760512,2.81970,1.12032,0.26663,0.21403,0.73821,-0.35265,0.53374,1.02117,-0.56009,-0.02898,
1413393228305760256,2.98971,1.06101,0.25722,0.22912,0.73289,-0.36636,0.52551,1.09520,-0.60262,-0.02377,
1413393228405760512,3.18339,1.01226,0.25792,0.24297,0.72757,-0.37839,0.51809,1.18271,-0.64056,0.00020,
1413393228505760512,3.43462,0.97627,0.25797,0.25647,0.71968,-0.39209,0.51239,1.34685,-0.65003,0.00239,
1413393228605760512,3.78535,0.96515,0.24796,0.26936,0.71234,-0.40720,0.50420,1.60312,-0.63981,-0.00252,
1413393228705760512,4.02411,0.91966,0.24272,0.27650,0.70740,-0.41810,0.49832,1.72105,-0.65572,-0.00921,
1413393228805760256,4.21119,0.85004,0.24108,0.27635,0.70609,-0.42627,0.49331,1.79271,-0.71370,-0.02260,
1413393228905760512,4.39519,0.76556,0.23714,0.27170,0.70745,-0.43365,0.48748,1.83405,-0.79385,-0.03918,
1413393229005760512,4.57101,0.68059,0.23316,0.27259,0.70819,-0.43505,0.48466,1.86369,-0.87646,-0.04925,
1413393229105760512,4.71955,0.56178,0.23033,0.28045,0.71086,-0.42758,0.48291,1.87930,-0.97409,-0.08751,
1413393229205760512,4.90027,0.46180,0.21982,0.28803,0.71214,-0.42149,0.48192,1.94376,-1.01970,-0.11213,
1413393229305760256,5.02945,0.32134,0.21108,0.29124,0.71351,-0.41444,0.48407,1.93388,-1.09741,-0.14801,
1413393229405760512,5.22262,0.20932,0.19363,0.29197,0.71222,-0.41201,0.48759,2.01233,-1.13691,-0.17721,
1413393229505760512,5.32091,0.06377,0.18441,0.28402,0.70779,-0.41350,0.49739,1.97310,-1.19267,-0.17224,
1413393229605760512,5.50129,-0.06264,0.16791,0.27448,0.70599,-0.41841,0.50117,1.97109,-1.24704,-0.14817,
1413393229705760512,5.55816,-0.22001,0.16328,0.26494,0.70756,-0.42115,0.50179,1.85844,-1.32587,-0.11860,
1413393229805760256,5.55996,-0.39190,0.16446,0.25761,0.71130,-0.42192,0.49968,1.70875,-1.43087,-0.07455,
1413393229905760512,5.45316,-0.56772,0.16450,0.25187,0.71638,-0.42082,0.49626,1.47313,-1.53909,-0.03423,
1413393230005760512,5.47319,-0.73534,0.16253,0.25487,0.71927,-0.41729,0.49352,1.37027,-1.65222,0.02596,
1413393230105760512,5.38623,-0.93978,0.15674,0.26509,0.72037,-0.40596,0.49597,1.20560,-1.75725,0.01268,
1413393230205760512,5.49183,-1.12587,0.15475,0.27306,0.72048,-0.39957,0.49667,1.22240,-1.81428,-0.01768,
1413393230305760256,5.59718,-1.37045,0.15216,0.27569,0.71888,-0.39521,0.50100,1.24003,-1.90872,-0.04000,
1413393230405760512,5.74741,-1.61868,0.14544,0.27139,0.71661,-0.39698,0.50520,1.27258,-1.98912,-0.08475,
1413393230505760512,5.87297,-1.84917,0.13454,0.26793,0.71306,-0.40327,0.50708,1.27249,-2.05866,-0.05414,
1413393230605760512,6.00139,-2.05829,0.12913,0.26730,0.70672,-0.41550,0.50642,1.25047,-2.12631,-0.04506,
1413393230705760512,6.09073,-2.27598,0.12841,0.27120,0.69830,-0.43081,0.50323,1.21148,-2.21392,0.03386,
1413393230805760256,6.19031,-2.49218,0.13539,0.27849,0.68818,-0.44729,0.49878,1.16262,-2.27849,0.06741,
1413393230905760512,6.39173,-2.77281,0.14124,0.29121,0.67837,-0.46330,0.49028,1.19170,-2.40243,0.10813,
1413393231005760512,6.62156,-3.07784,0.15656,0.31056,0.67194,-0.47402,0.47682,1.25225,-2.52212,0.13714,
1413393231105760512,6.82840,-3.37435,0.17306,0.32931,0.66734,-0.47982,0.46475,1.34643,-2.61500,0.13415,
1413393231205760512,7.07239,-3.69913,0.18385,0.34078,0.66366,-0.48495,0.45634,1.47106,-2.72329,0.14828,
1413393231305760256,7.31265,-4.01781,0.19171,0.34664,0.65977,-0.48956,0.45263,1.59714,-2.79225,0.09278,
1413393231405760512,7.57556,-4.33614,0.19287,0.34484,0.65420,-0.49559,0.45553,1.72203,-2.87588,-0.00265,
1413393231505760512,7.74968,-4.62642,0.18888,0.34320,0.64380,-0.49939,0.46727,1.72999,-2.91619,-0.07458,
1413393231605760512,8.05009,-4.97506,0.18021,0.34475,0.63187,-0.49790,0.48372,1.79786,-2.98924,-0.14682,
1413393231705760512,8.34247,-5.33348,0.16415,0.34704,0.62485,-0.49892,0.49011,1.84095,-3.05011,-0.15824,
1413393231805760256,8.56419,-5.67198,0.14596,0.34801,0.62152,-0.50677,0.48558,1.83094,-3.07867,-0.13270,
1413393231905760512,8.75351,-5.99031,0.12858,0.34301,0.61770,-0.52135,0.47853,1.75630,-3.10466,-0.09532,
1413393232005760512,8.93382,-6.30564,0.12230,0.34031,0.61131,-0.53759,0.47063,1.67705,-3.15637,-0.06098,
1413393232105760512,9.07329,-6.62471,0.11193,0.34684,0.60475,-0.55055,0.45922,1.57185,-3.20967,-0.00891,
1413393232205760512,9.16275,-6.92588,0.10216,0.35997,0.59643,-0.56076,0.44748,1.43617,-3.24199,-0.01381,
1413393232305760256,9.28489,-7.24440,0.08356,0.37360,0.58614,-0.57107,0.43675,1.35604,-3.28397,-0.09416,
1413393232405760512,9.44054,-7.60241,0.06229,-0.38189,-0.57449,0.58476,-0.42681,1.32219,-3.37124,-0.15887,
1413393232505760512,9.51229,-7.92904,0.03852,-0.38911,-0.56324,0.59803,-0.41679,1.21939,-3.41749,-0.24176,
1413393232605760512,9.58571,-8.25089,-0.00367,-0.39486,-0.55421,0.60739,-0.40989,1.13190,-3.45012,-0.32511,
1413393232705760512,9.73760,-8.62282,-0.05551,-0.39926,-0.54673,0.61427,-0.40540,1.12001,-3.53463,-0.32446,
1413393232805760256,9.79069,-8.94022,-0.10678,-0.40358,-0.54340,0.61736,-0.40088,0.99813,-3.56052,-0.32599,
1413393232905760512,9.71365,-9.18873,-0.14094,-0.40584,-0.54211,0.61847,-0.39862,0.76808,-3.49982,-0.31176,
1413393233005760512,9.63033,-9.42470,-0.16866,-0.41037,-0.54526,0.61634,-0.39296,0.56783,-3.43904,-0.24160,
1413393233105760512,9.63228,-9.72504,-0.18656,-0.41274,-0.54985,0.61421,-0.38737,0.47260,-3.44849,-0.17593,
1413393233205760512,9.47020,-9.90893,-0.19332,-0.41539,-0.55154,0.61163,-0.38623,0.25910,-3.35836,-0.07071,
1413393233305760256,9.41957,-10.15512,-0.19486,-0.42435,-0.54715,0.60927,-0.38646,0.17057,-3.32536,0.01183,
1413393233405760512,9.28640,-10.35908,-0.18485,-0.43625,-0.53680,0.60891,-0.38828,0.01631,-3.23336,0.07288,
1413393233505760512,9.09333,-10.44990,-0.16150,-0.44682,-0.52386,0.61303,-0.38745,-0.16183,-3.01464,0.17456,
1413393233605760512,8.89637,-10.48067,-0.13009,-0.45482,-0.51231,0.62240,-0.37853,-0.32896,-2.77259,0.23730,
1413393233705760512,8.71649,-10.48451,-0.09053,-0.46018,-0.50263,0.63625,-0.36165,-0.45514,-2.53102,0.31481,
1413393233805760256,8.56146,-10.48181,-0.03757,-0.47236,-0.48872,0.64457,-0.35009,-0.53441,-2.29067,0.39852,
1413393233905760512,8.43094,-10.46944,0.02066,-0.48384,-0.47314,0.64916,-0.34733,-0.57708,-2.07369,0.40508,
1413393234005760512,8.33992,-10.52825,0.07588,-0.49092,-0.45658,0.65738,-0.34407,-0.59290,-1.91961,0.41000,
1413393234105760512,8.26754,-10.63222,0.13380,-0.49154,-0.44021,0.67067,-0.33883,-0.61719,-1.79818,0.39753,
1413393234205760512,8.20827,-10.75295,0.18426,-0.49187,-0.42658,0.68254,-0.33202,-0.62919,-1.72207,0.32220,
1413393234305760256,8.16101,-10.79433,0.22858,0.50069,0.40053,-0.68735,0.34122,-0.63750,-1.55990,0.25648,
1413393234405760512,8.12589,-10.80030,0.26212,0.50991,0.36902,-0.69070,0.35603,-0.66028,-1.31726,0.18902,
1413393234505760512,8.10402,-10.78480,0.28448,0.51789,0.34538,-0.69533,0.35918,-0.66381,-1.03641,0.13754,
1413393234605760512,8.12350,-10.65943,0.30475,0.53355,0.33418,-0.69845,0.34033,-0.63374,-0.65034,0.20945,
1413393234705760512,8.25508,-10.39187,0.32608,0.55364,0.33914,-0.70152,0.29384,-0.40207,-0.15631,0.41455,
1413393234805760256,8.32487,-10.24996,0.35944,0.55878,0.34293,-0.71181,0.25198,-0.21984,0.06011,0.42496,
1413393234905760512,8.33603,-10.21704,0.40216,0.55399,0.33294,-0.72821,0.22795,-0.12980,0.07968,0.27860,
1413393235005760512,8.33893,-10.21400,0.42612,0.55012,0.31054,-0.74344,0.21963,-0.06767,0.05440,0.07933,
1413393235105760512,8.34409,-10.21647,0.42647,0.54887,0.28238,-0.75640,0.21645,-0.03913,0.03827,-0.10813,
1413393235205760512,8.34370,-10.21855,0.40450,0.55147,0.26105,-0.76566,0.20370,-0.04658,0.03085,-0.20516,
1413393235305760256,8.34029,-10.22156,0.37918,0.55542,0.25095,-0.77277,0.17711,-0.04257,0.01785,-0.20315,
1413393235405760512,8.33265,-10.23635,0.35675,0.55450,0.24540,-0.78028,0.15323,-0.03559,-0.05289,-0.18124,
1413393235505760512,8.32410,-10.25625,0.33937,0.55140,0.24287,-0.78647,0.13580,-0.05366,-0.14552,-0.12785,
1413393235605760512,8.31624,-10.28147,0.32678,0.56014,0.24569,-0.78276,0.11472,-0.05206,-0.25363,-0.10835,
1413393235705760512,8.31568,-10.30772,0.31293,0.57028,0.24319,-0.77793,0.10233,-0.01380,-0.37563,-0.10131,
1413393235805760256,8.31958,-10.34314,0.29818,0.57473,0.23435,-0.77699,0.10510,0.04272,-0.49225,-0.09038,
1413393235905760512,8.32429,-10.38498,0.28725,0.57573,0.21552,-0.77840,0.12719,0.07632,-0.53838,-0.09666,
1413393236005760512,8.33555,-10.43540,0.28060,0.57703,0.19466,-0.78005,0.14376,0.10428,-0.53447,-0.05673,
1413393236105760512,8.34200,-10.47774,0.27353,0.57807,0.17453,-0.78262,0.15128,0.08637,-0.48676,0.00660,
1413393236205760512,8.35014,-10.51112,0.27322,0.57895,0.15835,-0.78694,0.14309,0.12860,-0.37807,0.04874,
1413393236305760256,8.36138,-10.53725,0.27771,0.58011,0.14957,-0.79187,0.11850,0.14775,-0.30637,0.06760,
1413393236405760512,8.36701,-10.56956,0.28207,0.58060,0.13521,-0.79682,0.09851,0.14318,-0.32304,0.10121,
1413393236505760512,8.36987,-10.60924,0.29157,0.57814,0.11608,-0.80305,0.08599,0.12950,-0.33145,0.09339,
1413393236605760512,8.37335,-10.65498,0.30283,0.56842,0.09692,-0.81371,0.07342,0.10389,-0.36268,0.10089,
1413393236705760512,8.37166,-10.70622,0.31360,0.56054,0.07851,-0.82182,0.06518,0.06113,-0.40031,0.00463,
1413393236805760256,8.35909,-10.76310,0.32061,0.56058,0.05823,-0.82339,0.06624,-0.01153,-0.42683,-0.06523,
1413393236905760512,8.33184,-10.81851,0.31920,0.56491,0.04518,-0.82137,0.06463,-0.10443,-0.41637,0.02018,
1413393237005760512,8.31094,-10.85163,0.32453,0.57425,0.04241,-0.81555,0.05755,-0.16088,-0.36345,0.15486,
1413393237105760512,8.28957,-10.86157,0.34021,0.58131,0.04811,-0.81092,0.04666,-0.17586,-0.29432,0.27867,
1413393237205760512,8.26486,-10.85017,0.35825,0.58900,0.06007,-0.80519,0.03376,-0.19565,-0.24646,0.19490,
1413393237305760256,8.23902,-10.83468,0.36314,0.59132,0.06877,-0.80306,0.02635,-0.21029,-0.22122,0.05274,
1413393237405760512,8.21583,-10.84196,0.35705,0.59221,0.07401,-0.80202,0.02413,-0.20583,-0.23636,-0.10731,
1413393237505760512,8.19662,-10.86130,0.34469,0.59299,0.07170,-0.80129,0.03399,-0.19388,-0.27673,-0.15225,
1413393237605760512,8.17687,-10.87508,0.33109,0.59182,0.06412,-0.80176,0.05308,-0.17581,-0.26245,-0.14281,
1413393237705760512,8.15957,-10.90790,0.31731,0.58758,0.05690,-0.80421,0.06900,-0.16843,-0.24484,-0.13427,
1413393237805760256,8.13420,-10.91193,0.30826,0.58374,0.05607,-0.80618,0.07859,-0.19804,-0.15951,-0.09216,
1413393237905760512,8.10936,-10.90090,0.30962,0.57941,0.06147,-0.80899,0.07772,-0.23615,-0.06849,-0.06342,
1413393238005760512,8.08540,-10.90677,0.30851,0.57468,0.06948,-0.81262,0.06756,-0.25670,-0.02509,-0.07382,
1413393238105760512,8.05830,-10.90516,0.31093,0.56910,0.07862,-0.81667,0.05463,-0.29874,-0.01506,-0.04055,
1413393238205760512,8.02046,-10.92097,0.30448,0.56809,0.08185,-0.81766,0.04469,-0.35182,-0.06267,-0.01657,
1413393238305760256,7.98656,-10.93590,0.31260,0.56741,0.08151,-0.81851,0.03796,-0.40192,-0.11153,0.07666,
1413393238405760512,7.94006,-10.94853,0.32306,0.56731,0.07842,-0.81893,0.03684,-0.50472,-0.17355,0.15868,
1413393238505760512,7.88878,-10.96867,0.34115,0.56999,0.06814,-0.81753,0.04586,-0.54344,-0.20863,0.14858,
1413393238605760512,7.84844,-11.00284,0.36364,0.57481,0.05260,-0.81426,0.06165,-0.54979,-0.22149,0.04458,
1413393238705760512,7.81327,-11.03065,0.38089,0.57682,0.03946,-0.81246,0.07502,-0.54795,-0.18724,-0.04733,
1413393238805760256,7.77359,-11.04899,0.38973,0.57876,0.03319,-0.81086,0.08030,-0.55369,-0.12152,-0.07887,
1413393238905760512,7.72551,-11.05811,0.39570,0.58031,0.03682,-0.81030,0.07277,-0.57055,-0.04194,-0.02923,
1413393239005760512,7.66483,-11.06634,0.39479,0.58251,0.04715,-0.80961,0.05464,-0.58169,0.00242,-0.00512,
1413393239105760512,7.60184,-11.07457,0.39449,0.58318,0.05655,-0.80941,0.03954,-0.59365,0.00030,-0.01476,
1413393239205760512,7.54158,-11.09711,0.40020,0.58331,0.06168,-0.80935,0.03006,-0.59563,-0.06440,-0.00255,
1413393239305760256,7.48172,-11.12220,0.40232,0.58341,0.06280,-0.80937,0.02466,-0.59553,-0.12265,0.00061,
1413393239405760512,7.42277,-11.13607,0.40239,0.58225,0.06332,-0.81022,0.02299,-0.60410,-0.15886,0.01613,
1413393239505760512,7.37161,-11.16812,0.41114,0.58152,0.06399,-0.81075,0.02078,-0.60305,-0.22178,0.05863,
1413393239605760512,7.31423,-11.18769,0.41999,0.58010,0.06075,-0.81183,0.02695,-0.60662,-0.27583,0.07310,
1413393239705760512,7.25686,-11.20769,0.43255,0.57909,0.04884,-0.81253,0.04551,-0.61857,-0.27372,0.09405,
1413393239805760256,7.22728,-11.22855,0.45930,0.57793,0.04009,-0.81294,0.05936,-0.60698,-0.22740,0.11130,
1413393239905760512,7.17815,-11.24175,0.48114,0.57525,0.04003,-0.81477,0.06023,-0.61635,-0.17611,0.11637,
1413393240005760512,7.11458,-11.24961,0.50813,0.57650,0.04475,-0.81404,0.05457,-0.64877,-0.12245,0.14613,
1413393240105760512,7.05124,-11.26057,0.52461,0.58075,0.05413,-0.81118,0.04235,-0.66114,-0.09923,0.16473,
1413393240205760512,6.97375,-11.27071,0.55292,0.58411,0.06267,-0.80861,0.03235,-0.66133,-0.11442,0.10553,
1413393240305760256,6.88922,-11.29083,0.56507,0.58303,0.06510,-0.80929,0.02996,-0.67041,-0.15133,0.00364,
1413393240405760512,6.83882,-11.29976,0.56517,0.58265,0.06103,-0.80960,0.03653,-0.66956,-0.17059,-0.07988,
1413393240505760512,6.77848,-11.30934,0.55219,0.58290,0.05477,-0.80933,0.04712,-0.66591,-0.15947,-0.13303,
1413393240605760512,6.73182,-11.31123,0.54279,0.58324,0.04908,-0.80894,0.05514,-0.65312,-0.12334,-0.05634,
1413393240705760512,6.66347,-11.32067,0.54396,0.58261,0.04745,-0.80952,0.05478,-0.74930,-0.09407,0.16348,
1413393240805760256,6.59983,-11.32113,0.56304,0.58682,0.05033,-0.80681,0.04650,-0.74801,-0.07329,0.24576,
1413393240905760512,6.51655,-11.33754,0.58167,0.59357,0.05248,-0.80216,0.03815,-0.73290,-0.07665,0.14480,
1413393241005760512,6.44393,-11.35076,0.58266,0.60091,0.05253,-0.79692,0.03271,-0.69450,-0.09658,-0.00232,
1413393241105760512,6.36772,-11.37054,0.56790,0.60443,0.04690,-0.79450,0.03507,-0.67156,-0.12139,-0.15232,
1413393241205760512,6.30964,-11.38657,0.53742,0.60232,0.03714,-0.79620,0.04355,-0.62670,-0.12115,-0.25345,
1413393241305760256,6.25678,-11.39160,0.51121,0.59672,0.02963,-0.80034,0.05011,-0.59489,-0.08059,-0.25037,
1413393241405760512,6.23198,-11.39476,0.47391,0.58453,0.02716,-0.80947,0.04840,-0.56004,-0.03973,-0.24880,
1413393241505760512,6.20269,-11.39192,0.44809,0.58000,0.03034,-0.81307,0.03992,-0.55435,-0.01277,-0.19306,
1413393241605760512,6.16237,-11.38777,0.42877,0.58427,0.03673,-0.81020,0.02912,-0.55775,-0.00180,-0.18895,
1413393241705760512,6.11162,-11.38865,0.40807,0.58846,0.04289,-0.80713,0.02051,-0.55308,-0.01227,-0.18064,
1413393241805760256,6.06720,-11.39068,0.38728,0.58810,0.04667,-0.80728,0.01613,-0.53599,-0.05144,-0.17528,
1413393241905760512,6.01593,-11.39621,0.37087,0.58877,0.04921,-0.80667,0.01471,-0.53785,-0.09048,-0.13032,
1413393242005760512,5.97003,-11.40602,0.35317,0.59411,0.05210,-0.80254,0.01566,-0.51513,-0.12664,-0.13248,
1413393242105760512,5.91549,-11.42012,0.34065,0.60121,0.05510,-0.79700,0.01740,-0.49348,-0.17399,-0.10947,
1413393242205760512,5.88745,-11.42835,0.33104,0.61073,0.05380,-0.78961,0.02509,-0.42020,-0.19790,-0.09176,
1413393242305760256,5.85944,-11.43820,0.32314,0.61521,0.05284,-0.78599,0.03051,-0.34065,-0.17812,-0.08307,
1413393242405760512,5.83385,-11.44809,0.31584,0.60873,0.04851,-0.79086,0.04028,-0.27158,-0.16762,-0.08635,
1413393242505760512,5.80722,-11.46408,0.30967,0.59259,0.04122,-0.80273,0.05255,-0.23913,-0.14921,-0.08846,
1413393242605760512,5.79013,-11.46424,0.30950,0.57826,0.03673,-0.81273,0.06110,-0.24340,-0.07812,-0.04240,
1413393242705760512,5.77774,-11.45397,0.31874,0.57251,0.03509,-0.81656,0.06506,-0.27793,-0.00151,-0.00399,
1413393242805760256,5.77579,-11.43191,0.33831,0.57329,0.03533,-0.81551,0.07096,-0.30079,0.07902,0.04699,
1413393242905760512,5.74707,-11.41913,0.34385,0.57633,0.05044,-0.81302,0.06550,-0.33676,0.12197,0.05214,
1413393243005760512,5.71226,-11.40533,0.34958,0.57358,0.07147,-0.81388,0.05913,-0.36410,0.12711,0.07345,
1413393243105760512,5.66779,-11.39552,0.35273,0.56926,0.09405,-0.81448,0.06095,-0.40463,0.11080,0.06999,
1413393243205760512,5.67651,-11.35443,0.38799,0.57107,0.11620,-0.80933,0.07322,-0.39924,0.10558,0.13453,
1413393243305760256,5.66203,-11.32923,0.40860,0.58223,0.13343,-0.79745,0.08533,-0.38868,0.10023,0.08280,
1413393243405760512,5.63687,-11.30977,0.41373,0.59002,0.14455,-0.78849,0.09628,-0.36911,0.11472,-0.01109,
1413393243505760512,5.61266,-11.29225,0.40800,0.59365,0.15272,-0.78315,0.10452,-0.33963,0.11788,-0.12022,
1413393243605760512,5.59705,-11.27326,0.39226,0.59365,0.15847,-0.78125,0.11006,-0.29068,0.13139,-0.16563,
1413393243705760512,5.57480,-11.26087,0.37694,0.59093,0.16364,-0.78205,0.11143,-0.24267,0.11702,-0.13868,
1413393243805760256,5.57630,-11.23929,0.36441,0.58671,0.16746,-0.78436,0.11187,-0.17349,0.12702,-0.10334,
1413393243905760512,5.56349,-11.22956,0.35544,0.58503,0.16886,-0.78519,0.11271,-0.14561,0.11244,-0.06099,
1413393244005760512,5.57993,-11.21565,0.35172,0.58488,0.17006,-0.78498,0.11319,-0.08877,0.09662,-0.03617,
1413393244105760512,5.57295,-11.20963,0.34902,0.58517,0.17159,-0.78477,0.11079,-0.06541,0.07177,0.00002,
1413393244205760512,5.57322,-11.20639,0.34867,0.58455,0.17547,-0.78414,0.11241,-0.02824,0.02736,-0.01058,
1413393244305760256,5.58031,-11.20540,0.34886,0.58177,0.18605,-0.78302,0.11746,0.00783,-0.01231,0.00248,
1413393244405760512,5.58955,-11.20323,0.35006,0.57960,0.19827,-0.78011,0.12724,0.02844,-0.02579,-0.04129,
1413393244505760512,5.63811,-11.19747,0.34842,0.57980,0.20559,-0.77596,0.13948,0.10753,-0.02354,-0.13986,
1413393244605760512,5.66620,-11.19244,0.33224,0.57800,0.20990,-0.77428,0.14951,0.14139,-0.01362,-0.22571,
1413393244705760512,5.68979,-11.18425,0.31660,0.57630,0.21364,-0.77301,0.15715,0.19045,0.02657,-0.14238,
1413393244805760256,5.71429,-11.16919,0.30470,0.57256,0.21215,-0.77405,0.16735,0.20617,0.06390,-0.07942,
1413393244905760512,5.74050,-11.15265,0.30776,0.56998,0.21075,-0.77494,0.17370,0.18042,0.09218,0.09788,
1413393245005760512,5.76849,-11.13446,0.32794,0.56895,0.21320,-0.77553,0.17146,0.19011,0.13629,0.15861,
1413393245105760512,5.78966,-11.12627,0.34560,0.56333,0.21585,-0.78024,0.16520,0.18422,0.13666,0.07908,
1413393245205760512,5.80814,-11.11942,0.35456,0.55599,0.21722,-0.78623,0.15980,0.16238,0.12929,-0.00161,
1413393245305760256,5.83355,-11.11144,0.35986,0.55447,0.21934,-0.78781,0.15430,0.14353,0.10196,-0.09956,
1413393245405760512,5.85175,-11.10889,0.35068,0.55733,0.22096,-0.78629,0.14938,0.11926,0.06837,-0.16652,
1413393245505760512,5.86759,-11.10362,0.32909,0.56212,0.22275,-0.78307,0.14565,0.12808,0.03323,-0.22872,
1413393245605760512,5.89038,-11.09721,0.30533,0.56863,0.22354,-0.77881,0.14192,0.14280,0.00488,-0.22667,
1413393245705760512,5.90326,-11.09674,0.28349,0.57274,0.22418,-0.77632,0.13797,0.14916,-0.02483,-0.19773,
1413393245805760256,5.91890,-11.10033,0.26443,0.57216,0.22215,-0.77792,0.13465,0.16795,-0.06151,-0.17260,
1413393245905760512,5.93344,-11.11652,0.24738,0.56978,0.21570,-0.78109,0.13686,0.18059,-0.10078,-0.15190,
1413393246005760512,5.95187,-11.12264,0.23204,0.56317,0.20648,-0.78682,0.14533,0.17671,-0.12127,-0.14243,
1413393246105760512,5.96220,-11.13501,0.21852,0.55433,0.19662,-0.79376,0.15493,0.13196,-0.11064,-0.13152,
1413393246205760512,5.96951,-11.14224,0.20758,0.55089,0.19482,-0.79514,0.16222,0.06159,-0.09407,-0.09268,
1413393246305760256,5.96875,-11.14501,0.20132,0.55535,0.20852,-0.78850,0.16242,0.00757,-0.08495,-0.06333,
1413393246405760512,5.96773,-11.15535,0.19358,0.56310,0.22703,-0.77816,0.16076,-0.02089,-0.09124,-0.05141,
1413393246505760512,5.95717,-11.14685,0.19004,0.56923,0.24105,-0.76852,0.16508,-0.03344,-0.06521,-0.04684,
1413393246605760512,5.95223,-11.12994,0.18209,0.57031,0.25176,-0.76345,0.16884,-0.01843,-0.03412,-0.06650,
1413393246705760512,5.95932,-11.09877,0.17515,0.56683,0.25892,-0.76298,0.17185,0.01636,0.00688,-0.06082,
1413393246805760256,5.96330,-11.09495,0.16905,0.56594,0.26255,-0.76209,0.17319,0.03338,0.00209,-0.07027,
1413393246905760512,5.97751,-11.07328,0.15976,0.56659,0.26595,-0.75996,0.17524,0.07058,0.00403,-0.10778,
1413393247005760512,5.98611,-11.07355,0.14576,0.56783,0.26809,-0.75756,0.17832,0.10026,-0.00957,-0.15701,
1413393247105760512,5.99807,-11.07354,0.12827,0.56695,0.27045,-0.75685,0.18059,0.13067,-0.02782,-0.18097,
1413393247205760512,6.02332,-11.06009,0.11030,0.56193,0.27191,-0.75893,0.18528,0.16902,-0.02507,-0.23379,
1413393247305760256,6.03974,-11.06154,0.08600,0.54856,0.27304,-0.76728,0.18924,0.16551,-0.03511,-0.26357,
1413393247405760512,6.06034,-11.05452,0.06168,0.53432,0.27365,-0.77614,0.19296,0.13340,-0.04949,-0.25097,
1413393247505760512,6.07311,-11.05577,0.04027,0.52495,0.27272,-0.78149,0.19833,0.06705,-0.06196,-0.23411,
1413393247605760512,6.07879,-11.05849,0.02004,0.51882,0.27155,-0.78447,0.20419,-0.00977,-0.08680,-0.21902,
1413393247705760512,6.07846,-11.05965,-0.00192,0.51722,0.27186,-0.78410,0.20919,-0.09483,-0.08369,-0.22849,
1413393247805760256,6.07374,-11.05858,-0.02610,0.51549,0.27156,-0.78320,0.21706,-0.18138,-0.07114,-0.20388,
1413393247905760512,6.05513,-11.06225,-0.04718,0.52363,0.26829,-0.77549,0.22899,-0.26376,-0.07023,-0.13282,
1413393248005760512,6.03314,-11.06148,-0.06166,0.54605,0.26912,-0.75857,0.23231,-0.30365,-0.02260,-0.15174,
1413393248105760512,6.01092,-11.05641,-0.08155,0.56104,0.27340,-0.74691,0.22937,-0.27749,0.06370,-0.20203,
1413393248205760512,5.98699,-11.04662,-0.10075,0.56628,0.27800,-0.74278,0.22434,-0.24898,0.11641,-0.18241,
1413393248305760256,5.96573,-11.03307,-0.11454,0.56170,0.28245,-0.74713,0.21567,-0.20551,0.15039,-0.15285,
1413393248405760512,5.94854,-11.01716,-0.12427,0.56280,0.28234,-0.74753,0.21151,-0.15802,0.19569,-0.12428,
1413393248505760512,5.93654,-11.00100,-0.12843,0.57132,0.27769,-0.74226,0.21339,-0.10428,0.21373,-0.09924,
1413393248605760512,5.92759,-10.98563,-0.12453,0.57945,0.27206,-0.73772,0.21446,-0.05474,0.21477,-0.01915,
1413393248705760512,5.92438,-10.96920,-0.11213,0.58083,0.26909,-0.73856,0.21156,0.00200,0.25420,0.00533,
1413393248805760256,5.92545,-10.95206,-0.09315,0.57509,0.26931,-0.74527,0.20325,0.05362,0.26660,0.05352,
1413393248905760512,5.93334,-10.93745,-0.06464,0.56047,0.27092,-0.75896,0.19092,0.08696,0.24745,0.04412,
1413393249005760512,5.93470,-10.93834,-0.03022,0.54567,0.26995,-0.77276,0.17946,0.06696,0.17136,0.00805,
1413393249105760512,5.92861,-10.93423,-0.00165,0.53949,0.26719,-0.77935,0.17370,0.02105,0.11383,-0.01372,
1413393249205760512,5.92855,-10.91844,-0.00104,0.54232,0.26381,-0.77875,0.17276,-0.01382,0.07011,-0.06074,
1413393249305760256,5.92606,-10.90905,-0.00600,0.54791,0.26088,-0.77599,0.17197,-0.03207,0.03211,-0.04722,
1413393249405760512,5.92120,-10.90722,-0.00978,0.55242,0.26153,-0.77333,0.16852,-0.04595,-0.00628,-0.03449,
1413393249505760512,5.91691,-10.90056,-0.01352,0.55670,0.26836,-0.76938,0.16163,-0.03366,-0.04755,-0.03777,
1413393249605760512,5.91420,-10.90546,-0.02018,0.56096,0.27862,-0.76491,0.15035,-0.00686,-0.11031,-0.08526,
1413393249705760512,5.91524,-10.90271,-0.03183,0.56461,0.28224,-0.76026,0.15349,0.02746,-0.16703,-0.15045,
1413393249805760256,5.91892,-10.91930,-0.04913,0.56420,0.27961,-0.75948,0.16336,0.06898,-0.22086,-0.18855,
1413393249905760512,5.92253,-10.91696,-0.06877,0.56453,0.27781,-0.75755,0.17391,0.10184,-0.22682,-0.20777,
1413393250005760512,5.93613,-10.94741,-0.08772,0.56059,0.27631,-0.76035,0.17681,0.12586,-0.25307,-0.18615,
1413393250105760512,5.94137,-10.94231,-0.10590,0.55291,0.27834,-0.76519,0.17692,0.12243,-0.25234,-0.16564,
1413393250205760512,5.95581,-10.97465,-0.12198,0.54944,0.27592,-0.76874,0.17612,0.12466,-0.31004,-0.15380,
1413393250305760256,5.94553,-10.95133,-0.13903,0.55202,0.27415,-0.76681,0.17922,0.08508,-0.27075,-0.13510,
1413393250405760512,5.94180,-10.96686,-0.15277,0.55740,0.26761,-0.76409,0.18400,0.07318,-0.28161,-0.11814,
1413393250505760512,5.94766,-10.98910,-0.16422,0.56437,0.25815,-0.75947,0.19508,0.08127,-0.27223,-0.10141,
1413393250605760512,5.95447,-11.00191,-0.17392,0.56861,0.24976,-0.75564,0.20810,0.10032,-0.21943,-0.10021,
1413393250705760512,5.96343,-11.01201,-0.18275,0.56622,0.24874,-0.75697,0.21100,0.10451,-0.16147,-0.10363,
1413393250805760256,5.97500,-11.01552,-0.18773,0.55749,0.25091,-0.76265,0.21122,0.10628,-0.09500,-0.08878,
1413393250905760512,5.98532,-11.02292,-0.19165,0.54888,0.25463,-0.76868,0.20743,0.08321,-0.05736,-0.05131,
1413393251005760512,5.99540,-11.02824,-0.19380,0.54345,0.25560,-0.77432,0.19940,0.04795,-0.04129,0.00069,
1413393251105760512,6.00286,-11.03673,-0.19236,0.54616,0.24866,-0.77729,0.18893,0.00537,-0.04574,0.02284,
1413393251205760512,6.00930,-11.04515,-0.18818,0.55519,0.23178,-0.77889,0.17712,-0.01008,-0.03289,0.07460,
1413393251305760256,6.00540,-11.04488,-0.18186,0.56583,0.20882,-0.78107,0.16174,-0.03205,-0.02404,0.09156,
1413393251405760512,6.01292,-11.05283,-0.17368,0.57802,0.18144,-0.78252,0.14369,0.01581,-0.01256,0.08295,
1413393251505760512,6.02650,-11.06401,-0.16586,0.59053,0.15267,-0.78234,0.12617,0.05355,-0.00130,0.10419,
1413393251605760512,6.04686,-11.07993,-0.15663,0.60173,0.12625,-0.78127,0.10774,0.12097,-0.02041,0.11809,
1413393251705760512,6.07512,-11.10197,-0.14566,0.61101,0.10057,-0.78006,0.08983,0.20329,-0.03240,0.11626,
1413393251805760256,6.11064,-11.11915,-0.12860,0.61338,0.07701,-0.78281,0.07091,0.28706,-0.03220,0.11673,
1413393251905760512,6.14893,-11.14247,-0.11787,0.60369,0.05496,-0.79364,0.05176,0.34979,-0.05736,0.12406,
1413393252005760512,6.18462,-11.16108,-0.10902,0.59213,0.03709,-0.80447,0.02904,0.36379,-0.08057,0.14571,
1413393252105760512,6.21735,-11.17842,-0.09662,0.58512,0.01824,-0.81066,0.01124,0.35481,-0.10684,0.16864,
1413393252205760512,6.24459,-11.19618,-0.08120,0.58369,-0.00219,-0.81197,-0.00081,0.32083,-0.12362,0.17413,
1413393252305760256,6.26729,-11.21443,-0.06637,0.58546,-0.02197,-0.81028,-0.01408,0.28631,-0.14876,0.16875,
1413393252405760512,6.28367,-11.23432,-0.05275,0.58522,-0.04319,-0.80933,-0.02519,0.26057,-0.14534,0.13399,
1413393252505760512,6.29072,-11.26089,-0.04732,0.58011,-0.06397,-0.81144,-0.03062,0.21239,-0.17339,0.03602,
1413393252605760512,6.28727,-11.28810,-0.05166,0.57919,-0.07609,-0.81081,-0.03653,0.13427,-0.17964,-0.05250,
1413393252705760512,6.27270,-11.31146,-0.06576,0.57840,-0.08402,-0.81025,-0.04360,0.06855,-0.16862,-0.11132,
1413393252805760256,6.25462,-11.32988,-0.08002,0.57972,-0.08949,-0.80801,-0.05510,0.01593,-0.15160,-0.10112,
1413393252905760512,6.24129,-11.34430,-0.08790,0.58156,-0.09518,-0.80507,-0.06778,-0.02649,-0.15628,-0.05780,
1413393253005760512,6.23393,-11.36032,-0.08893,0.58220,-0.09837,-0.80314,-0.07962,-0.04514,-0.17164,-0.01362,
1413393253105760512,6.23002,-11.37810,-0.08482,0.57846,-0.10065,-0.80463,-0.08840,-0.06502,-0.20336,0.01704,
1413393253205760512,6.22578,-11.39681,-0.07966,0.56842,-0.10616,-0.81119,-0.08711,-0.09384,-0.22531,0.01980,
1413393253305760256,6.21158,-11.41933,-0.07827,0.55937,-0.11289,-0.81711,-0.08181,-0.16006,-0.24328,0.02837,
1413393253405760512,6.19587,-11.43247,-0.06668,0.55704,-0.11705,-0.81860,-0.07676,-0.22239,-0.20862,0.05763,
1413393253505760512,6.17603,-11.44176,-0.04936,0.55977,-0.11826,-0.81688,-0.07337,-0.27824,-0.15833,0.09676,
1413393253605760512,6.14222,-11.45852,-0.03842,0.56590,-0.11845,-0.81271,-0.07231,-0.34410,-0.16005,0.13070,
1413393253705760512,6.10649,-11.47260,-0.02497,0.57318,-0.11628,-0.80781,-0.07341,-0.38876,-0.13808,0.14892,
1413393253805760256,6.07682,-11.45814,-0.00062,0.57828,-0.11262,-0.80465,-0.07382,-0.38964,-0.06874,0.17863,
1413393253905760512,6.04606,-11.44099,0.01785,0.57933,-0.11501,-0.80355,-0.07391,-0.38950,-0.02891,0.18294,
1413393254005760512,6.00695,-11.43424,0.03547,0.57950,-0.12369,-0.80188,-0.07658,-0.41282,-0.00394,0.21937,
1413393254105760512,5.96313,-11.43623,0.05747,0.57862,-0.13605,-0.79983,-0.08349,-0.41385,0.01129,0.21680,
1413393254205760512,5.91858,-11.42923,0.08071,0.57853,-0.15102,-0.79617,-0.09277,-0.42743,0.03237,0.26099,
1413393254305760256,5.87435,-11.42492,0.10828,0.57734,-0.16365,-0.79297,-0.10537,-0.43217,0.04283,0.26742,
1413393254405760512,5.83075,-11.42259,0.13851,0.57135,-0.16922,-0.79371,-0.12229,-0.45108,0.02171,0.27929,
1413393254505760512,5.78125,-11.42700,0.16985,0.56123,-0.17399,-0.79772,-0.13562,-0.49755,-0.01503,0.28597,
1413393254605760512,5.72081,-11.44031,0.20099,0.55551,-0.18118,-0.79957,-0.13883,-0.56408,-0.05454,0.28593,
1413393254705760512,5.64943,-11.46160,0.23223,0.55861,-0.18734,-0.79624,-0.13732,-0.63116,-0.09388,0.29997,
1413393254805760256,5.58847,-11.46899,0.26043,0.56810,-0.19007,-0.78926,-0.13493,-0.65878,-0.10403,0.29396,
1413393254905760512,5.52709,-11.49168,0.28890,0.57489,-0.19044,-0.78451,-0.13334,-0.64493,-0.11344,0.26359,
1413393255005760512,5.46933,-11.50976,0.31268,0.57785,-0.18909,-0.78297,-0.13147,-0.62358,-0.12548,0.25410,
1413393255105760512,5.41014,-11.52493,0.33321,0.58107,-0.18993,-0.78121,-0.12648,-0.60257,-0.12455,0.22765,
1413393255205760512,5.35113,-11.53586,0.35423,0.58381,-0.19328,-0.77969,-0.11788,-0.57799,-0.10714,0.20280,
1413393255305760256,5.30347,-11.54540,0.36464,0.58521,-0.19511,-0.77914,-0.11137,-0.53429,-0.07707,0.15198,
1413393255405760512,5.28146,-11.54315,0.37270,0.58609,-0.19587,-0.77885,-0.10733,-0.46795,-0.02251,0.12406,
1413393255505760512,5.23981,-11.53988,0.38488,0.58620,-0.19702,-0.77861,-0.10634,-0.42677,0.03510,0.12108,
1413393255605760512,5.26307,-11.51604,0.38844,0.58522,-0.19663,-0.77918,-0.10832,-0.32472,0.10852,0.11377,
1413393255705760512,5.22834,-11.50512,0.40394,0.58240,-0.19801,-0.78033,-0.11264,-0.29874,0.14273,0.08984,
1413393255805760256,5.19601,-11.49443,0.41662,0.57645,-0.19998,-0.78346,-0.11792,-0.27857,0.16981,0.08028,
1413393255905760512,5.15989,-11.48421,0.43044,0.56685,-0.20052,-0.78924,-0.12480,-0.28484,0.18652,0.08333,
1413393256005760512,5.16273,-11.46732,0.44329,0.56182,-0.19699,-0.79201,-0.13520,-0.28399,0.18842,0.07768,
1413393256105760512,5.11391,-11.45038,0.45011,0.55981,-0.19569,-0.79253,-0.14217,-0.32752,0.19336,0.03980,
1413393256205760512,5.07074,-11.44200,0.46545,0.55948,-0.19691,-0.79212,-0.14407,-0.37594,0.16440,0.03809,
1413393256305760256,5.03162,-11.42591,0.46513,0.55903,-0.20000,-0.79204,-0.14198,-0.41639,0.15205,0.04176,
1413393256405760512,4.99738,-11.41027,0.46696,0.55765,-0.20358,-0.79295,-0.13715,-0.43734,0.16810,0.07179,
1413393256505760512,4.96498,-11.39120,0.47482,0.55854,-0.20804,-0.79255,-0.12889,-0.46165,0.18774,0.14191,
1413393256605760512,4.92380,-11.36938,0.49944,0.55807,-0.20506,-0.79381,-0.12796,-0.48589,0.21607,0.20125,
1413393256705760512,4.87522,-11.34033,0.51909,0.55883,-0.19653,-0.79443,-0.13407,-0.51395,0.24196,0.16835,
1413393256805760256,4.82749,-11.31152,0.52746,0.55994,-0.18958,-0.79475,-0.13747,-0.54710,0.24968,0.06271,
1413393256905760512,4.77873,-11.27783,0.53105,0.56189,-0.18514,-0.79470,-0.13585,-0.54919,0.24685,-0.01476,
1413393257005760512,4.73195,-11.25328,0.52150,0.56432,-0.18565,-0.79390,-0.12958,-0.57167,0.24347,-0.04073,
1413393257105760512,4.67339,-11.22000,0.51252,0.56706,-0.18527,-0.79273,-0.12531,-0.57899,0.25282,-0.05772,
1413393257205760512,4.62159,-11.19592,0.50368,0.56778,-0.18640,-0.79242,-0.12223,-0.58761,0.26193,-0.04060,
1413393257305760256,4.53737,-11.15921,0.49097,0.56867,-0.18706,-0.79186,-0.12077,-0.60720,0.28883,-0.05045,
1413393257405760512,4.47794,-11.13392,0.48303,0.56917,-0.18737,-0.79130,-0.12154,-0.61636,0.29960,-0.04651,
1413393257505760512,4.41562,-11.10672,0.47499,0.56864,-0.18937,-0.79131,-0.12092,-0.61775,0.30589,-0.05623,
1413393257605760512,4.31917,-11.07011,0.46023,0.56952,-0.19181,-0.78993,-0.12197,-0.64726,0.32736,-0.09117,
1413393257705760512,4.25455,-11.04258,0.44961,0.56898,-0.19485,-0.78940,-0.12303,-0.65629,0.33511,-0.08954,
1413393257805760256,4.19085,-11.01494,0.43806,0.56871,-0.19546,-0.78873,-0.12756,-0.65290,0.34112,-0.07936,
1413393257905760512,4.09837,-10.98491,0.41597,0.56565,-0.19344,-0.78984,-0.13702,-0.69356,0.33837,-0.06766,
1413393258005760512,4.02818,-10.95430,0.41059,0.56507,-0.19120,-0.78963,-0.14358,-0.71189,0.32392,-0.03414,
1413393258105760512,4.01050,-10.95855,0.39064,0.56509,-0.19163,-0.78890,-0.14690,-0.70934,0.26781,-0.04345,
1413393258205760512,3.93816,-10.93047,0.38805,0.56620,-0.18787,-0.78957,-0.14391,-0.73042,0.23767,-0.01650,
1413393258305760256,3.97126,-10.94333,0.38985,0.57512,-0.17857,-0.78602,-0.13975,-0.67794,0.17849,0.01909,
1413393258405760512,3.90493,-10.91943,0.39231,0.58806,-0.16544,-0.78091,-0.13038,-0.66882,0.14458,0.01980,
1413393258505760512,3.82841,-10.89778,0.38737,0.59571,-0.15205,-0.78057,-0.11277,-0.62416,0.11899,0.01355,
1413393258605760512,3.74485,-10.87503,0.38285,0.60141,-0.13207,-0.78243,-0.09315,-0.61009,0.11157,0.03097,
1413393258705760512,3.67915,-10.85623,0.38071,0.59823,-0.10706,-0.79065,-0.07440,-0.56658,0.10043,0.03096,
1413393258805760256,3.58864,-10.82755,0.37758,0.59164,-0.08314,-0.80014,-0.05307,-0.57678,0.11208,0.04514,
1413393258905760512,3.51671,-10.79873,0.37749,0.58694,-0.05790,-0.80695,-0.03129,-0.57311,0.15129,0.05819,
1413393259005760512,3.44483,-10.76379,0.37546,0.58223,-0.02905,-0.81239,-0.01337,-0.58768,0.17900,0.05708,
1413393259105760512,3.38503,-10.72418,0.37510,0.57944,-0.00061,-0.81499,0.00636,-0.60069,0.19539,0.07209,
1413393259205760512,3.33763,-10.67093,0.36903,0.57811,0.02827,-0.81504,0.02643,-0.60299,0.25212,0.05577,
1413393259305760256,3.34506,-10.61711,0.36800,0.57630,0.05788,-0.81376,0.04822,-0.54896,0.29439,0.05132,
1413393259405760512,3.37930,-10.57609,0.37537,0.57383,0.08659,-0.81143,0.06923,-0.46704,0.29597,0.06509,
1413393259505760512,3.36173,-10.54365,0.38298,0.57157,0.11433,-0.80768,0.08881,-0.46093,0.29120,0.08230,
1413393259605760512,3.32754,-10.51507,0.39076,0.56818,0.14406,-0.80302,0.10764,-0.46468,0.27983,0.08817,
1413393259705760512,3.28912,-10.48908,0.39800,0.56297,0.17361,-0.79795,0.12728,-0.47074,0.25799,0.09380,
1413393259805760256,3.24547,-10.46366,0.40580,0.55826,0.20177,-0.79134,0.14633,-0.48006,0.24901,0.10106,
1413393260005760512,3.14378,-10.41645,0.42564,0.54877,0.25273,-0.77581,0.18194,-0.52195,0.22218,0.08917,
1413393260105760512,3.09587,-10.39982,0.43404,0.54411,0.27532,-0.76745,0.19789,-0.52584,0.18383,0.10434,
1413393260205760512,3.04612,-10.38515,0.44270,0.53898,0.29687,-0.75873,0.21376,-0.53410,0.16371,0.08953,
1413393260305760256,2.99286,-10.37182,0.45054,0.53735,0.31781,-0.74663,0.22977,-0.54882,0.14324,0.07539,
1413393260505760512,2.89862,-10.34730,0.45173,0.56952,0.35308,-0.70211,0.24090,-0.45451,0.16316,-0.05615,
1413393260605760512,2.87463,-10.33854,0.44010,0.58630,0.36583,-0.68360,0.23477,-0.30862,0.16497,-0.10878,
1413393260705760512,2.88924,-10.34018,0.42108,0.59138,0.37993,-0.67471,0.22514,-0.08996,0.12877,-0.15326,
1413393260805760256,2.91983,-10.34290,0.40606,0.57444,0.38898,-0.68612,0.21899,0.12399,0.07503,-0.14075,
1413393260955760384,2.92454,-10.32627,0.39790,0.53827,0.38351,-0.71278,0.23482,0.26361,0.00754,-0.06867,
1413393261055760384,2.93262,-10.32910,0.40457,0.52172,0.37724,-0.72580,0.24231,0.27282,-0.05382,-0.02103,
1413393261155760640,2.93571,-10.33624,0.41221,0.51057,0.37422,-0.73503,0.24292,0.23807,-0.11863,-0.00518,
1413393261255760384,2.94102,-10.34443,0.41654,0.50534,0.37371,-0.73943,0.24129,0.18214,-0.17430,0.02956,
1413393261355760640,2.94761,-10.35703,0.42095,0.50893,0.37586,-0.73435,0.24585,0.15456,-0.24393,0.05765,
1413393261455760384,2.96675,-10.38776,0.42522,0.51182,0.38252,-0.72671,0.25223,0.15440,-0.32003,0.06128,
1413393261555760384,2.97025,-10.40987,0.42863,0.50401,0.38970,-0.72227,0.26914,0.12159,-0.35515,0.04921,
1413393261655760640,2.97156,-10.43603,0.42886,-0.48925,-0.39871,0.71937,-0.29012,0.08974,-0.36734,0.04540,
1413393261755760384,2.97194,-10.46418,0.43082,-0.47272,-0.41386,0.71405,-0.30886,0.00984,-0.39143,0.04495,
1413393261855760640,2.96797,-10.49691,0.43574,-0.46161,-0.43419,0.70249,-0.32387,-0.07699,-0.40569,0.07717,
1413393261955760384,2.95003,-10.53713,0.44547,-0.46379,-0.45361,0.68423,-0.33310,-0.16145,-0.43223,0.10291,
1413393262055760384,2.92276,-10.57517,0.45523,-0.46590,-0.46852,0.66969,-0.33903,-0.21493,-0.44368,0.09178,
1413393262155760640,2.88230,-10.61278,0.46569,-0.46561,-0.47828,0.66019,-0.34439,-0.26960,-0.44881,0.10706,
1413393262355760640,2.79319,-10.69492,0.49206,-0.46286,-0.48997,0.65333,-0.34476,-0.33402,-0.47550,0.11775,
1413393262455760384,2.73615,-10.73477,0.50635,-0.46060,-0.49179,0.65296,-0.34589,-0.36762,-0.50692,0.13690,
1413393262555760384,2.67467,-10.77711,0.51443,-0.45983,-0.49357,0.65215,-0.34590,-0.39599,-0.52249,0.04355,
1413393262655760640,2.63323,-10.83117,0.51143,-0.45985,-0.49463,0.65189,-0.34484,-0.40082,-0.55636,-0.06663,
1413393262805760256,2.57410,-10.91501,0.49260,-0.45957,-0.49548,0.65156,-0.34461,-0.39719,-0.59474,-0.17666,
1413393262905760512,2.50156,-10.93324,0.49210,-0.45751,-0.49612,0.65089,-0.34770,-0.41877,-0.59261,-0.16467,
1413393263005760512,2.46083,-10.99856,0.47424,-0.45432,-0.49573,0.65251,-0.34940,-0.41994,-0.62082,-0.13890,
1413393263105760512,2.42239,-11.06039,0.45156,-0.45050,-0.49400,0.65473,-0.35262,-0.42728,-0.66709,-0.13415,
1413393263255760384,2.36113,-11.15780,0.43010,-0.44685,-0.49186,0.65606,-0.35774,-0.45822,-0.69259,-0.09979,
1413393263355760640,2.33832,-11.21461,0.40737,-0.44709,-0.49076,0.65584,-0.35935,-0.45133,-0.70316,-0.06514,
1413393263455760384,2.29078,-11.28715,0.40108,-0.44762,-0.49066,0.65605,-0.35844,-0.48116,-0.73885,-0.09499,
1413393263555760384,2.27678,-11.34203,0.36894,-0.45418,-0.49021,0.65273,-0.35688,-0.46545,-0.73936,-0.19683,
1413393263705760512,2.20582,-11.44757,0.33198,-0.46926,-0.48730,0.64167,-0.36139,-0.45019,-0.74296,-0.30914,
1413393263805760256,2.21759,-11.47276,0.27711,-0.47612,-0.49024,0.63199,-0.36546,-0.36481,-0.68236,-0.35145,
1413393263905760512,2.23220,-11.48455,0.22577,-0.47568,-0.49795,0.62263,-0.37163,-0.29047,-0.59722,-0.35149,
1413393264005760512,2.19751,-11.55324,0.19636,-0.47064,-0.50797,0.61452,-0.37793,-0.25864,-0.57019,-0.31149,
1413393264205760512,2.18611,-11.60715,0.12355,-0.44598,-0.52594,0.61806,-0.37749,-0.19065,-0.47705,-0.30137,
1413393264305760256,2.20976,-11.55662,0.08968,-0.43762,-0.53258,0.62156,-0.37217,-0.16804,-0.41508,-0.27747,
1413393264405760512,2.24963,-11.43348,0.07652,-0.43420,-0.53710,0.62336,-0.36663,-0.12712,-0.33422,-0.23969,
1413393264505760512,2.24770,-11.38803,0.05461,-0.43369,-0.53662,0.62399,-0.36685,-0.12100,-0.30199,-0.20822,
1413393264605760512,2.25157,-11.35339,0.04570,-0.43624,-0.53301,0.62385,-0.36934,-0.08702,-0.27980,-0.20630,
1413393264755760384,2.24681,-11.39536,0.01896,-0.43569,-0.52834,0.62452,-0.37552,-0.06102,-0.32946,-0.19300,
1413393264855760640,2.24442,-11.42291,0.00262,-0.43687,-0.52984,0.62177,-0.37659,-0.04405,-0.33963,-0.20121,
1413393264955760384,2.23880,-11.45265,-0.01455,-0.43843,-0.53220,0.61969,-0.37487,-0.04392,-0.36122,-0.19534,
1413393265055760384,2.25581,-11.41991,0.00781,-0.44139,-0.53330,0.61687,-0.37448,-0.01660,-0.32585,-0.15063,
1413393265305760256,2.25375,-11.50672,-0.03725,-0.46477,-0.51920,0.60021,-0.39263,0.05648,-0.29523,-0.13474,
1413393265405760512,2.25329,-11.53711,-0.05910,-0.46067,-0.51091,0.60385,-0.40264,0.07080,-0.22769,-0.14130,
1413393265505760512,2.27516,-11.47809,-0.02350,-0.44866,-0.51014,0.61216,-0.40463,0.06565,-0.10797,-0.08231,
1413393265605760512,2.28091,-11.47589,-0.02008,-0.44198,-0.52012,0.61246,-0.39878,0.05820,-0.05993,-0.01807,
1413393265705760512,2.28564,-11.44756,0.00087,-0.44053,-0.53538,0.60379,-0.39336,0.06589,-0.02856,0.00624,
1413393265805760256,2.28751,-11.44852,0.00555,-0.43690,-0.55023,0.59287,-0.39353,0.07083,-0.02262,0.04751,
1413393265905760512,2.29796,-11.45397,0.00971,-0.42953,-0.56383,0.58209,-0.39846,0.10512,-0.03190,0.08239,
1413393266005760512,2.30498,-11.46731,0.01336,0.41867,0.57770,-0.57023,0.40721,0.14613,-0.03894,0.10466,
1413393266105760512,2.30991,-11.46762,0.03337,0.40409,0.59338,-0.55525,0.41989,0.15401,-0.05113,0.14666,
1413393266205760512,2.31113,-11.45397,0.06194,0.38774,0.61295,-0.53386,0.43468,0.15838,-0.03498,0.19374,
1413393266305760256,2.30829,-11.43271,0.09424,0.36672,0.63504,-0.50806,0.45180,0.15898,-0.00581,0.23492,
1413393266405760512,2.30355,-11.41686,0.12298,0.34259,0.65987,-0.47606,0.46965,0.14419,-0.00126,0.26058,
1413393266605760512,2.31400,-11.40582,0.18394,0.28613,0.70529,-0.39867,0.51162,0.14163,0.01996,0.24513,
1413393266705760512,2.29699,-11.40174,0.19292,0.25911,0.72004,-0.36310,0.53156,0.07342,0.03360,0.10026,
1413393266805760256,2.27739,-11.39695,0.19194,0.23467,0.73173,-0.33349,0.54616,0.00206,0.03632,0.03761,
1413393266905760512,2.25008,-11.38485,0.19831,0.22104,0.73792,-0.30755,0.55860,-0.07278,0.04373,0.17467,
1413393267005760512,2.20514,-11.37541,0.21232,0.20786,0.74758,-0.29415,0.55802,-0.17772,0.06315,0.31764,
1413393267105760512,2.14957,-11.39234,0.24574,0.19770,0.75468,-0.28882,0.55493,-0.28597,0.03026,0.39049,
1413393267205760512,2.10218,-11.40079,0.27748,0.19244,0.75813,-0.28965,0.55164,-0.31893,0.00477,0.30247,
1413393267305760256,2.07239,-11.40338,0.30079,0.19066,0.75883,-0.29352,0.54925,-0.33183,-0.03326,0.18499,
1413393267405760512,2.03547,-11.41106,0.31805,0.19285,0.75739,-0.29684,0.54868,-0.33323,-0.05805,0.10090,
1413393267505760512,1.99795,-11.41183,0.32423,0.19970,0.75629,-0.29832,0.54694,-0.34885,-0.07356,0.02072,
1413393267605760512,1.95917,-11.40838,0.32241,0.20851,0.75656,-0.29850,0.54318,-0.36211,-0.05651,-0.05114,
1413393267705760512,1.91581,-11.41105,0.31694,0.21539,0.75631,-0.29834,0.54092,-0.37433,-0.04285,-0.13912,
1413393267805760256,1.88100,-11.41360,0.30147,0.22096,0.75719,-0.29729,0.53802,-0.34592,-0.01368,-0.19511,
1413393267905760512,1.84665,-11.41251,0.28606,0.22568,0.75785,-0.29393,0.53697,-0.31524,0.00112,-0.15191,
1413393268005760512,1.81805,-11.40990,0.27502,0.22049,0.75670,-0.29640,0.53938,-0.27684,0.02268,-0.10286,
1413393268105760512,1.79575,-11.40456,0.25657,0.21196,0.75601,-0.30145,0.54097,-0.25150,0.03530,-0.08777,
1413393268205760512,1.79041,-11.38740,0.23485,0.20724,0.75636,-0.30520,0.54020,-0.21869,0.03732,-0.06832,
1413393268305760256,1.77256,-11.38080,0.22312,0.21216,0.75904,-0.30103,0.53688,-0.19882,0.02833,-0.05345,
1413393268405760512,1.79434,-11.37427,0.19799,0.22328,0.76402,-0.29451,0.52885,-0.12565,0.02947,-0.02144,
1413393268505760512,1.78666,-11.36500,0.19820,0.22768,0.76608,-0.29253,0.52508,-0.06633,0.04188,0.01494,
1413393268605760512,1.84499,-11.35425,0.17667,0.22431,0.76374,-0.29973,0.52588,0.03717,0.04677,0.06136,
1413393268755760384,1.84624,-11.34653,0.18927,0.21984,0.75858,-0.30659,0.53125,0.07792,0.04296,0.10002,
1413393268855760640,1.83699,-11.35022,0.21207,0.21655,0.75741,-0.31067,0.53189,0.08951,0.01194,0.12958,
1413393268955760384,1.83592,-11.35911,0.23213,0.21602,0.75625,-0.31199,0.53299,0.11027,-0.02798,0.09411,
1413393269055760384,1.84483,-11.35971,0.23683,0.22657,0.75504,-0.30545,0.53412,0.12608,-0.03088,0.00981,
1413393269155760640,1.85489,-11.35019,0.23270,0.23801,0.75702,-0.29507,0.53217,0.14722,0.00070,0.01780,
1413393269255760384,1.86498,-11.34876,0.23324,0.23327,0.75647,-0.28733,0.53925,0.20226,0.05734,0.05899,
1413393269355760640,1.88718,-11.33027,0.23255,0.21973,0.75343,-0.27962,0.55306,0.20536,0.09513,0.05459,
1413393269455760384,1.92051,-11.32037,0.22371,0.20531,0.75169,-0.27251,0.56440,0.16753,0.10041,-0.00763,
1413393269555760384,1.93398,-11.32228,0.21410,0.19237,0.75420,-0.26923,0.56718,0.11687,0.08979,-0.13611,
1413393269655760640,1.93493,-11.32186,0.19559,0.18286,0.75782,-0.26818,0.56599,0.07204,0.07084,-0.24113,
1413393269755760384,1.93129,-11.32732,0.16647,0.17665,0.76238,-0.26713,0.56233,0.02647,0.03976,-0.30553,
1413393269855760640,1.91165,-11.35408,0.12867,0.17405,0.76893,-0.26427,0.55553,-0.02765,-0.03220,-0.29861,
1413393269955760384,1.88402,-11.36686,0.08780,0.17814,0.77439,-0.25802,0.54956,-0.06609,-0.07281,-0.28615,
1413393270155760640,1.86577,-11.37275,0.03179,0.18000,0.78011,-0.25415,0.54262,-0.01230,-0.06538,-0.24224,
1413393270255760384,1.85872,-11.37147,0.00585,0.17813,0.78089,-0.25439,0.54200,0.00280,-0.06441,-0.23537,
1413393270355760640,1.85658,-11.36998,-0.01783,0.17696,0.78029,-0.25477,0.54307,0.02382,-0.06456,-0.22309,
1413393270455760384,1.85837,-11.37331,-0.03684,0.17634,0.77788,-0.26070,0.54392,0.03648,-0.08124,-0.15035,
1413393270655760640,1.85829,-11.37507,-0.06910,0.19066,0.77208,-0.27933,0.53806,-0.02945,-0.05400,-0.14511,
1413393270755760384,1.86713,-11.38081,-0.07783,0.20523,0.76789,-0.28644,0.53496,0.05516,-0.07824,0.00490,
1413393270855760640,1.87373,-11.36546,-0.07005,0.21783,0.76482,-0.29206,0.53132,0.09105,-0.03284,0.16731,
1413393270955760384,1.88335,-11.33872,-0.05126,0.22931,0.76219,-0.29456,0.52889,0.14207,0.00451,0.18935,
1413393271055760384,1.89790,-11.31990,-0.03338,0.23616,0.76118,-0.29686,0.52602,0.19467,0.04953,0.14500,
1413393271155760640,1.91432,-11.30625,-0.02407,0.23832,0.75744,-0.30005,0.52863,0.23387,0.06563,0.03951,
1413393271255760384,1.93433,-11.29807,-0.02159,0.24446,0.75461,-0.29897,0.53049,0.24460,0.09316,-0.03543,
1413393271355760640,1.95282,-11.28603,-0.02817,0.25470,0.75166,-0.29862,0.53005,0.26406,0.11674,-0.07660,
1413393271455760384,1.97991,-11.27164,-0.03801,0.26125,0.74514,-0.30772,0.53087,0.28079,0.16256,-0.06294,
1413393271605760512,2.01407,-11.24278,-0.04424,0.26410,0.73161,-0.33046,0.53460,0.29528,0.23703,-0.00769,
1413393271705760512,2.04303,-11.21722,-0.04541,0.26792,0.72741,-0.34404,0.52984,0.28015,0.27515,0.01955,
1413393271805760256,2.06920,-11.19711,-0.04162,0.27095,0.72603,-0.36107,0.51875,0.28502,0.27888,0.04945,
1413393271905760512,2.10348,-11.17216,-0.03509,0.27809,0.72250,-0.37406,0.51062,0.31500,0.27052,0.07654,
1413393272105760512,2.17543,-11.13375,-0.02010,0.29184,0.71411,-0.38668,0.50533,0.36835,0.25857,0.11402,
1413393272205760512,2.20967,-11.11075,-0.01099,0.29655,0.70714,-0.39417,0.50660,0.36726,0.25496,0.11383,
1413393272305760256,2.25604,-11.10169,-0.00516,0.29662,0.69790,-0.40764,0.50871,0.36828,0.24071,0.12000,
1413393272405760512,2.29173,-11.07770,0.00820,0.30106,0.68998,-0.42098,0.50603,0.34864,0.23422,0.12917,
1413393272505760512,2.32885,-11.06743,0.01916,0.31276,0.68349,-0.43086,0.49939,0.33594,0.21754,0.13632,
1413393272605760512,2.36786,-11.04171,0.03353,0.32794,0.67717,-0.44073,0.48954,0.34098,0.22136,0.14275,
1413393272705760512,2.40643,-11.02344,0.04596,0.34165,0.67080,-0.45202,0.47852,0.36191,0.23984,0.14319,
1413393272805760256,2.44997,-10.99946,0.05832,0.35424,0.66225,-0.46494,0.46879,0.39229,0.25462,0.14426,
1413393273005760512,2.53994,-10.94338,0.08440,0.37616,0.63992,-0.49440,0.45230,0.45913,0.27563,0.12846,
1413393273105760512,2.58118,-10.91608,0.09787,0.38072,0.62759,-0.51432,0.44345,0.48069,0.26848,0.13550,
1413393273205760512,2.62648,-10.88509,0.11345,0.38714,0.61364,-0.53420,0.43382,0.48765,0.26426,0.12576,
1413393273305760256,2.67895,-10.85284,0.12964,0.39430,0.59910,-0.55508,0.42130,0.49961,0.23874,0.14278,
1413393273455760384,2.75200,-10.81547,0.15162,-0.41125,-0.57606,0.58076,-0.40218,0.50547,0.21183,0.15819,
1413393273605760512,2.82671,-10.78221,0.17760,-0.43434,-0.54831,0.59866,-0.39027,0.52491,0.17817,0.17931,
1413393273705760512,2.87577,-10.76351,0.19580,-0.44835,-0.52940,0.60960,-0.38355,0.53692,0.17346,0.18124,
1413393273805760256,2.92289,-10.74666,0.21382,-0.45860,-0.51284,0.62137,-0.37495,0.51135,0.18404,0.18275,
1413393274005760512,3.01963,-10.71318,0.24854,-0.46593,-0.48062,0.65259,-0.35503,0.50625,0.16660,0.19092,
1413393274105760512,3.05907,-10.70315,0.26757,-0.46996,-0.46516,0.66618,-0.34492,0.44524,0.15784,0.21547,
1413393274205760512,3.09322,-10.69798,0.28791,-0.47552,-0.44868,0.67762,-0.33675,0.41248,0.12479,0.22316,
1413393274305760256,3.12681,-10.69237,0.30816,-0.48142,-0.43268,0.68859,-0.32690,0.37265,0.10107,0.23130,
1413393274405760512,3.15692,-10.69035,0.32720,-0.48796,-0.41792,0.69821,-0.31580,0.31858,0.08626,0.21242,
1413393274555760384,3.20265,-10.68332,0.34567,-0.49868,-0.39263,0.71231,-0.29964,0.28075,0.07720,0.04951,
1413393274655760640,3.23143,-10.68421,0.34348,0.50543,0.37553,-0.72169,0.28754,0.25500,0.05249,-0.05395,
1413393274755760384,3.25773,-10.68755,0.33382,0.51458,0.35957,-0.72862,0.27392,0.22715,0.02974,-0.10930,
1413393274855760640,3.28406,-10.69441,0.32411,0.52777,0.34436,-0.73169,0.25981,0.21494,0.02128,-0.08844,
1413393275005760512,3.32195,-10.70413,0.31494,0.54554,0.32097,-0.73594,0.24031,0.23687,-0.00154,-0.04298,
1413393275105760512,3.35076,-10.70990,0.30994,0.55327,0.30478,-0.74070,0.22885,0.26199,0.00357,-0.03612,
1413393275205760512,3.37895,-10.71247,0.30547,0.55716,0.28754,-0.74776,0.21854,0.28367,0.00327,-0.03417,
1413393275305760256,3.40661,-10.71489,0.30309,0.55876,0.26945,-0.75664,0.20658,0.29672,0.00840,-0.02185,
1413393275455760384,3.44704,-10.71969,0.30170,0.56175,0.23859,-0.76897,0.19025,0.29122,0.01132,0.01851,
1413393275555760384,3.47292,-10.72346,0.30534,0.56505,0.21912,-0.77529,0.17785,0.27669,0.02451,0.03296,
1413393275655760640,3.49857,-10.72808,0.31159,0.56857,0.19872,-0.78065,0.16679,0.26928,0.02177,0.06324,
1413393275755760384,3.52228,-10.73074,0.31990,0.56996,0.18023,-0.78707,0.15222,0.25688,0.02346,0.07972,
1413393275855760640,3.54424,-10.73307,0.32800,0.56048,0.16587,-0.79911,0.14065,0.22946,0.02143,0.08860,
1413393275955760384,3.55965,-10.73504,0.33785,0.54782,0.15439,-0.81095,0.13568,0.15738,0.00322,0.09839,
1413393276055760384,3.56389,-10.73497,0.35029,0.54427,0.15011,-0.81509,0.12986,0.05418,-0.00285,0.14121,
1413393276155760640,3.55841,-10.73096,0.36721,0.55923,0.15723,-0.80550,0.11706,-0.01653,-0.00428,0.17896,
1413393276255760384,3.54810,-10.72686,0.38287,0.57298,0.16599,-0.79532,0.10772,-0.03637,-0.02809,0.15629,
1413393276355760640,3.53723,-10.72300,0.39363,0.57846,0.17261,-0.79036,0.10455,-0.03483,-0.05657,0.10352,
1413393276455760384,3.52747,-10.71887,0.39371,0.57758,0.17512,-0.78981,0.10925,-0.03860,-0.07595,-0.02133,
1413393276555760384,3.52266,-10.73274,0.38792,0.57045,0.17332,-0.79415,0.11778,-0.03869,-0.11629,-0.12904,
1413393276655760640,3.51744,-10.74761,0.37559,0.56319,0.17126,-0.79851,0.12598,-0.06359,-0.14081,-0.12867,
1413393276805760256,3.50392,-10.77200,0.36089,0.55846,0.17158,-0.80099,0.13078,-0.12290,-0.16501,-0.07874,
1413393276905760512,3.48889,-10.78944,0.35421,0.55889,0.17286,-0.80040,0.13083,-0.16432,-0.18133,-0.05761,
1413393277005760512,3.45262,-10.78060,0.34558,0.55932,0.17497,-0.79949,0.13181,-0.22361,-0.16305,-0.03863,
1413393277105760512,3.42965,-10.79780,0.33920,0.56002,0.17553,-0.79898,0.13116,-0.25404,-0.17926,-0.03427,
1413393277205760512,3.40190,-10.81469,0.33751,0.56288,0.17456,-0.79708,0.13172,-0.28099,-0.19007,-0.00453,
1413393277305760256,3.37175,-10.83216,0.33934,0.56696,0.17470,-0.79425,0.13112,-0.30288,-0.18910,0.02686,
1413393277405760512,3.33112,-10.75597,0.33731,0.56905,0.17730,-0.79210,0.13158,-0.32406,-0.10641,0.03742,
1413393277505760512,3.30282,-10.75765,0.33861,0.56905,0.17803,-0.79228,0.12950,-0.32588,-0.11435,0.05793,
1413393277655760640,3.32407,-10.62305,0.35257,0.57375,0.17374,-0.78861,0.13683,-0.25901,0.00740,0.04142,
1413393277755760384,3.32733,-10.61066,0.34670,0.57899,0.16339,-0.78659,0.13908,-0.24138,0.02177,-0.04736,
1413393277855760640,3.33886,-10.60133,0.33689,0.58363,0.15049,-0.78637,0.13546,-0.18638,0.03419,-0.13273,
1413393277955760384,3.32431,-10.60283,0.32063,0.58971,0.13564,-0.78574,0.12828,-0.15489,0.06993,-0.15645,
1413393278055760384,3.32215,-10.59755,0.30703,0.59324,0.11680,-0.78764,0.11852,-0.10275,0.10069,-0.14026,
1413393278205760512,3.31509,-10.58089,0.29343,0.59013,0.08865,-0.79671,0.09556,-0.05974,0.15444,-0.07083,
1413393278355760640,3.30575,-10.55824,0.28929,0.58137,0.05379,-0.80764,0.08269,-0.04702,0.18355,-0.02108,
1413393278455760384,3.29772,-10.54500,0.29182,0.57326,0.03339,-0.81462,0.08158,-0.05997,0.20783,-0.01385,
1413393278605760512,3.28496,-10.52374,0.29814,0.56537,0.01540,-0.82079,0.08009,-0.11776,0.28555,0.03643,
1413393278705760512,3.26949,-10.51850,0.31355,0.56673,0.01549,-0.82071,0.07083,-0.18164,0.32750,0.08998,
1413393278805760256,3.24662,-10.50283,0.32807,0.57814,0.02885,-0.81395,0.04917,-0.21633,0.34156,0.11251,
1413393278905760512,3.21888,-10.48222,0.33967,0.58512,0.04120,-0.80922,0.03308,-0.22666,0.31695,0.11573,
1413393279005760512,3.19550,-10.46046,0.35144,0.58734,0.04862,-0.80748,0.02537,-0.21934,0.27629,0.14644,
1413393279155760640,3.16446,-10.42483,0.36781,0.58499,0.05519,-0.80880,0.02422,-0.21664,0.22403,0.07121,
1413393279255760384,3.14138,-10.40150,0.36443,0.58086,0.05988,-0.81141,0.02496,-0.22295,0.20025,-0.06258,
1413393279355760640,3.11734,-10.37518,0.35154,0.57395,0.06341,-0.81596,0.02781,-0.22354,0.18004,-0.10960,
1413393279455760384,3.09043,-10.35376,0.34336,0.56771,0.06728,-0.81995,0.02930,-0.26303,0.15475,-0.08453,
1413393279605760512,3.04528,-10.31173,0.33901,0.57193,0.07304,-0.81636,0.03334,-0.30926,0.12832,-0.00939,
1413393279705760512,3.01215,-10.29573,0.33663,0.57842,0.07664,-0.81136,0.03542,-0.32830,0.08975,0.00325,
1413393279805760256,2.97539,-10.26707,0.33568,0.58417,0.07798,-0.80692,0.03927,-0.32737,0.08547,-0.02296,
1413393279905760512,2.93647,-10.24278,0.32988,0.58889,0.07794,-0.80321,0.04462,-0.31849,0.09547,-0.04395,
1413393280055760384,2.88840,-10.22967,0.32381,0.59158,0.07788,-0.80075,0.05255,-0.27747,0.05472,-0.02318,
1413393280155760640,2.86216,-10.20977,0.32140,0.59134,0.07566,-0.80039,0.06308,-0.23685,0.07381,0.00340,
1413393280255760384,2.83650,-10.19858,0.32297,0.59046,0.07348,-0.80031,0.07389,-0.22094,0.09266,0.02966,
1413393280355760640,2.82406,-10.17484,0.32753,0.59190,0.07218,-0.79859,0.08189,-0.18582,0.14052,0.06144,
1413393280605760512,2.78466,-10.12341,0.34264,0.58749,0.06649,-0.79997,0.10233,-0.13191,0.27910,-0.00181,
1413393280705760512,2.77234,-10.08561,0.34062,0.58138,0.06492,-0.80398,0.10676,-0.12011,0.36199,-0.08682,
1413393280805760256,2.75324,-10.04296,0.33028,0.57567,0.06175,-0.80742,0.11342,-0.12739,0.43326,-0.16853,
1413393280905760512,2.73422,-9.99543,0.31451,0.57059,0.06211,-0.81078,0.11496,-0.16056,0.50770,-0.13098,
1413393281105760512,2.67498,-9.87612,0.31281,0.57272,0.08074,-0.81078,0.09003,-0.28907,0.63949,0.07696,
1413393281205760512,2.64107,-9.81744,0.32454,0.57592,0.08907,-0.80904,0.07642,-0.29500,0.61787,0.12048,
1413393281305760256,2.60477,-9.75888,0.33811,0.57764,0.09414,-0.80810,0.06663,-0.31600,0.58578,0.18348,
1413393281405760512,2.56921,-9.70814,0.35167,0.57954,0.09592,-0.80703,0.06031,-0.31323,0.52434,0.19165,
1413393281505760512,2.53639,-9.66105,0.36253,0.58004,0.09361,-0.80717,0.05725,-0.30793,0.47138,0.16900,
1413393281605760512,2.50505,-9.61824,0.37045,0.58158,0.09028,-0.80656,0.05546,-0.30673,0.42338,0.15931,
1413393281705760512,2.46775,-9.58325,0.37909,0.58641,0.08645,-0.80363,0.05317,-0.30188,0.37025,0.18682,
1413393281805760256,2.43419,-9.55185,0.38931,0.59530,0.08297,-0.79764,0.05008,-0.29082,0.32595,0.18575,
1413393281905760512,2.40362,-9.52094,0.40062,0.60190,0.07537,-0.79316,0.05425,-0.24867,0.30397,0.17124,
1413393282105760512,2.35574,-9.45820,0.43028,0.58980,0.06292,-0.80271,0.06185,-0.19124,0.30086,0.17848,
1413393282205760512,2.32785,-9.42457,0.44949,0.58250,0.05632,-0.80795,0.06892,-0.20740,0.31228,0.20461,
1413393282305760256,2.29619,-9.39087,0.47492,0.57801,0.05355,-0.81112,0.07152,-0.24467,0.34530,0.25087,
1413393282455760384,2.25804,-9.34009,0.51732,0.58585,0.06360,-0.80585,0.05775,-0.26715,0.36140,0.26746,
1413393282605760512,2.21740,-9.29118,0.54702,0.59139,0.07307,-0.80169,0.04701,-0.27184,0.31890,0.12428,
1413393282755760384,2.18191,-9.24783,0.55309,0.59766,0.07895,-0.79646,0.04720,-0.23079,0.26006,0.04473,
1413393282855760640,2.16540,-9.22108,0.55156,0.60003,0.08380,-0.79323,0.06096,-0.17946,0.22912,0.03906,
1413393282955760384,2.15042,-9.19281,0.54991,0.59241,0.09622,-0.79651,0.07322,-0.14159,0.22731,0.03382,
1413393283155760640,2.12192,-9.15370,0.56795,0.57380,0.13613,-0.80227,0.09272,-0.12343,0.18208,0.09165,
1413393283255760384,2.10800,-9.11917,0.56892,0.56933,0.16059,-0.79957,0.10374,-0.14047,0.17119,0.08776,
1413393283355760640,2.08613,-9.07762,0.56878,0.56483,0.18447,-0.79568,0.11764,-0.15896,0.16529,0.08231,
1413393283455760384,2.05053,-9.03413,0.57380,0.56022,0.20805,-0.79044,0.13444,-0.20810,0.17369,0.04203,
1413393283655760640,1.98214,-8.97965,0.55946,0.55110,0.24995,-0.77758,0.17083,-0.24544,0.13442,-0.16865,
1413393283755760384,1.93228,-8.94945,0.53034,0.55053,0.26922,-0.76715,0.18949,-0.28928,0.14372,-0.23231,
1413393283855760640,1.89670,-8.93037,0.50279,0.54901,0.28954,-0.75641,0.20640,-0.29396,0.14359,-0.23548,
1413393283955760384,1.87043,-8.91914,0.47837,0.54436,0.31236,-0.74680,0.21998,-0.26645,0.11631,-0.22357,
1413393284105760512,1.83483,-8.90808,0.45013,0.52978,0.34769,-0.73530,0.24039,-0.22468,0.06931,-0.16963,
1413393284205760512,1.81541,-8.90452,0.43725,0.52216,0.36982,-0.72475,0.25558,-0.21840,0.03796,-0.12311,
1413393284305760256,1.79506,-8.90484,0.42782,0.51533,0.39289,-0.71165,0.27134,-0.19802,0.00474,-0.07574,
1413393284405760512,1.77382,-8.90855,0.42120,0.50914,0.41439,-0.69651,0.28971,-0.17596,-0.03059,-0.06022,
1413393284605760512,1.73847,-8.91939,0.41155,-0.49073,-0.45903,0.66534,-0.32526,-0.12548,-0.04047,-0.07089,
1413393284705760512,1.71809,-8.92867,0.40726,-0.47109,-0.47952,0.65480,-0.34549,-0.11896,-0.05255,-0.05473,
1413393284805760256,1.69597,-8.93996,0.40503,-0.45030,-0.49939,0.64307,-0.36647,-0.13792,-0.07135,-0.03053,
1413393284905760512,1.67004,-8.95291,0.40652,-0.43144,-0.52128,0.62781,-0.38468,-0.18368,-0.08247,-0.01167,
1413393285105760512,1.61334,-8.98157,0.41272,-0.39897,-0.56392,0.59032,-0.41754,-0.26248,-0.13155,0.02312,
1413393285205760512,1.56941,-9.00673,0.42210,0.38370,0.58374,-0.57015,0.43238,-0.33306,-0.15698,0.03016,
1413393285305760256,1.52968,-9.03329,0.42598,0.36914,0.60216,-0.54979,0.44594,-0.36317,-0.19138,0.03798,
1413393285405760512,1.49402,-9.05554,0.42860,0.35595,0.61981,-0.52846,0.45811,-0.37909,-0.21070,0.04069,
1413393285505760512,1.45910,-9.07835,0.43086,0.34265,0.63731,-0.50673,0.46867,-0.38703,-0.23068,0.03817,
1413393285705760512,1.38536,-9.12690,0.44021,0.32358,0.67048,-0.45505,0.48855,-0.39990,-0.25576,0.08195,
1413393285805760256,1.35564,-9.15085,0.44555,0.32083,0.68671,-0.42627,0.49376,-0.36043,-0.23588,0.08981,
1413393285905760512,1.33266,-9.17272,0.44728,0.30841,0.69782,-0.40959,0.50017,-0.32390,-0.21352,0.07072,
1413393286005760512,1.31984,-9.19431,0.44711,0.29579,0.70406,-0.40189,0.50527,-0.27979,-0.20612,0.06487,
1413393286205760512,1.29666,-9.22981,0.45604,0.28108,0.70695,-0.40035,0.51082,-0.21679,-0.20866,0.07605,
1413393286305760256,1.30101,-9.24472,0.45648,0.28254,0.70576,-0.40135,0.51088,-0.18481,-0.20140,-0.00496,
1413393286405760512,1.27703,-9.26540,0.45340,0.28729,0.70493,-0.40115,0.50952,-0.19664,-0.19154,-0.09760,
1413393286505760512,1.25459,-9.28334,0.43788,0.29227,0.70310,-0.40304,0.50772,-0.19481,-0.16450,-0.22148,
1413393286705760512,1.21390,-9.31601,0.40226,0.29686,0.70076,-0.41076,0.50207,-0.17331,-0.15405,-0.11714,
1413393286805760256,1.24250,-9.32026,0.40164,0.30673,0.70308,-0.40980,0.49362,-0.09570,-0.13562,-0.03089,
1413393286905760512,1.31235,-9.31978,0.41784,0.31811,0.70758,-0.40452,0.48426,0.05985,-0.10080,0.03020,
1413393287005760512,1.33423,-9.31197,0.42767,0.32125,0.71380,-0.39431,0.48147,0.16801,-0.08282,0.06541,
1413393287205760512,1.38354,-9.33586,0.43943,0.30256,0.72612,-0.37437,0.49098,0.36992,-0.02199,0.08554,
1413393287305760256,1.41884,-9.34100,0.44950,0.28010,0.73187,-0.36499,0.50269,0.43460,-0.00931,0.12325,
1413393287405760512,1.45501,-9.35005,0.46404,0.25804,0.73756,-0.34994,0.51668,0.47164,-0.01123,0.13499,
1413393287505760512,1.49276,-9.36238,0.47973,0.23714,0.74657,-0.33045,0.52650,0.49009,-0.02314,0.16859,
1413393287705760512,1.58025,-9.37849,0.51246,0.19618,0.76733,-0.28596,0.53939,0.51927,-0.03866,0.17018,
1413393287805760256,1.61843,-9.39820,0.52776,0.17588,0.77537,-0.26238,0.54683,0.51631,-0.07215,0.15124,
1413393287905760512,1.66032,-9.42141,0.54087,0.15592,0.78157,-0.23820,0.55506,0.51304,-0.10810,0.12863,
1413393288005760512,1.72126,-9.44594,0.54246,0.13902,0.78658,-0.21439,0.56214,0.54498,-0.15032,0.10900,
1413393288205760512,1.83187,-9.48297,0.55574,0.11804,0.79855,-0.18177,0.56155,0.55296,-0.22028,0.03960,
1413393288305760256,1.88863,-9.50154,0.55684,0.11345,0.80667,-0.17535,0.55287,0.59259,-0.23803,0.02373,
1413393288405760512,1.94975,-9.53177,0.55675,0.11085,0.81085,-0.17372,0.54778,0.65485,-0.27544,0.02772,
1413393288505760512,2.01627,-9.57094,0.55527,0.11252,0.80658,-0.17257,0.55406,0.70039,-0.32731,0.03590,
1413393288605760512,2.08833,-9.60381,0.55678,0.11608,0.79974,-0.17140,0.56352,0.74059,-0.32083,0.01474,
1413393288805760256,2.23849,-9.66108,0.55604,0.11386,0.79427,-0.15953,0.57509,0.74650,-0.29790,-0.02561,
1413393288905760512,2.31433,-9.69473,0.55188,0.11118,0.79726,-0.15450,0.57284,0.77140,-0.29405,-0.03817,
1413393289005760512,2.38300,-9.74716,0.53502,0.10851,0.80002,-0.15074,0.57050,0.78413,-0.30921,-0.11943,
1413393289105760512,2.45827,-9.78253,0.51599,0.10664,0.80082,-0.14816,0.57040,0.79017,-0.30438,-0.21000,
1413393289205760512,2.53800,-9.80826,0.48720,0.10214,0.80007,-0.14617,0.57279,0.82294,-0.29360,-0.18001,
1413393289305760256,2.62081,-9.83510,0.47288,0.10122,0.79972,-0.14264,0.57434,0.83197,-0.28494,-0.12759,
1413393289405760512,2.69497,-9.87967,0.45671,0.10151,0.80157,-0.13871,0.57266,0.84216,-0.29187,-0.07416,
1413393289505760512,2.78107,-9.91064,0.45440,0.10106,0.80394,-0.13819,0.56954,0.87321,-0.28039,0.01742,
1413393289655760640,2.91689,-9.95206,0.45946,0.10266,0.80631,-0.13730,0.56610,0.92165,-0.26019,0.03142,
1413393289805760256,3.06075,-9.99015,0.46423,0.10346,0.80582,-0.13879,0.56630,0.98423,-0.24550,0.06974,
1413393289905760512,3.15621,-10.02461,0.46263,0.10545,0.80341,-0.14001,0.56904,1.02042,-0.24179,0.08970,
1413393290005760512,3.25227,-10.07103,0.47302,0.10670,0.80171,-0.14150,0.57084,1.04217,-0.24400,0.08233,
1413393290105760512,3.32794,-10.17184,0.45554,0.10577,0.80111,-0.14402,0.57122,1.03722,-0.27838,-0.01328,
1413393290205760512,3.43688,-10.19460,0.45099,0.10558,0.80070,-0.14804,0.57080,1.05288,-0.26438,-0.10968,
1413393290305760256,3.49831,-10.29157,0.40433,0.10524,0.80181,-0.14999,0.56879,1.04692,-0.29367,-0.21793,
1413393290405760512,3.61125,-10.30706,0.37747,0.10615,0.80485,-0.15039,0.56420,1.08813,-0.27522,-0.23188,
1413393290505760512,3.65740,-10.41180,0.33084,0.10179,0.80889,-0.14509,0.56062,1.08899,-0.31304,-0.23892,
1413393290655760640,3.82853,-10.45552,0.30139,0.09691,0.81228,-0.13871,0.55818,1.16771,-0.31426,-0.22028,
1413393290805760256,3.92864,-10.58882,0.23773,0.09343,0.81337,-0.13195,0.55883,1.18464,-0.35998,-0.23731,
1413393290905760512,4.05916,-10.60708,0.20972,0.09139,0.81244,-0.13129,0.56067,1.24820,-0.34408,-0.25500,
1413393291005760512,4.11757,-10.68901,0.16766,0.08211,0.80883,-0.13459,0.56651,1.25494,-0.39257,-0.26546,
1413393291205760512,4.37054,-10.78130,0.11180,0.07247,0.79907,-0.14155,0.57982,1.27400,-0.45241,-0.26593,
1413393291305760256,4.49933,-10.82556,0.08604,0.07516,0.79747,-0.14159,0.58167,1.25613,-0.49504,-0.27739,
1413393291405760512,4.49397,-10.94759,0.03339,0.08042,0.80076,-0.13621,0.57772,1.18316,-0.54304,-0.26171,
1413393291555760384,4.66631,-11.03653,-0.00406,0.08575,0.80663,-0.12515,0.57125,1.19310,-0.54990,-0.19449,
1413393291705760512,4.75584,-11.16214,-0.05795,0.08661,0.80930,-0.11583,0.56931,1.18971,-0.56243,-0.12722,
1413393291805760256,4.82030,-11.23929,-0.09690,0.08611,0.81049,-0.11037,0.56878,1.18733,-0.55293,-0.07651,
1413393291905760512,4.94611,-11.29166,-0.09643,0.08305,0.81194,-0.10280,0.56859,1.23491,-0.52810,0.07301,
1413393292005760512,5.07165,-11.34481,-0.08298,0.08168,0.81100,-0.09603,0.57130,1.25698,-0.49884,0.18785,
1413393292105760512,5.13780,-11.41299,-0.09831,0.08009,0.80751,-0.08961,0.57748,1.24750,-0.48281,0.16824,
1413393292205760512,5.24534,-11.46275,-0.07911,0.07893,0.80383,-0.08370,0.58364,1.24356,-0.44490,0.14022,
1413393292305760256,5.18462,-11.52337,-0.08749,0.07549,0.80082,-0.07695,0.58913,1.11895,-0.41602,0.10771,
1413393292405760512,4.96516,-11.57733,-0.09658,0.06793,0.79891,-0.07272,0.59316,0.91509,-0.39680,0.08516,
1413393292605760512,4.77958,-11.62973,-0.07349,0.06091,0.80079,-0.06415,0.59238,0.66568,-0.31301,0.05465,
1413393292705760512,4.81099,-11.65376,-0.06373,0.06124,0.80406,-0.05802,0.58853,0.65790,-0.27838,0.04163,
1413393292805760256,4.57799,-11.62934,-0.03556,0.05928,0.80413,-0.05158,0.58923,0.46279,-0.21404,0.06418,
1413393292905760512,4.59034,-11.64456,-0.02869,0.05531,0.80254,-0.04669,0.59220,0.44017,-0.15740,0.08933,
1413393293005760512,4.63119,-11.65972,-0.02093,0.04828,0.80253,-0.04462,0.59298,0.42569,-0.11772,0.07108,
1413393293105760512,4.32701,-11.49376,0.08127,0.04342,0.80264,-0.04233,0.59337,0.19811,0.03189,0.13285,
1413393293205760512,4.18428,-11.39794,0.13289,0.03695,0.80332,-0.04135,0.59295,0.08874,0.11369,0.16026,
1413393293305760256,4.07097,-11.31985,0.18336,0.03008,0.80436,-0.04196,0.59190,0.00201,0.16485,0.11957,
1413393293455760384,4.05864,-11.28872,0.18678,0.01830,0.80406,-0.04615,0.59248,-0.01075,0.15900,-0.04430,
1413393293555760384,4.05022,-11.26850,0.18624,0.01857,0.80535,-0.04529,0.59078,-0.01838,0.15005,-0.09155,
1413393293655760640,4.02565,-11.25264,0.17696,0.02552,0.80719,-0.03987,0.58839,-0.04573,0.13617,-0.08125,
1413393293755760384,4.01832,-11.24110,0.17149,0.03341,0.80974,-0.03267,0.58492,-0.04595,0.15023,-0.04595,
1413393293855760640,3.98726,-11.22540,0.17846,0.03688,0.81084,-0.02876,0.58340,-0.06915,0.18261,-0.00288,
1413393293955760384,3.97583,-11.20584,0.17973,0.03904,0.81180,-0.02530,0.58207,-0.05346,0.22038,0.05133,
1413393294055760384,3.91690,-11.18481,0.19093,0.03844,0.81151,-0.02353,0.58260,-0.08058,0.25394,0.07516,
1413393294155760640,3.90143,-11.16157,0.19431,0.03534,0.80626,-0.02393,0.59002,-0.07842,0.28604,0.10358,
1413393294255760384,3.85592,-11.12728,0.20301,0.03287,0.80246,-0.02651,0.59521,-0.11927,0.30951,0.09610,
1413393294355760640,3.79638,-11.08783,0.20263,0.03484,0.80394,-0.02768,0.59305,-0.17613,0.33661,0.07219,
1413393294455760384,3.76906,-11.05266,0.20694,0.03903,0.80661,-0.02759,0.58915,-0.18853,0.36458,0.07153,
1413393294555760384,3.71831,-11.00592,0.20721,0.04090,0.80914,-0.03010,0.58541,-0.21565,0.39948,0.06072,
1413393294655760640,3.69645,-10.96551,0.21250,0.03718,0.81019,-0.03547,0.58391,-0.21037,0.42513,0.04204,
1413393294755760384,3.66893,-10.91916,0.21575,0.03086,0.81035,-0.04198,0.58362,-0.21701,0.42406,0.04333,
1413393294855760640,3.64647,-10.87654,0.22062,0.02499,0.81071,-0.04758,0.58298,-0.20280,0.42338,0.05429,
1413393294955760384,3.61845,-10.83222,0.22600,0.02728,0.81159,-0.04753,0.58164,-0.19394,0.41120,0.06112,
1413393295055760384,3.59879,-10.79189,0.23142,0.03476,0.81245,-0.04290,0.58041,-0.18786,0.38623,0.08673,
1413393295155760640,3.57172,-10.74515,0.23883,0.03860,0.81269,-0.04015,0.58002,-0.17345,0.41404,0.08362,
1413393295255760384,3.55325,-10.70475,0.24607,0.03475,0.81223,-0.04332,0.58068,-0.16005,0.42339,0.08021,
1413393295355760640,3.52794,-10.65344,0.25294,0.02902,0.81204,-0.04788,0.58092,-0.14611,0.41419,0.09790,
1413393295455760384,3.51106,-10.61564,0.26148,0.02031,0.81198,-0.05311,0.58091,-0.12955,0.37759,0.09414,
1413393295555760384,3.48549,-10.56852,0.26796,0.01200,0.81137,-0.05806,0.58151,-0.12238,0.35067,0.05008,
1413393295655760640,3.46994,-10.53989,0.26566,0.00723,0.81099,-0.06045,0.58189,-0.13084,0.29770,-0.03343,
1413393295755760384,3.46366,-10.52705,0.25392,0.00666,0.81128,-0.05920,0.58162,-0.12163,0.22397,-0.12626,
1413393295855760640,3.45342,-10.49938,0.24222,0.01603,0.81196,-0.05194,0.58118,-0.10404,0.18644,-0.10867,
1413393295955760384,3.44463,-10.47756,0.23339,0.03123,0.81301,-0.04071,0.57999,-0.07821,0.18782,-0.06459,
1413393296105760512,3.43612,-10.44372,0.22838,0.04389,0.81379,-0.03056,0.57870,-0.03935,0.23440,-0.01387,
1413393296205760512,3.43670,-10.39646,0.22943,0.04682,0.81475,-0.02979,0.57715,0.00153,0.31000,0.02099,
1413393296305760256,3.43959,-10.36417,0.23248,0.04745,0.81602,-0.02952,0.57532,0.03717,0.35589,0.05812,
1413393296405760512,3.43599,-10.32718,0.23700,0.04152,0.81648,-0.03471,0.57483,0.05233,0.39188,0.05769,
1413393296505760512,3.43571,-10.27927,0.23583,0.03487,0.81682,-0.04469,0.57410,0.04750,0.40900,-0.04272,
1413393296605760512,3.43919,-10.23759,0.22708,0.03316,0.81569,-0.05707,0.57472,0.06109,0.39970,-0.15479,
1413393296705760512,3.44795,-10.19251,0.20676,0.03515,0.81423,-0.07025,0.57520,0.08189,0.38958,-0.21385,
1413393296805760256,3.46136,-10.15196,0.18797,0.03739,0.81314,-0.08096,0.57519,0.11275,0.37362,-0.18131,
1413393296955760384,3.47827,-10.08109,0.16479,0.04631,0.81122,-0.08930,0.57603,0.14259,0.34508,-0.13051,
1413393297055760384,3.49645,-10.04672,0.15253,0.05313,0.81042,-0.09397,0.57582,0.16599,0.32634,-0.11724,
1413393297155760640,3.51593,-10.01430,0.14189,0.05796,0.80952,-0.10062,0.57549,0.17986,0.30972,-0.10442,
1413393297255760384,3.53745,-9.97871,0.13238,0.05758,0.80797,-0.10768,0.57643,0.20045,0.29439,-0.09076,
1413393297355760640,3.55738,-9.95782,0.12427,0.05886,0.80680,-0.11131,0.57726,0.21189,0.25550,-0.07467,
1413393297455760384,3.57922,-9.93787,0.11725,0.06221,0.80614,-0.11236,0.57763,0.22184,0.21667,-0.06348,
1413393297555760384,3.60224,-9.92176,0.11107,0.06521,0.80577,-0.11097,0.57807,0.23865,0.19377,-0.05949,
1413393297655760640,3.62560,-9.91054,0.10498,0.06309,0.80481,-0.11177,0.57948,0.24483,0.17317,-0.06100,
1413393297755760384,3.65114,-9.90287,0.10051,0.05728,0.80293,-0.11406,0.58225,0.24311,0.13391,-0.04363,
1413393297855760640,3.67431,-9.90038,0.09345,0.05210,0.80044,-0.11577,0.58582,0.22796,0.08481,-0.05711,
1413393297955760384,3.69664,-9.91461,0.08799,0.04882,0.80023,-0.11476,0.58658,0.21123,0.00879,-0.05238,
1413393298055760384,3.71717,-9.92385,0.08120,0.04711,0.80060,-0.11350,0.58646,0.19356,-0.03500,-0.05266,
1413393298155760640,3.74014,-9.92508,0.07289,0.04841,0.80388,-0.11075,0.58238,0.19088,-0.07716,-0.06211,
1413393298405760512,3.79785,-9.93955,0.05571,0.06964,0.81324,-0.09112,0.57052,0.24508,-0.10337,-0.06748,
1413393298505760512,3.83230,-9.92648,0.04936,0.07907,0.81209,-0.08225,0.57227,0.29289,-0.04993,-0.04355,
1413393298605760512,3.87581,-9.91183,0.04043,0.08004,0.80979,-0.07946,0.57578,0.33512,0.01898,-0.03713,
1413393298705760512,3.90891,-9.91541,0.03763,0.07016,0.80836,-0.08353,0.57849,0.35451,0.04829,-0.02659,
1413393298855760640,3.96603,-9.91381,0.03517,0.05569,0.80660,-0.09137,0.58133,0.36666,0.05443,-0.00067,
1413393298955760384,4.00072,-9.91943,0.03558,0.05116,0.80619,-0.09552,0.58164,0.36214,0.02548,0.00612,
1413393299055760384,4.03555,-9.92944,0.03836,0.05026,0.80614,-0.09814,0.58136,0.35954,-0.00904,0.02772,
1413393299155760640,4.07148,-9.92795,0.04189,0.05771,0.80477,-0.09660,0.58283,0.35849,-0.02377,0.05537,
1413393299255760384,4.10970,-9.92272,0.04596,0.06993,0.79970,-0.09219,0.58915,0.35811,0.00522,0.07279,
1413393299355760640,4.15828,-9.91373,0.04802,0.07637,0.79133,-0.09098,0.59974,0.33708,0.04819,0.05757,
1413393299455760384,4.19687,-9.90624,0.05067,0.07568,0.78625,-0.09394,0.60602,0.28971,0.08875,0.03466,
1413393299555760384,4.22490,-9.89848,0.05441,0.07112,0.78621,-0.09911,0.60580,0.24403,0.12429,0.03117,
1413393299655760640,4.25525,-9.88696,0.05831,0.06455,0.78929,-0.10455,0.60159,0.19921,0.13190,0.05153,
1413393299755760384,4.27276,-9.87659,0.06580,0.06186,0.79214,-0.10619,0.59783,0.15386,0.13183,0.07013,
1413393299855760640,4.29609,-9.86889,0.07726,0.06419,0.79370,-0.10345,0.59600,0.13078,0.11743,0.10218,
1413393299955760384,4.30830,-9.85855,0.08761,0.07127,0.79827,-0.09698,0.59015,0.10769,0.11638,0.10628,
1413393300055760384,4.32129,-9.84494,0.09825,0.07946,0.80162,-0.08941,0.58574,0.11006,0.14605,0.11064,
1413393300155760640,4.33357,-9.82919,0.10825,0.08009,0.80334,-0.08760,0.58357,0.12021,0.20295,0.10533,
1413393300255760384,4.33837,-9.81697,0.12109,0.06752,0.80442,-0.09053,0.58323,0.13214,0.23134,0.10118,
1413393300355760640,4.34836,-9.79702,0.13598,0.04693,0.80511,-0.08956,0.58444,0.13002,0.23117,0.13581,
1413393300605760512,4.38344,-9.75516,0.17696,-0.00070,0.80843,-0.05661,0.58587,0.14668,0.14763,0.15498,
1413393300705760512,4.41764,-9.74219,0.19581,-0.01116,0.81015,-0.03035,0.58533,0.16902,0.10437,0.17450,
1413393300805760256,4.42838,-9.74735,0.21099,-0.01766,0.81102,-0.00238,0.58475,0.14711,0.04449,0.14303,
1413393300905760512,4.43672,-9.76204,0.21905,-0.02102,0.80839,0.02060,0.58791,0.15594,0.00800,0.03662,
1413393301005760512,4.44710,-9.78489,0.21143,-0.02603,0.80332,0.03572,0.59391,0.15542,-0.02128,-0.10469,
1413393301155760640,4.46089,-9.81914,0.17522,-0.03780,0.79589,0.05195,0.60202,0.14010,-0.02257,-0.24194,
1413393301255760384,4.46200,-9.84281,0.14425,-0.04872,0.79356,0.06416,0.60314,0.09131,-0.03134,-0.26373,
1413393301355760640,4.45431,-9.85801,0.12172,-0.06014,0.79160,0.07979,0.60282,0.02815,-0.02077,-0.22939,
1413393301455760384,4.44853,-9.86536,0.09825,-0.07412,0.79043,0.09670,0.60032,-0.02802,-0.01895,-0.20947,
1413393301555760384,4.44245,-9.87089,0.07065,-0.08673,0.79235,0.11704,0.59242,-0.06470,-0.01052,-0.19078,
1413393301655760640,4.42699,-9.87796,0.05399,-0.09705,0.79525,0.14026,0.58179,-0.09624,-0.00738,-0.14272,
1413393301755760384,4.41072,-9.88459,0.04125,-0.10480,0.79566,0.15993,0.57478,-0.11421,0.00294,-0.13045,
1413393301855760640,4.39501,-9.88565,0.02842,-0.11044,0.79411,0.17366,0.57187,-0.11997,0.02262,-0.12660,
1413393302005760512,4.37374,-9.87528,0.01251,-0.11491,0.79130,0.18570,0.57110,-0.12803,0.09085,-0.08539,
1413393302105760512,4.35927,-9.85783,0.00950,-0.11718,0.78982,0.18844,0.57179,-0.12964,0.15053,-0.04919,
1413393302205760512,4.34899,-9.83515,0.01355,-0.11922,0.78971,0.18695,0.57201,-0.13015,0.21122,-0.03225,
1413393302305760256,4.33734,-9.80946,0.01620,-0.12193,0.78980,0.18308,0.57256,-0.13624,0.24504,-0.01628,
1413393302455760384,4.31913,-9.76660,0.02148,-0.12566,0.79186,0.17318,0.57200,-0.13463,0.28492,0.02032,
1413393302555760384,4.30622,-9.73807,0.02636,-0.12803,0.79395,0.16517,0.57094,-0.12274,0.29708,0.05953,
1413393302655760640,4.28703,-9.70647,0.03455,-0.12958,0.79675,0.15727,0.56891,-0.12219,0.29234,0.09220,
1413393302755760384,4.27352,-9.68008,0.04512,-0.12922,0.79859,0.15296,0.56759,-0.10537,0.28228,0.12712,
1413393302905760512,4.25272,-9.63934,0.06966,-0.12956,0.79969,0.14884,0.56706,-0.07276,0.26300,0.16571,
1413393303005760512,4.24479,-9.61489,0.08551,-0.12759,0.79997,0.14927,0.56700,-0.04784,0.24428,0.17051,
1413393303105760512,4.23190,-9.59445,0.10581,-0.12562,0.79848,0.15104,0.56907,-0.03749,0.21620,0.17403,
1413393303205760512,4.22745,-9.57346,0.12358,-0.12518,0.79760,0.15249,0.57002,-0.02482,0.20225,0.17840,
1413393303305760256,4.21973,-9.55850,0.14247,-0.12172,0.79738,0.15514,0.57036,-0.01332,0.19002,0.19417,
1413393303405760512,4.21677,-9.53710,0.16152,-0.11214,0.79684,0.16129,0.57137,-0.00532,0.19745,0.19673,
1413393303505760512,4.21253,-9.51969,0.18166,-0.10678,0.79601,0.16424,0.57270,-0.00928,0.21330,0.22271,
1413393303605760512,4.21071,-9.49615,0.20596,-0.10388,0.79453,0.16386,0.57540,-0.00475,0.25720,0.25433,
1413393303805760256,4.21048,-9.44587,0.25954,-0.10632,0.79336,0.15862,0.57803,-0.02192,0.28363,0.26829,
1413393303955760384,4.20514,-9.41353,0.29699,-0.11483,0.79444,0.15170,0.57677,-0.02489,0.26995,0.23295,
1413393304055760384,4.20620,-9.40171,0.30772,-0.12101,0.79577,0.14753,0.57476,-0.00926,0.23931,0.10697,
1413393304155760640,4.20956,-9.39238,0.30697,-0.12217,0.79957,0.14742,0.56923,0.00938,0.18605,-0.04578,
1413393304255760384,4.21242,-9.37315,0.30343,-0.11792,0.80353,0.15148,0.56347,0.04767,0.16685,-0.11842,
1413393304455760384,4.22709,-9.33946,0.28553,-0.10752,0.80509,0.16318,0.56004,0.11817,0.18099,-0.13295,
1413393304555760384,4.23565,-9.31423,0.28163,-0.10659,0.80238,0.16704,0.56296,0.13936,0.19967,-0.12260,
1413393304755760384,4.25567,-9.26741,0.27801,-0.10728,0.79623,0.17251,0.56986,0.14417,0.25237,-0.08050,
1413393304855760640,4.27528,-9.24468,0.27120,-0.11334,0.79547,0.17301,0.56961,0.16588,0.26900,-0.04926,
1413393304955760384,4.28575,-9.21974,0.27722,-0.11546,0.79560,0.17465,0.56849,0.16940,0.27186,-0.03949,
1413393305055760384,4.30327,-9.19292,0.27538,-0.11548,0.79671,0.17667,0.56632,0.17065,0.28476,-0.02793,
1413393305205760512,4.32440,-9.15655,0.28675,-0.11549,0.79777,0.17578,0.56508,0.19707,0.28690,0.04250,
1413393305305760256,4.34165,-9.12652,0.29478,-0.10863,0.79715,0.17731,0.56685,0.18999,0.29820,0.06397,
1413393305455760384,4.36046,-9.07342,0.31800,-0.10480,0.79893,0.16896,0.56761,0.17291,0.35374,0.09138,
1413393305555760384,4.37922,-9.03600,0.32832,-0.10445,0.80002,0.16284,0.56793,0.17748,0.38530,0.11588,
1413393305655760640,4.38892,-9.00348,0.34834,-0.10244,0.80122,0.15783,0.56802,0.17762,0.40246,0.14496,
1413393305755760384,4.40997,-8.95936,0.36200,-0.09339,0.80120,0.15300,0.57092,0.19241,0.42829,0.16534,
1413393305955760384,4.44375,-8.85135,0.39872,-0.06696,0.79876,0.14690,0.57958,0.16732,0.55222,0.18383,
1413393306105760512,4.46634,-8.75754,0.41919,-0.07063,0.79963,0.13482,0.58088,0.13719,0.64896,0.17742,
1413393306205760512,4.47684,-8.68065,0.43547,-0.07450,0.80042,0.12972,0.58047,0.11908,0.69436,0.17172,
1413393306305760256,4.49005,-8.60252,0.45122,-0.07725,0.80274,0.12603,0.57772,0.11269,0.71603,0.15151,
1413393306455760384,4.50770,-8.49625,0.47207,-0.07727,0.80959,0.11068,0.57126,0.12985,0.70830,0.08370,
1413393306555760384,4.52613,-8.43549,0.47405,-0.07095,0.81271,0.09314,0.57079,0.16016,0.68600,-0.01185,
1413393306655760640,4.54304,-8.36543,0.46852,-0.06002,0.81237,0.07226,0.57553,0.18188,0.67863,-0.08233,
1413393306755760384,4.56673,-8.30893,0.45634,-0.05907,0.81242,0.04643,0.57821,0.19966,0.65208,-0.08107,
1413393306955760384,4.61982,-8.17712,0.44521,-0.05409,0.81233,0.00860,0.58061,0.24414,0.54401,-0.01073,
1413393307055760384,4.65546,-8.11614,0.44153,-0.04240,0.81327,-0.00620,0.58031,0.26282,0.47904,0.01366,
1413393307155760640,4.69392,-8.06541,0.43737,-0.02337,0.81370,-0.01804,0.58053,0.29053,0.42302,0.02430,
1413393307255760384,4.73538,-8.00208,0.43633,-0.00308,0.81374,-0.03163,0.58036,0.31048,0.41256,0.02124,
1413393307355760640,4.77021,-7.94364,0.44163,0.01627,0.81327,-0.04775,0.57969,0.32539,0.40705,0.05800,
1413393307655760640,4.88088,-7.79052,0.46665,0.06876,0.81273,-0.11620,0.56678,0.37851,0.40691,0.11083,
1413393307755760384,4.92750,-7.70030,0.47343,0.08608,0.81135,-0.14099,0.56073,0.42391,0.43635,0.14383,
1413393307855760640,4.97277,-7.63100,0.48080,0.10939,0.80387,-0.15879,0.56269,0.45424,0.46513,0.13226,
1413393307955760384,5.02245,-7.57688,0.49490,0.13124,0.79606,-0.17590,0.56402,0.48314,0.48771,0.13768,
1413393308105760512,5.10077,-7.49798,0.51681,0.15845,0.78570,-0.20411,0.56205,0.51894,0.52674,0.13932,
1413393308205760512,5.15852,-7.44541,0.52830,0.17407,0.78015,-0.22392,0.55761,0.54530,0.55297,0.15323,
1413393308305760256,5.21895,-7.39561,0.53866,0.18889,0.77232,-0.24493,0.55484,0.56817,0.56790,0.13955,
1413393308405760512,5.28180,-7.34859,0.54743,0.19971,0.76360,-0.26790,0.55251,0.57874,0.57099,0.12451,
1413393308555760384,5.37482,-7.27664,0.55332,0.20997,0.75301,-0.30602,0.54336,0.57064,0.56357,0.01670,
1413393308655760640,5.43791,-7.23874,0.54450,0.21630,0.74476,-0.33199,0.53695,0.57281,0.51374,-0.07393,
1413393308755760384,5.50587,-7.20412,0.52939,0.22371,0.73416,-0.35795,0.53183,0.56671,0.45424,-0.11905,
1413393308855760640,5.57154,-7.17511,0.50729,0.23890,0.72047,-0.37801,0.53005,0.53642,0.40532,-0.20522,
1413393308955760384,5.63381,-7.15823,0.48385,0.25631,0.70777,-0.39482,0.52677,0.52327,0.33661,-0.21312,
1413393309055760384,5.69458,-7.14481,0.46391,0.27262,0.69670,-0.41097,0.52095,0.49306,0.29832,-0.19205,
1413393309155760640,5.75446,-7.12334,0.44783,0.28746,0.68532,-0.42653,0.51554,0.47313,0.27645,-0.13629,
1413393309255760384,5.81093,-7.09593,0.43540,0.29950,0.67674,-0.43826,0.51015,0.45215,0.28003,-0.09918,
1413393309355760640,5.85867,-7.06910,0.42744,0.31120,0.67363,-0.44211,0.50390,0.44094,0.27396,-0.07863,
1413393309455760384,5.90161,-7.04090,0.42104,0.31878,0.67460,-0.44212,0.49782,0.42909,0.28563,-0.03908,
1413393309555760384,5.94148,-7.01224,0.41998,0.31900,0.67916,-0.44214,0.49143,0.43397,0.28865,0.00004,
1413393309655760640,5.98158,-6.97941,0.41891,0.31417,0.68705,-0.44238,0.48328,0.44672,0.28596,0.01611,
1413393309755760384,6.02969,-6.94898,0.42300,0.30732,0.69041,-0.44419,0.48123,0.46323,0.25287,0.04812,
1413393309855760640,6.06096,-6.92856,0.42624,0.29629,0.68946,-0.44736,0.48655,0.43714,0.20043,0.06102,
1413393309955760384,6.07994,-6.92274,0.43176,0.28752,0.68890,-0.44942,0.49069,0.39416,0.13224,0.07489,
1413393310105760512,6.10398,-6.92867,0.44212,0.28043,0.68680,-0.44936,0.49773,0.30763,0.01590,0.10921,
1413393310205760512,6.13466,-6.92876,0.45294,0.28895,0.68686,-0.44212,0.49925,0.27327,-0.03705,0.12719,
1413393310305760256,6.11891,-6.95622,0.45653,0.29938,0.69014,-0.43169,0.49772,0.20097,-0.08675,0.08985,
1413393310405760512,6.14096,-6.95921,0.46081,0.30787,0.69267,-0.42507,0.49472,0.19796,-0.09603,0.09228,
1413393310555760384,6.14507,-6.99866,0.44260,0.30500,0.69127,-0.42568,0.49791,0.18656,-0.11796,0.05279,
1413393310655760640,6.15763,-7.02020,0.43812,0.29666,0.68822,-0.43133,0.50230,0.16584,-0.13649,0.03997,
1413393310755760384,6.16388,-7.04526,0.43681,0.28753,0.68532,-0.43746,0.50626,0.12863,-0.16469,0.03201,
1413393310855760640,6.17563,-7.11752,0.39944,0.28134,0.68377,-0.44258,0.50738,0.08749,-0.25307,0.00235,
1413393311005760512,6.20020,-7.15081,0.39806,0.29344,0.68926,-0.43972,0.49545,0.04948,-0.30325,-0.02107,
1413393311155760640,6.23058,-7.22096,0.37509,0.30291,0.69212,-0.44000,0.48540,0.08118,-0.36300,-0.12377,
1413393311255760384,6.25565,-7.26797,0.35191,0.30169,0.68920,-0.44490,0.48585,0.12679,-0.39433,-0.24915,
1413393311355760640,6.27383,-7.31130,0.32578,0.30341,0.68943,-0.44581,0.48361,0.14513,-0.42675,-0.24188,
1413393311605760512,6.31788,-7.42385,0.26946,0.31111,0.69317,-0.44271,0.47617,0.19414,-0.52082,-0.17108,
1413393311705760512,6.34217,-7.47151,0.25432,0.31452,0.69135,-0.43975,0.47931,0.23422,-0.54718,-0.11090,
1413393311805760256,6.37661,-7.52643,0.24047,0.31807,0.68924,-0.43483,0.48446,0.27803,-0.54906,-0.07869,
1413393311905760512,6.40060,-7.58050,0.23258,0.31800,0.68865,-0.42963,0.48995,0.30062,-0.54576,-0.05971,
1413393312005760512,6.44167,-7.64466,0.22148,0.31578,0.68859,-0.42322,0.49700,0.31460,-0.54465,-0.04956,
1413393312105760512,6.46823,-7.69568,0.21683,0.31895,0.68840,-0.41277,0.50398,0.31823,-0.51585,-0.05280,
1413393312205760512,6.50906,-7.76220,0.20886,0.31646,0.69020,-0.40792,0.50703,0.32690,-0.49886,-0.05308,
1413393312305760256,6.51278,-7.79041,0.21559,0.30818,0.69010,-0.41037,0.51028,0.30971,-0.47074,-0.02371,
1413393312405760512,6.54290,-7.83816,0.21216,0.29343,0.68944,-0.41859,0.51318,0.30560,-0.46387,-0.03175,
1413393312555760384,6.58199,-7.92081,0.21321,0.27791,0.68899,-0.42737,0.51518,0.24375,-0.50760,0.01676,
1413393312655760640,6.62283,-8.00172,0.21221,0.28568,0.69112,-0.42237,0.51220,0.21722,-0.55069,0.02398,
1413393312755760384,6.63225,-8.04128,0.22143,0.29340,0.69493,-0.41719,0.50690,0.20199,-0.54628,0.01440,
1413393312855760640,6.66288,-8.10395,0.21949,0.29504,0.69595,-0.41462,0.50665,0.21541,-0.55849,0.01122,
1413393312955760384,6.67538,-8.13820,0.22789,0.29381,0.69376,-0.41185,0.51259,0.21258,-0.53098,0.03282,
1413393313055760384,6.69289,-8.18969,0.23178,0.29121,0.69322,-0.40754,0.51823,0.18934,-0.50857,0.05946,
1413393313155760640,6.70314,-8.22118,0.24038,0.29024,0.70255,-0.40150,0.51087,0.17276,-0.46944,0.05436,
1413393313255760384,6.72099,-8.26863,0.25132,0.28785,0.71114,-0.39501,0.50536,0.19009,-0.48211,0.10794,
1413393313455760384,6.74479,-8.33603,0.27943,0.27561,0.71303,-0.39255,0.51140,0.17495,-0.46887,0.13607,
1413393313555760384,6.75870,-8.38072,0.29076,0.27293,0.70589,-0.39378,0.52170,0.15290,-0.50284,0.10014,
1413393313655760640,6.77023,-8.42137,0.29884,0.27200,0.69446,-0.39882,0.53355,0.09494,-0.49346,0.05024,
1413393313755760384,6.76488,-8.44769,0.30308,0.28268,0.68530,-0.40078,0.53836,0.00473,-0.47195,0.04734,
1413393313855760640,6.75894,-8.47836,0.30957,0.29530,0.68133,-0.40256,0.53528,-0.08180,-0.41274,0.07348,
1413393314005760512,6.74459,-8.52861,0.31735,0.30016,0.68927,-0.41900,0.50916,-0.14314,-0.37070,0.06456,
1413393314105760512,6.72937,-8.54986,0.32390,0.29958,0.69084,-0.43067,0.49752,-0.13303,-0.36092,0.11015,
1413393314205760512,6.70062,-8.54049,0.32824,0.30226,0.69104,-0.43256,0.49396,-0.12820,-0.34640,0.10023,
1413393314355760640,6.67830,-8.56605,0.34179,0.30110,0.69762,-0.42127,0.49517,-0.08974,-0.33866,0.10400,
1413393314455760384,6.66589,-8.60087,0.34924,0.29400,0.70825,-0.40711,0.49619,-0.06150,-0.35137,0.09974,
1413393314555760384,6.65619,-8.63657,0.35125,0.28248,0.72015,-0.38813,0.50094,-0.01690,-0.36606,0.08261,
1413393314655760640,6.63255,-8.63236,0.33923,0.26868,0.73340,-0.36630,0.50573,0.01701,-0.33116,0.06223,
1413393314755760384,6.60983,-8.63149,0.32743,0.25405,0.74541,-0.34646,0.50970,0.02988,-0.32420,0.02877,
1413393315005760512,6.60933,-8.68292,0.31216,0.21651,0.76642,-0.30804,0.52042,0.15449,-0.34999,-0.01700,
1413393315105760512,6.59396,-8.68709,0.29831,0.20379,0.77025,-0.29761,0.52594,0.16723,-0.35541,-0.04567,
1413393315205760512,6.57062,-8.72181,0.28550,0.19960,0.77334,-0.28645,0.52920,0.15843,-0.39452,-0.07834,
1413393315305760256,6.55997,-8.76982,0.27512,0.20398,0.77465,-0.27671,0.53080,0.17057,-0.42361,-0.08121,
1413393315455760384,6.59321,-8.82144,0.26066,0.22270,0.77011,-0.26481,0.53593,0.24385,-0.37744,-0.08155,
1413393315555760384,6.61184,-8.83788,0.25031,0.22882,0.76518,-0.26416,0.54070,0.29065,-0.30557,-0.08702,
1413393315655760640,6.63738,-8.83800,0.24419,0.22785,0.75893,-0.26786,0.54805,0.32982,-0.20065,0.01016,
1413393315755760384,6.66487,-8.82493,0.25188,0.22392,0.75497,-0.27380,0.55219,0.34918,-0.11140,0.15902,
1413393315905760512,6.70830,-8.80717,0.28668,0.21089,0.75251,-0.28462,0.55519,0.33450,-0.00724,0.27285,
1413393316055760384,6.75765,-8.81160,0.32870,0.20718,0.75188,-0.28631,0.55658,0.31876,0.00692,0.28702,
1413393316155760640,6.78666,-8.79624,0.35762,0.21157,0.75276,-0.28272,0.55557,0.30090,0.02889,0.32542,
1413393316255760384,6.81829,-8.78557,0.38981,0.21573,0.75313,-0.27836,0.55567,0.29952,0.06836,0.35484,
1413393316405760512,6.86313,-8.77107,0.44214,0.21339,0.75413,-0.27623,0.55628,0.29572,0.12228,0.35301,
1413393316505760512,6.89747,-8.75116,0.47413,0.20864,0.75553,-0.27721,0.55570,0.29793,0.15217,0.35369,
1413393316605760512,6.91983,-8.73105,0.50589,0.20524,0.75752,-0.27658,0.55456,0.27842,0.16389,0.32328,
1413393316705760512,6.94292,-8.71577,0.53740,0.20170,0.76080,-0.27536,0.55198,0.27829,0.16822,0.26019,
1413393316805760256,6.95013,-8.69958,0.55137,0.19845,0.76382,-0.27265,0.55034,0.26200,0.16503,0.14989,
1413393316905760512,6.97759,-8.68703,0.56337,0.19654,0.76628,-0.26922,0.54928,0.26825,0.15741,0.01845,
1413393317005760512,6.99910,-8.68078,0.55530,0.19412,0.76734,-0.26584,0.55030,0.28740,0.14239,-0.05768,
1413393317105760512,7.02906,-8.66638,0.55000,0.19569,0.76442,-0.26164,0.55580,0.29079,0.16220,-0.12393,
1413393317205760512,7.06865,-8.67218,0.54216,0.19791,0.76053,-0.25727,0.56235,0.28729,0.14635,-0.09973,
1413393317355760640,7.12559,-8.68625,0.52971,0.19880,0.75640,-0.25533,0.56846,0.28070,0.14679,-0.08144,
1413393317455760384,7.17053,-8.69370,0.52297,0.20057,0.75541,-0.25577,0.56896,0.27841,0.16984,-0.07353,
1413393317555760384,7.20982,-8.67415,0.51670,0.20241,0.75379,-0.25720,0.56981,0.25921,0.21664,-0.16013,
1413393317655760640,7.23878,-8.65103,0.50019,0.20187,0.75390,-0.25921,0.56894,0.24374,0.24681,-0.25787,
1413393317805760256,7.28194,-8.60811,0.46345,0.20070,0.75322,-0.26413,0.56799,0.21369,0.29822,-0.25793,
1413393317905760512,7.30744,-8.57528,0.44207,0.20382,0.75449,-0.26540,0.56459,0.20145,0.32914,-0.22494,
1413393318005760512,7.34298,-8.53590,0.42823,0.20733,0.75627,-0.26875,0.55933,0.20839,0.36612,-0.22997,
1413393318105760512,7.36525,-8.49665,0.40668,0.20652,0.75748,-0.27517,0.55484,0.21427,0.39422,-0.22954,
1413393318305760256,7.41830,-8.41616,0.36604,0.19647,0.75491,-0.29190,0.55345,0.22310,0.39073,-0.25006,
1413393318405760512,7.44452,-8.38639,0.34782,0.19247,0.75278,-0.29751,0.55477,0.21778,0.36095,-0.25506,
1413393318505760512,7.46240,-8.35603,0.32429,0.19060,0.75100,-0.30072,0.55610,0.18058,0.32282,-0.28182,
1413393318605760512,7.47624,-8.32710,0.29616,0.19036,0.75035,-0.30174,0.55650,0.14967,0.28674,-0.27645,
1413393318805760256,7.49687,-8.28013,0.25408,0.18993,0.74914,-0.30160,0.55835,0.09051,0.22333,-0.17567,
1413393318905760512,7.50190,-8.25939,0.23799,0.19433,0.74532,-0.29748,0.56412,0.05850,0.20730,-0.12014,
1413393319005760512,7.50478,-8.23613,0.22771,0.19899,0.74073,-0.29297,0.57087,-0.00026,0.21108,-0.09364,
1413393319105760512,7.50283,-8.21498,0.21546,0.19720,0.74278,-0.29242,0.56911,-0.04816,0.21937,-0.07825,
1413393319205760512,7.49696,-8.18790,0.21164,0.19205,0.74810,-0.29457,0.56276,-0.08315,0.23135,-0.02071,
1413393319355760640,7.48217,-8.15771,0.20957,0.18478,0.75683,-0.29763,0.55180,-0.11500,0.20013,-0.06423,
1413393319455760384,7.47286,-8.13560,0.20303,0.18277,0.76100,-0.29827,0.54637,-0.10125,0.16437,-0.12463,
1413393319555760384,7.46486,-8.11811,0.18959,0.17561,0.76648,-0.30175,0.53909,-0.08466,0.11719,-0.18447,
1413393319705760512,7.45341,-8.10483,0.16186,0.16400,0.77208,-0.30726,0.53159,-0.06836,0.02111,-0.19454,
1413393319805760256,7.44981,-8.10503,0.14348,0.17443,0.77336,-0.29820,0.53157,-0.02921,-0.06021,-0.21718,
