1413394888305760256,0.06735,0.08598,0.32757,0.00788,0.81923,0.01436,0.57324,0.26485,0.20041,0.26426,
1413394888405760512,0.10407,0.10797,0.37872,0.00705,0.82133,0.01591,0.57018,0.31622,0.22746,0.29805,
1413394888505760512,0.13642,0.12853,0.41502,0.00457,0.82355,0.01533,0.56702,0.34576,0.24057,0.28666,
1413394888605760512,0.16923,0.14632,0.44092,-0.00018,0.82546,0.01228,0.56432,0.36932,0.24568,0.11777,
1413394888705760512,0.20745,0.16814,0.45177,-0.00342,0.82318,0.01090,0.56767,0.40626,0.23697,0.00194,
1413394888805760256,0.24377,0.18407,0.45006,-0.01050,0.81670,0.00634,0.57694,0.42202,0.21114,0.00107,
1413394888905760512,0.28385,0.20164,0.44570,-0.01701,0.81156,0.00289,0.58401,0.42258,0.18055,0.01681,
1413394889005760512,0.31815,0.21398,0.44578,-0.02160,0.80841,0.00049,0.58822,0.39506,0.13688,0.04122,
1413394889105760512,0.35618,0.22557,0.45304,-0.02491,0.80605,-0.00140,0.59132,0.37499,0.09794,0.05862,
1413394889205760512,0.37867,0.22492,0.45649,-0.02035,0.80202,0.00255,0.59695,0.32986,0.04293,0.12246,
1413394889305760256,0.40964,0.22846,0.46787,-0.01617,0.78313,0.00523,0.62162,0.26222,0.01550,0.19209,
1413394889405760512,0.44462,0.24481,0.49417,-0.01280,0.75116,0.00757,0.65996,0.11645,0.01733,0.23791,
1413394889505760512,0.45468,0.25875,0.51406,-0.00888,0.72766,0.00994,0.68581,-0.10363,0.01663,0.18387,
1413394889605760512,0.43456,0.26965,0.52390,-0.00475,0.74636,0.01115,0.66544,-0.34553,0.03230,0.11890,
1413394889705760512,0.40203,0.28871,0.53347,-0.00162,0.78645,0.01052,0.61756,-0.49380,0.05642,0.13198,
1413394889805760256,0.36695,0.31414,0.54646,0.00018,0.82577,0.00924,0.56392,-0.50368,0.09494,0.14658,
1413394889905760512,0.32611,0.33123,0.56400,0.00026,0.85357,0.00585,0.52094,-0.39858,0.10987,0.14671,
1413394890005760512,0.30358,0.35169,0.58060,-0.00035,0.87254,0.00266,0.48853,-0.20837,0.11331,0.06616,
1413394890105760512,0.30338,0.37133,0.59291,-0.00255,0.88438,-0.00158,0.46675,0.03356,0.12004,0.01140,
1413394890205760512,0.33851,0.38252,0.61502,-0.00663,0.87444,-0.00730,0.48504,0.34715,0.10893,0.06067,
1413394890305760256,0.41969,0.37889,0.63524,-0.01701,0.84792,-0.01526,0.52963,0.61015,0.05111,-0.00594,
1413394890405760512,0.49661,0.37700,0.63755,-0.02621,0.81288,-0.02235,0.58142,0.69965,-0.01305,-0.03767,
1413394890505760512,0.57020,0.36885,0.63425,-0.02831,0.77655,-0.02502,0.62893,0.64729,-0.10168,-0.07579,
1413394890605760512,0.62845,0.35466,0.62914,-0.02408,0.74635,-0.02181,0.66476,0.48172,-0.15696,-0.05531,
1413394890705760512,0.66254,0.33446,0.62034,-0.01453,0.72795,-0.01272,0.68536,0.23677,-0.21989,-0.04161,
1413394890805760256,0.67012,0.30981,0.60406,-0.00460,0.73549,-0.00366,0.67751,-0.03153,-0.25044,-0.10455,
1413394890905760512,0.65690,0.28508,0.58162,-0.00184,0.77140,-0.00064,0.63634,-0.21117,-0.25455,-0.13410,
1413394891005760512,0.63280,0.25469,0.55921,0.00215,0.81347,0.00201,0.58161,-0.26113,-0.25868,-0.10317,
1413394891105760512,0.60874,0.22181,0.53507,0.00509,0.84458,0.00360,0.53539,-0.17207,-0.26130,-0.09014,
1413394891205760512,0.59323,0.19325,0.50766,0.00652,0.86247,0.00296,0.50605,0.01247,-0.25206,-0.09907,
1413394891305760256,0.60275,0.16999,0.48488,0.00960,0.86961,0.00357,0.49363,0.26071,-0.23316,-0.07322,
1413394891405760512,0.65141,0.14366,0.48853,0.01486,0.86183,0.00835,0.50691,0.53926,-0.21877,0.01434,
1413394891505760512,0.72614,0.14094,0.51180,0.02083,0.84194,0.00755,0.53911,0.74659,-0.16034,0.07252,
1413394891605760512,0.81092,0.13599,0.53055,0.02321,0.82013,0.01312,0.57155,0.85768,-0.09762,0.06963,
1413394891705760512,0.91045,0.14163,0.54568,0.01056,0.80491,0.03701,0.59215,0.89884,-0.01445,0.08313,
1413394891805760256,1.00261,0.13569,0.56615,0.01575,0.79790,0.03224,0.60173,0.90054,0.02128,0.16294,
1413394891905760512,1.09521,0.13548,0.59807,0.01940,0.78242,0.03334,0.62155,0.87167,0.07893,0.33989,
1413394892005760512,1.18547,0.13795,0.63484,0.02058,0.76295,0.03509,0.64517,0.80695,0.13233,0.38082,
1413394892105760512,1.26602,0.14782,0.67431,0.01713,0.74863,0.04095,0.66150,0.69203,0.18657,0.37572,
1413394892205760512,1.33297,0.16611,0.71418,0.00954,0.74269,0.05506,0.66730,0.56717,0.26793,0.38748,
1413394892305760256,1.38809,0.19033,0.75326,-0.00428,0.73975,0.07417,0.66877,0.44663,0.31267,0.30315,
1413394892405760512,1.43310,0.21630,0.78009,-0.02096,0.73802,0.09678,0.66748,0.35463,0.34313,0.13308,
1413394892505760512,1.46654,0.24380,0.79444,-0.04100,0.73578,0.12179,0.66492,0.23693,0.38003,0.03953,
1413394892605760512,1.48262,0.27292,0.80695,-0.06256,0.73793,0.14992,0.65503,0.10131,0.41826,0.06711,
1413394892705760512,1.48897,0.30055,0.82507,-0.08601,0.74211,0.18125,0.63955,-0.00074,0.44920,0.13772,
1413394892805760256,1.49114,0.32803,0.85027,-0.10988,0.74421,0.21565,0.62255,-0.06584,0.48176,0.20248,
1413394892905760512,1.48956,0.35243,0.88134,-0.13175,0.74342,0.24978,0.60628,-0.10718,0.49544,0.22877,
1413394893005760512,1.49083,0.37655,0.91368,-0.14697,0.74504,0.28183,0.58642,-0.10190,0.53597,0.25629,
1413394893105760512,1.50302,0.40816,0.95164,-0.15553,0.74069,0.31232,0.57414,-0.06119,0.60861,0.30390,
1413394893205760512,1.52366,0.46430,0.99014,-0.16091,0.73454,0.33869,0.56555,-0.02348,0.73360,0.30112,
1413394893305760256,1.54444,0.55154,1.02519,-0.16671,0.72830,0.35365,0.56277,0.02760,0.88826,0.34302,
1413394893405760512,1.56262,0.65309,1.06389,-0.16792,0.71664,0.36221,0.57188,0.06035,1.03923,0.35515,
1413394893505760512,1.58946,0.76874,1.10457,-0.16135,0.70504,0.37101,0.58244,0.06631,1.19688,0.31446,
1413394893605760512,1.61354,0.90113,1.13535,-0.15037,0.69621,0.37677,0.59222,0.05480,1.34940,0.20311,
1413394893705760512,1.62326,1.05322,1.14824,-0.13162,0.68627,0.38055,0.60571,-0.00898,1.52450,0.12839,
1413394893805760256,1.62184,1.22466,1.15251,-0.11779,0.67997,0.37766,0.61737,-0.10276,1.72655,0.07240,
1413394893905760512,1.61251,1.41648,1.15218,-0.11443,0.68128,0.36896,0.62179,-0.22601,1.92846,0.02854,
1413394894005760512,1.58743,1.62825,1.14797,-0.12230,0.68078,0.36341,0.62411,-0.36768,2.13489,0.00462,
1413394894105760512,1.56179,1.86511,1.15062,-0.13666,0.67692,0.36444,0.62473,-0.47958,2.31022,-0.04051,
1413394894205760512,1.51478,2.11365,1.13893,-0.16654,0.67853,0.36589,0.61481,-0.59356,2.45011,-0.09464,
1413394894305760256,1.45041,2.37175,1.12246,-0.19920,0.68214,0.37264,0.59678,-0.66869,2.55971,-0.12760,
1413394894405760512,1.36981,2.63530,1.09823,-0.22384,0.68154,0.38660,0.57961,-0.72651,2.64324,-0.14554,
1413394894505760512,1.27691,2.89707,1.06465,-0.23910,0.68013,0.40556,0.56194,-0.74835,2.71132,-0.19348,
1413394894605760512,1.17335,3.14679,1.01755,-0.25148,0.67529,0.42510,0.54775,-0.78034,2.77059,-0.24589,
1413394894705760512,1.05786,3.37960,0.96059,-0.26246,0.66448,0.44336,0.54131,-0.81703,2.81210,-0.28864,
1413394894805760256,0.93314,3.58906,0.89319,-0.26629,0.65435,0.45934,0.53845,-0.87714,2.83634,-0.33348,
1413394894905760512,0.79261,3.77083,0.82389,-0.27167,0.65104,0.46996,0.53054,-0.96819,2.81425,-0.35747,
1413394895005760512,0.63640,3.93505,0.76317,-0.28367,0.65515,0.47092,0.51821,-1.05980,2.79224,-0.37566,
1413394895105760512,0.46459,4.05996,0.70066,-0.29316,0.65898,0.47034,0.50851,-1.14384,2.69682,-0.37214,
1413394895205760512,0.27838,4.14231,0.63980,-0.30122,0.66050,0.47182,0.50040,-1.22571,2.54650,-0.32639,
1413394895305760256,0.07157,4.15121,0.58282,-0.31085,0.65434,0.47607,0.49857,-1.31017,2.33552,-0.28700,
1413394895405760512,-0.13614,4.04127,0.52339,-0.30839,0.63603,0.49382,0.50647,-1.39676,2.03135,-0.28931,
1413394895505760512,-0.27607,3.94885,0.46735,-0.30496,0.62454,0.50655,0.51026,-1.47522,1.77159,-0.16903,
1413394895605760512,-0.36513,3.50853,0.43226,-0.32272,0.61085,0.52267,0.49952,-1.48611,1.10636,-0.09842,
1413394895705760512,-0.47088,3.22784,0.46517,-0.34554,0.60675,0.53292,0.47796,-1.52445,0.75056,0.08625,
1413394895805760256,-0.67776,3.14552,0.49872,-0.36044,0.60670,0.53764,0.46147,-1.61357,0.61862,0.15361,
1413394895905760512,-0.85454,3.14361,0.53870,-0.37042,0.60411,0.54210,0.45163,-1.64657,0.58414,0.06702,
1413394896005760512,-0.99342,3.15458,0.57187,-0.37675,0.60008,0.54626,0.44673,-1.62307,0.57069,-0.01560,
1413394896105760512,-1.10689,3.18430,0.59326,-0.38061,0.59777,0.54967,0.44233,-1.58417,0.58908,-0.11174,
1413394896205760512,-1.20540,3.21404,0.60255,-0.38278,0.59640,0.55340,0.43765,-1.52808,0.61375,-0.20132,
1413394896305760256,-1.30089,3.24240,0.60034,-0.39925,0.60347,0.54675,0.42129,-1.44416,0.60390,-0.26375,
1413394896405760512,-1.37962,3.26570,0.59519,-0.41794,0.61362,0.53751,0.39984,-1.31785,0.60082,-0.23227,
1413394896505760512,-1.43485,3.27402,0.59599,-0.43390,0.62113,0.53038,0.38030,-1.11843,0.58274,-0.24949,
1413394896605760512,-1.42275,3.27309,0.59413,-0.45197,0.62882,0.52201,0.35750,-0.81149,0.55001,-0.30922,
1413394896705760512,-1.42356,3.27529,0.57465,-0.47005,0.63693,0.51043,0.33590,-0.51234,0.53204,-0.38520,
1413394896805760256,-1.39827,3.27918,0.53867,-0.48573,0.64475,0.49829,0.31634,-0.16939,0.49856,-0.43668,
1413394896905760512,-1.32696,3.27528,0.49762,-0.49761,0.64512,0.48891,0.31174,0.28633,0.44627,-0.41772,
1413394897005760512,-1.24130,3.26927,0.45998,0.50531,-0.64603,-0.48350,-0.30582,0.68474,0.36609,-0.38559,
1413394897105760512,-1.14713,3.30545,0.42631,0.50410,-0.64893,-0.48299,-0.30247,1.09523,0.37438,-0.28670,
1413394897205760512,-1.00736,3.29605,0.40404,-0.49800,0.64449,0.49005,0.31061,1.47767,0.33890,-0.22037,
1413394897305760256,-0.84028,3.30307,0.39223,-0.47301,0.62896,0.51478,0.34011,1.77912,0.32256,-0.11804,
1413394897405760512,-0.65113,3.31083,0.38852,-0.44359,0.60558,0.54103,0.37919,1.92529,0.30431,-0.06335,
1413394897505760512,-0.45434,3.31842,0.38889,-0.42493,0.58743,0.55738,0.40457,1.96683,0.27069,-0.02970,
1413394897605760512,-0.25374,3.32749,0.39634,-0.41504,0.57886,0.56644,0.41450,1.93951,0.24814,0.00950,
1413394897705760512,-0.05863,3.34644,0.40959,-0.41551,0.57262,0.56768,0.42095,1.89865,0.22467,0.08875,
1413394897805760256,0.13449,3.36736,0.42546,-0.41831,0.56672,0.56715,0.42684,1.85002,0.19452,0.13261,
1413394897905760512,0.32444,3.38672,0.44515,-0.42234,0.56239,0.56545,0.43083,1.80540,0.15662,0.17983,
1413394898005760512,0.51966,3.40698,0.46774,-0.42396,0.55931,0.56461,0.43433,1.75794,0.11215,0.20423,
1413394898105760512,0.70455,3.41834,0.48954,-0.41916,0.55908,0.56857,0.43412,1.69429,0.06800,0.23317,
1413394898205760512,0.88320,3.42209,0.51341,-0.41264,0.55517,0.57531,0.43650,1.62396,0.02391,0.25540,
1413394898305760256,1.04995,3.41707,0.53936,-0.40238,0.54359,0.58540,0.44712,1.50473,-0.01985,0.26465,
1413394898405760512,1.19937,3.40414,0.56462,-0.39277,0.52728,0.60020,0.45549,1.34031,-0.06435,0.26335,
1413394898505760512,1.33274,3.38791,0.59218,-0.38947,0.51055,0.61828,0.45319,1.13297,-0.11477,0.27574,
1413394898605760512,1.44598,3.36858,0.62096,-0.38912,0.49288,0.63851,0.44494,0.93112,-0.15532,0.29289,
1413394898705760512,1.54492,3.34937,0.65220,-0.38948,0.48093,0.65464,0.43412,0.73879,-0.18421,0.28678,
1413394898805760256,1.60675,3.32983,0.68254,-0.38746,0.47973,0.66685,0.41838,0.52249,-0.18918,0.30545,
1413394898905760512,1.67327,3.31506,0.71852,-0.38032,0.47089,0.67914,0.41520,0.34007,-0.16719,0.35546,
1413394899005760512,1.71510,3.30319,0.75599,-0.37041,0.46297,0.68882,0.41711,0.13508,-0.13960,0.32434,
1413394899105760512,1.71833,3.28724,0.78373,-0.36473,0.46828,0.69335,0.40859,-0.10012,-0.11713,0.20912,
1413394899205760512,1.71794,3.27631,0.80779,-0.36224,0.47491,0.69605,0.39844,-0.29950,-0.06156,0.11667,
1413394899305760256,1.67605,3.27001,0.81937,-0.36134,0.47424,0.69692,0.39855,-0.52578,-0.00159,0.04471,
1413394899405760512,1.63309,3.26396,0.82484,-0.37679,0.48096,0.68924,0.38943,-0.70701,0.03119,-0.07206,
1413394899505760512,1.56754,3.27551,0.81608,-0.40150,0.49136,0.68012,0.36715,-0.85092,0.09651,-0.15996,
1413394899605760512,1.50174,3.28354,0.80557,-0.41985,0.48713,0.68183,0.34863,-0.93557,0.16615,-0.18833,
1413394899705760512,1.42388,3.29575,0.79683,-0.43209,0.47149,0.69297,0.33284,-1.00756,0.23652,-0.13937,
1413394899805760256,1.33486,3.31610,0.79015,-0.44578,0.44837,0.70679,0.31732,-1.08401,0.29511,-0.08130,
1413394899905760512,1.23663,3.34486,0.78566,-0.46499,0.42004,0.71765,0.30385,-1.13756,0.33160,-0.04769,
1413394900005760512,1.13240,3.37652,0.79234,-0.48942,0.39591,0.72371,0.28277,-1.16654,0.36095,0.07962,
1413394900105760512,1.01767,3.41524,0.81621,0.51219,-0.37028,-0.72840,-0.26455,-1.17526,0.37949,0.23572,
1413394900205760512,0.90156,3.45099,0.84572,0.53505,-0.34649,-0.73008,-0.24626,-1.15139,0.38103,0.26825,
1413394900305760256,0.78832,3.49230,0.86080,0.55090,-0.32263,-0.73370,-0.23261,-1.10262,0.37831,0.17878,
1413394900405760512,0.67858,3.53644,0.86906,0.56252,-0.29481,-0.73857,-0.22620,-1.04897,0.36209,0.10006,
1413394900505760512,0.57479,3.58192,0.86933,0.56070,-0.26285,-0.75166,-0.22701,-1.01343,0.32875,0.00476,
1413394900605760512,0.47309,3.62604,0.86266,0.55581,-0.23148,-0.76448,-0.23037,-1.00493,0.27593,-0.04626,
1413394900705760512,0.36768,3.65980,0.85534,0.55554,-0.19958,-0.77252,-0.23402,-1.03914,0.16978,-0.03216,
1413394900805760256,0.26015,3.68732,0.85417,0.55637,-0.17074,-0.78055,-0.22813,-1.08242,-0.00710,0.07814,
1413394900905760512,0.14814,3.70778,0.86529,0.56005,-0.14736,-0.78784,-0.20961,-1.15368,-0.15899,0.23790,
1413394901005760512,0.02387,3.70968,0.89252,0.56717,-0.11976,-0.79216,-0.19094,-1.22151,-0.30604,0.40909,
1413394901105760512,-0.11124,3.68664,0.92825,0.57727,-0.09242,-0.79350,-0.16902,-1.25703,-0.45390,0.39645,
1413394901205760512,-0.25029,3.64338,0.95869,0.59328,-0.07163,-0.79014,-0.13623,-1.23690,-0.57452,0.30714,
1413394901305760256,-0.37916,3.58708,0.98266,0.60998,-0.06021,-0.78469,-0.09252,-1.18101,-0.66674,0.21542,
1413394901405760512,-0.49891,3.52629,1.00161,0.62503,-0.05357,-0.77742,-0.04559,-1.10754,-0.67530,0.16985,
1413394901505760512,-0.60825,3.46721,1.01647,0.64033,-0.04293,-0.76684,-0.00937,-0.98128,-0.62082,0.07480,
1413394901605760512,-0.70764,3.41700,1.02065,0.63956,-0.02625,-0.76813,0.01573,-0.85515,-0.55475,-0.05134,
1413394901705760512,-0.79120,3.37425,1.01490,0.62536,0.00235,-0.77981,0.02854,-0.73665,-0.48422,-0.13293,
1413394901805760256,-0.85752,3.33279,1.01428,0.61582,0.04202,-0.78605,0.03358,-0.62265,-0.43284,-0.06812,
1413394901905760512,-0.91551,3.28736,1.01815,0.61461,0.08577,-0.78304,0.04181,-0.52839,-0.44179,0.01901,
1413394902005760512,-0.96370,3.23260,1.02384,0.61386,0.12480,-0.77738,0.05726,-0.42143,-0.47152,0.07407,
1413394902105760512,-1.00222,3.17246,1.03129,0.61099,0.15672,-0.77205,0.07790,-0.31373,-0.51882,0.13900,
1413394902205760512,-1.02943,3.10767,1.03653,0.60945,0.18301,-0.76491,0.09995,-0.21417,-0.55042,0.07323,
1413394902305760256,-1.04498,3.04058,1.02888,0.61279,0.20679,-0.75302,0.12118,-0.11179,-0.57329,0.00560,
1413394902405760512,-1.04885,2.98081,1.01364,0.62100,0.22740,-0.73701,0.13948,0.02044,-0.55942,-0.05488,
1413394902505760512,-1.01242,2.93425,0.99955,0.61677,0.23509,-0.73119,0.17228,0.19915,-0.50064,-0.06552,
1413394902605760512,-0.97763,2.89617,0.99436,0.60479,0.22895,-0.73277,0.21180,0.32850,-0.38407,-0.06610,
1413394902705760512,-0.94998,2.86054,0.98964,0.58548,0.21745,-0.74201,0.24362,0.34168,-0.23644,-0.02105,
1413394902805760256,-0.92638,2.83448,0.98640,0.56772,0.20725,-0.75226,0.26239,0.31567,-0.06538,-0.00469,
1413394902905760512,-0.90872,2.81553,0.98361,0.55595,0.20740,-0.76246,0.25799,0.25952,0.10484,-0.01866,
1413394903055760384,-0.88542,2.81491,0.96882,0.54925,0.20830,-0.77392,0.23662,0.16934,0.29913,-0.17955,
1413394903255760384,-0.86324,2.86048,0.90526,0.51671,0.18307,-0.80936,0.21078,0.02956,0.47328,-0.43401,
1413394903455760384,-0.88226,2.93066,0.82737,0.53468,0.15916,-0.81360,0.16384,-0.23469,0.57525,-0.29887,
1413394903605760512,-0.91483,2.97409,0.79803,0.56206,0.14674,-0.80198,0.13924,-0.33706,0.58451,-0.10814,
1413394903705760512,-0.92758,2.98396,0.79683,0.57287,0.14295,-0.79745,0.12431,-0.33025,0.56424,0.05310,
1413394903805760256,-0.92803,2.98568,0.81167,0.57824,0.14255,-0.79572,0.11017,-0.27517,0.51420,0.18489,
1413394903905760512,-0.90514,2.97360,0.83362,0.58051,0.14929,-0.79537,0.09003,-0.20394,0.44232,0.17732,
1413394904005760512,-0.86335,2.93186,0.85043,0.58024,0.14342,-0.79807,0.07643,-0.11527,0.32074,0.06574,
1413394904105760512,-0.79336,2.84028,0.86877,0.57351,0.11737,-0.80735,0.07421,-0.02429,0.16869,-0.01561,
1413394904205760512,-0.72065,2.68978,0.87674,0.56343,0.08248,-0.81927,0.06734,0.02304,-0.01429,-0.09254,
1413394904305760256,-0.68293,2.55837,0.88580,0.55178,0.04780,-0.83112,0.04990,-0.01211,-0.13151,-0.16094,
1413394904405760512,-0.68135,2.53293,0.86357,0.54230,0.01309,-0.83961,0.02826,-0.10651,-0.13187,-0.22813,
1413394904505760512,-0.68716,2.51225,0.83956,0.54122,-0.02081,-0.84062,-0.00209,-0.21723,-0.13046,-0.20238,
1413394904605760512,-0.71576,2.49720,0.82740,0.55477,-0.05661,-0.82942,-0.03288,-0.29324,-0.15199,-0.14844,
1413394904705760512,-0.75476,2.47575,0.82107,0.56983,-0.09444,-0.81405,-0.06079,-0.37928,-0.17162,-0.08707,
1413394904805760256,-0.79560,2.44613,0.81608,0.57905,-0.12943,-0.79982,-0.09073,-0.39004,-0.21721,-0.05233,
1413394904905760512,-0.83661,2.41186,0.81225,0.58750,-0.16345,-0.78326,-0.12095,-0.37938,-0.26588,0.00018,
1413394905005760512,-0.87406,2.37394,0.81174,0.60293,-0.19603,-0.75871,-0.14968,-0.32118,-0.32478,0.04448,
1413394905105760512,-0.90381,2.33172,0.81362,0.61846,-0.22874,-0.73147,-0.17363,-0.21575,-0.40127,0.06402,
1413394905205760512,-0.92018,2.28532,0.81361,0.61608,-0.26501,-0.71836,-0.18487,-0.07406,-0.48277,0.00077,
1413394905305760256,-0.92258,2.23611,0.80770,0.58098,-0.30509,-0.73279,-0.17999,0.02788,-0.52086,-0.05388,
1413394905405760512,-0.91680,2.19100,0.80104,0.52364,-0.33955,-0.76383,-0.16453,0.05859,-0.46149,-0.03992,
1413394905505760512,-0.91576,2.15959,0.79880,-0.46944,0.36039,0.79130,0.15357,-0.01709,-0.26179,0.02168,
1413394905605760512,-0.92652,2.15471,0.80397,-0.43542,0.36727,0.80761,0.15260,-0.19226,0.03028,0.13177,
1413394905705760512,-0.95845,2.18258,0.82742,-0.45692,0.34942,0.79759,0.18163,-0.41038,0.28271,0.25984,
1413394905805760256,-1.00304,2.23883,0.86258,0.51598,-0.32365,-0.76347,-0.21477,-0.50654,0.40363,0.32644,
1413394905905760512,-1.05341,2.29469,0.89938,0.58016,-0.29673,-0.71919,-0.24111,-0.49586,0.36173,0.32903,
1413394906005760512,-1.10053,2.33614,0.93433,0.62866,-0.27734,-0.68125,-0.25252,-0.38268,0.21689,0.32398,
1413394906105760512,-1.13314,2.35625,0.96873,0.66302,-0.26961,-0.65322,-0.24702,-0.16914,0.03092,0.33921,
1413394906205760512,-1.14198,2.35529,1.00730,0.67147,-0.28285,-0.64733,-0.22383,0.10062,-0.13880,0.37170,
1413394906305760256,-1.12246,2.34404,1.04420,0.63885,-0.31081,-0.67541,-0.19770,0.36359,-0.23135,0.34120,
1413394906405760512,-1.07698,2.33987,1.07101,0.58903,-0.33966,-0.70948,-0.18521,0.53807,-0.20649,0.25571,
1413394906505760512,-1.02733,2.33764,1.09041,0.52372,-0.36298,-0.74628,-0.19242,0.59753,-0.10724,0.19214,
1413394906605760512,-0.97635,2.35035,1.10166,-0.46825,0.38623,0.76817,0.20369,0.52663,0.05808,0.13162,
1413394906705760512,-0.93305,2.37298,1.11178,-0.44781,0.40252,0.76496,0.22866,0.37348,0.23979,0.12421,
1413394906805760256,-0.90572,2.41718,1.12575,-0.47476,0.40732,0.73244,0.26873,0.25476,0.38200,0.11069,
1413394906905760512,-0.89421,2.46763,1.13928,0.51942,-0.40060,-0.68655,-0.31365,0.18204,0.38388,0.09017,
1413394907005760512,-0.88010,2.50314,1.15360,0.56382,-0.38764,-0.63848,-0.35241,0.17163,0.22454,0.10389,
1413394907105760512,-0.87200,2.51734,1.17571,0.59658,-0.38546,-0.59225,-0.38046,0.23918,-0.02574,0.14224,
1413394907205760512,-0.84067,2.49666,1.18854,0.59671,-0.39701,-0.59005,-0.37171,0.36097,-0.34625,0.07686,
1413394907305760256,-0.78696,2.44191,1.19173,0.56159,-0.42692,-0.62227,-0.33933,0.48549,-0.57683,0.06656,
1413394907405760512,-0.73515,2.38009,1.19600,0.51283,-0.47011,-0.65927,-0.28525,0.55384,-0.64559,0.01209,
1413394907505760512,-0.67736,2.32105,1.19990,-0.47673,0.52381,0.67138,0.21817,0.62875,-0.50571,-0.03661,
1413394907605760512,-0.59967,2.29063,1.20052,-0.44738,0.56379,0.67077,0.17907,0.75732,-0.18871,-0.04910,
1413394907705760512,-0.51932,2.29013,1.19340,-0.42688,0.57407,0.67090,0.19522,0.87979,0.23848,0.00007,
1413394907805760256,-0.43666,2.32228,1.18751,-0.43641,0.54576,0.66312,0.26827,0.89987,0.50302,-0.00738,
1413394907905760512,-0.35095,2.37256,1.17814,-0.46588,0.50388,0.64056,0.34459,0.85305,0.56411,-0.11279,
1413394908005760512,-0.26876,2.42104,1.15988,-0.49437,0.47132,0.61670,0.39132,0.81002,0.47898,-0.19346,
1413394908105760512,-0.19007,2.45463,1.13138,0.50184,-0.46123,-0.61072,-0.40305,0.77320,0.33606,-0.31457,
1413394908205760512,-0.12352,2.47338,1.08960,-0.47277,0.47875,0.63604,0.37781,0.71683,0.22050,-0.36930,
1413394908305760256,-0.07852,2.47028,1.03921,-0.42686,0.50289,0.66742,0.34560,0.61339,0.19587,-0.34888,
1413394908405760512,-0.03179,2.47981,0.99767,-0.39281,0.52177,0.69039,0.31116,0.49507,0.31230,-0.25142,
1413394908505760512,0.02130,2.49671,0.97219,-0.37846,0.53819,0.69913,0.27990,0.38944,0.53966,-0.09161,
1413394908605760512,0.08014,2.53809,0.96670,-0.39496,0.52752,0.69445,0.28892,0.32266,0.84047,0.20025,
1413394908705760512,0.16627,2.57485,0.97645,-0.44401,0.49279,0.67075,0.33182,0.32726,0.85140,0.34874,
1413394908805760256,0.18308,2.64226,0.99619,-0.49272,0.45582,0.63999,0.37399,0.27269,0.74469,0.41007,
1413394908905760512,0.21402,2.70339,1.02279,0.53348,-0.42885,-0.61042,-0.39859,0.28181,0.52222,0.48714,
1413394909005760512,0.28071,2.75149,1.07075,0.56853,-0.41717,-0.58655,-0.39836,0.36332,0.29176,0.54627,
1413394909105760512,0.32571,2.77451,1.12922,0.56199,-0.43543,-0.59797,-0.37013,0.44541,0.10515,0.51633,
1413394909205760512,0.37017,2.77993,1.17825,0.52426,-0.46906,-0.62816,-0.33249,0.54276,-0.01605,0.42326,
1413394909305760256,0.42538,2.78017,1.21688,-0.47276,0.50534,0.65531,0.30282,0.60736,-0.00914,0.34973,
1413394909405760512,0.48391,2.78742,1.25023,-0.43999,0.54015,0.65774,0.28641,0.63121,0.12769,0.31189,
1413394909505760512,0.54521,2.81659,1.28140,-0.43581,0.56294,0.63658,0.29652,0.66322,0.32456,0.30019,
1413394909605760512,0.60998,2.86223,1.31386,-0.45512,0.57405,0.60020,0.32108,0.72078,0.46819,0.31817,
1413394909705760512,0.68130,2.91630,1.35112,-0.47562,0.57363,0.56693,0.35116,0.81978,0.52893,0.36252,
1413394909805760256,0.75636,2.96312,1.39628,-0.49213,0.55580,0.54073,0.39561,0.90550,0.47603,0.43137,
1413394909905760512,0.83814,2.99024,1.44553,0.50296,-0.53576,-0.52077,-0.43451,0.94462,0.31953,0.39845,
1413394910005760512,0.92799,2.99368,1.48957,-0.47955,0.54009,0.52984,0.44452,0.97420,0.11313,0.34284,
1413394910105760512,1.01952,2.99392,1.52685,-0.43887,0.55925,0.56072,0.42453,0.95259,0.03388,0.26490,
1413394910205760512,1.10756,2.99700,1.55763,-0.40254,0.58422,0.58766,0.38898,0.91432,0.05516,0.19126,
1413394910305760256,1.19068,3.01361,1.58236,-0.37357,0.60489,0.60805,0.35331,0.88535,0.19517,0.14013,
1413394910405760512,1.26716,3.04911,1.60211,-0.35712,0.61767,0.61947,0.32742,0.86141,0.39621,0.04151,
1413394910505760512,1.34749,3.10060,1.61488,-0.35655,0.61654,0.62250,0.32443,0.85223,0.68854,0.08027,
1413394910605760512,1.43993,3.16704,1.62360,-0.39046,0.58989,0.60674,0.36254,0.85716,0.87985,0.09593,
1413394910705760512,1.52180,3.26532,1.63352,-0.44221,0.55378,0.57438,0.40971,0.83427,0.92604,0.08773,
1413394910805760256,1.61596,3.34557,1.63662,-0.48798,0.52633,0.54204,0.43709,0.84819,0.78700,0.04852,
1413394910905760512,1.71158,3.40147,1.63430,0.51619,-0.51330,-0.52292,-0.44342,0.90157,0.56594,0.03056,
1413394911005760512,1.81101,3.43585,1.63085,0.53286,-0.51199,-0.51505,-0.43434,0.97212,0.31270,-0.02413,
1413394911105760512,1.91276,3.43533,1.61357,0.50774,-0.53004,-0.54115,-0.41037,1.07565,0.07279,-0.10483,
1413394911205760512,2.02123,3.43771,1.60270,-0.45254,0.55410,0.58480,0.38235,1.12747,-0.00162,-0.12893,
1413394911305760256,2.12936,3.40479,1.57589,-0.40536,0.57502,0.61563,0.35502,1.13538,0.02800,-0.18902,
1413394911405760512,2.22873,3.37279,1.53682,-0.37240,0.59022,0.63182,0.33729,1.09481,0.17472,-0.23194,
1413394911505760512,2.32669,3.36586,1.49065,-0.35797,0.59671,0.63693,0.33182,1.04456,0.36475,-0.30816,
1413394911605760512,2.41547,3.37796,1.43761,-0.36971,0.59275,0.62470,0.34888,0.98865,0.56020,-0.31544,
1413394911705760512,2.48369,3.40433,1.38213,-0.40653,0.57344,0.59382,0.39150,0.91717,0.65737,-0.25925,
1413394911805760256,2.47670,3.38773,1.30564,-0.44499,0.54774,0.55642,0.43860,0.78810,0.50008,-0.21015,
1413394911905760512,2.47841,3.32886,1.26506,-0.46634,0.53147,0.52765,0.47080,0.65244,0.19379,-0.15353,
1413394912005760512,2.52364,3.29779,1.24940,-0.45431,0.54011,0.53388,0.46568,0.59829,-0.01775,-0.13830,
1413394912105760512,2.56837,3.27503,1.23681,-0.41671,0.57166,0.55903,0.43249,0.53532,-0.13558,-0.04600,
1413394912205760512,2.59483,3.24070,1.23118,-0.37654,0.60269,0.57725,0.40219,0.47832,-0.13294,-0.00902,
1413394912305760256,2.60622,3.21054,1.23041,-0.34718,0.62537,0.58022,0.38952,0.40612,-0.00904,0.05087,
1413394912405760512,2.60507,3.18731,1.23105,-0.33039,0.64428,0.56922,0.38954,0.34555,0.16410,0.05522,
1413394912505760512,2.61235,3.18096,1.23378,-0.32726,0.66106,0.54552,0.39789,0.31218,0.32780,0.11262,
1413394912605760512,2.62866,3.19923,1.24352,-0.33884,0.67012,0.51122,0.41806,0.32133,0.43788,0.15349,
1413394912705760512,2.63091,3.26193,1.26089,-0.35133,0.67659,0.47459,0.43995,0.32973,0.53806,0.17896,
1413394912805760256,2.63399,3.31974,1.28030,-0.35496,0.68489,0.44498,0.45489,0.33645,0.57108,0.17087,
1413394912905760512,2.60310,3.40452,1.30109,-0.34789,0.69283,0.42599,0.46636,0.31716,0.61180,0.17752,
1413394913005760512,2.57318,3.49580,1.32442,-0.32748,0.69408,0.42424,0.48066,0.27295,0.65423,0.18229,
1413394913105760512,2.54419,3.57749,1.36117,-0.31169,0.69188,0.42652,0.49217,0.20376,0.69021,0.21162,
1413394913205760512,2.46863,3.64532,1.40601,-0.30524,0.68799,0.43111,0.49763,0.05420,0.72277,0.24782,
1413394913305760256,2.45564,3.72675,1.42737,-0.31337,0.67694,0.44232,0.49790,-0.02951,0.76042,0.27061,
1413394913405760512,2.46669,3.80971,1.44824,-0.33040,0.65787,0.45990,0.49653,-0.07891,0.79040,0.24121,
1413394913505760512,2.45614,3.88849,1.46340,-0.34604,0.63375,0.48737,0.49101,-0.14183,0.77560,0.13013,
1413394913605760512,2.43632,3.96135,1.47125,-0.35590,0.60345,0.52266,0.48580,-0.24100,0.75355,0.03265,
1413394913705760512,2.40534,4.02656,1.47248,-0.36414,0.57401,0.56021,0.47337,-0.35169,0.72188,-0.10597,
1413394913805760256,2.36346,4.09478,1.46195,-0.37745,0.55313,0.59423,0.44549,-0.47438,0.71224,-0.23454,
1413394913905760512,2.30925,4.16129,1.44242,-0.40003,0.53784,0.61881,0.40960,-0.57456,0.72658,-0.31742,
1413394914005760512,2.25120,4.24572,1.41365,-0.42702,0.52019,0.63621,0.37722,-0.62597,0.75129,-0.38109,
1413394914105760512,2.19075,4.33548,1.37636,-0.44834,0.49558,0.65387,0.35474,-0.67588,0.79000,-0.36296,
1413394914205760512,2.12787,4.42791,1.34836,-0.46240,0.46194,0.67476,0.34278,-0.71643,0.82023,-0.20733,
1413394914305760256,2.05294,4.51341,1.33492,-0.47343,0.42633,0.69587,0.33148,-0.78784,0.81233,-0.06000,
1413394914405760512,1.96805,4.59379,1.33778,-0.48317,0.39097,0.71487,0.32039,-0.89222,0.78369,0.10614,
1413394914505760512,1.87414,4.67425,1.35531,-0.49335,0.35962,0.72967,0.30799,-1.00149,0.77653,0.25566,
1413394914605760512,1.77495,4.77521,1.38162,0.50595,-0.34314,-0.73812,-0.28538,-1.06220,0.74437,0.22443,
1413394914705760512,1.67425,4.88447,1.40079,0.51960,-0.33282,-0.74250,-0.26065,-1.10437,0.75890,0.12995,
1413394914805760256,1.57071,5.00277,1.41111,0.53129,-0.32179,-0.74655,-0.23841,-1.13130,0.78479,0.03437,
1413394914905760512,1.46640,5.12140,1.41212,0.53761,-0.30426,-0.75289,-0.22705,-1.13631,0.81660,-0.05479,
1413394915005760512,1.36581,5.23545,1.40061,0.54362,-0.27997,-0.75901,-0.22360,-1.13982,0.80618,-0.17773,
1413394915105760512,1.25619,5.31556,1.37465,0.55026,-0.24702,-0.76518,-0.22515,-1.17412,0.71756,-0.19064,
1413394915205760512,1.13948,5.37817,1.34788,0.55137,-0.21045,-0.77587,-0.22299,-1.22820,0.60331,-0.15556,
1413394915305760256,1.02174,5.43727,1.32626,0.55412,-0.17274,-0.78547,-0.21484,-1.25857,0.44432,-0.13513,
1413394915405760512,0.90600,5.47891,1.30579,0.56088,-0.13682,-0.79100,-0.20252,-1.30226,0.26631,-0.10237,
1413394915505760512,0.79473,5.49240,1.28477,0.57008,-0.10261,-0.79334,-0.18732,-1.30952,0.05543,-0.08314,
1413394915605760512,0.67918,5.47192,1.26837,0.58971,-0.07802,-0.78964,-0.15040,-1.30269,-0.16828,-0.07820,
1413394915705760512,0.55809,5.43771,1.25375,0.61052,-0.05964,-0.78394,-0.09566,-1.24244,-0.33928,-0.07962,
1413394915805760256,0.43242,5.40466,1.24268,0.62760,-0.03167,-0.77632,-0.04950,-1.13117,-0.40553,-0.02576,
1413394915905760512,0.31935,5.36721,1.23937,0.64434,0.00309,-0.76459,-0.01447,-0.99588,-0.43601,0.00351,
1413394916005760512,0.20480,5.33649,1.23901,0.65080,0.03594,-0.75825,0.01487,-0.85605,-0.43154,0.00427,
1413394916105760512,0.10317,5.30691,1.24240,0.65256,0.06293,-0.75395,0.04213,-0.70347,-0.40763,0.04845,
1413394916205760512,0.04895,5.26481,1.25163,0.63759,0.08767,-0.76279,0.06283,-0.51329,-0.39684,0.03595,
1413394916305760256,0.01606,5.22110,1.26333,0.61252,0.11209,-0.77838,0.07989,-0.39729,-0.41153,0.07541,
1413394916405760512,-0.01561,5.17795,1.27354,0.58988,0.12698,-0.78964,0.11124,-0.33440,-0.40971,0.03796,
1413394916505760512,-0.06003,5.13641,1.27355,0.56866,0.13292,-0.79657,0.15631,-0.34891,-0.36726,-0.04292,
1413394916605760512,-0.11586,5.09825,1.26317,0.55863,0.13379,-0.79109,0.21025,-0.42341,-0.28536,-0.13248,
1413394916705760512,-0.17497,5.07130,1.23816,0.54804,0.14735,-0.78249,0.25623,-0.49702,-0.13253,-0.25179,
1413394916855760640,-0.24590,5.07354,1.18469,0.52626,0.21282,-0.77466,0.27868,-0.60532,0.14567,-0.41201,
1413394917055760384,-0.37353,5.11977,1.08904,0.50183,0.32451,-0.75478,0.27050,-0.76723,0.30715,-0.49197,
1413394917255760384,-0.52501,5.17254,0.99512,-0.47432,-0.42879,0.72103,-0.26696,-0.81687,0.18146,-0.42736,
1413394917455760384,-0.68289,5.18248,0.91314,-0.45206,-0.48516,0.69379,-0.28092,-0.80412,-0.08198,-0.37978,
1413394917655760640,-0.84306,5.12258,0.84516,-0.46962,-0.51010,0.66242,-0.28365,-0.74051,-0.44808,-0.28648,
1413394917855760640,-0.97291,4.99147,0.81452,-0.49497,-0.52217,0.63961,-0.27062,-0.47616,-0.76066,-0.05315,
1413394918055760384,-1.02622,4.79502,0.81169,-0.49559,-0.54256,0.62268,-0.26887,-0.07752,-1.04852,-0.14534,
1413394918255760384,-1.00549,4.55162,0.78341,-0.44960,-0.53795,0.63128,-0.33161,0.19256,-1.25729,-0.17072,
1413394918455760384,-0.97026,4.27939,0.75466,-0.38596,-0.53327,0.64224,-0.39267,0.15586,-1.40035,-0.12423,
1413394918655760640,-0.97109,3.97346,0.74125,-0.37103,-0.56293,0.60993,-0.41645,-0.05378,-1.54651,-0.04743,
1413394918855760640,-1.00482,3.64900,0.73936,0.38984,0.60804,-0.55224,0.41634,-0.11746,-1.61794,0.05089,
1413394919055760384,-1.05179,3.31034,0.77155,0.40319,0.62046,-0.50175,0.44801,0.01927,-1.55220,0.33068,
1413394919255760384,-1.07338,2.99957,0.85944,0.38127,0.62874,-0.46367,0.49429,0.08271,-1.31608,0.63153,
1413394919455760384,-1.09890,2.72788,0.97605,0.37915,0.65688,-0.39816,0.51597,0.10445,-1.02803,0.69865,
1413394919655760640,-1.12493,2.51316,1.08620,0.33441,0.71336,-0.36395,0.49681,0.21199,-0.74618,0.52513,
1413394919855760640,-1.09191,2.37669,1.17439,0.24241,0.75174,-0.36173,0.49526,0.37040,-0.70301,0.32789,
1413394920055760384,-1.04260,2.20667,1.22637,0.17688,0.78575,-0.31968,0.49911,0.50062,-0.86699,0.13447,
1413394920255760384,-0.96662,1.98970,1.22166,0.12826,0.81672,-0.25155,0.50322,0.65281,-1.06686,-0.10827,
1413394920455760384,-0.87019,1.77132,1.18054,0.11757,0.82713,-0.16734,0.52348,0.85181,-1.15485,-0.14444,
1413394920655760640,-0.72899,1.56827,1.16497,0.12919,0.82659,-0.09774,0.53899,1.02555,-1.04266,-0.07077,
1413394920855760640,-0.52813,1.40405,1.15624,0.12655,0.83094,-0.07908,0.53598,1.18947,-0.76621,-0.11377,
1413394921055760384,-0.29258,1.30976,1.12615,0.10564,0.83267,-0.10034,0.53426,1.39262,-0.55309,-0.24221,
1413394921255760384,-0.02600,1.24688,1.06516,0.07230,0.81675,-0.14375,0.55410,1.50584,-0.50343,-0.41509,
1413394921455760384,0.24067,1.18711,0.95618,0.00952,0.80676,-0.21355,0.55086,1.52701,-0.71142,-0.61127,
1413394921655760640,0.52329,1.04184,0.82510,0.05683,0.81210,-0.19956,0.54538,1.55685,-1.10736,-0.61790,
1413394921855760640,0.82378,0.84367,0.69891,0.12346,0.80044,-0.15074,0.56686,1.62721,-1.10174,-0.52866,
1413394922055760384,1.13135,0.66576,0.60660,0.08192,0.77371,-0.12627,0.61540,1.53824,-0.97561,-0.30287,
1413394922255760384,1.40046,0.51229,0.57655,0.04365,0.79126,-0.07028,0.60586,1.30001,-0.92453,0.00340,
1413394922455760384,1.64561,0.35753,0.62197,0.04660,0.81828,-0.00334,0.57292,1.29713,-0.82505,0.45815,
1413394922655760640,1.90158,0.24338,0.73955,0.00912,0.82361,0.00236,0.56708,1.36378,-0.66554,0.59941,
1413394922855760640,2.15185,0.17528,0.86737,-0.01412,0.83401,-0.00360,0.55155,1.45491,-0.61835,0.61511,
1413394923055760384,2.38826,0.17999,1.01371,-0.01322,0.84230,-0.00447,0.53882,1.59310,-0.55031,0.50561,
1413394923255760384,2.69117,0.15675,1.11044,0.01153,0.83344,0.00837,0.55243,1.77527,-0.46197,0.48745,
1413394923455760384,3.04184,0.12870,1.20363,0.00619,0.83154,0.01088,0.55532,1.86283,-0.27617,0.45811,
1413394923655760640,3.41038,0.11204,1.28726,-0.01968,0.83802,0.03906,0.54389,2.03063,-0.16402,0.42004,
1413394923855760640,3.80515,0.11172,1.34043,-0.03679,0.82150,0.09929,0.56029,2.11383,-0.01338,0.18761,
1413394924055760384,4.19997,0.13816,1.36082,-0.07173,0.80472,0.15469,0.56865,2.08273,0.15598,-0.00432,
1413394924255760384,4.60133,0.18836,1.36706,-0.13452,0.79390,0.19585,0.55971,2.01611,0.28217,0.03857,
1413394924455760384,4.96674,0.25561,1.38191,-0.19305,0.78013,0.24179,0.54376,2.00471,0.28996,0.09710,
1413394924655760640,5.34010,0.31939,1.40606,-0.22380,0.75567,0.30496,0.53467,1.97168,0.29996,0.14027,
1413394924855760640,5.72217,0.38484,1.45704,-0.24340,0.71422,0.37385,0.53933,1.87534,0.35135,0.21931,
1413394924955760384,5.89595,0.41750,1.47479,-0.24816,0.68882,0.40347,0.54878,1.76447,0.36031,0.24326,
1413394925055760384,6.05642,0.44864,1.49544,-0.24704,0.66722,0.42617,0.55871,1.59727,0.36714,0.23493,
1413394925155760640,6.17740,0.48289,1.51310,-0.24628,0.66245,0.44543,0.54964,1.36454,0.41609,0.23004,
1413394925255760384,6.28900,0.51682,1.53442,-0.24272,0.65823,0.46664,0.53859,1.16034,0.46462,0.24393,
1413394925355760640,6.39505,0.56778,1.55830,-0.24010,0.65232,0.48299,0.53249,0.98514,0.55644,0.19041,
1413394925455760384,6.46590,0.62075,1.57070,-0.24861,0.65217,0.48636,0.52566,0.79828,0.65077,0.07805,
1413394925555760384,6.50060,0.68266,1.57344,-0.26036,0.65551,0.48333,0.51857,0.61707,0.74075,-0.02824,
1413394925655760640,6.52303,0.75101,1.56834,-0.27171,0.65810,0.48092,0.51166,0.45169,0.79617,-0.12343,
1413394925755760384,6.51603,0.82801,1.55618,-0.29415,0.66813,0.46803,0.49801,0.30494,0.85374,-0.12698,
1413394925855760640,6.45746,0.90407,1.54453,-0.30991,0.67703,0.45587,0.48761,0.17217,0.88977,-0.10061,
1413394925955760384,6.30757,0.96909,1.53401,-0.31660,0.68142,0.44969,0.48291,-0.00965,0.89771,-0.07343,
1413394926055760384,6.17266,1.06104,1.53637,-0.31288,0.67913,0.45538,0.48324,-0.15962,0.94678,-0.05433,
1413394926155760640,6.11382,1.18665,1.53145,-0.30388,0.67377,0.46711,0.48529,-0.22428,1.00655,-0.05274,
1413394926255760384,6.08919,1.29739,1.52472,-0.29660,0.66901,0.47752,0.48624,-0.27742,1.06873,-0.04586,
1413394926355760640,6.06048,1.41182,1.51844,-0.29986,0.67331,0.47882,0.47693,-0.33186,1.13814,-0.05934,
1413394926455760384,6.02733,1.53247,1.51397,-0.30389,0.67826,0.47936,0.46672,-0.35935,1.23199,-0.03510,
1413394926555760384,5.99171,1.66358,1.51234,-0.31558,0.67593,0.48312,0.45839,-0.38607,1.32957,-0.01344,
1413394926655760640,5.95449,1.80354,1.51185,-0.33923,0.66797,0.49038,0.44527,-0.39392,1.40558,-0.00402,
1413394926755760384,5.91721,1.94556,1.51204,-0.37487,0.65829,0.49724,0.42293,-0.36889,1.44236,0.01377,
1413394926855760640,5.88554,2.08908,1.51349,-0.41269,0.64792,0.50495,0.39358,-0.27684,1.44468,0.02462,
1413394926955760384,5.86608,2.23278,1.51313,-0.44093,0.63453,0.51718,0.36808,-0.12536,1.45449,-0.02116,
1413394927055760384,5.86448,2.37704,1.50866,-0.45309,0.61735,0.53405,0.35830,0.06015,1.48202,-0.09059,
1413394927155760640,5.88200,2.52152,1.49697,-0.44263,0.59095,0.56161,0.37343,0.19292,1.47668,-0.17015,
1413394927255760384,5.91178,2.66396,1.48686,-0.42941,0.56665,0.58414,0.39152,0.25669,1.49154,-0.08239,
1413394927355760640,5.94469,2.80629,1.48927,-0.41864,0.55436,0.59854,0.39898,0.24835,1.47603,0.05198,
1413394927455760384,5.97739,2.95239,1.50337,-0.41555,0.55335,0.60438,0.39477,0.21767,1.50050,0.17853,
1413394927555760384,6.00728,3.09764,1.53195,-0.41493,0.55739,0.60619,0.38689,0.18049,1.49996,0.31690,
1413394927655760640,6.04043,3.23693,1.57243,-0.41759,0.55872,0.60556,0.38307,0.16364,1.50285,0.39140,
1413394927755760384,6.07975,3.36415,1.62035,-0.42139,0.55600,0.60726,0.38017,0.16585,1.51030,0.42236,
1413394927855760640,6.09898,3.50973,1.66194,-0.42220,0.54970,0.60977,0.38439,0.14171,1.52699,0.32807,
1413394927955760384,6.10832,3.66388,1.69062,-0.42225,0.54851,0.61131,0.38359,0.09942,1.55524,0.22168,
1413394928055760384,6.11310,3.81437,1.71470,-0.42368,0.54446,0.61149,0.38748,0.06809,1.55726,0.13994,
1413394928155760640,6.11245,3.96149,1.73314,-0.42311,0.53231,0.61241,0.40321,0.01055,1.55260,0.08178,
1413394928255760384,6.10297,4.09577,1.74786,-0.42738,0.51876,0.60879,0.42144,-0.08612,1.50896,0.08106,
1413394928355760640,6.08323,4.20433,1.76244,-0.43249,0.50998,0.60311,0.43490,-0.19324,1.38443,0.10844,
1413394928455760384,6.05514,4.29611,1.77185,-0.43888,0.51558,0.59751,0.42959,-0.28809,1.23165,0.10442,
1413394928555760384,6.02803,4.38120,1.78056,-0.44543,0.52807,0.59222,0.41474,-0.33667,1.10838,0.12489,
1413394928655760640,5.99883,4.50195,1.79610,-0.44716,0.53758,0.58974,0.40406,-0.35378,1.07371,0.15230,
1413394928755760384,5.97199,4.59157,1.80796,-0.44583,0.54194,0.58909,0.40064,-0.35128,1.01492,0.14866,
1413394928855760640,5.93463,4.68770,1.82093,-0.44088,0.54194,0.59057,0.40391,-0.35642,0.98212,0.08162,
1413394928955760384,5.89945,4.77143,1.82268,-0.43432,0.53905,0.59357,0.41043,-0.38503,0.96036,-0.03307,
1413394929055760384,5.85457,4.85289,1.81243,-0.43402,0.53901,0.59240,0.41251,-0.43808,0.89133,-0.09763,
1413394929155760640,5.81131,4.91054,1.79273,-0.44181,0.53550,0.58603,0.41786,-0.47432,0.81948,-0.09871,
1413394929255760384,5.76360,4.98634,1.77921,-0.45183,0.53444,0.57837,0.41918,-0.49594,0.74460,-0.07825,
1413394929355760640,5.72069,5.03783,1.76265,-0.46331,0.53728,0.57044,0.41385,-0.48223,0.63796,-0.06804,
1413394929455760384,5.68160,5.08476,1.75041,-0.46578,0.54243,0.56905,0.40621,-0.44918,0.55104,-0.03829,
1413394929555760384,5.65078,5.12566,1.74025,-0.45663,0.55288,0.57659,0.39162,-0.39353,0.48849,-0.03647,
1413394929655760640,5.61326,5.17276,1.73841,-0.44304,0.56105,0.58578,0.38184,-0.35495,0.48166,0.00802,
1413394929755760384,5.59398,5.19857,1.73444,-0.43281,0.56092,0.59281,0.38290,-0.32892,0.48740,-0.01534,
1413394929855760640,5.57779,5.21520,1.72680,-0.42974,0.55767,0.59473,0.38810,-0.31397,0.48343,-0.10116,
1413394929955760384,5.54834,5.25799,1.70817,-0.43589,0.55234,0.58974,0.39639,-0.32476,0.48006,-0.18236,
1413394930055760384,5.52240,5.29390,1.68045,-0.44371,0.54455,0.58347,0.40761,-0.32536,0.42455,-0.29243,
1413394930155760640,5.48936,5.34173,1.65381,-0.44960,0.53725,0.57828,0.41811,-0.33247,0.37646,-0.27452,
1413394930255760384,5.48925,5.29384,1.61836,-0.46040,0.52827,0.57061,0.42821,-0.33214,0.22152,-0.22924,
1413394930355760640,5.44892,5.32676,1.60000,-0.47371,0.53075,0.56069,0.42372,-0.33418,0.12153,-0.21762,
1413394930455760384,5.47775,5.22432,1.55413,-0.46321,0.55155,0.57133,0.39347,-0.24476,-0.04073,-0.27393,
1413394930555760384,5.45719,5.21804,1.52308,-0.43386,0.58135,0.59129,0.35237,-0.19827,-0.04545,-0.36782,
1413394930655760640,5.53241,5.09034,1.46714,-0.40512,0.60515,0.60923,0.31386,-0.05257,-0.03877,-0.47651,
1413394930755760384,5.54723,5.07607,1.41945,-0.38302,0.60529,0.62336,0.31360,0.01215,0.20803,-0.43641,
1413394930855760640,5.54895,5.10068,1.37416,-0.38963,0.58450,0.62050,0.34861,0.01430,0.39933,-0.40226,
1413394930955760384,5.54712,5.13959,1.33444,-0.41620,0.55832,0.60279,0.38949,-0.02406,0.49013,-0.33926,
1413394931055760384,5.54488,5.17416,1.30310,-0.44160,0.53744,0.58356,0.41905,-0.06563,0.45850,-0.21958,
1413394931155760640,5.54093,5.19828,1.27982,-0.45320,0.52762,0.57346,0.43287,-0.09079,0.31939,-0.12942,
1413394931255760384,5.54201,5.20825,1.26765,-0.46024,0.52321,0.56725,0.43893,-0.12004,0.16731,0.03330,
1413394931355760640,5.53332,5.21651,1.28303,-0.46908,0.51770,0.55876,0.44692,-0.14131,0.05713,0.26261,
1413394931455760384,5.51207,5.21197,1.31400,-0.46605,0.52388,0.55963,0.44176,-0.16718,-0.09461,0.23720,
1413394931555760384,5.49032,5.19267,1.33918,-0.44285,0.54112,0.57573,0.42380,-0.19237,-0.19708,0.14640,
1413394931655760640,5.47078,5.17486,1.34959,-0.42380,0.54945,0.59090,0.41150,-0.22750,-0.21351,0.07603,
1413394931755760384,5.45178,5.13999,1.36748,-0.41033,0.54101,0.61004,0.40840,-0.28254,-0.21383,0.04688,
1413394931855760640,5.42538,5.10972,1.37216,-0.40605,0.52154,0.63164,0.40515,-0.38324,-0.20051,-0.01957,
1413394931955760384,5.38998,5.08606,1.37338,-0.42065,0.50404,0.64791,0.38627,-0.49657,-0.16052,-0.03397,
1413394932055760384,5.34653,5.06565,1.38398,-0.45106,0.48046,0.65826,0.36385,-0.57327,-0.15729,0.10579,
1413394932155760640,5.30052,5.04415,1.41256,-0.48940,0.45131,0.66486,0.33878,-0.60560,-0.17623,0.25689,
1413394932255760384,5.25910,5.02196,1.45561,0.52606,-0.42394,-0.67080,-0.30587,-0.56554,-0.19993,0.39012,
1413394932355760640,5.21984,5.00768,1.50637,0.55695,-0.39132,-0.67788,-0.27777,-0.47695,-0.21389,0.47553,
1413394932455760384,5.19115,4.98906,1.55749,0.58088,-0.35235,-0.68589,-0.26072,-0.36178,-0.25854,0.41248,
1413394932555760384,5.16611,4.95725,1.59902,0.59816,-0.31449,-0.69423,-0.24768,-0.23915,-0.33745,0.30716,
1413394932655760640,5.14960,4.91717,1.62412,0.60718,-0.28060,-0.70589,-0.23304,-0.13151,-0.42900,0.17709,
1413394932755760384,5.14152,4.86759,1.63956,0.60606,-0.25267,-0.72315,-0.21425,-0.03822,-0.52805,0.15892,
1413394932855760640,5.14201,4.81062,1.65569,0.59238,-0.23315,-0.74754,-0.18951,0.04232,-0.59792,0.17015,
1413394932955760384,5.14825,4.74940,1.67477,0.57709,-0.21735,-0.76976,-0.16492,0.07407,-0.62830,0.15260,
1413394933055760384,5.15476,4.68710,1.68995,0.56854,-0.20112,-0.78481,-0.14278,0.05213,-0.62564,0.09672,
1413394933155760640,5.16139,4.62495,1.69692,0.56672,-0.18007,-0.79421,-0.12502,0.02194,-0.62342,0.02063,
1413394933255760384,5.16980,4.56421,1.69402,0.57285,-0.15708,-0.79719,-0.10797,0.01486,-0.62444,-0.08213,
1413394933355760640,5.18026,4.50438,1.67841,0.58043,-0.13190,-0.79793,-0.09489,0.01542,-0.61216,-0.19062,
1413394933455760384,5.19353,4.44591,1.64839,0.58718,-0.10860,-0.79796,-0.08177,0.03326,-0.61828,-0.31758,
1413394933555760384,5.21103,4.39058,1.60582,0.59203,-0.08707,-0.79838,-0.06711,0.04334,-0.62603,-0.39893,
1413394933655760640,5.23543,4.34135,1.56204,0.60059,-0.06456,-0.79531,-0.05098,0.08099,-0.62036,-0.36144,
1413394933755760384,5.26507,4.29812,1.52389,0.61283,-0.04349,-0.78821,-0.03576,0.14538,-0.60872,-0.31675,
1413394933855760640,5.30479,4.26609,1.48764,0.61908,-0.02715,-0.78450,-0.02349,0.23839,-0.58712,-0.29922,
1413394933955760384,5.34439,4.23747,1.44950,0.60984,-0.00997,-0.79237,-0.01211,0.32056,-0.57050,-0.30241,
1413394934055760384,5.38676,4.23605,1.41130,0.59691,0.01024,-0.80223,0.00368,0.35150,-0.53106,-0.26824,
1413394934155760640,5.41104,4.24347,1.38118,0.60085,0.03268,-0.79838,0.02245,0.32587,-0.47938,-0.20735,
1413394934255760384,5.42264,4.22855,1.34930,0.60881,0.05675,-0.79019,0.04150,0.33039,-0.45333,-0.31230,
1413394934355760640,5.43524,4.21095,1.30667,0.60491,0.08345,-0.78945,0.06238,0.34220,-0.42811,-0.44320,
1413394934455760384,5.45218,4.19265,1.25357,0.59223,0.10526,-0.79398,0.08825,0.35615,-0.38745,-0.56033,
1413394934555760384,5.47423,4.17400,1.19234,0.58319,0.12470,-0.79601,0.10345,0.32125,-0.34241,-0.64496,
1413394934655760640,5.49206,4.15980,1.13000,0.57849,0.14345,-0.79557,0.10884,0.30125,-0.29648,-0.56353,
1413394934755760384,5.50426,4.15605,1.07970,0.57715,0.15383,-0.79342,0.11715,0.33177,-0.23993,-0.45634,
1413394934855760640,5.51836,4.14609,1.04141,0.57865,0.15843,-0.79059,0.12262,0.30948,-0.20439,-0.29924,
1413394934955760384,5.54283,4.13268,1.01913,0.57959,0.16030,-0.78907,0.12554,0.29485,-0.19436,-0.12095,
1413394935055760384,5.56757,4.11948,1.01295,0.58454,0.15827,-0.78536,0.12835,0.28919,-0.18016,0.01105,
1413394935155760640,5.59409,4.09996,1.01428,0.59152,0.14906,-0.78170,0.12970,0.29593,-0.15137,0.00196,
1413394935255760384,5.62084,4.08442,1.01277,0.59852,0.13751,-0.77929,0.12477,0.32826,-0.11913,-0.06639,
1413394935355760640,5.64614,4.06910,1.00694,0.60768,0.12881,-0.77491,0.11682,0.35639,-0.09710,-0.14927,
1413394935455760384,5.68783,4.06042,0.98361,0.61229,0.12384,-0.77335,0.10810,0.40273,-0.07635,-0.27169,
1413394935555760384,5.72454,4.04146,0.95511,0.60540,0.12058,-0.78062,0.09787,0.45260,-0.08766,-0.35782,
1413394935655760640,5.77700,4.03425,0.92241,0.59800,0.11809,-0.78759,0.09029,0.50709,-0.08447,-0.32054,
1413394935755760384,5.82113,4.00237,0.90654,0.59640,0.11445,-0.79009,0.08350,0.53461,-0.12200,-0.17356,
1413394935855760640,5.84217,3.95106,0.91615,0.59854,0.11008,-0.78954,0.07913,0.49926,-0.19971,0.01365,
1413394935955760384,5.87806,3.92480,0.92551,0.59490,0.10708,-0.79293,0.07683,0.51342,-0.23123,-0.04641,
1413394936055760384,5.87931,3.87376,0.92808,0.58007,0.11034,-0.80359,0.07480,0.48295,-0.28450,-0.18892,
1413394936205760512,5.95141,3.83103,0.89434,0.55352,0.13475,-0.81723,0.08717,0.42387,-0.35986,-0.27917,
1413394936305760256,5.97432,3.79821,0.86984,0.55616,0.16570,-0.80733,0.10700,0.38014,-0.41387,-0.29700,
1413394936505760512,6.03837,3.71114,0.81921,0.56639,0.25345,-0.76737,0.16162,0.37217,-0.49796,-0.21669,
1413394936705760512,6.12311,3.60661,0.78169,0.54348,0.34182,-0.73678,0.21200,0.44336,-0.58374,-0.14811,
1413394936905760512,6.21337,3.49294,0.76133,0.51553,0.40300,-0.71274,0.25262,0.51148,-0.67317,-0.08901,
1413394937105760512,6.31832,3.35666,0.74303,-0.48238,-0.46448,0.68666,-0.28298,0.57074,-0.81060,-0.08695,
1413394937255760384,6.40976,3.23924,0.71747,-0.45789,-0.50208,0.66575,-0.30827,0.60194,-0.91579,-0.11173,
1413394937355760640,6.47728,3.15904,0.69132,-0.43940,-0.51471,0.65975,-0.32669,0.60393,-0.99474,-0.10889,
1413394937555760384,6.59498,2.95702,0.66455,-0.42904,-0.52443,0.64815,-0.34757,0.54411,-1.13381,-0.13055,
1413394937755760384,6.68395,2.71817,0.64565,-0.43261,-0.51907,0.64417,-0.35842,0.49914,-1.24724,-0.11066,
1413394937955760384,6.74312,2.45104,0.63912,-0.43320,-0.49735,0.65994,-0.35981,0.37049,-1.34826,-0.05066,
1413394938155760640,6.83594,2.17967,0.66709,-0.42260,-0.46587,0.69134,-0.35556,0.22914,-1.43949,0.17304,
1413394938355760640,6.84572,1.88683,0.74254,-0.44087,-0.44394,0.70455,-0.33491,-0.06592,-1.52755,0.55079,
1413394938555760384,6.81642,1.58504,0.86002,-0.48017,-0.41940,0.70665,-0.30691,-0.19515,-1.57021,0.56047,
1413394938755760384,6.76322,1.27922,0.95566,-0.49546,-0.38579,0.73299,-0.26155,-0.24350,-1.60739,0.31490,
1413394938955760384,6.69943,0.95222,1.01871,-0.49968,-0.30883,0.77105,-0.24581,-0.32290,-1.65262,0.13763,
1413394939155760640,6.59700,0.63517,1.05230,0.51955,0.20613,-0.79422,0.23829,-0.51957,-1.52241,-0.03712,
1413394939355760640,6.46900,0.34180,1.06771,0.54272,0.15013,-0.80489,0.18727,-0.68087,-1.34407,-0.12570,
1413394939555760384,6.34176,0.07815,1.09519,0.56481,0.15281,-0.80224,0.11855,-0.74134,-1.26622,0.17122,
1413394939755760384,6.20908,-0.15340,1.16121,0.56831,0.11459,-0.80467,0.12811,-0.75055,-1.21223,0.37740,
1413394939955760384,6.05822,-0.34855,1.23480,0.55820,0.07467,-0.81717,0.12279,-0.84049,-0.99129,0.27616,
1413394940155760640,5.89050,-0.52669,1.26855,0.54708,0.06564,-0.83169,0.06848,-0.93023,-0.91905,0.02260,
1413394940355760640,5.70112,-0.69074,1.25475,0.56560,0.01030,-0.82362,0.04053,-1.04599,-0.85469,-0.19656,
1413394940555760384,5.49620,-0.80274,1.20795,0.57872,-0.04870,-0.81406,-0.00469,-1.07379,-0.71994,-0.21684,
1413394940755760384,5.27621,-0.90105,1.17379,0.57388,-0.07466,-0.81186,-0.07730,-1.10075,-0.74655,-0.06669,
1413394940955760384,5.04917,-1.05272,1.19622,0.57211,-0.10943,-0.80923,-0.07652,-1.15431,-0.85607,0.20242,
1413394941055760384,4.93203,-1.10776,1.22310,0.56498,-0.13581,-0.81183,-0.05732,-1.17147,-0.80283,0.23304,
1413394941205760512,4.75266,-1.18086,1.26691,0.54908,-0.17498,-0.81652,-0.03442,-1.20723,-0.61524,0.27939,
1413394941405760512,4.50129,-1.22668,1.33547,0.53210,-0.18889,-0.82444,-0.03850,-1.31577,-0.25902,0.35428,
1413394941605760512,4.22212,-1.20510,1.42106,0.53216,-0.14904,-0.82758,-0.09851,-1.49177,-0.04634,0.41771,
1413394941755760384,3.99703,-1.14851,1.48296,0.54228,-0.14582,-0.81839,-0.12212,-1.62464,-0.02751,0.40137,
1413394941855760640,3.86500,-1.08906,1.52629,0.55333,-0.16313,-0.80904,-0.11259,-1.64992,-0.00191,0.36199,
1413394941955760384,3.75062,-1.03794,1.57069,0.56325,-0.19617,-0.79874,-0.07924,-1.62533,0.06537,0.35964,
1413394942055760384,3.66729,-0.97304,1.61373,0.56877,-0.22834,-0.78896,-0.04371,-1.54150,0.24259,0.39502,
1413394942155760640,3.57039,-0.90232,1.65746,0.57106,-0.25893,-0.77891,-0.01214,-1.42086,0.50780,0.43183,
1413394942255760384,3.49897,-0.79785,1.70699,0.57068,-0.28566,-0.76987,0.00492,-1.24003,0.85857,0.49154,
1413394942355760640,3.42495,-0.67105,1.76942,0.56751,-0.30944,-0.76299,0.00451,-1.05211,1.22859,0.54185,
1413394942455760384,3.31946,-0.52415,1.83218,0.56471,-0.32845,-0.75696,-0.01571,-0.93874,1.58215,0.54794,
1413394942555760384,3.19587,-0.35183,1.88507,0.56364,-0.34856,-0.74744,-0.04637,-0.85040,1.82071,0.38476,
1413394942655760640,3.10181,-0.15832,1.91885,0.56236,-0.37049,-0.73480,-0.08104,-0.74287,2.02161,0.20834,
1413394942755760384,3.02292,0.05166,1.93637,0.56217,-0.38401,-0.72046,-0.13203,-0.62308,2.16970,0.05783,
1413394942855760640,2.95129,0.27270,1.94141,0.56301,-0.37950,-0.70391,-0.20859,-0.52785,2.21805,-0.10383,
1413394942955760384,2.88749,0.49259,1.92741,0.56072,-0.36951,-0.68294,-0.28747,-0.47618,2.13989,-0.30680,
1413394943055760384,2.82200,0.70183,1.89604,0.55401,-0.37208,-0.66002,-0.34496,-0.47626,1.98771,-0.45429,
1413394943155760640,2.75728,0.89357,1.85381,0.54341,-0.38658,-0.63756,-0.38572,-0.48707,1.77102,-0.52637,
1413394943255760384,2.68994,1.06170,1.80293,0.53055,-0.40654,-0.61542,-0.41772,-0.50796,1.50545,-0.59769,
1413394943355760640,2.62613,1.20164,1.74786,0.51596,-0.43122,-0.59462,-0.44076,-0.55037,1.20127,-0.54898,
1413394943455760384,2.55371,1.31096,1.70488,-0.49485,0.45683,0.57970,0.45866,-0.60568,0.87289,-0.42112,
1413394943555760384,2.46957,1.39161,1.67795,-0.46767,0.48442,0.57069,0.47003,-0.70804,0.61235,-0.28799,
1413394943655760640,2.38202,1.44410,1.65764,-0.43792,0.51739,0.57014,0.46419,-0.82395,0.40774,-0.21443,
1413394943755760384,2.28355,1.47781,1.64153,-0.41968,0.55045,0.56570,0.44816,-0.91056,0.29769,-0.20358,
1413394943855760640,2.18534,1.50084,1.61927,-0.41925,0.57415,0.55399,0.43322,-0.95914,0.27073,-0.24238,
1413394943955760384,2.08364,1.51625,1.58978,-0.42573,0.59322,0.54136,0.41687,-0.96473,0.22037,-0.31090,
1413394944055760384,1.98758,1.52115,1.55657,-0.42049,0.60159,0.53957,0.41248,-0.91303,0.19945,-0.27686,
1413394944155760640,1.89436,1.52126,1.53259,-0.41200,0.60333,0.54245,0.41471,-0.86426,0.17747,-0.19193,
1413394944255760384,1.80353,1.51278,1.51838,-0.40405,0.60969,0.54074,0.41548,-0.82726,0.15914,-0.11381,
1413394944355760640,1.72311,1.49803,1.51799,-0.39056,0.62138,0.54056,0.41127,-0.77187,0.18953,0.07644,
1413394944455760384,1.66292,1.47390,1.53541,-0.36918,0.63456,0.54274,0.40800,-0.69965,0.22382,0.18811,
1413394944555760384,1.62237,1.44366,1.54673,-0.35083,0.65352,0.53494,0.40457,-0.61311,0.26045,0.10331,
1413394944655760640,1.57767,1.43279,1.54509,-0.33369,0.68060,0.51772,0.39673,-0.53950,0.33215,-0.02890,
1413394944755760384,1.53106,1.43612,1.52913,-0.31099,0.71011,0.49596,0.39123,-0.43700,0.43937,-0.13012,
1413394944855760640,1.49280,1.42286,1.50029,-0.28895,0.73722,0.46749,0.39302,-0.32739,0.54572,-0.20189,
1413394944955760384,1.47444,1.40095,1.46752,-0.26955,0.75856,0.43411,0.40433,-0.16813,0.63198,-0.26381,
1413394945055760384,1.45178,1.43236,1.43416,-0.24884,0.77085,0.39920,0.42955,-0.04216,0.76587,-0.27941,
1413394945155760640,1.42417,1.50039,1.39958,-0.22389,0.77754,0.36473,0.46073,0.03775,0.89906,-0.30539,
1413394945255760384,1.39555,1.58735,1.36588,-0.19967,0.78198,0.32877,0.49046,0.08504,1.01591,-0.28058,
1413394945355760640,1.38121,1.69049,1.34094,-0.17554,0.78272,0.29329,0.52011,0.09821,1.11530,-0.22118,
1413394945455760384,1.36831,1.80488,1.32154,-0.16247,0.77709,0.24986,0.55436,0.06031,1.18021,-0.21749,
1413394945555760384,1.35098,1.92233,1.30138,-0.16573,0.78071,0.19371,0.57053,0.00758,1.16174,-0.22198,
1413394945655760640,1.32939,2.03732,1.28072,-0.16397,0.78788,0.13910,0.57707,-0.01973,1.09869,-0.20538,
1413394945755760384,1.31097,2.14198,1.26432,-0.15403,0.79600,0.08797,0.57873,-0.03478,0.98233,-0.17036,
1413394945855760640,1.30123,2.23214,1.25029,-0.13572,0.80227,0.03884,0.58003,0.00321,0.82896,-0.14330,
1413394945955760384,1.29437,2.30632,1.23662,-0.11224,0.80561,-0.01097,0.58161,-0.01891,0.63291,-0.10343,
1413394946055760384,1.29373,2.36055,1.22789,-0.06956,0.80729,-0.04959,0.58394,-0.00955,0.44338,-0.04991,
1413394946205760512,1.29538,2.41617,1.22640,0.00081,0.80342,-0.10496,0.58608,-0.04094,0.26237,0.01797,
1413394946355760640,1.29814,2.45465,1.23124,0.05043,0.79133,-0.17516,0.58358,-0.07542,0.15562,0.00285,
1413394946555760384,1.28981,2.48565,1.24376,0.10563,0.76761,-0.27295,0.57019,-0.16347,-0.00533,0.07237,
1413394946755760384,1.25633,2.49993,1.26426,0.20372,0.73084,-0.33819,0.55678,-0.25519,-0.10804,0.10104,
1413394946955760384,1.20546,2.51204,1.29150,0.29072,0.68483,-0.40851,0.52878,-0.31410,-0.04389,0.14907,
1413394947155760640,1.15079,2.54739,1.33809,0.36142,0.63455,-0.48073,0.48540,-0.31626,0.09971,0.32893,
1413394947355760640,1.11134,2.62089,1.44833,0.41430,0.58394,-0.54414,0.43735,-0.22703,0.23314,0.69822,
1413394947555760384,1.11630,2.72432,1.61392,-0.44001,-0.54959,0.57803,-0.41259,-0.06768,0.37060,0.79352,
1413394947755760384,1.16655,2.80979,1.74683,-0.40837,-0.56863,0.61177,-0.36827,0.07238,0.33658,0.53818,
1413394947955760384,1.24649,2.84764,1.85095,0.37184,0.60570,-0.60382,0.36092,0.20952,0.02451,0.66009,
1413394948155760640,1.31250,2.81776,1.98820,0.33792,0.64616,-0.57556,0.37016,0.29327,-0.31498,0.62991,
1413394948355760640,1.38336,2.74328,2.11017,0.36486,0.64893,-0.52299,0.41503,0.40293,-0.59467,0.54685,
1413394948555760384,1.46510,2.64384,2.21177,0.42213,0.60234,-0.46135,0.49614,0.46708,-0.42778,0.46455,
1413394948755760384,1.54961,2.60989,2.30864,0.44674,0.57165,-0.43662,0.53199,0.46680,0.12113,0.51467,
1413394948955760384,1.63680,2.68131,2.41228,0.41305,0.60852,-0.47548,0.48272,0.50181,0.54665,0.48278,
1413394949155760640,1.69720,2.79769,2.48928,0.35158,0.66408,-0.52910,0.39426,0.55867,0.63156,0.21887,
1413394949355760640,1.78979,2.87977,2.54147,0.31850,0.68555,-0.55441,0.34816,0.74024,0.22664,0.07429,
1413394949555760384,1.93623,2.84841,2.58944,0.34915,0.66495,-0.53906,0.38125,0.95386,-0.29181,0.22451,
1413394949755760384,2.11896,2.75493,2.66097,0.41734,0.60388,-0.48989,0.47029,1.06398,-0.28574,0.27704,
1413394949955760384,2.31331,2.71892,2.71562,0.40727,0.58370,-0.48662,0.50659,1.07188,0.02849,0.22754,
1413394950155760640,2.48646,2.72410,2.77624,0.35276,0.59398,-0.48897,0.53259,0.91119,0.29328,0.20928,
1413394950355760640,2.59425,2.72342,2.85200,0.28879,0.66073,-0.50257,0.47693,0.61602,0.24589,0.25317,
1413394950555760384,2.67145,2.68553,2.94053,0.28410,0.71474,-0.49092,0.40919,0.63081,-0.11590,0.34229,
1413394950755760384,2.79170,2.57491,3.04737,0.31161,0.71019,-0.45614,0.43641,0.88067,-0.50101,0.50977,
1413394950955760384,2.97179,2.42805,3.14763,0.35955,0.65418,-0.38581,0.54215,0.98398,-0.40760,0.52352,
1413394951155760640,3.15694,2.38264,3.24426,0.35235,0.62888,-0.33001,0.60947,0.85936,0.12567,0.49975,
1413394951355760640,3.29984,2.44769,3.33196,0.26371,0.69435,-0.34184,0.57575,0.58402,0.54225,0.44967,
1413394951555760384,3.39185,2.54921,3.43159,0.18182,0.78421,-0.37538,0.45940,0.55729,0.41688,0.56113,
1413394951755760384,3.52585,2.56916,3.55669,0.15251,0.81237,-0.39544,0.40052,0.90683,-0.20895,0.72590,
1413394951955760384,3.74396,2.44572,3.72454,0.21693,0.77097,-0.36283,0.47634,1.29071,-0.75398,0.86792,
1413394952155760640,4.00626,2.29516,3.89099,0.27140,0.70202,-0.32811,0.57083,1.29939,-0.70922,0.65603,
1413394952355760640,4.25931,2.17369,3.98424,0.24591,0.71255,-0.34119,0.56160,1.20523,-0.52156,0.28273,
1413394952555760384,4.45527,1.99653,4.03133,0.18720,0.75020,-0.34970,0.52902,1.09146,-0.62463,0.37352,
1413394952755760384,4.63118,1.79560,4.13137,0.20307,0.76546,-0.31214,0.52478,1.11402,-0.84233,0.59215,
1413394952955760384,4.84938,1.58012,4.24179,0.22998,0.72166,-0.27294,0.59315,1.10620,-0.80598,0.43464,
1413394953155760640,4.94502,1.37624,4.29647,0.23589,0.68648,-0.24410,0.64306,0.78063,-0.55905,0.29189,
1413394953355760640,5.06878,1.34320,4.42034,0.24628,0.66328,-0.23763,0.66553,0.30164,-0.04169,0.72323,
1413394953555760384,5.17310,1.37196,4.54907,0.22520,0.72193,-0.26622,0.59768,0.03931,0.28356,0.26050,
1413394953755760384,5.17863,1.46408,4.51795,0.18908,0.80135,-0.30147,0.48084,0.10412,0.31069,-0.49295,
1413394953955760384,5.14178,1.54630,4.34230,0.18139,0.81755,-0.30870,0.45101,0.41576,0.10071,-0.74686,
1413394954155760640,5.20349,1.57153,4.17867,0.21505,0.76641,-0.27903,0.53714,0.64867,-0.01479,-0.67175,
1413394954355760640,5.22418,1.63890,4.01228,0.23967,0.71066,-0.24917,0.61273,0.50638,0.21562,-0.58598,
1413394954555760384,5.26753,1.72922,3.89493,0.21432,0.72981,-0.26799,0.59129,0.24420,0.50525,-0.35958,
1413394954755760384,5.25913,1.86069,3.79522,0.15202,0.79875,-0.32557,0.48259,0.23345,0.42610,-0.38573,
1413394954955760384,5.25082,1.95715,3.68446,0.16755,0.80130,-0.33166,0.46888,0.48163,0.01913,-0.42080,
1413394955155760640,5.20340,2.06786,3.53451,0.21533,0.75331,-0.28337,0.55304,0.54565,0.02094,-0.46313,
1413394955355760640,5.24271,2.13092,3.44853,0.20310,0.73214,-0.25017,0.60012,0.39989,0.22126,-0.35481,
1413394955555760384,5.25268,2.20615,3.39978,0.07915,0.79182,-0.27121,0.54148,0.19990,0.10310,-0.07205,
1413394955755760384,5.27354,2.18393,3.41672,0.08143,0.83829,-0.24493,0.48026,0.40154,-0.46503,0.22348,
1413394955905760512,5.32098,2.11282,3.45032,0.12698,0.82779,-0.21251,0.50347,0.65388,-0.65388,0.31022,
1413394956005760512,5.36116,2.06187,3.47761,0.14498,0.80489,-0.20260,0.53859,0.75458,-0.67726,0.35336,
1413394956205760512,5.49812,1.95189,3.54790,0.15986,0.74718,-0.18329,0.61852,0.69633,-0.52478,0.36045,
1413394956405760512,5.61559,1.88061,3.60797,0.11651,0.73587,-0.15951,0.64767,0.42393,-0.30640,0.23555,
1413394956605760512,5.68762,1.84859,3.61306,0.06778,0.79587,-0.12029,0.58952,0.21321,-0.26437,-0.01014,
1413394956705760512,5.70579,1.82213,3.60465,0.05516,0.83328,-0.10236,0.54049,0.23633,-0.29432,-0.00132,
1413394956805760256,5.73142,1.78086,3.60406,0.04639,0.85659,-0.08974,0.50602,0.39289,-0.34265,0.08000,
1413394956905760512,5.77940,1.74819,3.61669,0.04552,0.85418,-0.07853,0.51199,0.59900,-0.38067,0.17660,
1413394957005760512,5.86436,1.71330,3.62888,0.04722,0.84141,-0.07090,0.53363,0.76752,-0.39038,0.21713,
1413394957105760512,5.96001,1.67680,3.64702,0.04859,0.81964,-0.06680,0.56690,0.86159,-0.38393,0.25956,
1413394957205760512,6.07045,1.64923,3.66156,0.04821,0.79056,-0.06607,0.60690,0.86630,-0.36076,0.28164,
1413394957305760256,6.15209,1.61733,3.68915,0.04413,0.76007,-0.06664,0.64490,0.74565,-0.33158,0.31412,
1413394957405760512,6.21857,1.56805,3.71373,0.03742,0.73040,-0.06775,0.67862,0.52858,-0.32829,0.30162,
1413394957505760512,6.27360,1.51802,3.74219,0.02969,0.72896,-0.07059,0.68026,0.29801,-0.33277,0.25744,
1413394957605760512,6.31292,1.48419,3.76681,0.02050,0.76098,-0.07217,0.64442,0.09389,-0.32663,0.23355,
1413394957705760512,6.30501,1.45911,3.79073,0.01594,0.80122,-0.06521,0.59459,-0.00629,-0.33203,0.16793,
1413394957805760256,6.29690,1.44725,3.80635,0.00997,0.83608,-0.05563,0.54569,0.03093,-0.32541,0.11343,
1413394957905760512,6.26965,1.45517,3.82066,0.00047,0.84644,-0.04499,0.53057,0.13104,-0.30176,0.11792,
1413394958005760512,6.24859,1.46598,3.83406,-0.01493,0.83653,-0.03202,0.54678,0.22644,-0.28551,0.10091,
1413394958105760512,6.25183,1.44883,3.83616,-0.03383,0.80865,-0.01379,0.58716,0.25207,-0.31518,0.09910,
1413394958205760512,6.25970,1.41867,3.84148,-0.05303,0.77291,0.00958,0.63223,0.16599,-0.35122,0.07725,
1413394958305760256,6.26029,1.37948,3.84746,-0.06883,0.74348,0.03707,0.66417,0.00039,-0.41430,0.10326,
1413394958405760512,6.22829,1.34051,3.83976,-0.08222,0.73488,0.06468,0.67008,-0.23952,-0.47310,0.04547,
1413394958505760512,6.16063,1.32091,3.79805,-0.08953,0.77057,0.09266,0.62420,-0.44902,-0.49823,-0.05419,
1413394958605760512,6.10438,1.27188,3.78781,-0.09489,0.81673,0.11867,0.55665,-0.50305,-0.51358,-0.04426,
1413394958705760512,6.05807,1.21655,3.78517,-0.09982,0.85018,0.14075,0.49741,-0.37012,-0.48718,0.01643,
1413394958805760256,6.03318,1.16777,3.78973,-0.10297,0.86224,0.16233,0.46861,-0.13518,-0.40013,0.08054,
1413394958905760512,6.03790,1.12240,3.80294,-0.10287,0.85590,0.18704,0.47103,0.14333,-0.29681,0.15943,
1413394959005760512,6.07531,1.09443,3.82589,-0.10463,0.82791,0.21283,0.50825,0.33263,-0.16960,0.21095,
1413394959105760512,6.12111,1.08053,3.85081,-0.12070,0.79144,0.22802,0.55413,0.39048,-0.03765,0.22448,
1413394959205760512,6.16275,1.06566,3.87617,-0.15141,0.75320,0.23278,0.59630,0.32139,-0.00182,0.24484,
1413394959305760256,6.19313,1.05214,3.90403,-0.18269,0.71625,0.23680,0.63051,0.17775,-0.04378,0.25138,
1413394959405760512,6.20898,1.02788,3.92565,-0.19868,0.71486,0.25180,0.62136,0.01623,-0.13369,0.16114,
1413394959505760512,6.21115,0.99173,3.94022,-0.19734,0.74960,0.27677,0.56795,-0.09844,-0.20883,0.12939,
1413394959605760512,6.21201,0.95283,3.95377,-0.18820,0.78731,0.30373,0.50247,-0.07460,-0.17113,0.15102,
1413394959705760512,6.22555,0.92173,3.97097,-0.18220,0.80773,0.32763,0.45500,0.05616,-0.07264,0.19571,
1413394959805760256,6.25830,0.90890,3.98940,-0.17917,0.80047,0.35615,0.44755,0.25232,0.11805,0.21092,
1413394959905760512,6.30381,0.91990,4.00666,-0.18997,0.76828,0.38092,0.47808,0.34554,0.31052,0.15186,
1413394960005760512,6.35520,0.94224,4.01630,-0.23062,0.72780,0.38475,0.51874,0.35453,0.42790,0.07487,
1413394960105760512,6.40917,0.97464,4.02452,-0.28030,0.68237,0.38468,0.55482,0.29683,0.41652,0.00263,
1413394960205760512,6.45565,1.00428,4.02943,-0.31705,0.65028,0.39586,0.56561,0.20610,0.31787,-0.02130,
1413394960305760256,6.48646,1.02472,4.03174,-0.33935,0.63768,0.42106,0.54855,0.09703,0.17755,-0.02940,
1413394960405760512,6.50608,1.02924,4.03350,-0.34616,0.64041,0.45783,0.51034,0.03617,0.06496,-0.10329,
1413394960505760512,6.52636,1.02914,4.02073,-0.33976,0.65069,0.50074,0.45872,0.02188,0.02581,-0.23222,
1413394960605760512,6.55260,1.03155,4.00226,-0.33003,0.65825,0.54119,0.40609,0.06058,0.10751,-0.29032,
1413394960705760512,6.57997,1.05024,3.98278,-0.32438,0.65319,0.57419,0.37205,0.10581,0.29401,-0.24302,
1413394960805760256,6.61481,1.09693,3.97407,-0.34106,0.62363,0.59174,0.38027,0.14133,0.53809,-0.10728,
1413394960905760512,6.65435,1.16289,3.96907,-0.38287,0.58623,0.58510,0.40914,0.15044,0.65372,-0.05589,
1413394961005760512,6.69741,1.22034,3.96706,-0.42434,0.55469,0.56842,0.43493,0.16180,0.61681,-0.00738,
1413394961105760512,6.73866,1.27409,3.96695,-0.44868,0.53778,0.55723,0.44606,0.16365,0.51160,-0.04677,
1413394961205760512,6.76863,1.32060,3.95996,-0.44365,0.54304,0.56325,0.43708,0.16352,0.38819,-0.09913,
1413394961305760256,6.79192,1.35563,3.94959,-0.41209,0.56455,0.58798,0.40711,0.14153,0.32484,-0.15457,
1413394961405760512,6.80875,1.39241,3.93670,-0.37731,0.58472,0.61152,0.37654,0.11308,0.38285,-0.10975,
1413394961505760512,6.81911,1.44308,3.93075,-0.35746,0.57829,0.62523,0.38326,0.05102,0.55173,-0.02361,
1413394961605760512,6.81638,1.50934,3.92925,-0.36621,0.55646,0.62113,0.41285,-0.06834,0.67054,0.02443,
1413394961705760512,6.79950,1.58003,3.92886,-0.40384,0.53878,0.59598,0.43753,-0.18874,0.67981,0.02869,
1413394961805760256,6.77317,1.64747,3.92659,-0.44559,0.52536,0.56415,0.45517,-0.26023,0.58385,0.00321,
1413394961905760512,6.74099,1.70251,3.92130,-0.46991,0.52342,0.54280,0.45889,-0.29777,0.42441,-0.01457,
1413394962005760512,6.70351,1.73338,3.91710,-0.47407,0.53267,0.53716,0.45053,-0.30443,0.23772,-0.03558,
1413394962105760512,6.65910,1.73290,3.91265,-0.44922,0.55518,0.55363,0.42833,-0.31859,0.07991,-0.04660,
1413394962205760512,6.62906,1.73800,3.91344,-0.41838,0.57181,0.57430,0.41009,-0.30941,0.03779,-0.00490,
1413394962305760256,6.58708,1.73995,3.92463,-0.39838,0.58032,0.58524,0.40251,-0.34303,0.06515,0.06428,
1413394962405760512,6.53749,1.75791,3.94218,-0.40653,0.56908,0.57689,0.42199,-0.40374,0.13484,0.20407,
1413394962505760512,6.48406,1.77726,3.96338,-0.44015,0.54204,0.55002,0.45819,-0.45974,0.08151,0.24065,
1413394962605760512,6.42818,1.78036,3.98053,-0.46805,0.52323,0.52709,0.47889,-0.50635,-0.09705,0.19136,
1413394962705760512,6.37457,1.76604,3.98992,-0.46617,0.53245,0.53109,0.46597,-0.53029,-0.28921,0.09137,
1413394962805760256,6.31821,1.73995,3.99978,-0.44291,0.55914,0.55310,0.43043,-0.53380,-0.39487,0.05155,
1413394962905760512,6.26080,1.70929,4.01020,-0.41561,0.57535,0.57985,0.40002,-0.53323,-0.38350,0.04138,
1413394963005760512,6.20316,1.68207,4.02235,-0.40991,0.56809,0.59238,0.39790,-0.54400,-0.31584,0.06677,
1413394963105760512,6.14123,1.66127,4.03143,-0.43577,0.54093,0.58049,0.42489,-0.56711,-0.28009,0.03084,
1413394963205760512,6.08657,1.62877,4.02328,-0.46668,0.51673,0.56212,0.44634,-0.57460,-0.38541,-0.12231,
1413394963305760256,6.02996,1.58274,3.99437,-0.46849,0.51567,0.56450,0.44266,-0.58000,-0.51029,-0.32120,
1413394963405760512,5.98806,1.52138,3.94518,-0.43783,0.53526,0.59062,0.41590,-0.57339,-0.60418,-0.45261,
1413394963505760512,5.96562,1.45224,3.88251,-0.40226,0.55672,0.61820,0.38221,-0.55378,-0.60591,-0.52954,
1413394963605760512,5.92669,1.38277,3.83221,-0.37971,0.56820,0.63296,0.36378,-0.57590,-0.48571,-0.44220,
1413394963705760512,5.88277,1.32727,3.79398,-0.39522,0.55828,0.62265,0.38005,-0.60672,-0.34826,-0.33764,
1413394963805760256,5.83862,1.28264,3.76148,-0.43328,0.53431,0.59574,0.41458,-0.63851,-0.33840,-0.28000,
1413394963905760512,5.79805,1.23314,3.72518,-0.46373,0.52367,0.57189,0.42855,-0.62856,-0.43324,-0.37365,
1413394964005760512,5.76337,1.17578,3.67763,-0.45215,0.54064,0.57992,0.40861,-0.58034,-0.51671,-0.44917,
1413394964105760512,5.71466,1.11970,3.62754,-0.41498,0.56545,0.60428,0.37804,-0.57039,-0.52024,-0.43603,
1413394964205760512,5.64973,1.07572,3.59245,-0.38258,0.58218,0.62179,0.35787,-0.58673,-0.38030,-0.30425,
1413394964305760256,5.58070,1.04029,3.57196,-0.38469,0.57436,0.61851,0.37359,-0.63716,-0.20431,-0.13537,
1413394964405760512,5.50593,1.00518,3.55499,-0.42023,0.55280,0.59383,0.40643,-0.68329,-0.15571,-0.05438,
1413394964505760512,5.43160,0.96658,3.53875,-0.46063,0.53416,0.56397,0.42945,-0.68611,-0.25089,-0.09562,
1413394964605760512,5.35982,0.91648,3.51250,-0.46976,0.54387,0.55922,0.41327,-0.66652,-0.38070,-0.17532,
1413394964705760512,5.29900,0.86660,3.48860,-0.44693,0.57278,0.57812,0.37143,-0.60439,-0.43102,-0.17230,
1413394964805760256,5.24854,0.82801,3.47779,-0.41579,0.59960,0.59891,0.33001,-0.50852,-0.34773,-0.12290,
1413394964905760512,5.20418,0.80904,3.47976,-0.39596,0.61866,0.60819,0.30097,-0.40980,-0.13531,-0.03331,
1413394965005760512,5.16901,0.80502,3.48751,-0.39749,0.62684,0.60261,0.29316,-0.28108,0.16499,0.11997,
1413394965105760512,5.14408,0.82890,3.51009,-0.42094,0.60163,0.58956,0.33655,-0.17996,0.37397,0.24171,
1413394965205760512,5.12099,0.85818,3.52941,-0.45927,0.56092,0.57168,0.38423,-0.15048,0.39853,0.25792,
1413394965305760256,5.09309,0.87205,3.54657,-0.48368,0.52585,0.56901,0.40713,-0.14460,0.29266,0.19885,
1413394965405760512,5.07932,0.89091,3.56072,-0.47737,0.50814,0.59629,0.39793,-0.13619,0.17875,0.13420,
1413394965505760512,5.07661,0.91180,3.58093,-0.47206,0.49453,0.62537,0.37618,-0.14354,0.12921,0.18612,
1413394965605760512,5.06558,0.92357,3.60795,-0.49207,0.47330,0.63720,0.35754,-0.16888,0.07873,0.27007,
1413394965705760512,5.05631,0.92701,3.64228,0.53167,-0.44113,-0.63677,-0.34243,-0.13086,-0.00599,0.27554,
1413394965805760256,5.05062,0.92141,3.66278,0.54423,-0.41122,-0.65644,-0.32218,-0.06062,-0.11430,0.11484,
1413394965905760512,5.05018,0.90792,3.66699,0.53586,-0.38613,-0.68824,-0.30015,-0.01847,-0.18162,0.02804,
1413394966005760512,5.05072,0.88923,3.66789,0.55384,-0.35357,-0.69627,-0.28888,0.00374,-0.24708,0.02240,
1413394966105760512,5.05895,0.86412,3.66608,0.58780,-0.32117,-0.68803,-0.27922,0.07043,-0.36067,-0.08473,
1413394966205760512,5.08697,0.82514,3.64948,0.57990,-0.30555,-0.71135,-0.25366,0.16332,-0.47010,-0.22798,
1413394966305760256,5.13000,0.78420,3.61656,0.54166,-0.30122,-0.75494,-0.21432,0.22746,-0.52464,-0.33453,
1413394966405760512,5.16045,0.74017,3.57711,-0.49075,0.29885,0.79997,0.17291,0.17573,-0.47251,-0.34974,
1413394966505760512,5.17313,0.70040,3.54698,-0.46697,0.28784,0.82332,0.14573,-0.01197,-0.30787,-0.20087,
1413394966605760512,5.17482,0.67794,3.53186,0.50041,-0.26294,-0.81232,-0.14350,-0.17580,-0.13616,-0.09406,
1413394966705760512,5.19327,0.67604,3.51823,0.55905,-0.22975,-0.78240,-0.15014,-0.18691,-0.09050,-0.07050,
1413394966805760256,5.21018,0.68685,3.51170,0.60631,-0.20044,-0.75526,-0.14759,-0.09899,-0.09781,-0.09972,
1413394966905760512,5.22910,0.69283,3.49765,0.61729,-0.17949,-0.75408,-0.13454,0.02859,-0.12870,-0.17919,
1413394967005760512,5.24881,0.69509,3.47947,0.58827,-0.16120,-0.78373,-0.11709,0.10208,-0.13753,-0.17316,
1413394967105760512,5.26773,0.70756,3.46324,0.54702,-0.14215,-0.81928,-0.09667,0.09924,-0.11859,-0.13252,
1413394967205760512,5.28066,0.73611,3.45989,0.53695,-0.11798,-0.83150,-0.07989,-0.01570,-0.05188,0.01378,
1413394967305760256,5.29194,0.77811,3.48036,0.56974,-0.09165,-0.81401,-0.06617,-0.09458,0.01117,0.13541,
1413394967405760512,5.30493,0.79095,3.50098,0.62147,-0.06662,-0.77873,-0.05406,-0.03892,0.00790,0.19706,
1413394967505760512,5.31304,0.79551,3.51304,0.64993,-0.04823,-0.75776,-0.03270,0.10918,-0.01754,0.12193,
1413394967605760512,5.34796,0.80411,3.51963,0.62716,-0.03084,-0.77824,-0.00816,0.28294,-0.00905,0.07949,
1413394967705760512,5.38900,0.81301,3.53703,0.57867,-0.00818,-0.81549,0.00751,0.33679,0.01842,0.13973,
1413394967805760256,5.41978,0.81835,3.56510,0.56505,0.01452,-0.82463,0.02246,0.27990,0.03768,0.27374,
1413394967905760512,5.43925,0.82423,3.60364,0.58657,0.03984,-0.80804,0.03759,0.22777,0.02022,0.34845,
1413394968005760512,5.46975,0.83541,3.64283,0.61379,0.06710,-0.78452,0.05736,0.27643,0.02744,0.34245,
1413394968105760512,5.50841,0.84851,3.67129,0.60313,0.09434,-0.78846,0.07526,0.36489,0.06225,0.16910,
1413394968205760512,5.54927,0.86356,3.68522,0.56886,0.11622,-0.80949,0.08731,0.37006,0.08595,0.05419,
1413394968305760256,5.58191,0.87565,3.69495,0.55225,0.13206,-0.81756,0.09583,0.31002,0.07605,0.02220,
1413394968405760512,5.60300,0.88035,3.69810,0.55247,0.14696,-0.81374,0.10490,0.24325,0.04534,-0.04738,
1413394968505760512,5.62826,0.88391,3.70129,0.55514,0.16034,-0.80767,0.11738,0.19461,0.01767,-0.05559,
1413394968605760512,5.64645,0.88441,3.70457,0.54565,0.17270,-0.81039,0.12536,0.13405,0.00778,-0.04359,
1413394968705760512,5.65044,0.87787,3.70545,0.53807,0.18588,-0.81301,0.12228,0.04768,-0.03361,-0.00374,
1413394968805760256,5.64537,0.86358,3.70870,0.54550,0.19964,-0.80643,0.11065,-0.02277,-0.11108,0.02764,
1413394968905760512,5.62415,0.83179,3.71310,0.55369,0.19998,-0.80022,0.11441,-0.07995,-0.22140,0.05652,
1413394969005760512,5.60237,0.78727,3.71752,0.56452,0.19649,-0.79079,0.13178,-0.09696,-0.30721,0.06676,
1413394969155760640,5.56279,0.71901,3.71866,0.57519,0.20231,-0.77676,0.15773,-0.12904,-0.34857,-0.05018,
1413394969355760640,5.50778,0.63831,3.66515,0.58893,0.21274,-0.75935,0.17692,-0.10365,-0.28712,-0.35127,
1413394969555760384,5.45116,0.58913,3.57061,0.59692,0.23014,-0.75100,0.16344,-0.00272,-0.19107,-0.43904,
1413394969755760384,5.44567,0.52843,3.48737,0.57315,0.25771,-0.76916,0.11608,0.13539,-0.30528,-0.34711,
1413394969955760384,5.47011,0.41679,3.42914,0.55292,0.25170,-0.78588,0.11540,0.21755,-0.58725,-0.19737,
1413394970155760640,5.49787,0.26088,3.42561,0.53392,0.23081,-0.80181,0.13698,0.12301,-0.79514,0.12731,
1413394970355760640,5.50779,0.08071,3.45558,0.56780,0.20986,-0.77821,0.16717,0.02666,-0.86210,0.11010,
1413394970555760384,5.51466,-0.07925,3.45529,0.59249,0.17651,-0.75564,0.21635,0.08096,-0.66874,-0.13400,
1413394970755760384,5.53303,-0.17704,3.41787,0.59359,0.16076,-0.75192,0.23752,0.09039,-0.28049,-0.17241,
1413394970955760384,5.56498,-0.17602,3.37915,0.57530,0.20928,-0.77349,0.16413,0.15121,0.00645,-0.04121,
1413394971155760640,5.60872,-0.18362,3.40174,0.54874,0.22458,-0.79477,0.12955,0.17996,-0.08639,0.19070,
1413394971355760640,5.63593,-0.23164,3.43653,0.50066,0.22264,-0.82774,0.12089,0.02351,-0.28685,0.04748,
1413394971555760384,5.59956,-0.32101,3.45425,-0.47290,-0.21154,0.84556,-0.12899,-0.36997,-0.56934,0.08926,
1413394971755760384,5.48856,-0.44684,3.49167,0.52019,0.17732,-0.81846,0.16757,-0.72727,-0.63278,0.18756,
1413394971955760384,5.33612,-0.55319,3.53163,0.58139,0.13468,-0.78224,0.17873,-0.83994,-0.43040,0.15891,
1413394972155760640,5.18554,-0.61822,3.54337,0.62054,0.08248,-0.76575,0.14749,-0.73076,-0.14708,-0.03826,
1413394972355760640,5.07077,-0.61826,3.51944,0.63597,0.00828,-0.76598,0.09346,-0.50563,0.15322,-0.18019,
1413394972555760384,5.00154,-0.58098,3.46938,0.61300,-0.08053,-0.78552,0.02642,-0.26981,0.38620,-0.26794,
1413394972755760384,4.97134,-0.50764,3.43191,0.57611,-0.15365,-0.79941,-0.07373,-0.19743,0.53759,-0.10882,
1413394972955760384,4.94801,-0.40648,3.42390,0.55829,-0.21861,-0.78120,-0.17391,-0.21583,0.48257,-0.04951,
1413394973055760384,4.93078,-0.37952,3.42499,0.54878,-0.26050,-0.76728,-0.20561,-0.23800,0.41565,-0.05466,
1413394973155760640,4.89865,-0.36780,3.42420,0.53780,-0.30588,-0.75164,-0.22860,-0.27651,0.34118,-0.06589,
1413394973255760384,4.82688,-0.39391,3.42060,0.52476,-0.35332,-0.73463,-0.24519,-0.33181,0.27958,-0.05564,
1413394973355760640,4.76415,-0.41997,3.41335,0.51149,-0.39758,-0.71437,-0.26455,-0.35913,0.23627,-0.03721,
1413394973455760384,4.70868,-0.43531,3.41528,-0.49808,0.43813,0.69055,0.28827,-0.38142,0.22464,-0.01319,
1413394973555760384,4.65339,-0.45462,3.41748,-0.48196,0.47816,0.66398,0.31338,-0.38899,0.21242,0.01019,
1413394973655760640,4.61654,-0.43921,3.41571,-0.46117,0.51426,0.63902,0.33839,-0.37146,0.22237,0.02743,
1413394973755760384,4.56459,-0.41750,3.41602,-0.44219,0.54462,0.61005,0.36837,-0.38131,0.24575,0.06069,
1413394973855760640,4.51294,-0.39393,3.41884,-0.42526,0.57510,0.57734,0.39383,-0.39370,0.24958,0.05984,
1413394973955760384,4.47975,-0.36846,3.42240,-0.40669,0.60547,0.54486,0.41369,-0.37507,0.25210,0.07242,
1413394974055760384,4.44823,-0.34270,3.42570,-0.38793,0.63327,0.51138,0.43240,-0.33292,0.22928,0.07482,
1413394974155760640,4.41702,-0.31911,3.43111,-0.37021,0.65974,0.47558,0.44889,-0.30347,0.22786,0.08683,
1413394974255760384,4.37815,-0.29123,3.43775,-0.35306,0.68515,0.43730,0.46335,-0.27050,0.22527,0.08862,
1413394974355760640,4.34668,-0.26538,3.44750,-0.33366,0.71053,0.39952,0.47350,-0.21170,0.21041,0.11589,
1413394974455760384,4.32598,-0.23785,3.45709,-0.31305,0.73380,0.36219,0.48203,-0.13619,0.20003,0.14152,
1413394974555760384,4.31247,-0.20988,3.46913,-0.29142,0.75247,0.32535,0.49296,-0.04498,0.17541,0.16794,
1413394974655760640,4.30187,-0.17658,3.48379,-0.26842,0.76048,0.29103,0.51470,0.03301,0.16714,0.18002,
1413394974755760384,4.29470,-0.14366,3.49781,-0.24128,0.76793,0.26203,0.53235,0.07026,0.13844,0.14710,
1413394974855760640,4.28879,-0.10930,3.50953,-0.21194,0.77762,0.23767,0.54213,0.08613,0.13160,0.10530,
1413394974955760384,4.28279,-0.06878,3.51212,-0.17967,0.78640,0.21802,0.54933,0.08709,0.16128,-0.02069,
1413394975055760384,4.27644,-0.01943,3.49699,-0.15343,0.78984,0.19863,0.55961,0.06967,0.21081,-0.14690,
1413394975155760640,4.27001,0.03352,3.47607,-0.13413,0.78587,0.17938,0.57641,0.03801,0.26174,-0.25017,
1413394975255760384,4.26068,0.08937,3.44755,-0.12108,0.78315,0.15889,0.58887,-0.01043,0.30628,-0.34851,
1413394975355760640,4.25166,0.13514,3.41350,-0.10784,0.78370,0.14166,0.59507,-0.07131,0.32093,-0.35434,
1413394975455760384,4.24074,0.17708,3.38064,-0.09156,0.78994,0.12925,0.59238,-0.10417,0.33815,-0.34430,
1413394975555760384,4.22726,0.21948,3.35138,-0.07562,0.79914,0.12058,0.58405,-0.14574,0.36949,-0.30017,
1413394975655760640,4.21357,0.26405,3.32765,-0.06544,0.80788,0.11490,0.57432,-0.14005,0.43295,-0.23294,
1413394975805760256,4.19786,0.33918,3.30207,-0.05874,0.81587,0.11036,0.56455,-0.08878,0.52346,-0.15096,
1413394975955760384,4.19154,0.43165,3.29318,-0.05833,0.80843,0.11011,0.57526,-0.02985,0.61516,-0.02624,
1413394976155760640,4.18256,0.56409,3.29107,-0.06360,0.79202,0.11118,0.59691,-0.06714,0.68718,-0.04119,
1413394976355760640,4.15760,0.69492,3.28577,-0.06335,0.78964,0.11655,0.59905,-0.14482,0.73061,-0.01360,
1413394976505760512,4.12490,0.79123,3.28008,-0.06884,0.77436,0.11622,0.61816,-0.24968,0.74320,-0.00071,
1413394976705760512,4.04858,0.92204,3.26939,-0.08898,0.76267,0.10534,0.63192,-0.48667,0.71828,-0.00714,
1413394976805760256,3.98929,0.97270,3.24772,-0.10315,0.77810,0.09691,0.61198,-0.58054,0.64107,-0.02354,
1413394976905760512,3.92728,1.02134,3.21686,-0.11473,0.80810,0.08841,0.57096,-0.60047,0.55803,-0.05501,
1413394977005760512,3.87512,1.06441,3.18489,-0.11736,0.84073,0.08095,0.52236,-0.50219,0.47441,-0.03238,
1413394977155760640,3.82720,1.11296,3.16455,-0.11786,0.87560,0.06412,0.46402,-0.16110,0.34300,0.02402,
1413394977305760256,3.84958,1.13758,3.16956,-0.09764,0.89161,0.06516,0.43732,0.42206,0.22385,0.17619,
1413394977505760512,4.00714,1.15494,3.22709,-0.04465,0.88512,0.10170,0.45192,1.08173,0.30465,0.32770,
1413394977705760512,4.28238,1.17365,3.31935,-0.03635,0.88042,0.10758,0.46039,1.67087,0.48968,0.40816,
1413394977905760512,4.66437,1.26496,3.42242,-0.03687,0.85358,0.11033,0.50780,2.10380,0.70833,0.46918,
1413394978105760512,5.09876,1.40594,3.52283,-0.03624,0.81747,0.11198,0.56381,2.22399,0.87586,0.40673,
1413394978205760512,5.31682,1.48626,3.57302,-0.03382,0.80951,0.11406,0.57493,2.21650,0.95472,0.29297,
1413394978305760256,5.53702,1.57443,3.61476,-0.03224,0.80641,0.11577,0.57902,2.19363,1.03339,0.19406,
1413394978405760512,5.74615,1.65781,3.66127,-0.03230,0.80531,0.11706,0.58029,2.14631,1.10211,0.09624,
1413394978505760512,5.93184,1.73918,3.71648,-0.03731,0.80543,0.11670,0.57989,2.09011,1.15670,0.03341,
1413394978605760512,6.13316,1.84564,3.74791,-0.04722,0.80614,0.11281,0.57895,2.06275,1.22291,0.06044,
1413394978705760512,6.34268,1.96120,3.76740,-0.06304,0.80799,0.10411,0.57649,2.04402,1.25885,0.10701,
1413394978805760256,6.55063,2.07313,3.79377,-0.07755,0.80865,0.09540,0.57530,2.03646,1.24819,0.15129,
1413394978905760512,6.77098,2.19361,3.82016,-0.08550,0.80855,0.08950,0.57527,2.04594,1.22544,0.17186,
1413394979005760512,6.99016,2.31234,3.84870,-0.08939,0.80374,0.08421,0.58217,2.06579,1.19138,0.11481,
1413394979105760512,7.19527,2.42018,3.86999,-0.09201,0.79261,0.07887,0.59757,2.02561,1.13432,0.02562,
1413394979205760512,7.39485,2.52052,3.88557,-0.10233,0.77656,0.06889,0.61785,1.94605,1.05999,-0.03129,
1413394979305760256,7.58993,2.61892,3.88882,-0.11572,0.76079,0.05894,0.63587,1.85687,0.95701,-0.08328,
1413394979405760512,7.77089,2.70447,3.88440,-0.13216,0.74361,0.04898,0.65359,1.69652,0.81017,-0.03360,
1413394979505760512,7.93399,2.77569,3.88534,-0.14501,0.72276,0.04332,0.67433,1.46818,0.59876,0.08001,
1413394979605760512,8.06854,2.82674,3.89592,-0.14703,0.70386,0.04625,0.69341,1.20244,0.37899,0.18948,
1413394979705760512,8.17282,2.85600,3.91667,-0.14024,0.69939,0.05636,0.69858,0.88548,0.16335,0.28704,
1413394979805760256,8.23182,2.85769,3.94382,-0.11420,0.72259,0.07714,0.67741,0.55044,-0.02912,0.37278,
1413394979905760512,8.28009,2.85415,3.98970,-0.07408,0.76048,0.10143,0.63710,0.35503,-0.09313,0.46701,
1413394980005760512,8.29255,2.84263,4.02990,-0.04762,0.78585,0.11325,0.60610,0.24177,-0.05230,0.47057,
1413394980105760512,8.28626,2.83090,4.06429,-0.03670,0.79341,0.11531,0.59654,0.18045,0.02283,0.40536,
1413394980205760512,8.27140,2.82640,4.09058,-0.03589,0.78719,0.11192,0.60541,0.10052,0.09901,0.30604,
1413394980305760256,8.25201,2.83333,4.10622,-0.04371,0.77905,0.10401,0.61673,0.02516,0.17331,0.20397,
1413394980405760512,8.23828,2.85673,4.11631,-0.04863,0.77854,0.09783,0.61801,-0.06399,0.22978,0.10606,
1413394980505760512,8.17586,2.86204,4.12385,-0.05570,0.78719,0.09403,0.60695,-0.17610,0.25846,0.09286,
1413394980605760512,8.15537,2.88716,4.13392,-0.06581,0.79889,0.08560,0.59171,-0.19995,0.28089,0.12906,
1413394980705760512,8.08999,2.89715,4.14849,-0.07530,0.80575,0.08130,0.58180,-0.22164,0.26345,0.17873,
1413394980805760256,8.03606,2.91116,4.16341,-0.08044,0.80940,0.08086,0.57608,-0.21044,0.24575,0.21173,
1413394980905760512,7.87904,2.86765,4.16262,-0.09237,0.80885,0.09232,0.57333,-0.31224,0.16183,0.19117,
1413394981005760512,7.72884,2.82983,4.14181,-0.09508,0.80984,0.09075,0.57173,-0.37278,0.09580,0.06574,
1413394981105760512,7.69586,2.83605,4.14369,-0.10191,0.81124,0.08759,0.56907,-0.30126,0.07395,-0.03447,
1413394981205760512,7.54858,2.78755,4.07913,-0.10765,0.81260,0.08270,0.56679,-0.35191,-0.01943,-0.18675,
1413394981305760256,7.49602,2.76581,4.03151,-0.10993,0.81394,0.08064,0.56473,-0.28982,-0.08963,-0.28367,
1413394981405760512,7.38402,2.71989,3.99341,-0.09858,0.81356,0.08518,0.56670,-0.29727,-0.17160,-0.25002,
1413394981505760512,7.36333,2.71538,3.97044,-0.08524,0.81341,0.08950,0.56841,-0.22306,-0.16863,-0.20486,
1413394981605760512,7.28892,2.70098,3.95491,-0.07860,0.81507,0.08757,0.56729,-0.21490,-0.15184,-0.19037,
1413394981705760512,7.22357,2.68816,3.93760,-0.07232,0.82086,0.08355,0.56033,-0.19374,-0.14043,-0.20148,
1413394981805760256,7.17299,2.68228,3.91933,-0.06891,0.82677,0.07098,0.55376,-0.15152,-0.11702,-0.19085,
1413394981905760512,7.13680,2.68417,3.90190,-0.06646,0.82999,0.05327,0.55123,-0.08087,-0.11325,-0.17903,
1413394982005760512,7.10645,2.69007,3.88703,-0.06305,0.83120,0.03144,0.55149,-0.02094,-0.11648,-0.14442,
1413394982105760512,7.08126,2.69627,3.87494,-0.06038,0.82936,0.00397,0.55542,0.05249,-0.14915,-0.11134,
1413394982205760512,7.05535,2.69227,3.86405,-0.05784,0.82450,-0.02675,0.56226,0.10056,-0.21111,-0.08752,
1413394982305760256,7.03632,2.67850,3.85395,-0.05171,0.82009,-0.05924,0.56681,0.13093,-0.31441,-0.05983,
1413394982405760512,7.01510,2.65090,3.84522,-0.03839,0.81621,-0.08973,0.56946,0.12954,-0.45599,-0.01535,
1413394982505760512,6.99279,2.59889,3.84003,-0.02396,0.81066,-0.12129,0.57231,0.12527,-0.61116,0.03602,
1413394982605760512,6.98505,2.53219,3.84208,-0.00760,0.80504,-0.15225,0.57330,0.10262,-0.76299,0.07055,
1413394982705760512,6.97447,2.44706,3.85007,0.01365,0.79929,-0.17814,0.57377,0.07844,-0.91980,0.10955,
1413394982805760256,6.97296,2.34740,3.86356,0.03740,0.79311,-0.20172,0.57348,0.06340,-1.06576,0.12006,
1413394982905760512,6.97258,2.23506,3.87935,0.06223,0.78686,-0.22359,0.57183,0.05362,-1.19282,0.15064,
1413394983105760512,6.97828,1.97971,3.91373,0.11176,0.77784,-0.24761,0.56671,0.04508,-1.34852,0.17513,
1413394983305760256,6.99070,1.70368,3.95354,0.13843,0.77268,-0.25115,0.56633,0.06055,-1.41081,0.18587,
1413394983505760512,7.00839,1.42300,3.99742,0.16521,0.77845,-0.23118,0.55971,0.08046,-1.39464,0.17719,
1413394983705760512,7.03483,1.15450,4.01639,0.18282,0.78344,-0.20898,0.55599,0.16537,-1.28444,-0.02749,
1413394983905760512,7.06632,0.90920,3.98499,0.18847,0.78403,-0.19859,0.55708,0.24521,-1.12389,-0.27031,
1413394984105760512,7.11318,0.69598,3.92590,0.18100,0.78526,-0.19238,0.56000,0.33473,-0.93062,-0.37125,
1413394984305760256,7.17016,0.52201,3.85160,0.16758,0.79262,-0.17670,0.55897,0.39565,-0.76301,-0.34943,
1413394984505760512,7.23555,0.36563,3.79056,0.15438,0.80472,-0.16496,0.54898,0.50324,-0.62162,-0.28818,
1413394984705760512,7.30986,0.22185,3.74256,0.13279,0.81374,-0.13755,0.54888,0.60836,-0.49581,-0.22586,
1413394984905760512,7.41571,0.05858,3.70722,0.09919,0.82007,-0.10196,0.55431,0.74467,-0.43087,-0.14460,
1413394985105760512,7.55188,-0.11491,3.68290,0.06974,0.81880,-0.05756,0.56691,0.82181,-0.40729,-0.05419,
1413394985305760256,7.69583,-0.26525,3.68559,0.04770,0.82103,-0.03669,0.56770,0.86882,-0.34562,0.12740,
1413394985505760512,7.84270,-0.36703,3.74875,-0.01037,0.82458,-0.06087,0.56237,0.95532,-0.42601,0.45097,
1413394985705760512,8.00627,-0.45351,3.87380,0.00994,0.82253,-0.04023,0.56721,1.00771,-0.55676,0.53924,
1413394985905760512,8.18771,-0.54993,3.96637,0.04039,0.82099,-0.01719,0.56925,1.04946,-0.49809,0.24185,
1413394986105760512,8.39113,-0.63060,4.01051,0.04625,0.81920,-0.01661,0.57140,1.07896,-0.37462,0.15991,
1413394986305760256,8.60908,-0.68434,4.05298,0.01135,0.81794,-0.04658,0.57330,1.12003,-0.30224,0.23176,
1413394986505760512,8.82246,-0.73008,4.10883,0.00099,0.81676,-0.05783,0.57407,1.13474,-0.38093,0.33406,
1413394986705760512,9.04387,-0.78537,4.17983,0.03702,0.81854,-0.03438,0.57222,1.16508,-0.37736,0.33946,
1413394986905760512,9.27533,-0.81427,4.25267,0.04729,0.81361,-0.02946,0.57874,1.19679,-0.21878,0.33185,
1413394987105760512,9.49546,-0.80976,4.29971,0.01596,0.80616,-0.05553,0.58887,1.12617,-0.15079,0.06689,
1413394987305760256,9.69406,-0.78643,4.29540,0.01489,0.79969,-0.06079,0.59715,1.04606,-0.19201,-0.07153,
1413394987505760512,9.88649,-0.75703,4.28448,0.06081,0.79030,-0.03207,0.60886,0.92238,-0.07991,-0.03290,
1413394987705760512,10.03213,-0.63078,4.28212,0.07663,0.77789,-0.02390,0.62326,0.73987,0.21202,0.02454,
1413394987905760512,10.10629,-0.34430,4.30048,0.08346,0.76577,-0.02601,0.63715,0.46174,0.61595,0.11883,
1413394988105760512,10.13019,-0.05354,4.35897,0.07872,0.75485,-0.03480,0.65023,0.14124,0.94069,0.19020,
1413394988305760256,10.16827,0.20009,4.41911,0.04143,0.75623,-0.06887,0.64936,-0.15137,1.05908,0.19758,
1413394988505760512,10.15028,0.43345,4.46055,0.01929,0.75949,-0.13622,0.63580,-0.42146,0.92181,0.04089,
1413394988705760512,10.05851,0.60633,4.46865,0.06457,0.75876,-0.20024,0.61646,-0.67213,0.70502,-0.06061,
1413394988905760512,9.94095,0.75133,4.45284,0.12852,0.74989,-0.22894,0.60724,-0.81831,0.62921,-0.18392,
1413394989105760512,9.82748,0.91563,4.42821,0.16810,0.75114,-0.23445,0.59378,-0.91175,0.69454,-0.17081,
1413394989305760256,9.70438,1.09596,4.41087,0.17249,0.75918,-0.23897,0.58033,-0.90666,0.77760,-0.10195,
1413394989505760512,9.60676,1.30104,4.40518,0.15651,0.76261,-0.24514,0.57778,-0.87847,0.82736,-0.12981,
1413394989705760512,9.52532,1.51621,4.37987,0.13520,0.76806,-0.24519,0.57592,-0.83885,0.82308,-0.30649,
1413394989905760512,9.39978,1.68501,4.32500,0.08541,0.78739,-0.21636,0.57089,-0.78155,0.71985,-0.45664,
1413394990105760512,9.25594,1.80952,4.23329,0.05133,0.81078,-0.13091,0.56822,-0.72467,0.56750,-0.55714,
1413394990205760512,9.20252,1.86596,4.17445,0.03625,0.81849,-0.07912,0.56789,-0.66470,0.54297,-0.62253,
1413394990355760640,9.12723,1.93930,4.08109,0.01133,0.82399,-0.00189,0.56649,-0.57459,0.53848,-0.62007,
1413394990455760384,9.08026,1.98851,4.02010,-0.00718,0.82599,0.03758,0.56238,-0.51274,0.54704,-0.59129,
1413394990555760384,9.03934,2.02967,3.96058,-0.02688,0.82661,0.06133,0.55878,-0.43217,0.56249,-0.54842,
1413394990655760640,8.99275,2.07101,3.90635,-0.04237,0.82763,0.07417,0.55474,-0.36118,0.57972,-0.51095,
1413394990755760384,8.96113,2.10308,3.85645,-0.05060,0.82718,0.08100,0.55376,-0.26433,0.58236,-0.49485,
1413394990855760640,8.95564,2.10345,3.80737,-0.05449,0.82713,0.08385,0.55304,-0.15049,0.55027,-0.45688,
1413394990955760384,8.98885,2.04635,3.76128,-0.05669,0.82695,0.08324,0.55318,-0.03102,0.45467,-0.42225,
1413394991055760384,8.96599,2.08159,3.72123,-0.05358,0.82638,0.08153,0.55460,0.03042,0.47342,-0.36939,
1413394991155760640,8.96759,2.13904,3.68371,-0.05656,0.82528,0.07264,0.55716,0.10635,0.50390,-0.33578,
1413394991255760384,8.95552,2.18802,3.65708,-0.05740,0.82485,0.06242,0.55896,0.14693,0.49853,-0.30459,
1413394991355760640,8.97169,2.24305,3.62532,-0.05299,0.82574,0.04602,0.55966,0.20908,0.47868,-0.28273,
1413394991455760384,8.97897,2.28522,3.61221,-0.04347,0.82621,0.02458,0.56114,0.26421,0.46214,-0.22923,
1413394991555760384,9.00678,2.33478,3.58780,-0.02933,0.82575,0.00009,0.56328,0.30487,0.41593,-0.22356,
1413394991655760640,9.04617,2.35824,3.57540,-0.01075,0.82265,-0.02243,0.56801,0.36987,0.37479,-0.16554,
1413394991755760384,9.07821,2.40812,3.55764,0.01113,0.81324,-0.04166,0.58032,0.40203,0.37873,-0.13397,
1413394991855760640,9.11716,2.45850,3.54236,0.02323,0.80150,-0.05901,0.59462,0.39863,0.39149,-0.12496,
1413394991955760384,9.15367,2.51268,3.53183,0.02812,0.79307,-0.07362,0.60401,0.37076,0.40258,-0.12770,
1413394992055760384,9.18247,2.56614,3.53021,0.02905,0.79015,-0.09135,0.60537,0.30948,0.39529,-0.13522,
1413394992155760640,9.18388,2.61261,3.54567,0.02735,0.79083,-0.11303,0.60089,0.21714,0.34844,-0.09496,
1413394992255760384,9.19996,2.63363,3.55047,0.03035,0.79438,-0.13236,0.59205,0.17470,0.24592,-0.03426,
1413394992355760640,9.19604,2.66337,3.55478,0.04593,0.79509,-0.14733,0.58652,0.12380,0.15956,0.01239,
1413394992455760384,9.20230,2.67936,3.55835,0.07160,0.79420,-0.15663,0.58274,0.10528,0.09303,0.06062,
1413394992555760384,9.21550,2.69771,3.56102,0.10447,0.79453,-0.15693,0.57721,0.11272,0.09149,0.06696,
1413394992655760640,9.23562,2.72591,3.56236,0.12136,0.79060,-0.16154,0.57803,0.13534,0.14814,0.07000,
1413394992755760384,9.26049,2.75626,3.56377,0.12215,0.78466,-0.17264,0.58274,0.14776,0.18605,0.05806,
1413394992855760640,9.28623,2.78374,3.56560,0.11716,0.78017,-0.18974,0.58447,0.14130,0.19263,0.04157,
1413394992955760384,9.29834,2.79943,3.57076,0.11329,0.77790,-0.20386,0.58350,0.11628,0.16884,0.02143,
1413394993055760384,9.31756,2.81535,3.56564,0.11537,0.77777,-0.21037,0.58096,0.11186,0.13133,-0.08461,
1413394993155760640,9.32539,2.82511,3.55338,0.12415,0.77949,-0.20909,0.57728,0.09888,0.10293,-0.18880,
1413394993255760384,9.33667,2.82520,3.53116,0.13232,0.78204,-0.20388,0.57388,0.08867,0.06928,-0.27513,
1413394993355760640,9.34512,2.82689,3.50335,0.14234,0.78404,-0.19630,0.57139,0.09318,0.07279,-0.29915,
1413394993455760384,9.35033,2.82160,3.47587,0.14909,0.78591,-0.18855,0.56971,0.09905,0.07176,-0.27680,
1413394993555760384,9.36201,2.82730,3.45011,0.15239,0.78688,-0.18321,0.56923,0.11330,0.10863,-0.26306,
1413394993655760640,9.37041,2.82800,3.42665,0.14916,0.78705,-0.18369,0.56971,0.12047,0.11913,-0.25381,
1413394993755760384,9.38026,2.84012,3.39875,0.14468,0.78351,-0.19542,0.57183,0.12107,0.13342,-0.30863,
1413394993855760640,9.39395,2.85427,3.36473,0.14365,0.77869,-0.21624,0.57118,0.11271,0.12240,-0.39239,
1413394993955760384,9.40645,2.85942,3.32380,0.14523,0.77143,-0.24373,0.56956,0.09783,0.08635,-0.44897,
1413394994055760384,9.41446,2.86530,3.27806,0.15143,0.76145,-0.27428,0.56748,0.05237,0.04343,-0.42711,
1413394994155760640,9.41985,2.87052,3.23830,0.16698,0.75077,-0.30174,0.56339,-0.00920,0.00587,-0.29029,
1413394994305760256,9.41428,2.87366,3.20174,0.20495,0.73443,-0.33633,0.55270,-0.10859,-0.01935,-0.18802,
1413394994505760512,9.40087,2.87488,3.18130,0.26324,0.72259,-0.36379,0.52558,-0.09130,-0.00589,-0.01702,
1413394994705760512,9.40363,2.89093,3.19593,0.29356,0.71327,-0.37639,0.51322,0.01618,0.08400,0.15113,
1413394994905760512,9.43449,2.92381,3.24305,0.29984,0.70292,-0.38196,0.51972,0.13678,0.19270,0.16493,
1413394995105760512,9.48655,2.96672,3.24815,0.28185,0.69588,-0.39104,0.53236,0.17902,0.27240,-0.21633,
1413394995305760256,9.52734,3.02581,3.18531,0.25131,0.70585,-0.40644,0.52290,0.13368,0.25041,-0.42544,
1413394995505760512,9.55348,3.06321,3.11447,0.24710,0.72199,-0.40673,0.50224,0.11834,0.10484,-0.40754,
1413394995705760512,9.58187,3.07459,3.05747,0.25623,0.71760,-0.40032,0.50906,0.16554,-0.03863,-0.30077,
1413394995905760512,9.61131,3.07727,3.02885,0.26340,0.70278,-0.39564,0.52933,0.13707,-0.05541,-0.24268,
1413394996105760512,9.62887,3.06714,3.02222,0.27618,0.69582,-0.38983,0.53628,-0.03233,0.03334,0.21510,
1413394996305760256,9.61383,3.07248,3.02150,0.27708,0.69923,-0.38114,0.53762,-0.02131,-0.02064,0.20140,
1413394996505760512,9.61480,3.06021,3.02726,0.27658,0.70422,-0.38110,0.53136,-0.01044,-0.04696,0.03770,
1413394996705760512,9.61417,3.04892,3.03915,0.27589,0.70298,-0.38146,0.53310,-0.00804,-0.06199,0.07636,
1413394996905760512,9.62756,3.04981,3.04798,0.27686,0.70212,-0.38178,0.53351,0.01900,-0.06007,0.06767,
1413394997105760512,9.59630,3.02519,3.05723,0.27545,0.70234,-0.38103,0.53448,-0.01664,-0.09544,0.06661,
1413394997305760256,9.58994,3.00318,3.06915,0.27487,0.70258,-0.38093,0.53453,-0.01762,-0.11393,0.06738,
1413394997505760512,9.58631,2.97875,3.08189,0.27472,0.70269,-0.38080,0.53456,-0.02248,-0.13134,0.06997,
1413394997705760512,9.58403,2.95297,3.09495,0.27450,0.70284,-0.38069,0.53455,-0.02404,-0.14436,0.07194,
1413394997905760512,9.58150,2.92551,3.11022,0.27437,0.70286,-0.38067,0.53461,-0.02490,-0.15910,0.07666,
1413394998105760512,9.58008,2.89422,3.12463,0.27415,0.70290,-0.38060,0.53471,-0.02219,-0.18025,0.07473,
1413394998305760256,9.57783,2.85975,3.13910,0.27396,0.70285,-0.38042,0.53500,-0.02126,-0.19342,0.07723,
