1798503421618,-0.02398,0.15254,0.20331,0.97355,0.15174,0.16876,0.02626,0.42092,-0.19953,0.04293,
1798602945463,0.01015,0.11631,0.20898,0.98147,0.14261,0.12477,0.02857,0.26139,-0.37289,0.07903,
1798702460983,0.02452,0.06953,0.21664,0.98806,0.11644,0.09765,0.02543,0.05188,-0.46118,0.09712,
1798801981389,0.01503,0.01741,0.22358,0.99104,0.08967,0.09736,0.01799,-0.18053,-0.46868,0.04702,
1798901539025,-0.01500,-0.02640,0.22101,0.99076,0.06954,0.11588,0.01100,-0.34972,-0.37423,-0.05407,
1799001021254,-0.05631,-0.05786,0.21033,0.98812,0.05860,0.14197,0.00543,-0.43827,-0.21837,-0.12062,
1799100611202,-0.10289,-0.07233,0.19342,0.98358,0.05302,0.17248,0.00171,-0.43317,-0.04108,-0.17253,
1799200093359,-0.14627,-0.06974,0.17295,0.97801,0.06109,0.19943,-0.00085,-0.37411,0.13653,-0.22203,
1799299575035,-0.18281,-0.04793,0.14738,0.97098,0.08683,0.22286,0.00148,-0.24141,0.28210,-0.19955,
1799399132306,-0.19843,-0.01384,0.13041,0.96710,0.10982,0.22923,0.01027,-0.06744,0.37160,-0.07160,
1799498612202,-0.19330,0.02395,0.13046,0.96841,0.11505,0.21874,0.03314,0.09279,0.37322,0.10382,
1799598132515,-0.17360,0.05688,0.15067,0.97080,0.11445,0.20386,0.05372,0.22766,0.32828,0.31179,
1799697649411,-0.14645,0.08419,0.19020,0.97460,0.11395,0.17882,0.07202,0.31423,0.20505,0.46255,
1799797168150,-0.11287,0.09492,0.23820,0.98239,0.09161,0.13712,0.08779,0.34457,-0.00588,0.46815,
1799896686254,-0.07870,0.08091,0.28090,0.99076,0.05654,0.08747,0.08690,0.25901,-0.23644,0.35189,
1799996282254,-0.05729,0.04622,0.30996,0.99473,0.03030,0.06506,0.07322,0.05750,-0.38038,0.20426,
1800095771306,-0.06235,0.00410,0.32415,0.99565,0.01119,0.07701,0.05122,-0.19477,-0.40594,0.05986,
1800195315150,-0.09531,-0.03566,0.32421,0.99343,-0.01277,0.10728,0.03782,-0.39264,-0.31452,-0.04489,
1800327981254,-0.15202,-0.06649,0.31040,0.98304,-0.04803,0.17067,0.04691,-0.41979,-0.06000,-0.11270,
1800427457140,-0.18779,-0.06509,0.29630,0.97168,-0.05121,0.21529,0.08289,-0.26701,0.15648,-0.10102,
1800526975150,-0.20842,-0.04449,0.28181,0.95798,-0.04491,0.24809,0.13679,-0.12605,0.32217,-0.11166,
1800626621179,-0.21357,-0.00664,0.26631,0.94530,-0.02392,0.26943,0.18234,0.03085,0.44484,-0.13556,
1800726181626,-0.20287,0.04050,0.24880,0.93890,0.00278,0.27932,0.20108,0.21731,0.51602,-0.15598,
1800825702626,-0.17065,0.09110,0.23451,0.94234,0.03441,0.26935,0.19559,0.40238,0.49534,-0.10895,
1800991525887,-0.08507,0.15002,0.22204,0.96064,0.09809,0.22559,0.12908,0.50775,0.20385,-0.04759,
1801190560095,0.00921,0.14831,0.21862,0.97274,0.16972,0.15796,-0.00496,0.34117,-0.17367,0.02168,
1801290079783,0.03792,0.12216,0.22148,0.97219,0.18702,0.11382,-0.08313,0.09689,-0.29747,0.01393,
1801389625044,0.04150,0.08740,0.22120,0.96851,0.18471,0.08931,-0.14101,-0.17474,-0.31028,-0.04532,
1801489101045,0.01572,0.05510,0.21449,0.96281,0.18628,0.09123,-0.17313,-0.41810,-0.26945,-0.09998,
1801621750148,-0.05772,0.02555,0.20244,0.95659,0.18137,0.12167,-0.19299,-0.61770,-0.21902,-0.07283,
1801787616044,-0.16126,-0.01092,0.20042,0.95462,0.15107,0.15832,-0.20203,-0.55099,-0.25881,0.05584,
1801920380096,-0.21868,-0.04614,0.21599,0.95663,0.12263,0.17190,-0.20069,-0.28982,-0.28366,0.20383,
1802119344992,-0.22375,-0.09147,0.27755,0.97694,0.04348,0.14700,-0.14862,0.17525,-0.10264,0.36666,
1802252078253,-0.18435,-0.09567,0.32058,0.98759,0.00482,0.12101,-0.09996,0.36602,0.09104,0.26184,
1802351557149,-0.14160,-0.08171,0.33947,0.99267,-0.00608,0.10209,-0.06443,0.47088,0.22561,0.10168,
1802451129044,-0.09261,-0.05443,0.33981,0.99603,-0.00570,0.08502,-0.02567,0.48310,0.31053,-0.14477,
1802550635097,-0.04598,-0.02102,0.31457,0.99720,0.00350,0.07460,0.00268,0.43319,0.32157,-0.38144,
1802650114304,-0.00596,0.00910,0.26665,0.99776,0.00904,0.06334,0.01972,0.35292,0.24790,-0.60021,
1802749633992,0.02648,0.02679,0.20097,0.99858,0.00657,0.04582,0.02623,0.28872,0.11490,-0.73116,
1802849255304,0.05291,0.03287,0.12554,0.99946,0.00505,0.02453,0.02120,0.19467,0.02158,-0.79075,
1802981900992,0.07251,0.03014,0.01828,0.99979,0.00463,0.01366,0.01475,0.09111,-0.04093,-0.79393,
1803081365044,0.08053,0.02309,-0.05990,0.99979,-0.00838,0.00462,0.01791,0.04835,-0.07473,-0.69172,
1803214186044,0.08247,0.01300,-0.14539,0.99971,-0.01399,-0.00251,0.01951,-0.01603,-0.03792,-0.54285,
1803313579357,0.08147,0.00952,-0.19631,0.99983,-0.00287,0.00571,0.01733,0.00106,-0.02859,-0.38007,
1803413094564,0.08354,0.00591,-0.23135,0.99980,-0.01086,0.00199,0.01678,0.02840,-0.01930,-0.20254,
1803545891304,0.08662,0.00543,-0.25438,0.99948,-0.01594,-0.00609,0.02737,0.05088,-0.00386,-0.06104,
1803744775048,0.09264,0.00423,-0.27752,0.99929,-0.01056,-0.00887,0.03514,0.01582,0.00343,-0.02692,
1803844379340,0.09475,0.00532,-0.29397,0.99902,-0.01545,-0.01058,0.04011,0.01822,-0.00076,-0.06011,
1803943801288,0.09405,0.00639,-0.30564,0.99916,-0.01396,-0.00819,0.03768,-0.01715,0.00621,-0.07428,
1804043320183,0.09012,0.00746,-0.31277,0.99928,-0.00061,0.00088,0.03800,-0.02587,0.00303,-0.02657,
1804142836735,0.08885,0.00701,-0.31441,0.99930,-0.00086,-0.00466,0.03710,-0.00603,-0.01432,-0.00215,
1804242356736,0.08916,0.00659,-0.31536,0.99937,-0.00129,-0.00310,0.03545,0.00098,0.00406,-0.02530,
1804341876766,0.08934,0.00730,-0.31601,0.99935,-0.00214,-0.00071,0.03597,-0.00294,0.00786,0.00077,
1804441432943,0.08909,0.00781,-0.31665,0.99935,-0.00230,-0.00006,0.03588,-0.00488,0.00783,-0.00878,
1804541038631,0.08905,0.00822,-0.31760,0.99933,-0.00319,0.00219,0.03638,-0.00473,0.00478,-0.01331,
1804640479735,0.08900,0.00876,-0.31859,0.99929,-0.00638,0.00420,0.03685,0.00300,0.00536,-0.00454,
1804740036735,0.08897,0.00956,-0.31933,0.99926,-0.00650,0.00492,0.03749,-0.00053,0.00828,0.00126,
1804839469839,0.08888,0.00953,-0.31952,0.99928,-0.00642,0.00487,0.03720,0.00152,0.00042,0.00329,
1804938988735,0.08874,0.00932,-0.31975,0.99929,-0.00634,0.00515,0.03688,0.00237,0.00165,0.00184,
1805038547840,0.08835,0.00860,-0.32001,0.99931,-0.00773,0.00583,0.03578,0.00151,0.00202,0.00229,
1805138027735,0.08848,0.00907,-0.31999,0.99931,-0.00741,0.00542,0.03610,-0.00497,-0.01109,-0.00344,
1805237545735,0.08861,0.00913,-0.32009,0.99932,-0.00672,0.00528,0.03578,-0.00508,-0.00792,-0.00179,
1805337063735,0.08853,0.00912,-0.32009,0.99932,-0.00657,0.00508,0.03595,-0.00298,-0.00447,-0.00031,
1805436653787,0.08836,0.00904,-0.32010,0.99932,-0.00650,0.00528,0.03583,-0.00034,-0.00129,0.00304,
1805536174735,0.08827,0.00894,-0.32007,0.99932,-0.00650,0.00525,0.03579,-0.00001,0.00229,0.00323,
1805635624339,0.08822,0.00895,-0.32006,0.99933,-0.00686,0.00528,0.03544,-0.00123,0.00470,0.00219,
1805735140840,0.08816,0.00898,-0.32005,0.99934,-0.00708,0.00533,0.03510,-0.00068,0.00511,0.00160,
1805834737236,0.08810,0.00901,-0.32002,0.99935,-0.00722,0.00535,0.03495,-0.00095,0.00433,0.00227,
1805934179516,0.08803,0.00908,-0.31999,0.99935,-0.00736,0.00546,0.03477,-0.00041,0.00365,0.00239,
1806033697735,0.08799,0.00910,-0.31993,0.99936,-0.00750,0.00553,0.03454,-0.00013,0.00232,0.00232,
1806166466840,0.08795,0.00914,-0.31993,0.99936,-0.00745,0.00555,0.03445,-0.00043,0.00349,0.00164,
1806299081735,0.08794,0.00919,-0.31985,0.99936,-0.00770,0.00586,0.03441,0.00062,0.00312,0.00226,
1806398641683,0.08793,0.00920,-0.31984,0.99936,-0.00776,0.00590,0.03445,0.00028,0.00346,0.00261,
1806498201788,0.08792,0.00921,-0.31983,0.99936,-0.00788,0.00581,0.03444,-0.00005,0.00373,0.00300,
1806597663735,0.08784,0.00930,-0.31978,0.99937,-0.00808,0.00594,0.03394,-0.00016,0.00407,0.00321,
1806697157735,0.08788,0.00942,-0.31989,0.99939,-0.00759,0.00585,0.03351,-0.00030,0.00417,0.00322,
1806796720735,0.08781,0.00945,-0.31993,0.99940,-0.00721,0.00565,0.03326,-0.00203,0.00250,0.00374,
1806896195787,0.08778,0.00950,-0.31992,0.99942,-0.00713,0.00565,0.03297,-0.00174,0.00259,0.00332,
1806995754787,0.08768,0.00953,-0.31992,0.99942,-0.00704,0.00561,0.03275,-0.00327,0.00236,0.00422,
1807128434787,0.08761,0.00957,-0.31987,0.99943,-0.00691,0.00571,0.03254,-0.00317,0.00232,0.00363,
1807261099048,0.08774,0.00971,-0.32002,0.99944,-0.00714,0.00558,0.03232,-0.00001,0.00306,0.00271,
1807360659683,0.08772,0.00972,-0.32003,0.99944,-0.00710,0.00548,0.03213,-0.00148,0.00180,0.00282,
1807460177683,0.08778,0.00977,-0.32009,0.99945,-0.00724,0.00548,0.03175,-0.00057,0.00248,0.00394,
1807559698683,0.08774,0.00984,-0.32012,0.99946,-0.00733,0.00545,0.03146,-0.00075,0.00263,0.00422,
1807659174683,0.08748,0.00978,-0.31995,0.99947,-0.00696,0.00544,0.03148,-0.00354,0.00262,0.00757,
1807758734839,0.08725,0.00978,-0.31982,0.99947,-0.00652,0.00535,0.03146,-0.00591,0.00051,0.00703,
1807858257568,0.08710,0.00965,-0.31971,0.99947,-0.00611,0.00537,0.03166,-0.00771,-0.00238,0.00616,
1807957733256,0.08701,0.00967,-0.31965,0.99947,-0.00624,0.00520,0.03156,-0.00761,0.00069,0.00841,
1808057250735,0.08685,0.00967,-0.31954,0.99947,-0.00659,0.00503,0.03155,-0.00713,0.00271,0.01917,
1808156858735,0.08653,0.00967,-0.31932,0.99947,-0.00654,0.00491,0.03159,-0.01611,-0.00458,0.01111,
1808256289995,0.08657,0.00971,-0.31948,0.99948,-0.00622,0.00485,0.03125,-0.02076,-0.00458,-0.00364,
1808355807735,0.08671,0.00994,-0.31948,0.99950,-0.00636,0.00530,0.03042,-0.01104,-0.00770,0.00809,
1808455433683,0.08671,0.01005,-0.31940,0.99951,-0.00666,0.00535,0.03012,-0.00797,-0.00045,0.00715,
1808554850412,0.08662,0.01005,-0.31936,0.99951,-0.00675,0.00542,0.02999,-0.00769,-0.00056,0.01197,
1808654490641,0.08669,0.01012,-0.31920,0.99952,-0.00674,0.00515,0.02978,-0.00928,0.00243,0.01402,
1808753886735,0.08654,0.01009,-0.31921,0.99953,-0.00672,0.00508,0.02942,-0.01156,0.00139,0.00879,
1808853500787,0.08647,0.01017,-0.31914,0.99954,-0.00700,0.00491,0.02926,-0.01494,0.00469,0.00532,
1808953014735,0.08647,0.01017,-0.31887,0.99952,-0.00747,0.00595,0.02947,-0.00423,0.00488,0.00760,
1809052542892,0.08649,0.01020,-0.31896,0.99954,-0.00621,0.00571,0.02908,-0.00098,0.00372,0.00013,
1809151958788,0.08657,0.01013,-0.31884,0.99955,-0.00564,0.00577,0.02888,-0.00215,0.00318,-0.00232,
1809251478683,0.08662,0.01031,-0.31865,0.99955,-0.00629,0.00600,0.02864,-0.00390,-0.00131,0.00382,
1809351070839,0.08650,0.01007,-0.31832,0.99954,-0.00610,0.00650,0.02905,0.00323,0.00559,-0.00455,
1809450646839,0.08657,0.01004,-0.31830,0.99954,-0.00577,0.00667,0.02898,0.00425,-0.00762,-0.00421,
1809550075683,0.08656,0.00972,-0.31767,0.99960,-0.00589,0.00562,0.02726,-0.00230,-0.01048,-0.00418,
1809649577443,0.08739,0.00846,-0.31676,0.99970,-0.00661,0.00481,0.02330,0.02014,-0.00922,0.03772,
1809749072683,0.08945,0.00722,-0.31366,0.99980,-0.00661,0.00133,0.01903,0.01940,-0.01786,0.03885,
1809848594735,0.09399,0.00501,-0.30627,0.99987,-0.00884,-0.00753,0.01128,0.04568,-0.02118,0.10813,
1809948151735,0.10050,0.00225,-0.29504,0.99988,-0.00769,-0.01327,0.00225,0.02351,-0.02707,0.15808,
1810047634683,0.10362,-0.00104,-0.27489,0.99979,-0.01001,-0.01756,-0.00158,0.01023,-0.03520,0.24114,
1810147149683,0.10427,-0.00302,-0.24913,0.99988,-0.01181,-0.00875,-0.00486,-0.03351,-0.00931,0.28677,
1810246741735,0.10293,-0.00274,-0.21956,0.99985,-0.01333,0.00661,-0.00887,-0.02239,-0.00545,0.33606,
1810346227735,0.10127,-0.00303,-0.18497,0.99970,-0.01157,0.01722,-0.01293,-0.01186,0.00499,0.37747,
1810445708735,0.10204,-0.00337,-0.14456,0.99928,-0.01073,0.03339,-0.01432,0.02560,0.01608,0.46341,
1810545229308,0.11047,-0.00198,-0.09380,0.99859,-0.00381,0.05204,-0.01013,0.11990,0.02232,0.56060,
1810644745839,0.12810,-0.00046,-0.03247,0.99783,0.00332,0.06559,-0.00513,0.24928,0.00507,0.65286,
1810744264944,0.15986,-0.00062,0.03419,0.99636,0.01369,0.08418,0.00013,0.37653,-0.02721,0.69703,
1810843916724,0.20723,-0.00561,0.10807,0.99434,0.02264,0.10375,0.00218,0.58802,-0.09481,0.77970,
1810943402244,0.27610,-0.01794,0.19271,0.99407,0.02208,0.10640,0.00371,0.82789,-0.17592,0.87717,
1811042995140,0.36837,-0.03804,0.28106,0.99448,0.02019,0.10284,0.00426,1.01990,-0.23108,0.88812,
1811175655296,0.52281,-0.07363,0.39074,0.99374,0.01962,0.10994,0.00406,1.25597,-0.29747,0.79222,
1811275133452,0.65772,-0.10463,0.46639,0.99343,0.01711,0.11296,0.00713,1.45920,-0.32476,0.72810,
1811407824140,0.86952,-0.15048,0.55320,0.99379,0.01449,0.10791,0.02292,1.68860,-0.37130,0.58528,
1811507343244,1.04782,-0.18770,0.60445,0.99360,0.00307,0.10520,0.04108,1.85094,-0.38245,0.46527,
1811606863401,1.24391,-0.22429,0.64771,0.99225,-0.00050,0.10747,0.06238,1.99512,-0.34886,0.35495,
1811706469900,1.44959,-0.25801,0.67564,0.98951,0.00061,0.11536,0.08695,2.14993,-0.34516,0.20720,
1811805906244,1.66819,-0.29070,0.68623,0.98687,-0.00674,0.11414,0.11406,2.29697,-0.32465,0.02438,
1811905419609,1.90168,-0.32239,0.67754,0.98206,-0.00738,0.12545,0.14061,2.41017,-0.28978,-0.15641,
1812038153244,2.23255,-0.35815,0.64716,0.97420,-0.00534,0.14674,0.17137,2.69670,-0.22855,-0.24382,
1812137631349,2.51243,-0.37670,0.62245,0.97041,-0.01375,0.14035,0.19603,2.95068,-0.17495,-0.26608,
1812237164296,2.81080,-0.38675,0.59423,0.96391,-0.03854,0.12722,0.23068,3.15306,-0.06083,-0.24579,
1812336714505,3.13058,-0.38646,0.57097,0.95475,-0.06756,0.10397,0.27033,3.30396,0.12690,-0.19251,
1812436267504,3.45886,-0.36585,0.55066,0.94223,-0.08957,0.07849,0.31308,3.33714,0.33583,-0.18223,
1812535708609,3.79326,-0.32428,0.53113,0.92505,-0.11008,0.05435,0.35946,3.32569,0.55975,-0.17455,
1812635226244,4.12309,-0.26061,0.50969,0.90525,-0.12653,0.03735,0.40388,3.21035,0.77003,-0.22307,
1812801128192,4.65157,-0.10857,0.46366,0.87144,-0.12635,0.04428,0.47188,3.01476,1.15244,-0.26750,
1812933781401,5.04232,0.06115,0.42739,0.84063,-0.12244,0.04479,0.52569,2.87351,1.43105,-0.26179,
1813066474348,5.40934,0.27680,0.39668,0.80325,-0.13904,0.03147,0.57834,2.71966,1.74412,-0.22262,
1813199118161,5.75089,0.52766,0.36242,0.76006,-0.16173,0.02175,0.62903,2.42297,2.04993,-0.23302,
1813331769796,6.06589,0.81961,0.32515,0.71328,-0.16602,0.02552,0.68045,2.08736,2.36157,-0.22562,
1813497635786,6.39457,1.25206,0.29116,0.64364,-0.15691,0.03002,0.74847,1.69963,2.76121,-0.08716,
1813663505004,6.64999,1.73982,0.28451,0.58008,-0.15603,0.02446,0.79910,1.30296,3.08439,0.03591,
1813796194140,6.80323,2.16830,0.29026,0.55928,-0.15795,0.02102,0.81352,1.01021,3.32631,0.06353,
1813928885994,6.92150,2.62504,0.29302,0.55565,-0.16442,0.00585,0.81497,0.67975,3.51361,0.02127,
1814094825692,7.00095,3.23689,0.28651,0.55809,-0.16970,-0.00751,0.81221,0.19711,3.73129,-0.04324,
1814227538744,7.01238,3.74887,0.27350,0.56106,-0.16530,-0.00691,0.81107,-0.16610,3.86994,-0.10567,
1814326961744,6.99608,4.14513,0.25594,0.55956,-0.16061,-0.00330,0.81307,-0.42431,3.96984,-0.14163,
1814426484692,6.94599,4.54450,0.23783,0.55585,-0.15249,0.00548,0.81716,-0.65947,4.06563,-0.15962,
1814559251254,6.82786,5.05783,0.21797,0.54213,-0.14529,0.00781,0.82760,-0.95144,4.14553,-0.14676,
1814658791526,6.71896,5.46718,0.20374,0.53146,-0.14375,0.00663,0.83477,-1.14921,4.23571,-0.12948,
1814758301151,6.58434,5.88471,0.19385,0.52221,-0.14259,0.00602,0.84079,-1.37561,4.31388,-0.08533,
1814857833692,6.42777,6.29850,0.18884,0.51814,-0.13733,0.00819,0.84416,-1.60659,4.36887,-0.04778,
1814957267501,6.25816,6.72931,0.18586,0.51901,-0.12690,0.01989,0.84506,-1.77598,4.43174,-0.04469,
1815056804709,6.07831,7.17823,0.17932,0.51911,-0.11974,0.02771,0.84582,-1.86831,4.51897,-0.07795,
1815156278813,5.88676,7.62892,0.17243,0.51861,-0.11897,0.02569,0.84631,-1.98614,4.59803,-0.07629,
1815255786490,5.68053,8.08505,0.16385,0.52014,-0.11260,0.03176,0.84603,-2.13183,4.65190,-0.09190,
1815355266604,5.45754,8.54958,0.15406,0.52380,-0.09798,0.05357,0.84449,-2.21853,4.71974,-0.11881,
1815454914260,5.23536,9.03318,0.14120,0.52642,-0.08063,0.07832,0.84276,-2.23532,4.83758,-0.12603,
1815554302344,5.01016,9.52168,0.12851,0.52852,-0.06413,0.10004,0.84056,-2.21699,4.97662,-0.13194,
1815653823344,4.79478,10.02597,0.11557,0.52920,-0.04912,0.11635,0.83905,-2.12332,5.15629,-0.09654,
1815753427828,4.58479,10.54961,0.10666,0.52836,-0.03814,0.11368,0.84051,-2.00811,5.31693,-0.06646,
1815853029089,4.38601,11.09008,0.10606,0.52070,-0.03128,0.10577,0.84659,-1.91207,5.45615,0.06480,
1815952568480,4.19440,11.64767,0.11943,0.50652,-0.02834,0.09664,0.85633,-1.81124,5.58647,0.20546,
1816052088480,4.01657,12.21134,0.14733,0.49037,-0.02989,0.07720,0.86757,-1.73291,5.68146,0.35453,
1816151607637,3.84719,12.77794,0.18993,0.47166,-0.03448,0.05345,0.87948,-1.69025,5.73122,0.49766,
1816251126366,3.69025,13.33865,0.25029,0.44992,-0.04113,0.02620,0.89174,-1.67886,5.71887,0.64255,
1816383857792,3.47161,14.08993,0.34883,0.41878,-0.05097,-0.00432,0.90664,-1.74884,5.61526,0.84084,
1816516511636,3.23765,14.82195,0.47167,0.38087,-0.06074,-0.02392,0.92232,-1.86739,5.46284,0.98938,
1816616070480,3.05709,15.37218,0.57017,0.34745,-0.06877,-0.03844,0.93438,-1.95364,5.34139,1.04472,
1816715553876,2.86475,15.95471,0.66042,0.31139,-0.07790,-0.05575,0.94544,-2.04511,5.25068,1.05174,
1816815108480,2.64411,16.49336,0.75928,0.27378,-0.08780,-0.07496,0.95484,-2.21411,5.08287,1.05194,
1816914585532,2.43239,16.92958,0.87321,0.23374,-0.09860,-0.10228,0.96186,-2.36793,4.80225,1.00545,
1817014147792,2.20095,17.36322,0.97635,0.18911,-0.11141,-0.12645,0.96739,-2.53540,4.47492,0.88705,
1817113624428,1.94132,17.80289,1.05790,0.14090,-0.12405,-0.13140,0.97339,-2.74929,4.17199,0.76951,
1817213186876,1.68619,18.14006,1.13797,0.08744,-0.12934,-0.13853,0.97797,-2.88381,3.81236,0.63344,
1817312765480,1.40605,18.46277,1.20147,0.03444,-0.13591,-0.14904,0.97884,-3.05339,3.43395,0.49277,
1817445354532,0.99246,18.85882,1.25920,-0.02723,-0.14384,-0.13971,0.97931,-3.29188,2.94641,0.33067,
1817546579703,0.68793,19.08049,1.30405,-0.07897,-0.13763,-0.16397,0.97362,-3.48295,2.55541,0.33913,
1817644692668,0.33707,19.30016,1.33516,-0.12881,-0.12765,-0.20414,0.96200,-3.62307,2.08055,0.26686,
1817777402877,-0.17222,19.57038,1.35760,-0.18673,-0.12236,-0.23184,0.94679,-3.76646,1.46077,0.08781,
1817876921918,-0.55254,19.69787,1.36077,-0.23384,-0.10879,-0.25853,0.93094,-3.79526,1.01864,-0.14492,
1817976480814,-0.95761,19.79268,1.32609,-0.28048,-0.11375,-0.26340,0.91597,-3.74344,0.46449,-0.40954,
1818076112888,-1.33079,19.80934,1.28157,-0.33206,-0.12184,-0.24806,0.90186,-3.73226,-0.09509,-0.50021,
1818208890623,-1.80466,19.73715,1.20981,-0.39668,-0.12197,-0.24614,0.87589,-3.68558,-0.75243,-0.65868,
1818308448728,-2.13173,19.60492,1.14167,-0.44192,-0.11842,-0.25034,0.85324,-3.54278,-1.29108,-0.77698,
1818408091887,-2.46669,19.43964,1.06067,-0.48620,-0.12102,-0.24641,0.82961,-3.41323,-1.82410,-0.87413,
1818507563991,-2.79208,19.23024,0.97276,0.53841,0.11103,0.23879,-0.80048,-3.27034,-2.36978,-0.90433,
1818607193789,-3.09705,18.96490,0.88450,0.59006,0.09835,0.22266,-0.76979,-3.03938,-2.86246,-0.86846,
1818706712840,-3.38210,18.66002,0.80464,0.63932,0.08409,0.20118,-0.73738,-2.82310,-3.28577,-0.75497,
1818806232684,-3.64421,18.31261,0.74116,0.68500,0.05347,0.18919,-0.70152,-2.59962,-3.65405,-0.60384,
1818905751736,-3.88673,17.93428,0.68529,0.72249,0.01429,0.18648,-0.66560,-2.29768,-3.89361,-0.53009,
1819038538132,-4.16008,17.39896,0.61137,0.75707,-0.02921,0.19165,-0.62391,-1.87142,-4.08606,-0.56021,
1819137961736,-4.32708,16.98391,0.55516,0.77480,-0.06609,0.20119,-0.59569,-1.47709,-4.17382,-0.59506,
1819270652788,-4.49467,16.42151,0.46447,0.78910,-0.08407,0.20445,-0.57311,-0.89547,-4.17396,-0.71365,
1819370213788,-4.56280,16.00411,0.39004,0.79621,-0.07789,0.20186,-0.56501,-0.49820,-4.16449,-0.79771,
1819502964091,-4.59589,15.44167,0.27778,0.80691,-0.07305,0.19905,-0.55130,0.02339,-4.19159,-0.90020,
1819701915923,-4.50387,14.60504,0.08961,0.81661,-0.01295,0.15147,-0.55681,0.75452,-4.26219,-0.98232,
1819867866048,-4.33785,13.89747,-0.06720,0.81800,0.02627,0.11051,-0.56389,0.96986,-4.38928,-0.95348,
1820133156622,-4.03046,12.70134,-0.27996,0.81882,0.04507,0.07528,-0.56730,1.32982,-4.61657,-0.50055,
1820232711684,-3.90030,12.23874,-0.31351,0.81804,0.06132,0.05642,-0.56910,1.29056,-4.71700,-0.26514,
1820332189736,-3.77633,11.77271,-0.32865,0.81782,0.06178,0.05399,-0.56960,1.24901,-4.80060,-0.09282,
1820431755101,-3.63824,11.29700,-0.33032,0.81757,0.06485,0.05056,-0.56993,1.25728,-4.87595,0.06577,
1820531299997,-3.50335,10.81459,-0.31535,0.81736,0.06460,0.05005,-0.57030,1.22010,-4.95807,0.16240,
1820630747736,-3.36955,10.32046,-0.29786,0.81749,0.05476,0.05680,-0.57051,1.21388,-5.02026,0.16437,
1820730265840,-3.25177,9.81737,-0.27729,0.82086,0.04272,0.06738,-0.56553,1.23956,-5.07554,0.18015,
1820829826684,-3.12222,9.32038,-0.25561,0.82745,0.02987,0.07717,-0.55540,1.27384,-5.09792,0.22972,
1820929382893,-2.98352,8.81532,-0.22831,0.83728,0.00881,0.09182,-0.53893,1.37521,-5.11656,0.30511,
1821028822840,-2.80770,8.31601,-0.19420,0.85116,-0.01330,0.10830,-0.51343,1.58316,-5.09047,0.35236,
1821128341788,-2.62806,7.81475,-0.15598,0.86707,-0.01945,0.12093,-0.48289,1.80722,-5.03465,0.36960,
1821227860684,-2.44935,7.30625,-0.11892,0.88355,-0.01600,0.12801,-0.45023,1.98639,-5.03427,0.36485,
1821360552736,-2.18664,6.62976,-0.06895,0.90160,-0.01019,0.12778,-0.41315,2.20331,-5.03472,0.32013,
1821460110841,-1.96298,6.12783,-0.03884,0.91179,-0.00324,0.12459,-0.39129,2.37102,-5.00989,0.23352,
1821592713874,-1.63567,5.47135,-0.01388,0.92306,0.00347,0.12172,-0.36486,2.56321,-5.01809,0.13958,
1821725445873,-1.28990,4.78535,0.00038,0.93512,-0.00219,0.12459,-0.33170,2.77526,-5.00178,0.06229,
1821858097769,-0.90746,4.12375,0.00538,0.94883,0.00195,0.12405,-0.29041,2.97100,-4.96706,-0.02586,
1821957607823,-0.60213,3.62800,-0.00078,0.95760,-0.00068,0.12517,-0.25948,3.13090,-4.94775,-0.08174,
1822090260239,-0.16098,3.00627,-0.01101,0.96611,-0.00128,0.12568,-0.22545,3.39151,-4.85527,-0.12376,
1822189818614,0.20717,2.49571,-0.02637,0.97134,-0.00159,0.12864,-0.19985,3.57289,-4.86873,-0.19790,
1822289405615,0.59405,1.92972,-0.05395,0.97717,-0.02712,0.13049,-0.16545,3.78601,-4.91485,-0.25829,
1822388856667,0.98581,1.43597,-0.08252,0.98151,-0.06100,0.12916,-0.12740,3.98155,-4.76873,-0.29278,
1822488375666,1.40370,0.95983,-0.11478,0.98381,-0.09456,0.12574,-0.08581,4.18867,-4.56928,-0.30076,
1822587958801,1.84632,0.49706,-0.14794,0.98364,-0.12644,0.12148,-0.04127,4.38792,-4.27378,-0.30889,
1822687451909,2.26729,0.13997,-0.17152,0.98159,-0.15022,0.11785,0.00531,4.50843,-3.84203,-0.33650,
1822786844221,2.72742,-0.22318,-0.20589,0.97603,-0.17530,0.11455,0.05927,4.66538,-3.41768,-0.35592,
1822886371909,3.15571,-0.47768,-0.22931,0.96486,-0.20813,0.10339,0.12261,4.70971,-2.88178,-0.38214,
1822985788393,3.54797,-0.62960,-0.24621,0.94872,-0.24029,0.08874,0.18527,4.65233,-2.21919,-0.41117,
1823085307445,3.95364,-0.75196,-0.27538,0.93060,-0.26312,0.06941,0.24483,4.52567,-1.53469,-0.46266,
1823184827706,4.33805,-0.81698,-0.30988,0.90929,-0.27884,0.04619,0.30547,4.30198,-0.87378,-0.53485,
1823284304549,4.70695,-0.83273,-0.35641,0.88431,-0.28963,0.02308,0.36549,3.99849,-0.24485,-0.63919,
1823383826425,4.98849,-0.73675,-0.39686,0.85857,-0.28557,0.00756,0.42572,3.54823,0.43563,-0.68058,
1823516459840,5.37382,-0.60428,-0.47484,0.82088,-0.26148,-0.01186,0.50759,2.95614,1.14503,-0.67861,
1823615978893,5.60928,-0.45902,-0.53189,0.78648,-0.24152,-0.02438,0.56791,2.48131,1.53289,-0.64311,
1823748738040,5.85707,-0.22125,-0.60423,0.73616,-0.21466,-0.03322,0.64101,1.88842,1.93843,-0.55825,
1823881317230,6.03235,0.05630,-0.66297,0.67825,-0.18899,-0.05538,0.70795,1.28979,2.16302,-0.47572,
1824047103220,6.14912,0.42046,-0.71530,0.61780,-0.14509,-0.03834,0.77188,0.55875,2.25550,-0.25320,
1824179838741,6.20008,0.72594,-0.73083,0.58347,-0.11451,-0.00127,0.80402,0.28254,2.38167,-0.00537,
1824412049324,6.22508,1.31181,-0.68351,0.56607,-0.09304,0.02663,0.81866,-0.03670,2.66839,0.37208,
1824544621355,6.21391,1.67701,-0.62612,0.56809,-0.09590,0.02573,0.81695,-0.18012,2.80316,0.49985,
1824677396272,6.17957,2.05684,-0.55378,0.57271,-0.10139,0.03128,0.81286,-0.33162,2.93785,0.58032,
1824776934116,6.14020,2.35034,-0.49514,0.57643,-0.10596,0.03496,0.80949,-0.44301,3.04691,0.58078,
1824942705220,6.08702,2.90074,-0.41083,0.58049,-0.11306,0.04701,0.80501,-0.57755,3.29313,0.55736,
1825042231064,6.02406,3.24446,-0.36154,0.58291,-0.10857,0.05126,0.80362,-0.65992,3.46143,0.54344,
1825208169325,5.90235,3.83493,-0.27132,0.58394,-0.10793,0.04726,0.80320,-0.80126,3.67736,0.53236,
1825373983064,5.74857,4.45592,-0.18349,0.58311,-0.09238,0.06415,0.80457,-0.94973,3.86839,0.50024,
1825539885012,5.58756,5.11113,-0.10727,0.58182,-0.06993,0.05777,0.80824,-0.95379,4.08983,0.37891,
1825639325064,5.48243,5.51407,-0.07558,0.58165,-0.05775,0.04422,0.81018,-0.97313,4.11587,0.27221,
1825738845220,5.37123,5.92468,-0.04940,0.58154,-0.05390,0.03856,0.81081,-1.00535,4.16086,0.21389,
1825904708324,5.20279,6.62543,-0.01574,0.58224,-0.03760,0.04631,0.81083,-0.99907,4.17605,0.15045,
1826070664481,5.04838,7.34036,0.01612,0.58171,-0.02193,0.06087,0.81082,-0.90191,4.27886,0.21283,
1826170159064,4.97435,7.79514,0.03591,0.58175,-0.00804,0.07073,0.81025,-0.81423,4.34054,0.19141,
1826269748324,4.88496,8.25762,0.04835,0.58232,0.00512,0.06991,0.80993,-0.72040,4.40852,0.05745,
1826402304168,4.77700,8.90309,0.01689,0.58326,0.00461,0.05264,0.81056,-0.62169,4.42474,-0.47194,
1826501823169,4.67527,9.49398,-0.06432,0.58274,-0.01025,0.03273,0.81193,-0.59972,4.59288,-0.78541,
1826601342116,4.59711,10.07227,-0.16828,0.58114,-0.03157,-0.00688,0.81316,-0.58763,4.66273,-1.04804,
1826734122168,4.51998,10.66276,-0.30905,0.57498,-0.04117,-0.02741,0.81667,-0.72872,4.51044,-1.05915,
1826866869168,4.42624,11.23766,-0.42902,0.56669,-0.03981,-0.02487,0.82260,-0.81929,4.36220,-0.78695,
1826999435116,4.31752,11.83730,-0.51580,0.55624,-0.04114,-0.01975,0.82977,-0.94474,4.26963,-0.46419,
1827098937168,4.21460,12.24557,-0.54923,0.54496,-0.02876,-0.00362,0.83796,-1.02499,4.17467,-0.26766,
1827198588116,4.10807,12.61231,-0.56417,0.52796,-0.02605,-0.00034,0.84887,-1.03396,4.07451,-0.13729,
1827298015377,3.99738,12.98681,-0.55761,0.50774,-0.02825,-0.00033,0.86105,-1.08809,4.00030,-0.00361,
1827397468804,3.89776,13.33576,-0.53560,0.48301,-0.02623,0.00206,0.87522,-1.11142,3.91126,0.14186,
1827497029700,3.79032,13.71671,-0.51388,0.45541,-0.02487,-0.00350,0.88993,-1.12121,3.86274,0.22441,
1827596558064,3.68806,14.04542,-0.47608,0.42822,-0.02303,-0.01484,0.90326,-1.13958,3.73711,0.27070,
1827697884743,3.58185,14.38585,-0.44126,0.39886,-0.02256,-0.01537,0.91660,-1.15013,3.61593,0.23830,
1827795453723,3.47375,14.71525,-0.41405,0.36934,-0.02118,-0.01611,0.92891,-1.16174,3.51798,0.18391,
1827894960550,3.36485,15.02429,-0.38933,0.33681,-0.02310,-0.02208,0.94103,-1.16521,3.40763,0.12360,
1827994433946,3.25118,15.32833,-0.37028,0.30364,-0.02943,-0.03752,0.95159,-1.19933,3.28000,0.09648,
1828093995051,3.13790,15.61056,-0.34823,0.27304,-0.03418,-0.05070,0.96006,-1.23629,3.10616,0.12107,
1828193471946,3.02432,15.87930,-0.32646,0.24601,-0.03876,-0.06459,0.96634,-1.28973,2.91938,0.17484,
1828293030946,2.89863,16.12578,-0.29796,0.22149,-0.04278,-0.07718,0.97116,-1.38050,2.68922,0.24873,
1828392510206,2.76298,16.36934,-0.26505,0.19834,-0.04644,-0.07715,0.97599,-1.48602,2.44972,0.34543,
1828492029154,2.61443,16.59644,-0.22305,0.17535,-0.04689,-0.07174,0.98077,-1.57215,2.27305,0.43567,
1828591547946,2.45511,16.81405,-0.17155,0.15598,-0.04720,-0.06711,0.98435,-1.64278,2.08697,0.52095,
1828691071259,2.28712,17.01322,-0.11481,0.13803,-0.05434,-0.04421,0.98795,-1.72392,1.93001,0.57360,
1828790661050,2.12782,17.17133,-0.05219,0.11922,-0.05831,-0.02608,0.99081,-1.78275,1.84421,0.60458,
1828890185259,1.95634,17.33632,0.00758,0.10483,-0.05718,-0.02489,0.99253,-1.84149,1.79296,0.55674,
1828989772946,1.76879,17.51034,0.06324,0.09401,-0.05794,-0.02466,0.99358,-1.90934,1.71960,0.47439,
1829089246832,1.58036,17.66595,0.11235,0.08078,-0.06304,-0.02369,0.99445,-1.98109,1.63343,0.43570,
1829188664154,1.38812,17.81049,0.16051,0.06222,-0.06478,-0.03493,0.99535,-2.06759,1.57115,0.45124,
1829354567998,1.03509,18.05203,0.23404,0.01868,-0.06729,-0.08632,0.99382,-2.19290,1.35625,0.34833,
1829454157233,0.79865,18.19546,0.26702,-0.00967,-0.07700,-0.11058,0.99083,-2.26215,1.14156,0.22467,
1829553775869,0.57146,18.29869,0.28895,-0.03398,-0.10213,-0.10502,0.98863,-2.37551,0.89026,0.15549,
1829653338834,0.33840,18.37146,0.30882,-0.05844,-0.10828,-0.09652,0.98770,-2.54309,0.65534,0.15180,
1829786099668,-0.00342,18.43408,0.33241,-0.08402,-0.10558,-0.05770,0.98917,-2.71169,0.39035,0.14195,
1829885620678,-0.26740,18.45788,0.34608,-0.10823,-0.10253,-0.03436,0.98823,-2.82706,0.30519,0.09906,
1829985246134,-0.54230,18.47292,0.35465,-0.14206,-0.09640,-0.04061,0.98431,-2.92078,0.22913,0.01314,
1830151148613,-1.04381,18.48828,0.35485,-0.20403,-0.08844,-0.07292,0.97223,-3.08719,-0.01646,-0.02047,
1830350274119,-1.67325,18.43597,0.35889,-0.30388,-0.04878,-0.13612,0.94167,-3.16744,-0.48853,0.05658,
1830516340928,-2.19758,18.30510,0.36765,-0.38905,-0.00634,-0.20120,0.89895,-2.93603,-1.05014,0.02479,
1830615779876,-2.49217,18.18472,0.37007,-0.43541,0.01475,-0.22783,0.87080,-2.68299,-1.42675,-0.01336,
1830715462715,-2.76296,18.03675,0.36614,-0.48688,0.02462,-0.23401,0.84118,-2.31586,-1.76160,-0.10623,
1830848190872,-3.07518,17.78120,0.35365,0.56377,0.00098,0.21377,-0.79779,-1.88912,-2.17963,-0.13350,
1830980923564,-3.28684,17.47829,0.34371,0.63147,0.03445,0.18687,-0.75176,-1.57558,-2.50601,-0.16182,
1831080529275,-3.41964,17.22463,0.33926,0.67079,0.04834,0.17401,-0.71932,-1.41129,-2.74153,-0.19516,
1831180087171,-3.55420,16.94080,0.31845,0.69485,0.05945,0.16606,-0.69719,-1.28663,-2.96161,-0.31016,
1831279612639,-3.66936,16.63617,0.28695,0.71117,0.06282,0.16290,-0.68100,-1.16375,-3.17740,-0.45575,
1831379089378,-3.77701,16.29837,0.24019,0.72758,0.05073,0.17079,-0.66249,-1.01625,-3.40613,-0.59875,
1831478606378,-3.87059,15.94217,0.17280,0.74230,0.03741,0.17951,-0.64449,-0.80097,-3.60885,-0.75622,
1831578124274,-3.94416,15.56905,0.09017,0.75579,0.03224,0.18329,-0.62782,-0.61254,-3.79269,-0.91279,
1831677753326,-3.99494,15.17663,-0.00695,0.77023,0.01746,0.18933,-0.60877,-0.38970,-3.95627,-1.06103,
1831777204274,-4.02210,14.76710,-0.12175,0.78257,0.01234,0.19346,-0.59162,-0.12150,-4.10651,-1.19185,
1831876682535,-4.02195,14.34686,-0.24518,0.79368,0.01754,0.18930,-0.57786,0.14422,-4.25748,-1.27633,
1831976244274,-3.99912,13.90858,-0.37512,0.80318,0.01984,0.18293,-0.56661,0.38217,-4.42373,-1.31895,
1832108892222,-3.91796,13.30500,-0.54255,0.81069,0.02842,0.15939,-0.56265,0.77713,-4.63515,-1.21596,
1832208411274,-3.82931,12.83350,-0.65593,0.81193,0.05237,0.13094,-0.56647,0.96666,-4.80003,-1.05501,
1832341103431,-3.68933,12.18464,-0.77878,0.81427,0.05900,0.10368,-0.56810,1.08622,-5.01451,-0.81036,
1832440623722,-3.57475,11.67597,-0.84850,0.81636,0.04962,0.09263,-0.56790,1.16039,-5.16538,-0.59508,
1832540143565,-3.45274,11.15751,-0.89589,0.81873,0.03080,0.08076,-0.56764,1.23255,-5.26118,-0.33957,
1832639661836,-3.32798,10.63894,-0.91759,0.82091,0.01791,0.07026,-0.56643,1.32376,-5.23175,-0.10911,
1832739180618,-3.19320,10.11526,-0.92133,0.82462,0.01560,0.06409,-0.56183,1.39892,-5.23683,0.04706,
1832838846395,-3.05198,9.58878,-0.91307,0.83075,0.01575,0.06222,-0.55294,1.44604,-5.21904,0.14253,
1832938284082,-2.90054,9.06782,-0.89329,0.84186,0.01773,0.06451,-0.53554,1.52746,-5.19153,0.23914,
1833037844238,-2.74596,8.55001,-0.86564,0.85572,0.01987,0.07144,-0.51210,1.57646,-5.19543,0.31710,
1833137322134,-2.59159,8.02864,-0.83124,0.87087,0.00167,0.08233,-0.48456,1.64389,-5.19402,0.37932,
1833236843031,-2.42286,7.51326,-0.78988,0.88486,-0.01342,0.09269,-0.45635,1.77031,-5.14079,0.44171,
1833336370030,-2.24209,7.00522,-0.74206,0.89765,-0.02601,0.10022,-0.42838,1.91805,-5.08379,0.49977,
1833435918978,-2.05083,6.50052,-0.69099,0.90914,-0.03900,0.10748,-0.40048,2.09636,-4.98443,0.55003,
1833535437978,-1.83824,6.01181,-0.63520,0.92020,-0.03535,0.11063,-0.37382,2.32048,-4.86509,0.61688,
1833634901803,-1.61140,5.51892,-0.57055,0.93139,-0.02795,0.10949,-0.34604,2.46696,-4.80574,0.62477,
1833734376856,-1.36434,5.02981,-0.51073,0.94115,-0.01905,0.10758,-0.31985,2.62577,-4.75167,0.61252,
1833833835170,-1.10049,4.54440,-0.45446,0.95009,-0.01521,0.10684,-0.29273,2.75254,-4.70554,0.57521,
1833933352785,-0.82442,4.07872,-0.39744,0.95833,-0.01565,0.10689,-0.26443,2.88059,-4.64175,0.52878,
1834032961628,-0.53232,3.62182,-0.34684,0.96531,-0.02343,0.10951,-0.23589,3.01782,-4.57041,0.47812,
1834231859957,0.08918,2.72222,-0.26913,0.97567,-0.05417,0.11855,-0.17627,3.28423,-4.34431,0.31086,
1834331424103,0.42749,2.29412,-0.24141,0.97901,-0.07334,0.12353,-0.14460,3.48127,-4.17122,0.25282,
1834464024668,0.90759,1.76663,-0.21225,0.98247,-0.09812,0.12663,-0.09538,3.74167,-3.84998,0.17089,
1834563526460,1.29204,1.37644,-0.19814,0.98387,-0.11427,0.12643,-0.05432,3.91203,-3.58699,0.10668,
1834696168720,1.85650,0.84369,-0.19889,0.98383,-0.12965,0.12322,0.00956,4.15464,-3.29064,-0.03066,
1834795716794,2.29136,0.50681,-0.20987,0.98071,-0.14710,0.11388,0.06007,4.27615,-2.99562,-0.15597,
1834895174679,2.73716,0.22188,-0.23206,0.97381,-0.16663,0.10758,0.11115,4.39300,-2.63595,-0.28064,
1834994568546,3.18577,-0.02586,-0.26906,0.96429,-0.18169,0.09567,0.16730,4.45680,-2.23973,-0.40861,
1835094090483,3.64421,-0.23330,-0.31685,0.94949,-0.19910,0.07824,0.22957,4.45884,-1.82732,-0.52178,
1835226702717,4.22638,-0.42720,-0.38918,0.92121,-0.22275,0.05489,0.31422,4.33491,-1.15184,-0.58740,
1835326228041,4.63168,-0.50295,-0.44557,0.89505,-0.23488,0.03955,0.37704,4.13644,-0.67726,-0.65174,
1835425666937,5.01125,-0.52910,-0.50958,0.86346,-0.24566,0.02454,0.43987,3.87891,-0.20349,-0.74027,
1835525201059,5.38094,-0.52121,-0.58534,0.82652,-0.25731,0.00747,0.50060,3.57451,0.26462,-0.82322,
1835624645059,5.68921,-0.46165,-0.66429,0.78634,-0.26876,-0.01091,0.55616,3.16719,0.69311,-0.91032,
1835724096443,5.94965,-0.36136,-0.75139,0.74588,-0.27182,-0.02062,0.60775,2.66285,1.07304,-0.99653,
1835856722048,6.21805,-0.17787,-0.87277,0.69745,-0.25598,-0.01019,0.66928,1.99081,1.56908,-0.98994,
1836022586891,6.45492,0.13185,-1.02129,0.63977,-0.21824,0.00580,0.73690,1.22979,2.06895,-0.89515,
1836188413974,6.60690,0.51519,-1.14596,0.60018,-0.15752,0.03986,0.78319,0.70048,2.54305,-0.58583,
1836287974026,6.65078,0.77901,-1.18779,0.57967,-0.12435,0.04996,0.80375,0.49373,2.77664,-0.33721,
1836420539137,6.69674,1.16027,-1.20975,0.54978,-0.11179,0.04857,0.82637,0.33556,3.01167,-0.05622,
1836519958498,6.70015,1.46053,-1.20329,0.52932,-0.11844,0.03961,0.83918,0.15024,3.17916,0.09710,
1836619490446,6.69723,1.78220,-1.18699,0.51230,-0.12856,0.02484,0.84877,-0.02040,3.33037,0.18834,
1836718996394,6.68239,2.11665,-1.16424,0.50465,-0.13705,0.01044,0.85231,-0.25760,3.43798,0.26275,
1836818591446,6.64398,2.46454,-1.13010,0.50711,-0.13485,0.01381,0.85116,-0.49253,3.54571,0.34027,
1836918074498,6.59332,2.83479,-1.09719,0.50944,-0.13060,0.01633,0.85038,-0.68697,3.66083,0.40009,
1837050726446,6.49679,3.34021,-1.03732,0.51748,-0.11769,0.03521,0.84683,-0.89227,3.82445,0.47955,
1837183419060,6.37287,3.86189,-0.97002,0.53859,-0.11080,0.04514,0.83403,-0.97380,4.00465,0.49001,
1837282937050,6.27287,4.26598,-0.92073,0.56386,-0.10789,0.04761,0.81741,-1.07363,4.11826,0.47742,
1837382497758,6.16178,4.67723,-0.87246,0.58158,-0.10201,0.05715,0.80504,-1.16138,4.21794,0.45628,
1837515217446,6.00108,5.24163,-0.81952,0.58606,-0.11095,0.06358,0.80011,-1.23855,4.30211,0.24864,
1837614769394,5.87512,5.66825,-0.80475,0.57370,-0.11718,0.09031,0.80559,-1.31445,4.37948,-0.02431,
1837813706842,5.60882,6.57046,-0.84642,0.54845,-0.10317,0.10229,0.82346,-1.33984,4.74412,-0.30245,
1837946397551,5.41847,7.22884,-0.88207,0.54656,-0.07827,0.10762,0.82678,-1.34695,5.05007,-0.22327,
1838045957862,5.28522,7.75042,-0.90684,0.54538,-0.06964,0.10145,0.82911,-1.29033,5.22115,-0.23755,
1838178607498,5.11269,8.46008,-0.94596,0.54416,-0.06872,0.09341,0.83093,-1.26154,5.39320,-0.32020,
1838311298342,4.89095,9.23857,-0.99598,0.54745,-0.05321,0.08984,0.83030,-1.32889,5.58656,-0.29204,
1838410818446,4.77229,9.80775,-1.02272,0.54961,-0.03558,0.10519,0.82801,-1.22416,5.71149,-0.26294,
1838543512394,4.62064,10.58070,-1.05218,0.55136,-0.02743,0.09815,0.82802,-1.06612,5.85385,-0.16494,
1838709375394,4.44895,11.57843,-1.06207,0.54067,-0.03001,0.07826,0.83705,-0.93519,6.00463,0.07472,
1838808934394,4.35758,12.17701,-1.04722,0.52148,-0.03401,0.05455,0.85084,-0.89913,6.01630,0.21258,
1838908536602,4.26206,12.78180,-1.02306,0.49334,-0.04275,0.02663,0.86838,-0.90869,5.99957,0.28638,
1839007933634,4.18391,13.36905,-0.98894,0.45639,-0.05195,-0.00233,0.88826,-0.94957,5.92261,0.35105,
1839107397139,4.09273,13.94999,-0.95130,0.41348,-0.06509,-0.02947,0.90770,-1.03387,5.80722,0.34565,
1839207019035,3.98799,14.49259,-0.91158,0.36655,-0.07876,-0.05299,0.92554,-1.17372,5.64112,0.31609,
1839306452035,3.86476,15.03133,-0.87930,0.31927,-0.09089,-0.07509,0.94030,-1.33414,5.43974,0.27842,
1839405901109,3.73257,15.57043,-0.85340,0.27755,-0.09664,-0.08231,0.95229,-1.52117,5.22790,0.25118,
1839505418057,3.57369,16.08544,-0.82504,0.24017,-0.09515,-0.08399,0.96240,-1.73163,5.01491,0.30782,
1839604940390,3.39939,16.52073,-0.77939,0.20493,-0.09196,-0.08745,0.97051,-1.93407,4.73239,0.37582,
1839704455401,3.20845,16.91808,-0.72887,0.17131,-0.09072,-0.09562,0.97636,-2.10044,4.40930,0.41177,
1839803976297,3.00241,17.29045,-0.67316,0.13641,-0.08999,-0.11315,0.98005,-2.25010,4.10823,0.47311,
1839903622515,2.78394,17.62206,-0.61469,0.09957,-0.09267,-0.14400,0.98018,-2.39332,3.71057,0.47819,
1840003009953,2.54245,17.97438,-0.56658,0.06450,-0.09595,-0.16885,0.97884,-2.54428,3.34333,0.45575,
1840135703213,2.17729,18.41726,-0.51400,0.02319,-0.10303,-0.17890,0.97818,-2.78806,2.76396,0.40109,
1840235323630,1.89472,18.66254,-0.47369,-0.00221,-0.10470,-0.14476,0.98391,-2.93318,2.30319,0.37237,
1840334740213,1.61998,18.83089,-0.42701,-0.02399,-0.10530,-0.08863,0.99019,-3.04532,1.98412,0.44529,
1840434353068,1.35121,18.93413,-0.36768,-0.05184,-0.10449,-0.06506,0.99104,-3.14521,1.74847,0.53574,
1840533910016,1.10347,18.97397,-0.29820,-0.08498,-0.10246,-0.07496,0.98826,-3.18511,1.42953,0.57470,
1840633494274,0.78928,19.09248,-0.24071,-0.12239,-0.10240,-0.09240,0.98285,-3.27838,1.20246,0.54873,
1840733011389,0.45442,19.19929,-0.18683,-0.16155,-0.10285,-0.10729,0.97561,-3.36884,0.94661,0.51081,
1840832637751,0.12263,19.26965,-0.13336,-0.20481,-0.10294,-0.11839,0.96615,-3.44776,0.67197,0.48370,
1840932341487,-0.22479,19.31569,-0.08104,-0.24989,-0.09908,-0.13823,0.95322,-3.51160,0.36565,0.45762,
1841098135799,-0.80777,19.32650,-0.01234,-0.32655,-0.09215,-0.17306,0.92462,-3.51945,-0.23195,0.34265,
1841264126514,-1.39391,19.23919,0.03055,-0.41050,-0.06339,-0.19099,0.88938,-3.43487,-0.83753,0.13351,
1841429988910,-1.92667,19.05229,0.02982,-0.49832,-0.03930,-0.19654,0.84351,-3.12243,-1.36333,-0.16210,
1841529672542,-2.23642,18.90895,0.00820,0.54997,0.02791,0.19929,-0.81058,-2.94833,-1.58876,-0.36465,
1841629274225,-2.51838,18.73206,-0.02770,0.59631,0.02278,0.20989,-0.77450,-2.70694,-1.86040,-0.54292,
1841728832329,-2.80014,18.52962,-0.08321,0.63718,0.02901,0.21134,-0.74060,-2.48180,-2.12245,-0.72795,
1841828495132,-3.07675,18.29973,-0.15751,0.67584,0.03311,0.20900,-0.70602,-2.30000,-2.39810,-0.87029,
1841927985184,-3.30168,18.04042,-0.24160,0.70930,0.02682,0.20752,-0.67314,-2.03748,-2.69058,-0.95049,
1842027649262,-3.48368,17.76254,-0.33099,0.73695,0.01525,0.20453,-0.64408,-1.72705,-2.91984,-1.01155,
1842127188784,-3.63497,17.45852,-0.43129,0.75977,0.00592,0.20197,-0.61800,-1.40794,-3.12984,-1.06324,
1842259840774,-3.78939,17.02428,-0.57285,0.78051,-0.00623,0.19914,-0.59255,-0.96337,-3.36123,-1.10889,
1842359398889,-3.86954,16.67480,-0.68313,0.78778,-0.00478,0.19166,-0.58535,-0.62155,-3.52004,-1.10720,
1842492089732,-3.91879,16.19091,-0.82633,0.79032,0.00882,0.17314,-0.58766,-0.21516,-3.73960,-1.03957,
1842624743733,-3.92252,15.68037,-0.95736,0.79331,0.00002,0.16577,-0.58581,0.15214,-3.92804,-0.94508,
1842757508597,-3.87415,15.14828,-1.07312,0.79605,0.01280,0.14844,-0.58661,0.52278,-4.08829,-0.79034,
1842857027597,-3.81412,14.72753,-1.14772,0.79886,0.02276,0.13364,-0.58604,0.72078,-4.22955,-0.65828,
1842956614945,-3.73183,14.29279,-1.20540,0.80349,0.02304,0.12650,-0.58126,0.86989,-4.38028,-0.52395,
1843056217893,-3.63316,13.84222,-1.25324,0.80832,0.01631,0.11917,-0.57633,1.04534,-4.49743,-0.40974,
1843155689205,-3.51605,13.38575,-1.28804,0.81094,0.02079,0.10073,-0.57602,1.21729,-4.58211,-0.26609,
1843255247153,-3.39059,12.91967,-1.30938,0.81294,0.02832,0.08048,-0.57607,1.30205,-4.65097,-0.12124,
1843387898945,-3.21409,12.29739,-1.31287,0.81395,0.03684,0.05578,-0.57707,1.34397,-4.70866,0.04286,
1843487419945,-3.07957,11.82553,-1.30698,0.81377,0.04362,0.04668,-0.57766,1.33317,-4.73308,0.07854,
1843586945997,-2.94839,11.35263,-1.29738,0.81235,0.05736,0.03653,-0.57919,1.31510,-4.76798,0.07546,
1843686457049,-2.82778,10.87660,-1.28921,0.81114,0.06845,0.02748,-0.58018,1.21464,-4.80935,0.02939,
1843785938080,-2.71368,10.39106,-1.28962,0.81134,0.06615,0.02871,-0.58011,1.12991,-4.87172,-0.00982,
1843885455050,-2.60301,9.90359,-1.29038,0.81362,0.05797,0.03377,-0.57751,1.08022,-4.91442,-0.02302,
1843984974361,-2.49769,9.41627,-1.29199,0.82242,0.04111,0.04597,-0.56552,1.05376,-4.93635,-0.03607,
1844084492998,-2.39552,8.92257,-1.29567,0.83258,0.02155,0.05947,-0.55029,1.07015,-4.93656,-0.07128,
1844184012945,-2.28603,8.42758,-1.30500,0.84291,0.00799,0.07018,-0.53339,1.16071,-4.92059,-0.12546,
1844283628997,-2.16960,7.94116,-1.32020,0.85477,0.00032,0.07605,-0.51341,1.22964,-4.86815,-0.22871,
1844383170102,-2.05174,7.46201,-1.34502,0.86785,-0.00680,0.08075,-0.49017,1.30963,-4.84279,-0.27155,
1844482704049,-1.92912,6.96767,-1.37400,0.88131,-0.02267,0.09078,-0.46318,1.40041,-4.82406,-0.32699,
1844582194987,-1.78513,6.47723,-1.41102,0.89352,-0.03671,0.10036,-0.43612,1.52116,-4.74615,-0.42806,
1844681607310,-1.62285,6.00915,-1.45667,0.90633,-0.04091,0.10367,-0.40760,1.70107,-4.64395,-0.47513,
1844814369393,-1.38286,5.40194,-1.52157,0.92261,-0.04376,0.10705,-0.36798,1.93179,-4.50689,-0.51085,
1844913820101,-1.18227,4.95191,-1.57263,0.93496,-0.04054,0.10690,-0.33584,2.12154,-4.40698,-0.50948,
1845079684892,-0.80315,4.23913,-1.65733,0.95316,-0.03642,0.10768,-0.28028,2.40516,-4.23970,-0.52813,
1845179205945,-0.54813,3.80893,-1.71123,0.96269,-0.03524,0.10837,-0.24543,2.58360,-4.15153,-0.53297,
1845311833880,-0.18084,3.21935,-1.78411,0.97353,-0.04303,0.10950,-0.19595,2.82946,-4.06535,-0.49789,
1845411355913,0.11645,2.80944,-1.83243,0.97980,-0.05414,0.10613,-0.16063,3.01849,-3.92679,-0.41835,
1845544087037,0.53973,2.30929,-1.87537,0.98635,-0.05386,0.09910,-0.11999,3.25658,-3.67888,-0.25051,
1845643528844,0.88105,1.94538,-1.89352,0.98973,-0.05247,0.09657,-0.09144,3.43028,-3.51557,-0.11193,
1845743133010,1.23256,1.60768,-1.89579,0.99188,-0.05618,0.09609,-0.06145,3.60067,-3.33633,0.03664,
1845842460188,1.60340,1.28307,-1.88875,0.99292,-0.06681,0.09531,-0.02359,3.74692,-3.13885,0.12765,
1845941990816,1.98116,0.98164,-1.87062,0.99123,-0.09153,0.09308,0.02076,3.86507,-2.90881,0.21284,
1846041464607,2.37193,0.70979,-1.84415,0.98634,-0.12053,0.08925,0.06817,3.97674,-2.60167,0.29002,
1846140846195,2.77662,0.48034,-1.81221,0.97930,-0.14303,0.08533,0.11501,4.05321,-2.21700,0.29372,
1846306750549,3.45257,0.17759,-1.76833,0.96268,-0.15719,0.08665,0.20257,4.07310,-1.58820,0.18092,
1846439381192,3.99775,-0.01825,-1.75018,0.94170,-0.16167,0.08555,0.28238,4.04656,-1.15675,0.04454,
1846538758114,4.38957,-0.11686,-1.74196,0.92053,-0.16495,0.08367,0.34412,4.02411,-0.80981,-0.02916,
1846638276166,4.74792,-0.14785,-1.73979,0.89208,-0.18084,0.06531,0.40893,3.93421,-0.43636,-0.12833,
1846737773441,5.02046,-0.09073,-1.72200,0.86048,-0.20015,0.05085,0.46575,3.67906,0.00054,-0.20890,
1846837343493,5.21867,-0.00928,-1.67755,0.82654,-0.21047,0.04187,0.52036,3.33411,0.40966,-0.22666,
1846936739614,5.51214,0.04441,-1.67556,0.79101,-0.21676,0.03417,0.57110,3.08407,0.76557,-0.25543,
1847036136265,5.75833,0.14661,-1.69346,0.75504,-0.21473,0.03022,0.61879,2.72448,1.13051,-0.29236,
1847168865422,6.02803,0.33180,-1.71688,0.70527,-0.19059,0.02261,0.68247,2.23952,1.56264,-0.24746,
1847301427377,6.24611,0.56213,-1.73462,0.64945,-0.17448,0.01886,0.73988,1.80130,1.84862,-0.19976,
1847434122533,6.43136,0.82677,-1.75180,0.58450,-0.18169,0.01345,0.79068,1.39915,2.12881,-0.16591,
1847533578450,6.51127,1.04349,-1.75750,0.53377,-0.18778,0.00564,0.82450,1.01383,2.27161,-0.15366,
1847633027202,6.59759,1.28419,-1.77437,0.48254,-0.18409,0.00228,0.85631,0.65462,2.45088,-0.10923,
1847732473890,6.64603,1.53851,-1.78328,0.43089,-0.16917,-0.00753,0.88637,0.30375,2.58594,-0.02814,
1847865143920,6.65817,1.89209,-1.77919,0.36079,-0.14756,-0.02192,0.92064,-0.13937,2.65491,0.10478,
1847964623285,6.62640,2.15063,-1.76316,0.30627,-0.13763,-0.03857,0.94115,-0.41777,2.62360,0.16860,
1848064183128,6.57331,2.41043,-1.74626,0.24830,-0.14025,-0.05968,0.95662,-0.66733,2.54419,0.16426,
1848163736024,6.49641,2.67093,-1.73176,0.18840,-0.14314,-0.08219,0.96812,-0.96004,2.44190,0.16861,
1848263180868,6.38655,2.91195,-1.71477,0.12615,-0.14259,-0.11644,0.97478,-1.25324,2.26079,0.16998,
1848362699077,6.25255,3.14204,-1.70406,0.07020,-0.14258,-0.14320,0.97685,-1.52221,1.99438,0.13083,
1848462218128,6.08478,3.35491,-1.69730,0.01867,-0.13884,-0.15333,0.97819,-1.80458,1.67091,0.13477,
1848594913461,5.81461,3.57942,-1.68598,-0.04664,-0.13780,-0.13880,0.97958,-2.14078,1.25036,0.14881,
1848694431108,5.58522,3.69890,-1.67062,-0.09406,-0.12656,-0.12799,0.97916,-2.34964,0.96396,0.14350,
1848827163576,5.26044,3.79398,-1.65577,-0.14695,-0.11940,-0.09146,0.97764,-2.53705,0.58983,0.08514,
1848959909161,4.91180,3.85090,-1.64506,-0.19413,-0.11023,-0.05752,0.97307,-2.72274,0.37966,0.06550,
1849092603578,4.54507,3.87232,-1.63031,-0.23887,-0.10101,-0.03045,0.96530,-2.88206,0.18308,0.09851,
1849258545712,4.05147,3.88602,-1.60618,-0.29650,-0.08587,-0.02462,0.95085,-3.05040,0.05237,0.15184,
1849358066025,3.73771,3.88817,-1.58655,-0.32847,-0.07852,-0.02944,0.94078,-3.15423,-0.03784,0.19415,
1849557102659,3.08332,3.85178,-1.53267,-0.37952,-0.06950,-0.04355,0.92154,-3.26566,-0.27747,0.27991,
1849723079660,2.52659,3.79107,-1.48131,-0.41425,-0.06817,-0.04275,0.90660,-3.31199,-0.47295,0.30356,
1849888875764,1.97049,3.70711,-1.42659,-0.45903,-0.06040,-0.05765,0.88449,-3.33394,-0.65921,0.28594,
1849988351608,1.65108,3.62878,-1.39589,-0.48759,-0.05632,-0.06711,0.86867,-3.29543,-0.82105,0.23568,
1850088040128,1.33790,3.53451,-1.36790,0.51973,0.04979,0.07729,-0.84937,-3.22882,-0.96934,0.13500,
1850220662108,0.91415,3.38853,-1.35745,0.56831,0.03514,0.09644,-0.81638,-3.09916,-1.18059,-0.03313,
1850353513577,0.52635,3.22059,-1.36769,0.61787,0.02694,0.10002,-0.77942,-2.92850,-1.36147,-0.21681,
1850486217318,0.12431,3.02694,-1.40584,0.66693,0.00765,0.11077,-0.73680,-2.76539,-1.55790,-0.36864,
1850585852362,-0.14059,2.86504,-1.44202,0.70281,-0.00037,0.11135,-0.70260,-2.54385,-1.68821,-0.40215,
1850718539922,-0.47602,2.63356,-1.49769,0.74666,-0.01388,0.11163,-0.65563,-2.30244,-1.81942,-0.45941,
1850818059869,-0.68375,2.45597,-1.54399,0.77558,-0.02708,0.11475,-0.62015,-2.04464,-1.86756,-0.48037,
1850917671117,-0.85245,2.27130,-1.58752,0.80206,-0.04029,0.11385,-0.58491,-1.72963,-1.92097,-0.41008,
1851017288117,-0.99802,2.08205,-1.62575,0.82758,-0.05406,0.10772,-0.54826,-1.43282,-1.92938,-0.37246,
1851116845066,-1.12223,1.88889,-1.66093,0.85170,-0.06974,0.09857,-0.50993,-1.13319,-1.88805,-0.32523,
1851216411442,-1.21320,1.70423,-1.68957,0.87424,-0.08176,0.09059,-0.46990,-0.83917,-1.80582,-0.27342,
1851315971973,-1.27325,1.53909,-1.71215,0.89619,-0.09680,0.07669,-0.42613,-0.56971,-1.67909,-0.27389,
1851415568344,-1.30349,1.39581,-1.73631,0.91591,-0.11682,0.05907,-0.37943,-0.34370,-1.49322,-0.30798,
1851515167343,-1.32596,1.26196,-1.76696,0.93289,-0.13158,0.04506,-0.33222,-0.16998,-1.25961,-0.35436,
1851614565447,-1.33247,1.15346,-1.80231,0.94739,-0.14242,0.03306,-0.28475,-0.02102,-0.99206,-0.38893,
1851714155447,-1.32690,1.07062,-1.84062,0.95975,-0.13819,0.02671,-0.24305,0.09545,-0.68435,-0.40014,
1851813605291,-1.30424,1.03328,-1.87489,0.97141,-0.11382,0.02078,-0.20732,0.20371,-0.39332,-0.32166,
1851913123291,-1.27659,1.01117,-1.90008,0.98129,-0.07903,0.01274,-0.17508,0.27368,-0.18890,-0.21267,
1852012725395,-1.24626,1.00243,-1.91332,0.98867,-0.04008,0.00730,-0.14449,0.29222,-0.06964,-0.08320,
1852112202760,-1.21613,0.99917,-1.91315,0.99341,-0.02094,0.00517,-0.11257,0.29080,-0.06787,0.04679,
1852211776603,-1.18698,0.99157,-1.90561,0.99630,-0.02102,0.00297,-0.08328,0.29876,-0.07377,0.06008,
1852311251500,-1.15743,0.98315,-1.90348,0.99818,-0.02217,0.00003,-0.05608,0.29569,-0.06448,-0.04087,
1852410717395,-1.12794,0.97598,-1.91080,0.99927,-0.02059,-0.00182,-0.03212,0.28907,-0.06254,-0.15792,
1852510238968,-1.09977,0.97058,-1.93070,0.99975,-0.01906,-0.00461,-0.01053,0.26771,-0.04115,-0.29327,
1852609796239,-1.07136,0.96738,-1.96189,0.99983,-0.01500,-0.00515,0.00938,0.26244,-0.02278,-0.40934,
1852709274239,-1.04172,0.96617,-2.00295,0.99960,-0.00347,-0.01114,0.02577,0.26961,-0.01157,-0.48349,
1852808794291,-1.01180,0.96403,-2.05159,0.99902,0.00889,-0.02152,0.03762,0.25660,-0.06447,-0.56164,
1852908311187,-0.98622,0.95571,-2.10742,0.99850,0.00514,-0.02974,0.04578,0.21777,-0.09447,-0.58306,
1853007872187,-0.96842,0.94449,-2.16691,0.99814,0.00374,-0.02811,0.05395,0.16911,-0.11806,-0.61869,
1853107391239,-0.95693,0.92971,-2.23286,0.99763,0.00331,-0.02863,0.06245,0.10159,-0.15888,-0.72870,
1853206914239,-0.94919,0.91122,-2.31553,0.99687,0.00312,-0.03039,0.07298,0.06069,-0.19609,-0.89359,
1853306390395,-0.94853,0.89047,-2.38631,0.99676,-0.00074,0.02316,0.07707,0.16334,-0.30215,0.24921,
1853406033244,-0.92799,0.88387,-2.33473,0.99482,-0.01150,-0.01972,0.09902,0.15801,-0.09095,0.51420,
1853505604713,-0.91697,0.87671,-2.29289,0.99408,0.00033,-0.00580,0.10852,0.15276,-0.12941,0.33217,
1853638215244,-0.89604,0.86176,-2.30724,0.99382,0.00354,-0.01572,0.10980,0.15639,-0.10978,-0.66333,
1853770897036,-0.88430,0.85259,-2.43063,0.99288,0.00840,0.02834,0.11543,0.12110,-0.11636,0.02751,
1853870416088,-0.87800,0.85217,-2.41997,0.99324,-0.02446,-0.00021,0.11351,-0.05037,0.16007,-0.29602,
1854003151296,-0.88716,0.86508,-2.53098,0.99398,0.00181,0.01989,0.10774,-0.17967,0.17893,-0.74257,
1854102628088,-0.89743,0.87725,-2.56809,0.99437,-0.01112,0.00222,0.10536,-0.17296,0.15486,-0.70645,
1854235417364,-0.91650,0.89692,-2.64554,0.99457,-0.00543,0.01194,0.10321,-0.14350,0.13195,-0.57690,
1854368172364,-0.93614,0.91258,-2.72092,0.99459,-0.00551,0.01168,0.10303,-0.14547,0.12208,-0.57344,
1854500765416,-0.91710,0.89520,-2.79559,0.99489,-0.00211,0.01450,0.09986,-0.09127,0.04616,-0.58738,
1854633455260,-0.91464,0.90304,-2.87313,0.99495,-0.00228,0.01655,0.09899,-0.05358,0.04200,-0.58908,
1854766147812,-0.89224,0.87706,-2.94866,0.99489,-0.00003,0.01819,0.09929,0.02322,-0.02142,-0.58494,
1854898837552,-0.86681,0.84761,-3.02522,0.99471,0.00173,0.01860,0.10102,0.07401,-0.08223,-0.58925,
1854998355468,-0.85658,0.83122,-3.08563,0.99458,0.00175,0.01877,0.10230,0.09053,-0.10163,-0.59569,
1855097948208,-0.85820,0.82181,-3.14557,0.99463,0.00173,0.01823,0.10191,0.08850,-0.12207,-0.60314,
1855197393208,-0.85450,0.81917,-3.20600,0.99460,0.00128,0.01789,0.10217,0.09521,-0.12998,-0.60546,
1855296914666,-0.85661,0.81914,-3.26703,0.99463,0.00102,0.01767,0.10197,0.09415,-0.13564,-0.61124,
1855429611416,-0.84228,0.80941,-3.34850,0.99462,0.00074,0.01756,0.10204,0.11350,-0.14603,-0.61637,
1855529215416,-0.85018,0.80570,-3.41057,0.99467,0.00065,0.01710,0.10173,0.10433,-0.15471,-0.62177,
1855628760094,-0.84411,0.80140,-3.47294,0.99466,0.00046,0.01704,0.10175,0.11085,-0.15991,-0.62716,
1855728167145,-0.84552,0.79815,-3.53538,0.99468,0.00034,0.01682,0.10164,0.11164,-0.16420,-0.63147,
1855827680260,-0.84085,0.79088,-3.59802,0.99467,0.00022,0.01663,0.10178,0.11560,-0.17121,-0.63576,
1855927245417,-0.83943,0.78621,-3.66095,0.99469,0.00028,0.01659,0.10155,0.12089,-0.18106,-0.64019,
1856026719365,-0.83576,0.77742,-3.72477,0.99469,0.00013,0.01640,0.10161,0.12364,-0.18895,-0.64504,
1856126276260,-0.83002,0.76893,-3.78951,0.99469,-0.00006,0.01646,0.10159,0.13045,-0.19502,-0.64955,
1856225860020,-0.82567,0.76118,-3.85483,0.99470,-0.00020,0.01643,0.10153,0.13422,-0.20082,-0.65334,
1856325275365,-0.82057,0.75431,-3.92042,0.99471,-0.00036,0.01636,0.10146,0.13813,-0.20547,-0.65820,
