1540821366185949440,0.00024,-0.02867,0.13179,0.99832,-0.03108,-0.00317,-0.04871,0.01064,-0.03899,0.15126,
1540821366285503232,0.00186,-0.03117,0.14644,0.99770,-0.03279,-0.00839,-0.05870,0.02120,-0.02817,0.16830,
1540821366384945152,0.00716,-0.03641,0.16203,0.99756,-0.03203,0.00282,-0.06194,0.01507,-0.04857,0.16346,
1540821366484463104,0.00984,-0.04321,0.17932,0.99745,-0.03444,0.00503,-0.06225,0.01980,-0.03479,0.15408,
1540821366583982336,0.01178,-0.04490,0.19773,0.99720,-0.04236,-0.00169,-0.06159,0.06148,0.01507,0.22113,
1540821366683607296,0.01670,-0.04057,0.22321,0.99789,-0.04236,-0.00715,-0.04860,0.04629,0.06346,0.25509,
1540821366783062272,0.02177,-0.03378,0.25236,0.99865,-0.04365,0.00433,-0.02771,0.04133,0.02572,0.34826,
1540821366882579200,0.02416,-0.03430,0.28837,0.99877,-0.04350,0.00189,-0.02356,-0.00101,-0.05214,0.35361,
1540821366982059264,0.02391,-0.03918,0.32239,0.99881,-0.04091,0.00749,-0.02557,-0.01130,-0.06398,0.33510,
1540821367081576704,0.02402,-0.04476,0.35608,0.99878,-0.03506,0.00199,-0.03485,0.02177,-0.05057,0.32540,
1540821367181173248,0.02970,-0.04679,0.38590,0.99877,-0.03143,-0.00190,-0.03832,0.07740,-0.01670,0.26783,
1540821367280742144,0.04080,-0.05171,0.40998,0.99845,-0.03524,-0.00081,-0.04308,0.12503,-0.05309,0.21542,
1540821367380134400,0.05541,-0.05587,0.42658,0.99833,-0.03770,0.00175,-0.04373,0.14875,-0.02570,0.09335,
1540821367479692288,0.07231,-0.06098,0.43828,0.99774,-0.03508,0.01056,-0.05626,0.18722,-0.04615,0.07867,
1540821367579171072,0.09512,-0.06453,0.44964,0.99696,-0.03531,0.00150,-0.06940,0.30999,0.03599,0.12771,
1540821367678736384,0.12807,-0.06207,0.46413,0.99641,-0.03617,-0.01419,-0.07521,0.36257,0.04923,0.06915,
1540821367778212608,0.16447,-0.05652,0.47369,0.99632,-0.02839,-0.01649,-0.07911,0.34936,0.09529,0.05384,
1540821367877729280,0.19744,-0.05326,0.48310,0.99600,-0.02049,-0.02661,-0.08281,0.32836,0.04637,0.07346,
1540821367977248512,0.22335,-0.05137,0.48478,0.99609,-0.01590,-0.02284,-0.08383,0.23887,-0.00164,-0.03799,
1540821368076797184,0.25022,-0.05213,0.48311,0.99697,-0.00735,-0.02416,-0.07354,0.23276,-0.04606,0.00881,
1540821368176289024,0.27136,-0.05528,0.48204,0.99851,-0.00780,-0.01695,-0.05128,0.11231,-0.10947,-0.04333,
1540821368275845376,0.28779,-0.07409,0.47863,0.99881,-0.01421,-0.00274,-0.04665,0.10992,-0.29372,0.02638,
1540821368375355136,0.29779,-0.10435,0.47958,0.99867,-0.01787,-0.00495,-0.04813,0.06088,-0.33947,0.00044,
1540821368474889216,0.30420,-0.13738,0.47825,0.99825,-0.03188,0.00148,-0.04978,0.07055,-0.29121,0.01847,
1540821368574362368,0.31328,-0.15972,0.47940,0.99781,-0.03796,-0.00241,-0.05420,0.08467,-0.12155,0.01814,
1540821368673881344,0.32293,-0.16480,0.47830,0.99745,-0.04210,-0.00673,-0.05722,0.08150,0.07158,-0.03032,
1540821368773408512,0.33259,-0.15291,0.47282,0.99722,-0.03816,-0.01250,-0.06283,0.06968,0.21418,-0.07335,
1540821368872919040,0.33764,-0.12924,0.46248,0.99706,-0.03132,-0.01477,-0.06836,0.03359,0.27605,-0.13635,
1540821368972439296,0.33941,-0.10141,0.44661,0.99698,-0.01720,-0.01432,-0.07432,0.00066,0.24992,-0.17395,
1540821369071994624,0.33733,-0.08344,0.42830,0.99704,0.00013,-0.00763,-0.07647,-0.03097,0.07246,-0.17805,
1540821369171476480,0.33188,-0.08530,0.41405,0.99698,0.01140,-0.00189,-0.07682,-0.04214,-0.12320,-0.10883,
1540821369270995200,0.32998,-0.10071,0.40500,0.99719,-0.00263,-0.00388,-0.07474,0.03041,-0.15435,-0.13763,
1540821369370514432,0.33958,-0.11281,0.38850,0.99734,-0.01220,-0.00726,-0.07153,0.17646,-0.04922,-0.20155,
1540821369470033152,0.35951,-0.11677,0.36449,0.99800,-0.02203,-0.02474,-0.05383,0.17141,0.00565,-0.35087,
1540821369569629184,0.36917,-0.11682,0.32645,0.99841,-0.01804,-0.03604,-0.03943,0.00347,0.01994,-0.41038,
1540821369669112320,0.35893,-0.11557,0.28563,0.99849,-0.01642,-0.03203,-0.04151,-0.21277,0.05122,-0.35756,
1540821369768591616,0.32766,-0.11203,0.25802,0.99880,-0.00834,-0.00965,-0.04721,-0.41696,0.01117,-0.17803,
1540821369868110336,0.28428,-0.11251,0.24747,0.99754,-0.01877,0.00802,-0.06704,-0.43954,-0.01330,-0.02469,
1540821369967669248,0.24316,-0.11481,0.24044,0.99471,-0.03461,0.02163,-0.09422,-0.37361,-0.02785,-0.04216,
1540821370067221248,0.22022,-0.11497,0.23474,0.99162,-0.04618,0.03238,-0.11623,-0.09222,0.03054,-0.01289,
1540821370166707200,0.22426,-0.11232,0.23185,0.99066,-0.05417,0.02921,-0.12166,0.16649,0.03873,-0.03850,
1540821370266185216,0.24827,-0.10926,0.22904,0.99091,-0.05460,0.01804,-0.12161,0.33072,0.04043,-0.02294,
1540821370365705472,0.28678,-0.10411,0.23054,0.99236,-0.05198,-0.00234,-0.11190,0.42659,0.05451,0.03166,
1540821370465264128,0.32946,-0.09739,0.23589,0.99372,-0.05006,-0.02205,-0.09757,0.38337,0.07256,0.03603,
1540821370564782336,0.36199,-0.08887,0.23740,0.99524,-0.04693,-0.02451,-0.08184,0.20010,0.08907,0.00244,
1540821370664261120,0.37250,-0.08025,0.23519,0.99654,-0.04399,-0.02207,-0.06693,-0.06764,0.06493,-0.03810,
1540821370763781376,0.35462,-0.07597,0.22805,0.99679,-0.03894,-0.00899,-0.06930,-0.30703,0.02273,-0.06361,
1540821370863299072,0.32073,-0.07489,0.22093,0.99569,-0.03640,0.00287,-0.08527,-0.33401,0.02059,-0.06557,
1540821370962863104,0.29363,-0.07261,0.21211,0.99482,-0.02611,0.01591,-0.09693,-0.19314,0.02680,-0.05938,
1540821371062337280,0.28419,-0.07220,0.21998,0.99433,-0.01234,0.01485,-0.10454,-0.00995,-0.01797,0.24199,
1540821371161865216,0.28606,-0.07839,0.25586,0.99312,-0.02398,-0.00005,-0.11459,0.07551,-0.07249,0.48630,
1540821371261376256,0.28813,-0.08808,0.30206,0.99233,-0.04408,-0.01146,-0.11489,0.07841,-0.08878,0.46289,
1540821371360992256,0.29310,-0.09316,0.33914,0.99144,-0.06470,-0.01171,-0.11277,0.07248,-0.04217,0.23119,
1540821371460415232,0.30089,-0.09509,0.34549,0.99060,-0.08264,-0.01213,-0.10833,0.08588,0.01364,-0.15320,
1540821371559933440,0.30892,-0.09016,0.31477,0.99176,-0.07276,-0.00984,-0.10502,0.08153,0.10734,-0.48308,
1540821371659566080,0.31268,-0.07660,0.26888,0.99403,-0.03942,-0.00773,-0.10145,0.03669,0.18927,-0.49246,
1540821371758984448,0.31226,-0.05756,0.23097,0.99524,-0.00584,-0.00223,-0.09721,-0.00441,0.16862,-0.24874,
1540821371858534400,0.30027,-0.04824,0.21853,0.99512,0.00809,0.00407,-0.09825,-0.21137,-0.00902,0.00259,
1540821371958084352,0.26991,-0.05991,0.22344,0.99289,0.00105,0.01068,-0.11852,-0.35136,-0.21853,0.11857,
1540821372057610240,0.24127,-0.08811,0.23173,0.98920,-0.00990,0.01393,-0.14558,-0.21517,-0.33655,0.11058,
1540821372157049088,0.23716,-0.12257,0.24285,0.98779,-0.02276,0.01583,-0.15331,0.14780,-0.30611,0.14716,
1540821372256572160,0.26722,-0.14642,0.25977,0.98922,-0.03909,0.00136,-0.14111,0.47480,-0.11118,0.19479,
1540821372356085248,0.32108,-0.14641,0.27813,0.99251,-0.05098,-0.02363,-0.10850,0.62087,0.14785,0.15390,
1540821372455605248,0.37669,-0.11822,0.28861,0.99548,-0.05186,-0.04734,-0.06394,0.46258,0.41045,0.00730,
1540821372555122176,0.40582,-0.07070,0.27877,0.99797,-0.04084,-0.04478,-0.01939,0.09670,0.50798,-0.18912,
1540821372654641408,0.39699,-0.02449,0.25657,0.99926,-0.02036,-0.03260,0.00124,-0.27957,0.37736,-0.25942,
1540821372754201088,0.35734,0.00106,0.23650,0.99969,0.00926,-0.01700,-0.01547,-0.52991,0.08526,-0.18961,
1540821372853682432,0.30165,-0.00543,0.22549,0.99801,0.01565,0.00221,-0.06110,-0.55452,-0.19407,-0.03732,
1540821372953241856,0.25272,-0.03006,0.22840,0.99402,0.00713,0.01336,-0.10814,-0.38938,-0.35904,0.13691,
1540821373052718080,0.23128,-0.06678,0.24646,0.98971,-0.01973,0.00944,-0.14138,-0.01819,-0.37447,0.26540,
1540821373152236288,0.24196,-0.09974,0.26725,0.98777,-0.04862,0.00114,-0.14816,0.30836,-0.27783,0.25578,
1540821373251801856,0.28285,-0.11857,0.28758,0.98958,-0.06851,-0.01743,-0.12542,0.53935,-0.06629,0.15458,
1540821373351275520,0.33825,-0.11186,0.29449,0.99300,-0.07461,-0.03602,-0.08417,0.49748,0.17426,-0.05777,
1540821373450917120,0.37477,-0.08806,0.27997,0.99518,-0.07043,-0.04698,-0.04959,0.20648,0.24833,-0.27462,
1540821373550353408,0.37729,-0.06275,0.24713,0.99723,-0.04430,-0.04614,-0.03786,-0.16036,0.23464,-0.40134,
1540821373649836288,0.34922,-0.04071,0.21362,0.99839,-0.01074,-0.02103,-0.05148,-0.47914,0.17179,-0.29004,
1540821373749350144,0.29504,-0.02683,0.19945,0.99622,0.00973,0.00768,-0.08603,-0.60622,0.10445,0.05627,
1540821373848868096,0.23638,-0.02298,0.21867,0.99189,0.01097,0.01506,-0.12576,-0.53639,-0.01002,0.39643,
1540821373948388096,0.19269,-0.03013,0.26748,0.98596,-0.01856,0.02330,-0.16430,-0.30254,-0.10762,0.62797,
1540821374047908352,0.17751,-0.04497,0.32894,0.98139,-0.05677,0.03245,-0.18057,0.03387,-0.14316,0.63429,
1540821374147468288,0.19834,-0.06127,0.38319,0.98068,-0.08698,0.02582,-0.17328,0.35322,-0.16706,0.46049,
1540821374246989568,0.24823,-0.07502,0.41972,0.98249,-0.11743,0.00282,-0.14460,0.60078,-0.11610,0.24572,
1540821374379641856,0.33438,-0.07732,0.42306,0.98703,-0.13944,-0.02744,-0.07469,0.61897,0.02474,-0.22404,
1540821374479242240,0.39030,-0.06579,0.39007,0.99075,-0.12819,-0.03576,-0.02666,0.41696,0.11068,-0.48715,
1540821374611887616,0.41452,-0.04423,0.31942,0.99667,-0.07873,-0.02070,0.00405,-0.05566,0.14282,-0.57047,
1540821374744584448,0.38544,-0.02248,0.25988,0.99949,-0.03202,-0.00036,-0.00125,-0.37919,0.09124,-0.36726,
1540821374844067584,0.34638,-0.01524,0.23343,0.99921,-0.00698,0.01997,-0.03363,-0.43817,-0.00176,-0.15361,
1540821374943579136,0.31183,-0.02361,0.22886,0.99773,-0.00039,0.03466,-0.05769,-0.28232,-0.17745,0.08992,
1540821375043097344,0.29561,-0.04619,0.23964,0.99608,-0.02175,0.04464,-0.07325,-0.07481,-0.20382,0.15816,
1540821375142717952,0.29643,-0.05289,0.25004,0.99558,-0.01986,0.03219,-0.08598,0.08370,0.05855,0.16021,
1540821375242139392,0.30731,-0.03786,0.26474,0.99578,-0.01993,0.01050,-0.08892,0.12779,0.27215,0.13862,
1540821375341652992,0.32171,-0.00808,0.27661,0.99657,-0.00600,0.00307,-0.08253,0.12108,0.32167,0.13097,
1540821375441173248,0.33485,0.02219,0.29358,0.99863,0.00481,0.00038,-0.05210,0.09085,0.23472,0.21389,
1540821375540767232,0.34040,0.03355,0.31819,0.99938,-0.00156,0.01227,-0.03287,0.00204,-0.04902,0.29240,
1540821375640211200,0.34242,0.02172,0.35014,0.99899,-0.02405,0.01829,-0.03323,0.00866,-0.26630,0.36141,
1540821375739776256,0.34280,-0.00780,0.38261,0.99740,-0.05895,0.00946,-0.04026,-0.00957,-0.41685,0.25904,
1540821375839290112,0.34049,-0.04809,0.39981,0.99487,-0.08901,0.00762,-0.04749,-0.05131,-0.46419,0.03264,
1540821375938811392,0.33645,-0.08692,0.39233,0.99264,-0.10335,0.00820,-0.06266,-0.04781,-0.31877,-0.21528,
1540821376038286336,0.33482,-0.10593,0.36295,0.99264,-0.09778,0.00277,-0.07144,-0.02947,-0.06603,-0.42552,
1540821376137806336,0.33320,-0.10087,0.31886,0.99467,-0.06671,-0.00183,-0.07861,-0.01473,0.17716,-0.49612,
1540821376237366272,0.33035,-0.07670,0.27247,0.99602,-0.02499,-0.00161,-0.08548,-0.02963,0.31937,-0.43518,
1540821376336844288,0.32782,-0.04179,0.23781,0.99590,0.02318,0.00164,-0.08739,-0.00241,0.38306,-0.19706,
1540821376436364288,0.32580,-0.00489,0.22510,0.99594,0.04743,0.00198,-0.07649,-0.01260,0.33749,0.03222,
1540821376535966464,0.32619,0.02487,0.23978,0.99716,0.05195,-0.00094,-0.05451,0.03588,0.24504,0.30787,
1540821376635486208,0.33008,0.04318,0.27592,0.99861,0.03971,-0.00426,-0.03447,0.03025,0.08842,0.43824,
1540821376735008256,0.33437,0.04395,0.32113,0.99970,0.00842,0.00679,-0.02195,0.02613,-0.10344,0.49859,
1540821376834441216,0.33891,0.02541,0.36766,0.99927,-0.03230,0.00490,-0.01998,0.03083,-0.27433,0.43285,
1540821376933983232,0.34350,-0.00880,0.39974,0.99706,-0.07157,-0.00303,-0.02711,0.03091,-0.37703,0.17547,
1540821377033573376,0.34741,-0.04393,0.40567,0.99531,-0.08707,-0.00280,-0.04206,0.01666,-0.35559,-0.08351,
1540821377133070336,0.35120,-0.07150,0.38991,0.99429,-0.08817,-0.00522,-0.05988,0.04703,-0.22479,-0.25668,
1540821377232516352,0.35479,-0.08861,0.35798,0.99379,-0.08555,-0.00461,-0.07099,0.01277,-0.13985,-0.43141,
1540821377332034048,0.35714,-0.09608,0.31501,0.99455,-0.07399,0.00653,-0.07320,0.03977,-0.03394,-0.46162,
1540821377431650048,0.35964,-0.09693,0.26925,0.99559,-0.06071,0.00792,-0.07106,0.03777,-0.00028,-0.45365,
1540821377531072256,0.36392,-0.09499,0.22384,0.99632,-0.04864,0.00715,-0.07020,0.02924,0.01252,-0.43383,
1540821377630676480,0.36622,-0.09187,0.18325,0.99692,-0.03964,0.00926,-0.06703,0.02852,0.02677,-0.34711,
1540821377730186240,0.36916,-0.08819,0.15281,0.99757,-0.03473,0.00280,-0.06040,0.03873,0.01905,-0.24663,
1540821377829675264,0.37046,-0.08665,0.13011,0.99788,-0.03540,0.00219,-0.05457,0.01679,0.01828,-0.19546,
1540821377929148416,0.37101,-0.08554,0.11244,0.99805,-0.03670,0.00610,-0.05006,-0.00865,-0.00049,-0.16552,
1540821378028667136,0.37033,-0.08563,0.09794,0.99809,-0.03434,0.00618,-0.05104,-0.00118,-0.01128,-0.10634,
1540821378128186112,0.37120,-0.08636,0.08753,0.99810,-0.03023,-0.00564,-0.05336,0.00544,-0.01354,-0.12712,
1540821378227778304,0.37156,-0.08591,0.07405,0.99842,-0.02436,-0.00293,-0.05061,0.00152,0.00968,-0.11714,
1540821378327294464,0.37101,-0.08389,0.06380,0.99888,-0.01772,-0.00518,-0.04347,-0.02168,0.01295,-0.11134,
1540821378426829568,0.36695,-0.08305,0.05293,0.99878,-0.01544,0.00452,-0.04675,-0.03991,-0.00328,-0.09375,
1540821378526263296,0.36422,-0.08289,0.04544,0.99873,-0.01101,0.00477,-0.04889,-0.01378,-0.00569,-0.05959,
1540821378625855488,0.36420,-0.08221,0.03897,0.99884,-0.01007,0.00291,-0.04691,0.00085,-0.00645,-0.07696,
1540821378725375232,0.36475,-0.08333,0.03080,0.99875,-0.00556,0.00363,-0.04949,0.00870,-0.01608,-0.06930,
1540821378824819200,0.36593,-0.08422,0.02386,0.99882,-0.00152,0.00071,-0.04855,0.00692,-0.01935,-0.07695,
1540821378924339200,0.36686,-0.08568,0.01524,0.99884,0.00147,0.00579,-0.04772,-0.00046,-0.02752,-0.08592,
1540821379023888640,0.36645,-0.08767,0.00776,0.99875,0.00518,0.00926,-0.04889,-0.00898,-0.01960,-0.06105,
1540821379123418624,0.36596,-0.08886,0.00341,0.99890,0.00743,0.00968,-0.04517,0.00762,-0.01701,-0.02298,
1540821379222936064,0.36716,-0.09052,0.00101,0.99900,0.00650,0.01020,-0.04298,0.01532,-0.02982,-0.03345,
1540821379322544384,0.36792,-0.09293,-0.00299,0.99892,0.01019,0.01253,-0.04349,0.01183,-0.00757,-0.03221,
1540821379421974528,0.36895,-0.09203,-0.00588,0.99908,0.01378,0.01007,-0.03928,0.00030,0.00257,-0.03190,
1540821379521525248,0.36897,-0.09189,-0.00775,0.99913,0.01205,0.01310,-0.03768,-0.00414,-0.00951,-0.01265,
1540821379621014016,0.36843,-0.09303,-0.00828,0.99907,0.01301,0.01219,-0.03938,0.00227,-0.01802,-0.00376,
1540821379720490240,0.36858,-0.09448,-0.00917,0.99898,0.01198,0.01332,-0.04156,0.00633,-0.02409,0.00941,
1540821379820009216,0.36850,-0.09491,-0.00935,0.99898,0.01123,0.01287,-0.04184,0.00283,-0.00279,0.00153,
1540821379919528704,0.36804,-0.09547,-0.01091,0.99894,0.01220,0.01477,-0.04188,0.00394,-0.00845,-0.00520,
1540821380019049472,0.36742,-0.09606,-0.01201,0.99891,0.01144,0.01501,-0.04269,0.00328,-0.00144,0.01199,
1540821380118576128,0.36761,-0.09562,-0.01252,0.99898,0.00994,0.01442,-0.04168,-0.01535,-0.00573,-0.01212,
1540821380218164480,0.36745,-0.09550,-0.01274,0.99896,0.01018,0.01526,-0.04176,-0.00048,0.00657,0.00173,
1540821380317677568,0.36742,-0.09588,-0.01273,0.99895,0.00925,0.01536,-0.04213,0.00005,0.01136,0.00079,
1540821380417123328,0.36733,-0.09592,-0.01277,0.99897,0.00912,0.01540,-0.04178,0.00328,0.00480,0.00281,
1540821380516643328,0.36733,-0.09571,-0.01278,0.99896,0.00939,0.01534,-0.04179,0.00287,-0.00889,0.00275,
1540821380616161280,0.36735,-0.09564,-0.01280,0.99896,0.00951,0.01528,-0.04183,0.00361,-0.00867,0.00174,
1540821380715809024,0.36738,-0.09567,-0.01281,0.99896,0.00924,0.01514,-0.04203,0.00173,-0.00228,0.00079,
1540821380815240192,0.36741,-0.09580,-0.01280,0.99896,0.00880,0.01510,-0.04208,0.00058,0.00176,0.00120,
1540821380914759168,0.36742,-0.09588,-0.01280,0.99896,0.00851,0.01507,-0.04220,0.00094,0.00231,0.00290,
1540821381014287360,0.36739,-0.09586,-0.01276,0.99896,0.00831,0.01495,-0.04233,0.00136,-0.00111,0.00248,
1540821381113798656,0.36740,-0.09580,-0.01274,0.99895,0.00819,0.01495,-0.04241,0.00176,-0.00423,0.00158,
1540821381213316096,0.36738,-0.09576,-0.01272,0.99895,0.00811,0.01495,-0.04260,0.00189,-0.00395,0.00220,
1540821381312795136,0.36730,-0.09574,-0.01265,0.99894,0.00799,0.01494,-0.04271,0.00038,-0.00138,0.00191,
1540821381412313344,0.36737,-0.09585,-0.01267,0.99894,0.00791,0.01490,-0.04277,0.00149,-0.00093,0.00151,
1540821381511921152,0.36740,-0.09590,-0.01266,0.99895,0.00778,0.01488,-0.04274,0.00104,-0.00037,0.00249,
1540821381611353344,0.36736,-0.09588,-0.01262,0.99894,0.00765,0.01491,-0.04288,0.00091,-0.00119,0.00218,
1540821381710870272,0.36737,-0.09586,-0.01259,0.99894,0.00755,0.01490,-0.04299,0.00158,-0.00251,0.00262,
1540821381810390272,0.36734,-0.09587,-0.01256,0.99893,0.00746,0.01488,-0.04309,0.00151,-0.00265,0.00254,
1540821381909911040,0.36732,-0.09589,-0.01253,0.99893,0.00736,0.01479,-0.04312,0.00112,-0.00265,0.00223,
1540821382009429248,0.36734,-0.09589,-0.01250,0.99893,0.00722,0.01485,-0.04325,0.00133,-0.00121,0.00187,
1540821382108950784,0.36735,-0.09589,-0.01247,0.99892,0.00699,0.01495,-0.04336,0.00122,-0.00112,0.00247,
1540821382208468480,0.36736,-0.09589,-0.01243,0.99892,0.00679,0.01501,-0.04346,0.00135,-0.00082,0.00209,
1540821382307993088,0.36735,-0.09588,-0.01240,0.99892,0.00664,0.01499,-0.04359,0.00129,-0.00149,0.00244,
1540821382440718080,0.36735,-0.09588,-0.01237,0.99891,0.00646,0.01500,-0.04379,0.00251,-0.00154,0.00208,
1540821382573433088,0.36734,-0.09588,-0.01235,0.99890,0.00635,0.01498,-0.04387,0.00253,-0.00166,0.00234,
1540821382672887296,0.36732,-0.09588,-0.01233,0.99890,0.00626,0.01487,-0.04401,0.00137,-0.00118,0.00284,
1540821382772412416,0.36733,-0.09589,-0.01233,0.99890,0.00617,0.01479,-0.04416,0.00154,-0.00169,0.00261,
1540821382871966976,0.36732,-0.09590,-0.01232,0.99889,0.00612,0.01470,-0.04425,0.00147,-0.00175,0.00299,
1540821382971489536,0.36731,-0.09592,-0.01231,0.99889,0.00607,0.01465,-0.04435,0.00144,-0.00172,0.00282,
1540821383070963456,0.36731,-0.09592,-0.01230,0.99889,0.00600,0.01455,-0.04445,0.00101,-0.00168,0.00236,
1540821383170483200,0.36731,-0.09593,-0.01232,0.99889,0.00593,0.01437,-0.04454,0.00101,-0.00185,0.00205,
1540821383270001152,0.36730,-0.09592,-0.01231,0.99888,0.00583,0.01432,-0.04468,0.00078,-0.00136,0.00230,
1540821383369519360,0.36727,-0.09594,-0.01230,0.99888,0.00578,0.01422,-0.04474,0.00098,-0.00191,0.00319,
1540821383469044480,0.36726,-0.09594,-0.01228,0.99887,0.00564,0.01410,-0.04493,0.00090,-0.00171,0.00308,
1540821383568562176,0.36726,-0.09594,-0.01227,0.99888,0.00544,0.01397,-0.04497,0.00069,-0.00173,0.00316,
1540821383668077312,0.36727,-0.09597,-0.01223,0.99888,0.00539,0.01400,-0.04496,0.00100,-0.00212,0.00362,
1540821383767597312,0.36728,-0.09598,-0.01220,0.99888,0.00528,0.01403,-0.04498,0.00063,-0.00181,0.00314,
1540821383867115264,0.36728,-0.09599,-0.01218,0.99887,0.00522,0.01397,-0.04512,0.00053,-0.00221,0.00348,
1540821383966634240,0.36726,-0.09599,-0.01214,0.99887,0.00512,0.01395,-0.04520,0.00031,-0.00191,0.00398,
1540821384066153216,0.36729,-0.09600,-0.01214,0.99886,0.00504,0.01394,-0.04529,0.00076,-0.00215,0.00347,
1540821384165723392,0.36727,-0.09601,-0.01212,0.99886,0.00505,0.01392,-0.04544,0.00016,-0.00234,0.00429,
1540821384265232128,0.36728,-0.09605,-0.01212,0.99886,0.00503,0.01384,-0.04535,0.00027,-0.00261,0.00398,
1540821384364753408,0.36729,-0.09606,-0.01210,0.99886,0.00497,0.01380,-0.04547,0.00014,-0.00256,0.00403,
1540821384464274176,0.36724,-0.09601,-0.01208,0.99884,0.00486,0.01366,-0.04587,-0.00044,-0.00186,0.00361,
1540821384563805440,0.36722,-0.09596,-0.01209,0.99883,0.00473,0.01350,-0.04616,-0.00049,-0.00219,0.00399,
1540821384663311360,0.36724,-0.09594,-0.01210,0.99883,0.00470,0.01340,-0.04631,0.00005,-0.00205,0.00406,
1540821384762787584,0.36724,-0.09596,-0.01209,0.99883,0.00467,0.01331,-0.04632,-0.00107,-0.00153,0.00454,
1540821384862305280,0.36723,-0.09594,-0.01208,0.99882,0.00454,0.01336,-0.04639,-0.00122,-0.00163,0.00437,
1540821384961866496,0.36725,-0.09595,-0.01207,0.99882,0.00453,0.01332,-0.04655,-0.00067,-0.00190,0.00438,
1540821385061343744,0.36725,-0.09595,-0.01206,0.99882,0.00448,0.01325,-0.04658,-0.00124,-0.00143,0.00489,
1540821385160905216,0.36727,-0.09595,-0.01206,0.99881,0.00446,0.01320,-0.04675,-0.00122,-0.00177,0.00457,
1540821385260386304,0.36758,-0.09615,-0.01221,0.99883,0.00444,0.01284,-0.04643,0.00100,-0.00173,0.00088,
1540821385359942144,0.36758,-0.09610,-0.01225,0.99882,0.00384,0.01238,-0.04673,0.00035,-0.00017,0.00109,
1540821385459492096,0.36763,-0.09616,-0.01219,0.99882,0.00368,0.01238,-0.04672,0.00133,-0.00016,0.00105,
1540821385558938368,0.36760,-0.09611,-0.01224,0.99882,0.00354,0.01211,-0.04684,0.00051,-0.00054,0.00143,
1540821385658457344,0.36758,-0.09610,-0.01226,0.99882,0.00333,0.01195,-0.04694,0.00030,-0.00045,0.00067,
1540821385758003200,0.36758,-0.09613,-0.01223,0.99882,0.00318,0.01194,-0.04696,0.00065,-0.00027,0.00115,
1540821385857569280,0.36760,-0.09614,-0.01220,0.99882,0.00307,0.01190,-0.04693,0.00047,-0.00011,0.00133,
1540821385957054208,0.36761,-0.09616,-0.01218,0.99882,0.00299,0.01188,-0.04694,0.00047,-0.00025,0.00175,
1540821386056576256,0.36757,-0.09613,-0.01222,0.99882,0.00291,0.01172,-0.04707,0.00025,-0.00044,0.00091,
1540821386156052224,0.36761,-0.09617,-0.01217,0.99882,0.00284,0.01182,-0.04711,0.00071,-0.00017,0.00094,
1540821386255612416,0.36762,-0.09619,-0.01215,0.99881,0.00278,0.01177,-0.04723,0.00061,-0.00070,0.00066,
1540821386355131392,0.36763,-0.09616,-0.01217,0.99882,0.00297,0.01167,-0.04707,-0.00236,-0.00232,0.00155,
1540821386454610176,0.36758,-0.09614,-0.01220,0.99881,0.00274,0.01137,-0.04743,-0.00083,-0.00248,-0.00247,
1540821386554171136,0.36756,-0.09612,-0.01221,0.99879,0.00262,0.01147,-0.04767,0.00062,0.00174,0.00072,
1540821386653694208,0.36755,-0.09613,-0.01222,0.99880,0.00272,0.01130,-0.04750,0.00111,-0.00091,0.00141,
1540821386753165056,0.36758,-0.09616,-0.01218,0.99881,0.00261,0.01137,-0.04738,0.00058,-0.00175,0.00305,
1540821386852686080,0.36758,-0.09613,-0.01221,0.99881,0.00270,0.01130,-0.04730,-0.00086,0.00135,0.00082,
1540821386952206848,0.36759,-0.09615,-0.01221,0.99881,0.00270,0.01127,-0.04728,0.00094,-0.00142,0.00103,
1540821387051724288,0.36758,-0.09613,-0.01221,0.99880,0.00265,0.01119,-0.04751,-0.00188,0.00030,0.00296,
1540821387151242240,0.36759,-0.09615,-0.01220,0.99881,0.00261,0.01120,-0.04744,-0.00055,0.00130,0.00083,
1540821387250761472,0.36760,-0.09617,-0.01218,0.99882,0.00250,0.01124,-0.04726,0.00223,-0.00271,0.00087,
1540821387350322432,0.36764,-0.09626,-0.01213,0.99881,0.00244,0.01122,-0.04733,0.00021,-0.00001,0.00138,
1540821387449800448,0.36760,-0.09618,-0.01218,0.99882,0.00239,0.01098,-0.04730,-0.00187,-0.00226,-0.00021,
1540821387549436928,0.36760,-0.09618,-0.01218,0.99882,0.00241,0.01083,-0.04730,0.00032,-0.00339,-0.00423,
1540821387648838400,0.36762,-0.09623,-0.01215,0.99882,0.00233,0.01077,-0.04739,0.00163,0.00033,0.00379,
1540821387748357376,0.36758,-0.09618,-0.01217,0.99881,0.00240,0.01050,-0.04756,-0.00069,0.00485,0.00284,
1540821387847877632,0.36758,-0.09617,-0.01217,0.99881,0.00238,0.01046,-0.04753,0.00368,-0.00212,-0.00145,
1540821387947438336,0.36767,-0.09622,-0.01216,0.99880,0.00237,0.01063,-0.04766,0.00489,-0.00290,-0.00070,
1540821388046913280,0.36759,-0.09616,-0.01218,0.99878,0.00258,0.01073,-0.04803,-0.00199,-0.00773,0.00034,
1540821388146434304,0.36757,-0.09619,-0.01215,0.99878,0.00199,0.01111,-0.04801,-0.00181,-0.00386,0.00191,
1540821388245991168,0.36758,-0.09619,-0.01212,0.99877,0.00190,0.01168,-0.04805,0.00066,-0.00144,-0.00391,
1540821388345556224,0.36762,-0.09616,-0.01215,0.99877,0.00204,0.01257,-0.04783,-0.00197,-0.00348,-0.01072,
1540821388445032448,0.36757,-0.09618,-0.01217,0.99877,0.00251,0.01341,-0.04772,-0.00147,-0.00118,0.01050,
1540821388544510720,0.36763,-0.09620,-0.01206,0.99878,0.00095,0.01685,-0.04635,-0.00717,-0.00662,0.01355,
1540821388644029952,0.36769,-0.09624,-0.01193,0.99852,0.00072,0.03012,-0.04535,0.00801,0.02335,0.01894,
1540821388743548416,0.37009,-0.09528,-0.01147,0.99675,0.00429,0.06594,-0.04617,0.05087,-0.00568,0.01321,
1540821388843104256,0.38345,-0.09914,-0.00882,0.99338,0.01895,0.09875,-0.05552,0.25763,-0.04123,0.11286,
1540821388942665216,0.42269,-0.10640,0.00796,0.99276,0.04035,0.09729,-0.05780,0.48962,-0.10930,0.24884,
1540821389042104832,0.48308,-0.12556,0.04522,0.99320,0.05834,0.08740,-0.05014,0.73841,-0.28479,0.54688,
1540821389141702144,0.56319,-0.16307,0.11423,0.99610,0.05610,0.06103,-0.03009,0.84641,-0.44052,0.82381,
1540821389274314496,0.68447,-0.23937,0.24398,0.99784,0.03967,0.05226,-0.00295,0.98770,-0.68833,1.16796,
1540821389373875456,0.78599,-0.31273,0.37412,0.99864,0.00909,0.04940,0.01403,1.05199,-0.76508,1.45025,
1540821389473399040,0.89377,-0.38941,0.52278,0.99783,-0.01658,0.05576,0.03078,1.07837,-0.72029,1.47915,
1540821389572871424,1.00329,-0.45791,0.66176,0.99308,-0.02742,0.10242,0.05043,1.08502,-0.67891,1.32060,
1540821389738817536,1.19851,-0.55672,0.83941,0.96840,-0.02195,0.23788,0.07163,1.28014,-0.55669,0.78593,
1540821389871429632,1.40801,-0.62015,0.91544,0.93920,0.00121,0.33247,0.08583,1.94357,-0.46721,0.37692,
1540821389970987264,1.62987,-0.65610,0.93824,0.93581,0.00522,0.33475,0.11038,2.49025,-0.39173,0.12715,
1540821390070512384,1.89662,-0.68343,0.93254,0.93324,0.00896,0.33040,0.14075,2.99274,-0.35623,-0.18933,
1540821390169996288,2.21197,-0.70757,0.90039,0.93344,-0.02200,0.31163,0.17634,3.53127,-0.28349,-0.38579,
1540821390269579264,2.57081,-0.70893,0.84894,0.93068,-0.05806,0.28525,0.22159,3.95808,-0.00221,-0.53995,
1540821390369022976,2.96973,-0.67964,0.78438,0.92355,-0.09271,0.24735,0.27797,4.38816,0.31771,-0.65315,
1540821390468479744,3.40416,-0.61725,0.71791,0.90937,-0.13193,0.19939,0.34042,4.63184,0.75703,-0.57131,
1540821390568001792,3.86275,-0.50930,0.67101,0.88655,-0.15161,0.16636,0.40418,4.73156,1.29279,-0.35186,
1540821390667497984,4.33245,-0.35141,0.65053,0.85554,-0.16941,0.13080,0.47142,4.79092,1.82369,-0.05051,
1540821390767014400,4.80501,-0.14499,0.65884,0.81252,-0.19288,0.08708,0.54316,4.63671,2.34985,0.21692,
1540821390866428672,5.25463,0.11597,0.68576,0.75914,-0.21761,0.04771,0.61162,4.38022,2.76789,0.36892,
1540821390965948672,5.66730,0.41872,0.72332,0.69649,-0.25302,0.00077,0.67148,3.95597,3.14940,0.43968,
1540821391065507584,6.02086,0.75707,0.77083,0.63855,-0.27728,-0.02467,0.71746,3.31384,3.45992,0.46598,
1540821391165028864,6.31819,1.11786,0.81735,0.59341,-0.27867,-0.01157,0.75503,2.67352,3.74233,0.49326,
1540821391264504576,6.56700,1.51221,0.86396,0.54026,-0.28703,-0.01391,0.79091,2.14140,4.05734,0.52446,
1540821391364064768,6.76773,1.92557,0.91144,0.47668,-0.29866,-0.03325,0.82612,1.53494,4.28074,0.54160,
1540821391463572736,6.89126,2.36586,0.96601,0.40392,-0.31250,-0.08599,0.85545,0.88998,4.46697,0.52689,
1540821391563108608,6.94163,2.79864,1.01807,0.34981,-0.33016,-0.14933,0.86390,0.23814,4.40591,0.35514,
1540821391662709760,6.91684,3.20406,1.05118,0.31955,-0.34524,-0.20270,0.85884,-0.44258,4.18278,0.06021,
1540821391762099456,6.83563,3.60267,1.03762,0.31936,-0.34674,-0.20437,0.85791,-1.16894,3.86094,-0.33434,
1540821391861617920,6.69426,3.98489,0.98850,0.32457,-0.33346,-0.16649,0.86933,-1.83513,3.66842,-0.63542,
1540821391961138688,6.47855,4.34619,0.91666,0.32558,-0.31567,-0.11521,0.88378,-2.54749,3.48889,-0.76517,
1540821392060675584,6.19485,4.69128,0.84262,0.30936,-0.30359,-0.07082,0.89840,-3.19158,3.45562,-0.71222,
1540821392193349632,5.71346,5.14129,0.76035,0.26999,-0.28380,0.00050,0.92009,-4.10498,3.46285,-0.45862,
1540821392292867072,5.27534,5.48442,0.73470,0.23956,-0.26423,0.04223,0.93328,-4.67964,3.74370,-0.06010,
1540821392392478720,4.77830,5.86919,0.74214,0.22632,-0.25661,0.05944,0.93776,-5.18936,4.00313,0.24182,
1540821392491905792,4.23573,6.27090,0.77408,0.22697,-0.25507,0.07151,0.93718,-5.60818,4.27656,0.39251,
1540821392624599808,3.45547,6.85461,0.83090,0.22342,-0.26547,0.04168,0.93695,-6.05080,4.56588,0.41392,
1540821392757364736,2.61802,7.47478,0.86837,0.21258,-0.28036,-0.01798,0.93589,-6.54649,4.54120,0.17642,
1540821392856929792,1.94220,7.93108,0.87215,0.22416,-0.27765,-0.00338,0.93416,-6.86985,4.47114,-0.07081,
1540821392989541632,1.00783,8.52823,0.82863,0.24450,-0.26507,0.03794,0.93194,-7.14227,4.48319,-0.52513,
1540821393089020672,0.28347,8.98260,0.75865,0.25739,-0.24694,0.05945,0.93233,-7.35769,4.61484,-0.79710,
1540821393221713664,-0.71109,9.61682,0.65280,0.25373,-0.22636,0.04166,0.93949,-7.71012,4.85510,-0.69301,
1540821393354447872,-1.76934,10.27578,0.58763,0.20698,-0.19419,0.02716,0.95850,-8.18690,5.02977,-0.18703,
1540821393487095808,-2.87404,10.95737,0.61338,0.13591,-0.16229,-0.01164,0.97727,-8.53961,5.06462,0.63109,
1540821393586614784,-3.73668,11.45703,0.70457,0.07720,-0.15104,-0.04473,0.98449,-8.74687,4.83731,1.20188,
1540821393719326976,-4.89966,12.10239,0.88483,-0.00588,-0.15627,-0.10206,0.98241,-8.90938,4.57038,1.47792,
1540821393885117696,-6.39301,12.79941,1.17616,-0.12381,-0.11953,-0.21955,0.96030,-9.11927,3.59429,1.94865,
1540821394017910784,-7.59267,13.23598,1.43805,-0.23177,-0.06816,-0.37631,0.89444,-9.00594,2.53576,1.96445,
1540821394117513216,-8.45249,13.42634,1.63889,-0.32177,-0.01980,-0.48439,0.81329,-8.40205,1.10261,1.89377,
1540821394217053952,-9.23040,13.48268,1.81508,-0.42619,0.00965,-0.54406,0.72268,-7.35077,-0.37393,1.52538,
1540821394349699584,-10.11639,13.41214,1.94825,0.56718,0.01076,0.53889,-0.62273,-5.74417,-1.68001,0.81625,
1540821394449220352,-10.68219,13.30380,1.98917,0.67565,0.03487,0.47454,-0.56311,-4.54851,-2.60544,0.61814,
1540821394548816384,-11.14862,13.03087,2.04193,0.76917,0.04083,0.36014,-0.52632,-3.44019,-3.48596,0.96831,
1540821394681517056,-11.56385,12.58241,2.22187,0.82812,0.03268,0.29959,-0.47264,-2.38173,-4.08761,1.63237,
1540821394781109760,-11.73808,12.16427,2.37735,0.84381,0.00156,0.32060,-0.43035,-1.87748,-4.34015,1.50172,
1540821394880617984,-11.81811,11.73039,2.51295,0.84736,-0.05710,0.35690,-0.38903,-1.32912,-4.47480,1.04101,
1540821394980139008,-11.80936,11.27623,2.58798,0.84650,-0.10387,0.37485,-0.36351,-0.66071,-4.47176,0.48387,
1540821395112941056,-11.86041,10.66012,2.60126,0.85159,-0.13534,0.37059,-0.34518,0.02967,-4.45514,-0.18807,
1540821395212494592,-11.83211,10.20013,2.54735,0.85454,-0.14794,0.37047,-0.33260,0.52091,-4.35124,-0.77296,
1540821395311960576,-11.74977,9.75775,2.44146,0.86193,-0.13471,0.37003,-0.31940,1.04916,-4.25244,-1.30773,
1540821395411584512,-11.62379,9.32373,2.28386,0.88150,-0.09058,0.36466,-0.28595,1.66470,-4.11398,-1.70738,
1540821395544210944,-11.34377,8.78671,2.05051,0.90757,0.01973,0.33645,-0.25047,2.52406,-4.17602,-1.82910,
1540821395643667968,-11.06089,8.36302,1.87675,0.91690,0.04723,0.32700,-0.22390,3.05818,-4.49234,-1.84139,
1540821395743226112,-10.72933,7.91922,1.70144,0.92044,0.03283,0.32920,-0.20818,3.57544,-4.67399,-1.93853,
1540821395842813696,-10.34240,7.45990,1.51335,0.92244,-0.00467,0.33527,-0.19153,4.22327,-4.72513,-1.98144,
1540821395975439616,-9.72482,6.83814,1.25727,0.92585,-0.02323,0.32547,-0.19060,5.08621,-4.78277,-1.88810,
1540821396074918144,-9.19258,6.36123,1.06684,0.92149,-0.07635,0.33420,-0.18260,5.68644,-4.70166,-1.90515,
1540821396207661824,-8.36647,5.76471,0.82332,0.92342,-0.05749,0.32602,-0.19418,6.76359,-4.38119,-1.68636,
1540821396307168768,-7.65323,5.33238,0.67891,0.93511,-0.04359,0.29828,-0.18630,7.53328,-4.36587,-1.22604,
1540821396406689024,-6.86891,4.90905,0.58642,0.94330,-0.05528,0.28552,-0.16003,8.28514,-4.24197,-0.61474,
1540821396506164736,-6.00869,4.50045,0.55872,0.95168,-0.06070,0.27059,-0.13191,9.06804,-3.99401,0.05109,
1540821396605724672,-5.07402,4.11804,0.59348,0.96218,-0.03473,0.25123,-0.09944,9.62816,-3.59772,0.62597,
1540821396705161728,-4.09566,3.76010,0.67877,0.96998,0.02931,0.23582,-0.05170,10.08405,-3.63065,1.06730,
1540821396804639744,-3.07880,3.39070,0.80175,0.97617,0.02610,0.21530,-0.00774,10.34474,-3.72093,1.40959,
1540821396904159744,-2.04170,3.01561,0.94103,0.97467,-0.00000,0.22269,0.02076,10.47616,-3.67801,1.35855,
1540821397003680768,-0.99101,2.65518,1.06579,0.97356,-0.02424,0.22213,0.04746,10.59930,-3.57493,1.05125,
1540821397136369664,0.41343,2.18591,1.16766,0.96961,-0.09330,0.20431,0.09704,10.58561,-3.43668,0.48179,
1540821397235889920,1.47099,1.85336,1.20815,0.95283,-0.18270,0.17599,0.16661,10.72338,-3.05372,0.33803,
1540821397368581120,2.88461,1.48825,1.26283,0.88127,-0.35583,0.09924,0.29477,10.60199,-2.00518,0.44062,
1540821397534444800,4.54068,1.35049,1.35156,0.71812,-0.48912,-0.00959,0.49494,9.02424,0.43736,0.45050,
1540821397667083264,5.61442,1.49227,1.40125,0.58534,-0.48617,-0.04334,0.64740,7.13640,1.61308,0.23662,
1540821397766713600,6.25535,1.68320,1.41862,0.51358,-0.46059,-0.01696,0.72375,5.83786,2.32465,0.11490,
1540821397866121984,6.77041,1.93891,1.42818,0.41453,-0.43629,-0.05199,0.79694,4.59415,2.86492,0.06805,
1540821397998942976,7.26403,2.44026,1.44317,0.29076,-0.41932,-0.11045,0.85289,2.89792,3.03253,-0.00678,
1540821398131606272,7.56268,2.83145,1.42962,0.18851,-0.40572,-0.14488,0.88253,1.20361,2.68595,-0.03689,
1540821398231133184,7.70932,3.10729,1.41305,0.19068,-0.39407,-0.09110,0.89446,0.09903,2.50349,-0.04263,
1540821398330544128,7.85320,3.43184,1.37921,0.20814,-0.36966,-0.04070,0.90464,-0.72308,2.69199,0.01732,
1540821398430156032,7.76405,3.74023,1.38085,0.22172,-0.35372,-0.01622,0.90855,-1.60838,2.79242,0.11913,
1540821398529581056,7.55107,4.03066,1.39459,0.22317,-0.35273,-0.01726,0.90856,-2.47179,2.95997,0.19315,
1540821398629100032,7.26203,4.33871,1.40076,0.22532,-0.35168,-0.02036,0.90837,-3.20806,3.02520,0.10179,
1540821398761837312,6.78545,4.75329,1.38375,0.23795,-0.34527,-0.00578,0.90782,-3.92257,3.10559,-0.25794,
1540821398861403136,6.37295,5.07886,1.34226,0.24097,-0.33991,-0.00780,0.90903,-4.35872,3.24602,-0.55258,
1540821398994002176,5.75006,5.51478,1.24189,0.24027,-0.33649,-0.00016,0.91052,-5.04516,3.24558,-0.89205,
1540821399093521152,5.22429,5.84490,1.14738,0.23613,-0.31982,0.04489,0.91648,-5.58641,3.42460,-0.91317,
1540821399193041152,4.64340,6.20699,1.05913,0.22141,-0.30822,0.05298,0.92367,-6.09446,3.72623,-0.83288,
1540821399292560128,4.00939,6.58878,0.98370,0.21508,-0.29687,0.05239,0.92891,-6.64687,3.93156,-0.68458,
1540821399392077824,3.31917,6.98762,0.92062,0.22215,-0.28229,0.07615,0.93014,-7.12770,4.08523,-0.57969,
1540821399491668224,2.59060,7.41002,0.85800,0.23115,-0.26115,0.10105,0.93175,-7.40891,4.32517,-0.67416,
1540821399591116544,1.84380,7.85638,0.78601,0.23401,-0.25182,0.10055,0.93366,-7.61150,4.57686,-0.78965,
1540821399690635008,1.07303,8.32769,0.70488,0.23735,-0.24589,0.09668,0.93480,-7.90551,4.80253,-0.78284,
1540821399790155776,0.27096,8.82619,0.63471,0.25036,-0.22091,0.12055,0.93487,-8.19606,5.08974,-0.62012,
1540821399889674240,-0.55238,9.35133,0.58160,0.26154,-0.18566,0.14102,0.93661,-8.29163,5.46482,-0.47270,
1540821399989193216,-1.38555,9.91534,0.55009,0.24605,-0.17109,0.10097,0.94868,-8.40369,5.87804,-0.08152,
1540821400088750080,-2.23028,10.51482,0.57365,0.20643,-0.16184,0.01492,0.96487,-8.61071,6.07084,0.55224,
1540821400188310784,-3.09585,11.11369,0.65529,0.15849,-0.16577,-0.05648,0.97171,-8.84023,5.87527,1.04768,
1540821400287728640,-3.98074,11.68553,0.77101,0.10380,-0.17519,-0.09509,0.97442,-9.02490,5.59011,1.23020,
1540821400387286784,-4.88312,12.23247,0.89877,0.03441,-0.17499,-0.15457,0.97175,-9.22856,5.22195,1.32934,
1540821400486771712,-5.80526,12.73117,1.04179,-0.04432,-0.15659,-0.23111,0.95922,-9.47261,4.50643,1.66034,
1540821400586246656,-6.74402,13.13575,1.23144,-0.13010,-0.11604,-0.30839,0.93515,-9.58538,3.25046,2.23501,
1540821400685820416,-7.68668,13.38742,1.47566,-0.21273,-0.06543,-0.37931,0.89810,-9.33420,1.72864,2.70731,
1540821400785434112,-8.57983,13.50446,1.75892,-0.29428,-0.01443,-0.43467,0.85103,-8.71752,0.14948,3.03292,
1540821400884912128,-9.38616,13.45037,2.07282,-0.38217,0.03307,-0.47530,0.79180,-7.61565,-1.43876,3.04795,
1540821400984493568,-10.11028,13.29659,2.35344,-0.47847,0.01982,-0.46058,0.74735,-6.70641,-2.31620,2.72907,
1540821401084080128,-10.75990,13.07090,2.59497,0.55297,-0.00182,0.47371,-0.68544,-6.27629,-2.52763,2.14320,
1540821401183586304,-11.29261,12.80333,2.79862,0.60459,0.02579,0.51503,-0.60708,-5.72938,-2.89638,1.44338,
1540821401283351808,-11.74970,12.46832,2.91852,0.66196,0.05152,0.52600,-0.53148,-5.11055,-3.39848,0.74895,
1540821401382775296,-12.25438,12.11382,2.95832,0.72700,0.00725,0.54777,-0.41397,-4.60540,-3.77589,0.08153,
1540821401482354176,-12.65627,11.73166,2.93101,0.77529,-0.01788,0.55491,-0.30113,-3.51169,-3.90927,-0.62621,
1540821401581915136,-12.95415,11.32515,2.84047,0.83098,-0.01009,0.50953,-0.22303,-2.32048,-4.16699,-1.02603,
1540821401714642944,-13.15040,10.77025,2.68878,0.87054,-0.03774,0.46980,-0.14150,-0.74297,-4.29551,-1.32398,
1540821401847333632,-13.14627,10.20843,2.50033,0.89342,-0.06500,0.42852,-0.11809,0.90082,-4.17316,-1.39700,
1540821401980024576,-12.92333,9.66156,2.31503,0.90532,-0.08530,0.39153,-0.14077,2.42902,-3.94524,-1.25141,
1540821402079544832,-12.63386,9.26150,2.19080,0.91076,-0.10003,0.36930,-0.15531,3.45556,-3.73211,-1.08632,
1540821402179066368,-12.25771,8.88969,2.07624,0.91120,-0.09110,0.36238,-0.17347,4.28072,-3.51632,-1.08099,
1540821402278594560,-11.80344,8.53069,1.95846,0.91363,-0.06656,0.35400,-0.18852,5.05309,-3.42001,-1.10353,
1540821402378103040,-11.26965,8.18094,1.83990,0.91799,-0.01283,0.33822,-0.20674,5.72969,-3.36554,-1.13520,
1540821402510793728,-10.46435,7.72555,1.66960,0.91219,0.08293,0.31377,-0.25018,6.25794,-3.53254,-1.47101,
1540821402676763648,-9.39760,7.10628,1.36750,0.88404,0.20968,0.26966,-0.31904,6.50713,-4.13277,-2.05834,
1540821402809349888,-8.51256,6.51695,1.09516,0.88185,0.21505,0.25812,-0.33085,6.78972,-4.89455,-1.99418,
1540821402908861184,-7.83433,6.00138,0.89804,0.89468,0.17509,0.26340,-0.31547,6.90304,-5.50106,-1.99409,
1540821403008429312,-7.13530,5.42600,0.70306,0.92669,0.06666,0.26174,-0.26133,7.30169,-5.84437,-1.78715,
1540821403141038336,-6.11555,4.64926,0.52285,0.95332,-0.04361,0.23227,-0.18796,8.15293,-5.74798,-0.80265,
1540821403240467456,-5.27712,4.09131,0.49231,0.96127,-0.10744,0.20562,-0.14879,8.73910,-5.39793,0.18970,
1540821403340091136,-4.37811,3.58595,0.55819,0.95603,-0.19625,0.19161,-0.10381,9.29002,-4.65501,1.06276,
1540821403439443712,-3.43624,3.16908,0.68501,0.94679,-0.25313,0.18766,-0.06550,9.66565,-3.69438,1.39100,
1540821403538859008,-2.46591,2.83945,0.82816,0.94930,-0.25488,0.18177,-0.02861,9.87305,-2.85440,1.46083,
1540821403638377216,-1.47581,2.58817,0.98180,0.95400,-0.24120,0.17748,0.01442,10.08578,-2.06733,1.66557,
1540821403737897216,-0.46744,2.42563,1.15587,0.95882,-0.20513,0.18526,0.06535,10.15746,-1.27843,1.76119,
1540821403837416192,0.53629,2.30454,1.32224,0.96476,-0.12482,0.20906,0.09978,10.15870,-1.03464,1.47608,
1540821403936878592,1.54721,2.19345,1.44444,0.95546,-0.12534,0.21940,0.15251,10.17685,-0.96235,0.96160,
1540821404036470784,2.53372,2.02224,1.52044,0.93673,-0.15741,0.20233,0.23839,10.23719,-0.75848,0.64592,
1540821404135913728,3.55533,1.94800,1.59156,0.89774,-0.22695,0.12568,0.35603,10.23487,-0.23198,0.75408,
1540821404235425536,4.55665,1.98478,1.68444,0.81199,-0.33464,0.02464,0.47758,9.76863,0.75331,1.20246,
1540821404334872576,5.48173,2.13523,1.82190,0.66259,-0.47212,-0.09956,0.57286,8.45586,1.90999,1.46356,
1540821404467620096,6.43938,2.44357,1.98192,0.45405,-0.56424,-0.18450,0.66441,5.87359,2.73235,0.83236,
1540821404600224000,7.05316,2.79176,2.05162,0.32176,-0.57641,-0.14368,0.73728,3.38441,2.83605,0.05880,
1540821404732947968,7.35725,3.17271,2.03253,0.26654,-0.53900,-0.05564,0.79709,1.02845,3.16467,-0.32451,
1540821404898795264,7.44021,3.69920,1.95524,0.19188,-0.51537,-0.03595,0.83443,-1.18555,3.61994,-0.63681,
1540821404998313472,7.31350,3.87723,1.94937,0.17644,-0.50605,-0.04517,0.84305,-2.45101,3.43891,-0.73354,
1540821405097918208,7.01940,4.18241,1.84632,0.19637,-0.48927,-0.01612,0.84958,-3.68296,3.44066,-1.01842,
1540821405197391616,6.59085,4.52609,1.73706,0.22915,-0.44826,0.03339,0.86339,-4.80502,3.74721,-1.09051,
1540821405296939264,6.04688,4.90661,1.64105,0.24342,-0.41222,0.06136,0.87582,-5.81580,4.10451,-0.96919,
1540821405396389376,5.43012,5.32957,1.55255,0.24001,-0.39805,0.06429,0.88307,-6.52743,4.45401,-0.97484,
1540821405529081600,4.51496,5.92867,1.40879,0.24430,-0.38195,0.09153,0.88659,-7.17201,4.70506,-1.35515,
1540821405695013120,3.25446,6.73700,1.15430,0.26776,-0.32709,0.11500,0.89894,-7.92059,5.19504,-1.60555,
1540821405827790848,2.17851,7.46049,0.94847,0.28207,-0.28552,0.12916,0.90677,-8.29495,5.65633,-1.56123,
1540821405960396032,1.07898,8.22957,0.72058,0.28252,-0.27958,0.12366,0.90925,-8.40489,5.86784,-1.99966,
1540821406060017920,0.23166,8.82788,0.51362,0.27302,-0.25079,0.10674,0.92259,-8.66842,6.20376,-2.11176,
1540821406159436032,-0.63511,9.46751,0.32303,0.24680,-0.20583,0.02265,0.94669,-8.93291,6.46765,-1.64933,
1540821406259034880,-1.54748,10.11089,0.20745,0.21662,-0.16961,-0.06842,0.95897,-9.39464,6.38505,-0.60855,
1540821406391645952,-2.83423,10.90698,0.23027,0.16782,-0.13895,-0.17437,0.96027,-9.93804,5.52059,0.83102,
1540821406491206912,-3.84188,11.41224,0.34759,0.11681,-0.12736,-0.23871,0.95559,-10.20910,4.72905,1.37009,
1540821406590683136,-4.87390,11.83412,0.48741,0.04360,-0.11568,-0.29353,0.94792,-10.31970,3.93491,1.42156,
1540821406723373824,-6.24575,12.26736,0.68472,-0.08765,-0.08314,-0.30616,0.94428,-10.32358,2.48513,1.73999,
1540821406822895104,-7.25721,12.45979,0.88844,-0.16297,-0.01569,-0.30362,0.93862,-10.02435,1.26024,2.43216,
1540821406922453760,-8.21899,12.51258,1.15910,-0.21706,0.03694,-0.30811,0.92552,-9.30842,0.02661,3.11512,
1540821407021933056,-9.10158,12.46223,1.50453,-0.25826,0.06316,-0.34944,0.89844,-8.47052,-1.03275,3.64537,
1540821407154764032,-10.14614,12.30380,1.98232,-0.34925,0.03028,-0.43982,0.82684,-7.48458,-2.04234,3.17950,
1540821407287420928,-11.06960,11.97496,2.39991,0.53770,0.01321,0.47214,-0.69842,-6.73704,-2.81927,2.64906,
1540821407420231936,-11.91458,11.55231,2.69372,0.66491,-0.01950,0.52823,-0.52773,-5.87957,-3.48315,1.93275,
1540821407553008896,-12.63679,11.05799,2.87512,0.74081,-0.11371,0.58261,-0.31438,-5.04610,-3.82081,0.85841,
1540821407685700352,-13.22166,10.54887,2.91900,0.77476,-0.18608,0.58952,-0.13261,-4.15915,-3.62375,-0.28032,
1540821407785475072,-13.57825,10.20554,2.85836,0.78109,-0.16308,0.59479,-0.09758,-3.18068,-3.41608,-1.10716,
1540821407918035968,-13.92093,9.78062,2.65339,0.81169,-0.12834,0.56175,-0.09556,-1.65897,-3.06037,-1.97455,
1540821408017666560,-14.06230,9.46569,2.41123,0.83364,-0.07412,0.53201,-0.12850,-0.34518,-2.96233,-2.43032,
1540821408117286400,-14.11150,9.11545,2.14072,0.86058,-0.02968,0.48349,-0.15736,0.97991,-3.04153,-2.59968,
1540821408216763136,-13.93667,8.80659,1.88458,0.88763,0.01035,0.42078,-0.18694,2.34936,-3.27150,-2.40631,
1540821408316358912,-13.61884,8.48640,1.68581,0.90500,0.00580,0.37977,-0.19159,3.67648,-3.58339,-1.80831,
1540821408415802368,-13.17000,8.13580,1.54550,0.91155,-0.00215,0.36237,-0.19431,4.98945,-3.77452,-1.13872,
1540821408548533504,-12.41961,7.62561,1.43119,0.91056,0.00112,0.36117,-0.20110,6.12594,-3.93341,-0.77232,
1540821408681258752,-11.54974,7.09592,1.30582,0.91166,-0.02896,0.36841,-0.17976,6.84535,-4.09612,-1.04274,
1540821408813954304,-10.59671,6.56862,1.14624,0.91454,-0.09664,0.36232,-0.15166,7.49476,-3.83396,-1.39331,
1540821408913479424,-9.82310,6.20342,1.00220,0.91925,-0.06115,0.35296,-0.16331,8.07980,-3.57197,-1.58539,
1540821409046161408,-8.72255,5.73013,0.77072,0.92254,0.06487,0.32535,-0.19715,8.52874,-3.54526,-1.96045,
1540821409145531136,-7.86521,5.36183,0.56501,0.92221,0.14728,0.28941,-0.20996,8.78378,-4.00996,-2.12660,
1540821409278238976,-6.66355,4.78799,0.33110,0.95440,0.09615,0.23032,-0.16381,9.46297,-4.74117,-1.21378,
1540821409377670144,-5.69962,4.30537,0.27786,0.97870,0.00548,0.17288,-0.11062,9.97108,-4.98533,0.14914,
1540821409477069056,-4.69612,3.83268,0.35863,0.98304,-0.06853,0.15627,-0.06721,10.23236,-4.57075,1.36738,
1540821409576585984,-3.66128,3.41567,0.52895,0.97884,-0.09662,0.17520,-0.04286,10.48491,-4.07258,1.91815,
1540821409676006912,-2.60630,3.04188,0.71963,0.97626,-0.12022,0.17976,-0.01244,10.57250,-3.67742,1.83832,
1540821409775471616,-1.54874,2.69549,0.89547,0.97099,-0.15304,0.17929,0.04007,10.69107,-3.31526,1.70987,
1540821409875019520,-0.48201,2.37524,1.06212,0.95571,-0.22636,0.14908,0.11468,10.70490,-2.92386,1.52476,
1540821409974508544,0.56346,2.08212,1.19650,0.92892,-0.28488,0.13217,0.19615,10.53575,-2.36577,1.14738,
1540821410074039808,1.59953,1.83205,1.30459,0.88830,-0.33374,0.10300,0.29822,10.43410,-1.79029,0.93917,
1540821410173640448,2.63673,1.71849,1.39699,0.80647,-0.42087,0.03890,0.41347,9.97844,-0.81128,0.82505,
1540821410272986624,3.59045,1.69599,1.47494,0.71349,-0.48175,0.00452,0.50876,9.04423,0.34842,0.66873,
1540821410372465664,4.49346,1.86993,1.54102,0.62523,-0.50395,-0.03033,0.59515,8.02200,1.49878,0.41467,
1540821410471984640,5.23358,2.04053,1.57716,0.54078,-0.52550,-0.05201,0.65476,6.69148,2.18464,0.13474,
1540821410604724736,6.01251,2.33347,1.56002,0.47667,-0.50544,0.00135,0.71925,4.63934,3.22326,-0.19604,
1540821410704194816,6.42699,2.63432,1.53186,0.40594,-0.47265,-0.00429,0.78218,3.27330,3.83221,-0.23312,
1540821410803714560,6.90050,3.00329,1.46493,0.31151,-0.43712,-0.05315,0.84206,2.16244,4.21497,-0.13990,
1540821410903276800,6.98338,3.36879,1.48353,0.20612,-0.42542,-0.14116,0.86983,0.67627,4.07085,-0.01087,
1540821411002828544,6.99637,3.75868,1.46953,0.16167,-0.41761,-0.16794,0.87821,-0.75249,3.71113,0.04718,
1540821411102271488,6.88829,4.13250,1.46053,0.13824,-0.39011,-0.19167,0.88993,-1.98935,3.20644,0.08487,
1540821411201836032,6.65165,4.45000,1.45017,0.15587,-0.37518,-0.15360,0.90075,-3.01528,2.75030,0.01601,
1540821411334484480,6.19072,4.81854,1.41951,0.19240,-0.34740,-0.06003,0.91580,-3.94723,2.46817,-0.22323,
1540821411434005504,5.77584,5.07579,1.38010,0.20766,-0.33328,0.00869,0.91963,-4.38465,2.62261,-0.49659,
1540821411533522688,5.31051,5.33972,1.31877,0.20521,-0.31842,0.03108,0.92495,-4.87827,2.73534,-0.64336,
1540821411666212864,4.62090,5.70655,1.22600,0.22467,-0.30032,0.09064,0.92256,-5.36380,2.93259,-0.92099,
1540821411765731584,4.06353,6.00147,1.12462,0.24642,-0.28134,0.15386,0.91458,-5.70565,3.09954,-1.20160,
1540821411865291520,3.48507,6.33333,0.99288,0.25640,-0.26546,0.19581,0.90854,-5.84902,3.62506,-1.41114,
1540821411964768768,2.88999,6.72710,0.84917,0.24252,-0.26656,0.16494,0.91811,-6.10801,4.17205,-1.42219,
1540821412064288512,2.26558,7.17207,0.71888,0.22861,-0.26720,0.12050,0.92834,-6.49900,4.64268,-1.18535,
1540821412163807744,1.59529,7.66065,0.61213,0.21467,-0.27000,0.06343,0.93648,-6.94149,4.98168,-0.95613,
1540821412263327488,0.87389,8.16453,0.52981,0.20972,-0.27146,0.03408,0.93871,-7.45260,5.05872,-0.69191,
1540821412362845440,0.10412,8.68176,0.47833,0.21098,-0.26478,0.02044,0.94072,-7.97792,5.23567,-0.32931,
1540821412462365696,-0.71493,9.20403,0.46314,0.20689,-0.25874,-0.00349,0.94352,-8.39838,5.26835,-0.02339,
1540821412561883392,-1.56780,9.72669,0.46718,0.19955,-0.26605,-0.00689,0.94305,-8.79238,5.16512,0.08774,
1540821412694578688,-2.78258,10.42300,0.51189,0.15900,-0.22688,-0.02282,0.96059,-9.50558,5.29510,0.69563,
1540821412794095616,-3.74907,10.94716,0.61477,0.11365,-0.18023,-0.09986,0.97192,-9.86301,5.06388,1.38008,
1540821412893582592,-4.74386,11.43694,0.77368,0.06835,-0.16977,-0.17604,0.96722,-10.08891,4.54869,1.75959,
1540821413026253056,-6.09521,11.99686,1.00889,-0.00093,-0.15366,-0.26497,0.95193,-10.24548,3.73432,1.72883,
1540821413159043584,-7.46812,12.42118,1.26039,-0.11061,-0.09803,-0.38258,0.91202,-10.35812,2.19652,2.04501,
1540821413324809984,-9.13146,12.55265,1.64055,-0.27679,0.04605,-0.53485,0.79700,-9.37226,-0.90588,2.47130,
1540821413490770176,-10.47181,12.19041,1.97795,-0.40628,0.14258,-0.63041,0.64590,-6.91613,-3.25398,1.29868,
1540821413689896448,-11.63528,11.44362,2.06818,0.62240,-0.10140,0.56234,-0.53489,-4.91651,-4.30086,-0.19417,
1540821413855798272,-12.27411,10.69548,1.97812,0.77406,-0.09226,0.50119,-0.37566,-2.80488,-4.84871,-0.74996,
1540821413988573696,-12.55004,10.07390,1.87164,0.82252,-0.13036,0.49887,-0.24000,-1.03126,-4.87514,-1.04555,
1540821414121381120,-12.57316,9.46288,1.71322,0.86871,-0.14263,0.44068,-0.17550,0.80510,-4.68566,-1.32033,
1540821414287362048,-12.50643,8.76679,1.45821,0.92688,-0.13145,0.31274,-0.16063,2.55972,-3.99065,-0.95672,
1540821414419958784,-12.11583,8.30285,1.34816,0.94954,-0.11004,0.24416,-0.16326,3.50980,-3.53194,-0.51497,
1540821414519438848,-11.74962,8.02622,1.34641,0.95227,-0.05907,0.23763,-0.18228,3.89371,-3.22385,-0.54463,
1540821414618908928,-11.35042,7.70685,1.29015,0.95132,-0.05646,0.23791,-0.18763,4.18115,-3.28212,-0.72744,
1540821414718467072,-10.92238,7.37428,1.21318,0.94911,-0.07557,0.24158,-0.18741,4.53121,-3.15722,-0.92570,
1540821414817945856,-10.45082,7.07310,1.10970,0.94948,-0.06515,0.23848,-0.19330,4.93480,-2.98186,-1.03426,
1540821414950639104,-9.76358,6.67794,0.97305,0.95418,0.00100,0.21978,-0.20307,5.40035,-2.94562,-1.08116,
1540821415050230528,-9.21503,6.38071,0.86832,0.95372,0.05217,0.21279,-0.20594,5.68014,-2.91022,-1.21747,
1540821415149722112,-8.64968,6.06897,0.73720,0.94654,0.13020,0.20163,-0.21554,5.86537,-3.29678,-1.22731,
1540821415249196288,-8.05352,5.72233,0.63381,0.95076,0.11765,0.19560,-0.20967,6.15128,-3.74842,-0.83359,
1540821415348714240,-7.42495,5.33181,0.57723,0.95384,0.09743,0.19656,-0.20511,6.45307,-4.18441,-0.33488,
1540821415448233216,-6.77156,4.90174,0.57061,0.96153,0.02830,0.19839,-0.18791,6.75762,-4.45934,0.12101,
1540821415547834624,-6.09909,4.45827,0.59709,0.96656,-0.06002,0.20588,-0.14063,7.05179,-4.24965,0.33067,
1540821415647215104,-5.37718,4.04980,0.64715,0.96842,-0.11003,0.21334,-0.06742,7.46523,-3.89621,0.69371,
1540821415746737152,-4.62110,3.68170,0.73422,0.96504,-0.13322,0.22570,-0.00209,7.86711,-3.31422,1.01924,
1540821415846224128,-3.82427,3.37419,0.84674,0.96370,-0.11323,0.23764,0.04471,8.23951,-2.88297,1.17407,
1540821415945703680,-2.99036,3.10539,0.96638,0.96294,-0.09474,0.24235,0.07095,8.56033,-2.54660,1.18564,
1540821416111567616,-1.51664,2.69222,1.13233,0.96364,-0.08225,0.24171,0.07874,9.02180,-2.24767,0.96292,
1540821416211158016,-0.60563,2.48184,1.21926,0.96327,-0.10685,0.23071,0.08638,9.23907,-1.95735,0.80927,
1540821416310544128,0.32080,2.30711,1.29554,0.96139,-0.14821,0.19643,0.12318,9.41012,-1.66717,0.62142,
1540821416410062592,1.25998,2.14810,1.35073,0.94444,-0.22013,0.14973,0.19274,9.43039,-1.21651,0.48528,
1540821416509621760,2.20443,2.02174,1.39303,0.90236,-0.29582,0.10407,0.29563,9.32239,-0.57348,0.46291,
1540821416642275584,3.38900,2.03001,1.46397,0.82704,-0.37508,0.05131,0.41555,8.64790,0.56285,0.34978,
1540821416774927104,4.48574,2.17641,1.49548,0.78255,-0.36585,0.06418,0.49965,8.00602,1.49809,0.04500,
1540821416874446080,5.25787,2.36255,1.49315,0.72545,-0.37906,0.04133,0.57300,7.54886,2.21088,-0.06798,
1540821417106616064,6.74559,3.04506,1.47281,0.46185,-0.46829,-0.16562,0.73483,4.73235,3.52578,-0.15729,
1540821417206176256,7.13331,3.39702,1.44710,0.35214,-0.48085,-0.22208,0.77166,3.05352,3.52784,-0.48614,
1540821417305696256,7.38575,3.74159,1.37816,0.26764,-0.46083,-0.22593,0.81545,1.50657,3.19285,-0.75745,
1540821417471521024,7.45542,4.22154,1.24239,0.16751,-0.41960,-0.19518,0.87051,-0.96719,2.55608,-0.73384,
1540821417637385984,7.22366,4.59952,1.12732,0.17329,-0.38207,-0.10808,0.90128,-2.94914,1.92593,-0.51900,
1540821417736903424,6.89720,4.80151,1.07297,0.20239,-0.35865,-0.03658,0.91053,-3.85030,1.88210,-0.44846,
1540821417836423168,6.46774,4.99418,1.02725,0.26726,-0.31724,0.11228,0.90295,-4.63951,2.05587,-0.33756,
1540821417969156864,5.81804,5.33203,0.98969,0.30979,-0.27181,0.21136,0.88627,-5.10257,3.02811,-0.26815,
1540821418101807872,5.12657,5.80012,0.95246,0.30784,-0.26522,0.22132,0.88652,-5.35677,3.97451,-0.26097,
1540821418201327104,4.58500,6.22413,0.92425,0.28731,-0.28049,0.17125,0.89969,-5.55968,4.57069,-0.32298,
1540821418300845312,4.01927,6.69679,0.88473,0.25987,-0.30617,0.07392,0.91283,-5.82788,4.92370,-0.45624,
1540821418433607936,3.20008,7.35032,0.81202,0.22750,-0.33449,-0.04405,0.91347,-6.58682,4.83564,-0.55651,
1540821418566230784,2.23605,7.95858,0.76431,0.23174,-0.31844,-0.03798,0.91840,-7.67023,4.74707,-0.11072,
1540821418732124928,0.86956,8.75057,0.78383,0.23104,-0.31587,-0.03555,0.91956,-8.65105,4.74781,0.17105,
1540821418831618048,-0.01210,9.22522,0.78865,0.22834,-0.30152,-0.03375,0.92510,-9.05438,4.71153,-0.04562,
1540821418997584128,-1.58524,9.99579,0.81244,0.16554,-0.20164,-0.02657,0.96500,-9.80694,4.61443,0.52445,
1540821419196455424,-3.55090,10.90314,0.99239,0.04402,-0.16340,-0.11348,0.97902,-10.04354,4.22099,1.08685,
1540821419295973632,-4.54409,11.32368,1.11720,-0.00883,-0.15290,-0.15289,0.97630,-10.19225,3.78479,1.39240,
1540821419395492608,-5.55515,11.69013,1.27565,-0.05836,-0.13823,-0.20158,0.96791,-10.30884,3.19303,1.76912,
1540821419495012608,-6.56209,12.01264,1.47281,-0.11744,-0.10835,-0.26189,0.95178,-10.35666,2.43886,2.18914,
1540821419594530560,-7.54904,12.31211,1.70397,-0.19398,-0.05375,-0.38691,0.89988,-10.14155,1.65747,2.24986,
1540821419694120704,-8.53072,12.45234,1.91024,-0.28329,-0.01822,-0.48168,0.82910,-9.59344,0.54649,1.85982,
1540821419793715456,-9.44447,12.49868,2.09013,-0.39906,0.00203,-0.53911,0.74169,-8.83199,-0.69743,1.59415,
1540821419893332480,-10.26989,12.38502,2.22439,0.50104,-0.05423,0.61084,-0.61065,-7.67336,-1.94156,1.13183,
1540821419992899328,-10.95158,12.16424,2.30174,0.58192,-0.09060,0.63369,-0.50160,-6.08606,-2.81905,0.28627,
1540821420125560320,-11.64075,11.73971,2.25908,0.69385,-0.10057,0.57232,-0.42534,-3.60767,-3.68612,-0.56035,
1540821420225155840,-11.99567,11.40936,2.17562,0.75257,-0.08484,0.52655,-0.38624,-2.11725,-3.97589,-0.76085,
1540821420324742912,-12.14171,11.00024,2.08140,0.79435,-0.07679,0.48980,-0.35102,-0.83170,-4.29177,-1.11521,
1540821420457422080,-12.17047,10.43197,1.91075,0.83498,-0.07676,0.44828,-0.30978,0.08379,-4.33020,-1.60054,
1540821420556943104,-12.06637,9.99634,1.74712,0.85538,-0.08843,0.42476,-0.28298,1.31662,-4.46325,-1.80047,
1540821420656557312,-11.83454,9.56206,1.58551,0.88378,-0.10123,0.36897,-0.26936,2.31905,-4.37563,-1.71600,
1540821420756048128,-11.55938,9.12548,1.41419,0.89650,-0.06972,0.33511,-0.28128,3.28013,-4.20077,-1.61722,
1540821420855570432,-11.18662,8.70173,1.26506,0.90767,-0.01339,0.29105,-0.30208,3.97779,-4.38150,-1.35426,
1540821420955086336,-10.76042,8.26242,1.14201,0.91295,-0.01753,0.27483,-0.30114,4.55328,-4.48509,-1.05625,
1540821421054605312,-10.27637,7.81827,1.04332,0.91638,-0.01979,0.27053,-0.29440,5.11183,-4.48631,-0.87509,
1540821421154209024,-9.74071,7.37037,0.95637,0.92370,-0.01142,0.27038,-0.27118,5.61971,-4.49084,-0.80900,
1540821421253643520,-9.15721,6.92180,0.88359,0.93841,0.02873,0.24117,-0.24575,6.13015,-4.45781,-0.60501,
1540821421353165312,-8.53491,6.45240,0.83237,0.94430,0.10274,0.21196,-0.22980,6.48504,-4.71432,-0.30565,
1540821421452720384,-7.87761,5.95013,0.81287,0.93938,0.17070,0.17815,-0.23808,6.73248,-5.14337,0.01383,
1540821421552200192,-7.20642,5.41710,0.82099,0.93912,0.18633,0.16766,-0.23501,6.70303,-5.61308,0.06013,
1540821421651766528,-6.53608,4.83610,0.82381,0.95617,0.12915,0.17758,-0.19370,6.80844,-5.93814,0.11478,
1540821421751305728,-5.85036,4.23739,0.84658,0.97426,0.02799,0.18332,-0.12818,7.00819,-6.09747,0.35386,
1540821421850697728,-5.14097,3.63580,0.88775,0.97484,-0.08577,0.19463,-0.06668,7.26259,-5.89222,0.47551,
1540821421950173696,-4.40707,3.06939,0.93274,0.96541,-0.15841,0.20704,0.00541,7.55709,-5.38772,0.44598,
1540821422049645568,-3.64028,2.57004,0.98407,0.95428,-0.20176,0.20255,0.08723,7.85941,-4.66724,0.54813,
1540821422149164800,-2.85006,2.14240,1.04865,0.94862,-0.19760,0.18902,0.15922,8.12183,-3.82448,0.79848,
1540821422248723456,-2.03576,1.78643,1.13250,0.93162,-0.21310,0.16003,0.24712,8.22971,-3.22551,0.87635,
1540821422348242688,-1.21788,1.48607,1.21094,0.87499,-0.31054,0.10947,0.35492,8.19026,-2.69201,0.70487,
1540821422447692544,-0.42828,1.26010,1.28426,0.77137,-0.43867,0.03973,0.45932,7.70252,-1.68301,0.59717,
1540821422547209728,0.27691,1.15695,1.34313,0.66198,-0.50218,-0.02048,0.55604,6.57326,-0.37080,0.37384,
1540821422646613504,0.85838,1.17015,1.37014,0.56402,-0.49878,-0.07079,0.65429,5.13273,0.52476,0.08529,
1540821422746131712,1.30579,1.23162,1.36258,0.46183,-0.43554,-0.11450,0.76414,3.51601,0.98690,-0.00279,
1540821422878825728,1.62575,1.34718,1.39728,0.32806,-0.35591,-0.14074,0.86365,1.91412,0.92147,0.17208,
1540821423011604992,1.77354,1.43244,1.43873,0.22331,-0.33345,-0.12564,0.90728,0.84605,0.65200,-0.04554,
1540821423111036672,1.84663,1.48123,1.43074,0.16814,-0.31923,-0.07176,0.92988,0.21204,0.52178,-0.19845,
1540821423243821568,1.87502,1.55243,1.40531,0.09871,-0.27260,-0.00174,0.95705,-0.59338,0.60344,-0.18443,
1540821423343376640,1.79171,1.61315,1.40904,0.04765,-0.23592,0.04402,0.96960,-1.10198,0.68485,-0.08862,
1540821423442766592,1.66234,1.68620,1.40089,-0.00666,-0.21747,0.05898,0.97426,-1.44301,0.86603,-0.20510,
1540821423542285312,1.50370,1.77836,1.37703,-0.07103,-0.20169,0.03799,0.97613,-1.77834,0.94327,-0.43089,
1540821423641805056,1.31342,1.87686,1.32668,-0.13865,-0.17692,0.00154,0.97441,-2.04138,0.92287,-0.68071,
1540821423741401856,1.10150,1.96932,1.24998,-0.20636,-0.14460,-0.05127,0.96637,-2.26090,0.83355,-0.86118,
1540821423874153472,0.79181,2.05643,1.13707,-0.29269,-0.09627,-0.10365,0.94569,-2.38673,0.42814,-0.86965,
1540821424006746880,0.47681,2.09911,1.02312,-0.37353,-0.06527,-0.12069,0.91742,-2.40659,0.08952,-0.87590,
1540821424172572672,0.09492,2.08326,0.88048,-0.48323,-0.04711,-0.11740,0.86631,-2.25308,-0.40992,-0.81986,
1540821424305264896,-0.19756,2.02199,0.77413,0.57176,0.02055,0.10002,-0.81404,-2.15430,-0.64029,-0.76770,
1540821424437995776,-0.47186,1.93558,0.68579,0.65402,-0.02553,0.10687,-0.74846,-1.89939,-0.78670,-0.59548,
1540821424570647552,-0.70585,1.83242,0.61992,0.72720,-0.05953,0.11867,-0.67346,-1.50293,-0.86156,-0.41374,
1540821424670166528,-0.84535,1.75116,0.58300,0.77769,-0.07495,0.12953,-0.61058,-1.13221,-0.85394,-0.34662,
1540821424769685760,-0.94947,1.67470,0.55052,0.82641,-0.06206,0.13258,-0.54370,-0.76090,-0.84313,-0.21570,
1540821424902376448,-1.03991,1.56934,0.53505,0.88293,-0.05203,0.12685,-0.44903,-0.34783,-0.85854,0.03358,
1540821425001851648,-1.09584,1.49361,0.54179,0.91833,-0.04925,0.11134,-0.37662,-0.08061,-0.84933,0.23672,
1540821425101412608,-1.11639,1.41266,0.56677,0.94507,-0.04979,0.09375,-0.30914,0.05866,-0.79947,0.28922,
1540821425200978432,-1.12181,1.33255,0.59572,0.96346,-0.05885,0.09105,-0.24494,0.19975,-0.80638,0.24182,
1540821425300406784,-1.10453,1.26040,0.62024,0.97600,-0.09327,0.08361,-0.17812,0.35075,-0.70313,0.09379,
1540821425399924736,-1.07333,1.20076,0.62576,0.98366,-0.10373,0.08211,-0.12213,0.45728,-0.47998,-0.08016,
1540821425499445760,-1.02920,1.15825,0.61285,0.98860,-0.09477,0.08973,-0.07510,0.60044,-0.35014,-0.24032,
1540821425599031040,-0.96869,1.12946,0.58228,0.99095,-0.09194,0.09029,-0.03759,0.73972,-0.21325,-0.42422,
1540821425698480640,-0.89566,1.11400,0.53474,0.99457,-0.05849,0.08531,-0.01172,0.87522,-0.02768,-0.54246,
1540821425831173376,-0.77526,1.10447,0.45273,0.99694,-0.01726,0.07467,0.01531,1.05889,-0.07329,-0.72673,
1540821425930736896,-0.67265,1.09438,0.38131,0.99740,-0.01988,0.06190,0.03121,1.16979,-0.03692,-0.75676,
1540821426063384832,-0.51517,1.09515,0.29149,0.99794,0.02326,0.04739,0.03641,1.28955,0.00662,-0.65777,
1540821426196146688,-0.34123,1.08393,0.21304,0.99726,0.05375,0.03662,0.03511,1.38170,-0.14884,-0.58873,
1540821426295670528,-0.20496,1.05837,0.15775,0.99716,0.05574,0.03835,0.03298,1.46012,-0.28564,-0.52792,
1540821426395113472,-0.05983,1.01924,0.10678,0.99806,0.03804,0.03767,0.03171,1.52461,-0.41580,-0.48314,
1540821426494632448,0.09345,0.96870,0.05580,0.99848,-0.00881,0.03754,0.03946,1.61605,-0.48702,-0.53674,
1540821426594150656,0.25759,0.92446,0.00636,0.99613,-0.06105,0.03585,0.05202,1.67210,-0.36515,-0.52352,
1540821426693726464,0.42638,0.89808,-0.04573,0.99447,-0.07313,0.03027,0.06906,1.73506,-0.15626,-0.53618,
1540821426793190400,0.58889,0.89856,-0.04997,0.99199,0.03414,-0.00328,0.12153,1.54207,-0.14754,0.13393,
1540821426892819712,0.74823,0.86827,-0.03228,0.98911,0.04314,-0.01736,0.13967,1.57938,-0.30458,0.22815,
1540821426992228864,0.90472,0.82800,-0.03416,0.98802,0.05901,-0.01698,0.14159,1.60597,-0.42761,-0.37646,
1540821427091786496,1.05262,0.76110,-0.11004,0.99249,-0.03134,0.04912,0.10756,1.52993,-0.72647,-0.39560,
1540821427191361792,1.17932,0.75139,-0.07363,0.99206,0.03920,-0.02914,0.11589,1.17574,-0.34537,0.18043,
1540821427290841088,1.28445,0.71860,-0.09387,0.99368,0.03980,-0.01213,0.10428,1.12571,-0.36446,-0.56885,
1540821427390412288,1.37568,0.68674,-0.12402,0.99509,-0.02349,-0.02240,0.09355,0.66628,0.03318,0.32746,
1540821427489971456,1.42638,0.67994,-0.12769,0.99610,0.01289,-0.02180,0.08449,0.49162,-0.14213,-0.44933,
1540821427589490432,1.46940,0.66336,-0.19979,0.99666,-0.03497,0.02419,0.06977,0.23375,0.06013,-0.29473,
1540821427688969216,1.49761,0.69091,-0.19216,0.99640,0.02094,-0.03537,0.07409,0.12454,0.15256,-0.29382,
1540821427788489472,1.50812,0.69678,-0.25233,0.99746,-0.01265,0.00606,0.06987,0.08359,0.32693,-0.22575,
