1413394888305760256,0.06622,0.09582,0.33349,0.00925,0.82074,0.01501,0.57103,0.29672,0.22748,0.27120,
1413394888405760512,0.09757,0.12128,0.36881,0.00894,0.82216,0.01592,0.56897,0.32825,0.25816,0.30084,
1413394888505760512,0.13148,0.14847,0.40279,0.00688,0.82448,0.01521,0.56565,0.35832,0.27932,0.28635,
1413394888605760512,0.16895,0.17692,0.42540,0.00267,0.82666,0.01234,0.56256,0.38750,0.29922,0.11253,
1413394888705760512,0.20932,0.20597,0.43312,-0.00019,0.82453,0.01074,0.56572,0.42570,0.29731,-0.00623,
1413394888805760256,0.25415,0.23474,0.43275,-0.00673,0.81844,0.00611,0.57453,0.45377,0.28694,-0.00581,
1413394888905760512,0.29938,0.26235,0.43617,-0.01292,0.81352,0.00247,0.58139,0.45979,0.26386,0.01844,
1413394889005760512,0.34441,0.28657,0.44072,-0.01730,0.81079,-0.00004,0.58508,0.44596,0.22913,0.04598,
1413394889105760512,0.38844,0.30757,0.44919,-0.02052,0.80869,-0.00226,0.58787,0.43633,0.19539,0.06443,
1413394889205760512,0.43276,0.32606,0.46072,-0.01565,0.80505,0.00134,0.59301,0.41425,0.15042,0.13282,
1413394889305760256,0.47417,0.34199,0.47763,-0.01119,0.78644,0.00421,0.61755,0.35575,0.13117,0.21090,
1413394889405760512,0.50354,0.35491,0.50083,-0.00833,0.75467,0.00673,0.65602,0.20158,0.11997,0.26131,
1413394889505760512,0.51311,0.36674,0.52455,-0.00477,0.73142,0.00917,0.68185,-0.02085,0.10849,0.21515,
1413394889605760512,0.49860,0.37749,0.54207,-0.00137,0.75012,0.01027,0.66122,-0.26071,0.11028,0.16192,
1413394889705760512,0.46471,0.38917,0.55988,0.00119,0.79004,0.00935,0.61298,-0.41266,0.11450,0.18353,
1413394889805760256,0.42396,0.40326,0.57920,0.00282,0.82917,0.00768,0.55893,-0.42869,0.13574,0.20053,
1413394889905760512,0.38773,0.41879,0.60108,0.00262,0.85681,0.00416,0.51560,-0.32168,0.14213,0.19821,
1413394890005760512,0.36528,0.43415,0.61773,0.00189,0.87569,0.00083,0.48287,-0.13696,0.13567,0.10889,
1413394890105760512,0.36362,0.44810,0.62539,-0.00048,0.88755,-0.00342,0.46070,0.09710,0.13264,0.04002,
1413394890205760512,0.38901,0.46178,0.63064,-0.00487,0.87766,-0.00868,0.47918,0.38680,0.12264,0.05819,
1413394890305760256,0.44200,0.47035,0.63136,-0.01473,0.85130,-0.01686,0.52420,0.60374,0.08355,-0.03379,
1413394890405760512,0.51036,0.47392,0.62497,-0.02406,0.81708,-0.02354,0.57554,0.68500,0.02418,-0.06950,
1413394890505760512,0.57920,0.47147,0.61460,-0.02778,0.78185,-0.02409,0.62238,0.63105,-0.05707,-0.10835,
1413394890605760512,0.63540,0.46148,0.60294,-0.02482,0.75285,-0.01965,0.65743,0.46826,-0.11014,-0.08826,
1413394890705760512,0.67048,0.44499,0.59254,-0.01591,0.73565,-0.01015,0.67709,0.23011,-0.17393,-0.06795,
1413394890805760256,0.67941,0.42352,0.57938,-0.00644,0.74411,-0.00079,0.66802,-0.03355,-0.20774,-0.11910,
1413394890905760512,0.66526,0.40038,0.56151,-0.00414,0.78036,0.00255,0.62531,-0.21318,-0.21823,-0.13885,
1413394891005760512,0.63816,0.37608,0.54516,0.00003,0.82237,0.00538,0.56893,-0.26520,-0.21862,-0.09915,
1413394891105760512,0.61138,0.35243,0.53220,0.00323,0.85344,0.00704,0.52114,-0.17838,-0.21226,-0.07282,
1413394891205760512,0.59765,0.32910,0.51943,0.00430,0.87157,0.00665,0.49020,0.01018,-0.20186,-0.06663,
1413394891305760256,0.60683,0.30727,0.50761,0.00660,0.87928,0.00779,0.47620,0.26027,-0.18619,-0.03349,
1413394891405760512,0.64465,0.28945,0.50249,0.01181,0.87241,0.01221,0.48847,0.52637,-0.16241,0.03317,
1413394891505760512,0.70619,0.27499,0.50276,0.01390,0.85371,0.01457,0.52036,0.71162,-0.12785,0.05864,
1413394891605760512,0.78446,0.26130,0.50744,0.01595,0.83346,0.01838,0.55204,0.81451,-0.08604,0.04133,
1413394891705760512,0.86979,0.25116,0.51243,0.01693,0.82031,0.02243,0.57123,0.84951,-0.05656,0.04773,
1413394891805760256,0.95360,0.24526,0.52000,0.01761,0.81426,0.02340,0.57977,0.84531,-0.01133,0.11787,
1413394891905760512,1.03663,0.24527,0.54082,0.02001,0.80031,0.02615,0.59868,0.81760,0.04980,0.28892,
1413394892005760512,1.11336,0.25168,0.57425,0.02086,0.78252,0.02854,0.62163,0.74196,0.11144,0.33383,
1413394892105760512,1.18148,0.26453,0.60835,0.01686,0.76972,0.03475,0.63721,0.61487,0.17232,0.32734,
1413394892205760512,1.23651,0.28374,0.64190,0.00825,0.76501,0.04900,0.64210,0.48008,0.25552,0.33422,
1413394892305760256,1.28155,0.30943,0.67165,-0.00672,0.76319,0.06793,0.64256,0.34612,0.30125,0.24105,
1413394892405760512,1.31667,0.33885,0.68724,-0.02476,0.76250,0.09023,0.64018,0.23602,0.33114,0.05928,
1413394892505760512,1.34223,0.37242,0.68746,-0.04650,0.76121,0.11489,0.63655,0.10902,0.36469,-0.04557,
1413394892605760512,1.35280,0.40868,0.68433,-0.07016,0.76399,0.14279,0.62531,-0.02129,0.39391,-0.02776,
1413394892705760512,1.35299,0.44808,0.68569,-0.09552,0.76842,0.17369,0.60848,-0.11595,0.41721,0.03376,
1413394892805760256,1.34234,0.49098,0.69170,-0.12100,0.77063,0.20733,0.59034,-0.18113,0.44220,0.08693,
1413394892905760512,1.32310,0.53491,0.70215,-0.14423,0.76999,0.24063,0.57306,-0.22872,0.44830,0.10197,
1413394893005760512,1.30100,0.58052,0.71247,-0.16120,0.77134,0.27266,0.55200,-0.23263,0.47766,0.11788,
1413394893105760512,1.27975,0.63090,0.72576,-0.17264,0.76630,0.30457,0.53872,-0.20875,0.52991,0.15294,
1413394893205760512,1.25944,0.68696,0.73867,-0.18402,0.75761,0.33527,0.52892,-0.20187,0.60197,0.14081,
1413394893305760256,1.23963,0.74967,0.75342,-0.19838,0.74722,0.35686,0.52437,-0.17711,0.67009,0.17990,
1413394893405760512,1.22272,0.82058,0.77150,-0.20798,0.73189,0.37171,0.53189,-0.16657,0.73230,0.18920,
1413394893505760512,1.20216,0.89750,0.78737,-0.20876,0.71712,0.38555,0.54176,-0.20331,0.79617,0.14214,
1413394893605760512,1.17312,0.97817,0.79325,-0.20516,0.70510,0.39625,0.55111,-0.26850,0.84434,0.02430,
1413394893705760512,1.13705,1.06521,0.78984,-0.19412,0.69248,0.40499,0.56460,-0.36934,0.90169,-0.04424,
1413394893805760256,1.08627,1.15769,0.77877,-0.18691,0.68430,0.40611,0.57608,-0.50270,0.97510,-0.09463,
1413394893905760512,1.01493,1.25295,0.76360,-0.18890,0.68404,0.40077,0.57947,-0.67596,1.03342,-0.13188,
1413394894005760512,0.93082,1.34744,0.74590,-0.20162,0.68202,0.39744,0.57987,-0.85772,1.08257,-0.14789,
1413394894105760512,0.82774,1.43940,0.72539,-0.22122,0.67582,0.39986,0.57831,-1.02596,1.08281,-0.20101,
1413394894205760512,0.70407,1.52107,0.70167,-0.25551,0.67416,0.40242,0.56417,-1.18324,1.03524,-0.25260,
1413394894305760256,0.56184,1.58713,0.67744,-0.29224,0.67326,0.41061,0.54104,-1.28870,0.94659,-0.28289,
1413394894405760512,0.40882,1.63389,0.65442,-0.32149,0.66730,0.42652,0.51908,-1.35502,0.81977,-0.29032,
1413394894505760512,0.25807,1.66492,0.62925,-0.34116,0.65998,0.44835,0.49701,-1.36059,0.68744,-0.32360,
1413394894605760512,0.11511,1.69101,0.60041,-0.35682,0.64972,0.47052,0.47870,-1.34746,0.57423,-0.35008,
1413394894705760512,-0.01762,1.71425,0.56916,-0.37000,0.63469,0.49038,0.46882,-1.30789,0.48087,-0.36133,
1413394894805760256,-0.14224,1.73502,0.53638,-0.37465,0.62150,0.50814,0.46387,-1.27415,0.40933,-0.36673,
1413394894905760512,-0.26266,1.75255,0.50424,-0.37839,0.61587,0.52102,0.45394,-1.24821,0.33128,-0.34979,
1413394895005760512,-0.38010,1.76926,0.47301,-0.38619,0.61919,0.52421,0.43894,-1.21517,0.29766,-0.33421,
1413394895105760512,-0.49820,1.78526,0.44426,-0.38986,0.62378,0.52484,0.42832,-1.16261,0.25156,-0.29532,
1413394895205760512,-0.61078,1.80139,0.42049,-0.38953,0.62853,0.52448,0.42207,-1.09418,0.20738,-0.21433,
1413394895305760256,-0.71796,1.81381,0.40384,-0.38766,0.62951,0.52187,0.42554,-1.02257,0.18181,-0.14201,
1413394895405760512,-0.81915,1.82944,0.39126,-0.37062,0.62156,0.52862,0.44369,-0.97464,0.18978,-0.10791,
1413394895505760512,-0.92253,1.84409,0.38720,-0.35559,0.61782,0.53324,0.45554,-1.00227,0.17452,0.05634,
1413394895605760512,-1.02812,1.85692,0.39660,-0.34818,0.61962,0.53294,0.45914,-1.04427,0.15366,0.15668,
1413394895705760512,-1.13119,1.87195,0.42209,-0.35189,0.62743,0.52714,0.45235,-1.09351,0.17300,0.31602,
1413394895805760256,-1.22979,1.88997,0.46165,-0.35742,0.63340,0.52247,0.44507,-1.08514,0.18958,0.37016,
1413394895905760512,-1.32964,1.91072,0.49764,-0.36153,0.63492,0.52009,0.44235,-1.06654,0.20035,0.25822,
1413394896005760512,-1.42836,1.93407,0.52042,-0.36420,0.63358,0.51969,0.44255,-1.02982,0.21165,0.14763,
1413394896105760512,-1.52565,1.95853,0.53006,-0.36602,0.63270,0.52045,0.44143,-1.00336,0.23062,0.02657,
1413394896205760512,-1.62046,1.98432,0.52896,-0.36627,0.63257,0.52161,0.44003,-0.97290,0.26064,-0.08269,
1413394896305760256,-1.71477,2.01176,0.51840,-0.38150,0.64006,0.51226,0.42704,-0.91779,0.25921,-0.16184,
1413394896405760512,-1.80585,2.04138,0.50598,-0.39878,0.65071,0.49991,0.40943,-0.83112,0.27167,-0.14423,
1413394896505760512,-1.88571,2.07088,0.49494,-0.41262,0.65942,0.48916,0.39450,-0.68761,0.27650,-0.18101,
1413394896605760512,-1.95002,2.10166,0.47711,-0.42789,0.66885,0.47605,0.37806,-0.50110,0.27202,-0.26297,
1413394896705760512,-1.99582,2.13032,0.45134,-0.44476,0.67750,0.46081,0.36172,-0.27843,0.26780,-0.34752,
1413394896805760256,-2.01611,2.15307,0.41706,-0.45985,0.68535,0.44573,0.34662,-0.01040,0.23160,-0.39856,
1413394896905760512,-2.00460,2.16939,0.38151,-0.47014,0.68604,0.43422,0.34607,0.35885,0.16319,-0.37576,
1413394897005760512,-1.95597,2.17573,0.34983,-0.47725,0.68714,0.42741,0.34263,0.70401,0.06476,-0.33938,
1413394897105760512,-1.86528,2.17789,0.32265,-0.47696,0.68944,0.42667,0.33931,1.11236,-0.00424,-0.24022,
1413394897205760512,-1.74042,2.16766,0.30628,-0.46941,0.68625,0.43353,0.34751,1.48140,-0.06481,-0.17188,
1413394897305760256,-1.57896,2.15352,0.29776,-0.44163,0.67329,0.45914,0.37529,1.78072,-0.11649,-0.07285,
1413394897405760512,-1.39364,2.13549,0.29482,-0.40871,0.65261,0.48696,0.41222,1.92911,-0.14657,-0.02427,
1413394897505760512,-1.19848,2.11737,0.29491,-0.38755,0.63641,0.50450,0.43619,1.97527,-0.17079,0.00347,
1413394897605760512,-1.00230,2.09857,0.29729,-0.37636,0.62902,0.51396,0.44556,1.95122,-0.17604,0.03197,
1413394897705760512,-0.80917,2.07953,0.30446,-0.37597,0.62304,0.51551,0.45246,1.91197,-0.19422,0.10099,
1413394897805760256,-0.62067,2.05816,0.31624,-0.37800,0.61712,0.51538,0.45897,1.85806,-0.22305,0.13998,
1413394897905760512,-0.43781,2.03389,0.33304,-0.38148,0.61259,0.51406,0.46362,1.80412,-0.26078,0.18544,
1413394898005760512,-0.26079,2.00529,0.35447,-0.38284,0.60923,0.51364,0.46738,1.73577,-0.30959,0.21039,
1413394898105760512,-0.09083,1.97186,0.37782,-0.37783,0.60927,0.51766,0.46696,1.65619,-0.34882,0.24405,
1413394898205760512,0.07129,1.93418,0.40377,-0.37084,0.60598,0.52473,0.46896,1.57077,-0.38263,0.27044,
1413394898305760256,0.22367,1.89362,0.43366,-0.35942,0.59546,0.53578,0.47874,1.44369,-0.40188,0.28599,
1413394898405760512,0.36200,1.85024,0.46450,-0.34876,0.58073,0.55194,0.48629,1.27857,-0.41087,0.29165,
1413394898505760512,0.48162,1.80596,0.49524,-0.34509,0.56603,0.57119,0.48400,1.06559,-0.41821,0.30567,
1413394898605760512,0.58072,1.76286,0.52665,-0.34485,0.55063,0.59264,0.47609,0.85757,-0.41513,0.32287,
1413394898705760512,0.65993,1.72167,0.55917,-0.34541,0.54067,0.60939,0.46583,0.65284,-0.40255,0.31466,
1413394898805760256,0.72006,1.68151,0.59190,-0.34525,0.54032,0.62175,0.44976,0.45526,-0.37380,0.33304,
1413394898905760512,0.75669,1.64639,0.62790,-0.33731,0.53332,0.63420,0.44675,0.25413,-0.31620,0.37942,
1413394899005760512,0.77639,1.61596,0.66418,-0.32676,0.52653,0.64426,0.44825,0.04358,-0.25605,0.34290,
1413394899105760512,0.76899,1.59305,0.69270,-0.32186,0.53218,0.64828,0.43923,-0.18088,-0.19052,0.22685,
1413394899205760512,0.74687,1.57500,0.71081,-0.31975,0.53934,0.65002,0.42936,-0.37883,-0.09823,0.12328,
1413394899305760256,0.70259,1.56715,0.72010,-0.31908,0.53854,0.65107,0.42927,-0.58070,-0.00115,0.04843,
1413394899405760512,0.63691,1.56966,0.71927,-0.33462,0.54496,0.64258,0.42207,-0.76718,0.07572,-0.07644,
1413394899505760512,0.55420,1.58150,0.70771,-0.36117,0.55469,0.63229,0.40259,-0.90600,0.16162,-0.16727,
1413394899605760512,0.46066,1.60202,0.68920,-0.38071,0.55093,0.63429,0.38628,-0.99666,0.25393,-0.20609,
1413394899705760512,0.35873,1.63127,0.66922,-0.39405,0.53663,0.64683,0.37197,-1.07242,0.34519,-0.17064,
1413394899805760256,0.24831,1.66856,0.65279,-0.40895,0.51514,0.66272,0.35803,-1.15384,0.42313,-0.12212,
1413394899905760512,0.13074,1.71145,0.63861,-0.42918,0.48826,0.67612,0.34679,-1.21558,0.46900,-0.09767,
1413394900005760512,0.00769,1.76019,0.62998,-0.45532,0.46525,0.68432,0.32854,-1.25534,0.50690,0.01454,
1413394900105760512,-0.11868,1.81190,0.63486,-0.47990,0.44041,0.69132,0.31275,-1.26947,0.52233,0.15220,
1413394900205760512,-0.24508,1.86279,0.64568,0.50458,-0.41713,-0.69514,-0.29694,-1.25346,0.51649,0.16776,
1413394900305760256,-0.36900,1.91264,0.65116,0.52163,-0.39385,-0.70097,-0.28535,-1.21479,0.49387,0.07346,
1413394900405760512,-0.48828,1.95884,0.65018,0.53389,-0.36664,-0.70846,-0.28039,-1.16825,0.45135,-0.00688,
1413394900505760512,-0.60338,1.99809,0.64178,0.53222,-0.33587,-0.72451,-0.28110,-1.14192,0.38831,-0.10283,
1413394900605760512,-0.71771,2.02981,0.62845,0.52726,-0.30560,-0.74026,-0.28396,-1.14572,0.30811,-0.15070,
1413394900705760512,-0.83593,2.05192,0.61303,0.52682,-0.27438,-0.75136,-0.28745,-1.19878,0.18880,-0.13602,
1413394900805760256,-0.95991,2.05864,0.60508,0.52835,-0.24635,-0.76200,-0.28196,-1.27895,-0.00902,-0.02378,
1413394900905760512,-1.09213,2.04754,0.61200,0.53409,-0.22364,-0.77127,-0.26435,-1.38350,-0.18932,0.13996,
1413394901005760512,-1.23345,2.01664,0.63772,0.54352,-0.19614,-0.77806,-0.24647,-1.47180,-0.36528,0.31684,
1413394901105760512,-1.37992,1.96777,0.67165,0.55641,-0.16822,-0.78197,-0.22501,-1.51352,-0.53826,0.30872,
1413394901205760512,-1.52844,1.90288,0.69933,0.57614,-0.14624,-0.78064,-0.19308,-1.49088,-0.68743,0.22290,
1413394901305760256,-1.67170,1.82315,0.71819,0.59735,-0.13354,-0.77631,-0.15059,-1.43469,-0.81389,0.13161,
1413394901405760512,-1.80679,1.73517,0.73014,0.61714,-0.12548,-0.76968,-0.10484,-1.34778,-0.86203,0.08477,
1413394901505760512,-1.93103,1.64577,0.73578,0.63607,-0.11332,-0.76005,-0.06995,-1.19844,-0.85681,-0.01405,
1413394901605760512,-2.03940,1.55767,0.73005,0.63798,-0.09648,-0.76267,-0.04491,-1.04309,-0.84464,-0.14436,
1413394901705760512,-2.13312,1.47236,0.71421,0.62526,-0.06918,-0.77672,-0.03125,-0.89915,-0.82517,-0.22769,
1413394901805760256,-2.21170,1.38752,0.69755,0.61635,-0.03051,-0.78646,-0.02580,-0.76692,-0.81725,-0.17228,
1413394901905760512,-2.27535,1.29905,0.68900,0.61599,0.01331,-0.78744,-0.01755,-0.65665,-0.85684,-0.08767,
1413394902005760512,-2.32337,1.20524,0.68819,0.61671,0.05302,-0.78540,-0.00157,-0.53008,-0.90558,-0.02697,
1413394902105760512,-2.35544,1.10420,0.69699,0.61584,0.08569,-0.78295,0.01984,-0.39894,-0.97070,0.05293,
1413394902205760512,-2.37324,0.99796,0.70666,0.61644,0.11314,-0.77805,0.04284,-0.26976,-1.01533,0.00272,
1413394902305760256,-2.37909,0.88598,0.70920,0.62173,0.13865,-0.76815,0.06465,-0.13877,-1.05237,-0.04420,
1413394902405760512,-2.37594,0.77391,0.70478,0.63161,0.16145,-0.75373,0.08302,0.02322,-1.06625,-0.08785,
1413394902505760512,-2.36179,0.66334,0.69468,0.63019,0.16940,-0.74882,0.11595,0.19886,-1.04960,-0.09366,
1413394902605760512,-2.33359,0.55725,0.68622,0.62191,0.16302,-0.74990,0.15592,0.35434,-0.97361,-0.09688,
1413394902705760512,-2.29541,0.46165,0.67948,0.60550,0.15160,-0.75779,0.19010,0.42000,-0.83183,-0.05213,
1413394902805760256,-2.25760,0.37459,0.67366,0.58939,0.14119,-0.76694,0.21092,0.44871,-0.66156,-0.03482,
1413394902905760512,-2.22175,0.29891,0.66924,0.57717,0.14093,-0.77701,0.20800,0.44570,-0.48267,-0.04516,
1413394903055760384,-2.16585,0.21726,0.65119,0.56850,0.14126,-0.78845,0.18764,0.41848,-0.27101,-0.20383,
1413394903255760384,-2.09034,0.16595,0.58121,0.53356,0.11378,-0.82162,0.16524,0.34168,-0.06181,-0.45932,
1413394903455760384,-2.04706,0.16020,0.49809,0.54708,0.09068,-0.82377,0.11783,0.12633,0.10562,-0.32020,
1413394903605760512,-2.03998,0.17435,0.46567,0.57168,0.08092,-0.81122,0.09245,0.03357,0.16848,-0.12733,
1413394903705760512,-2.04468,0.18807,0.46410,0.58043,0.07970,-0.80659,0.07852,0.01982,0.19321,0.03734,
1413394903805760256,-2.05107,0.20605,0.47974,0.58377,0.08200,-0.80506,0.06614,0.03681,0.19192,0.17343,
1413394903905760512,-2.05864,0.22442,0.50644,0.58341,0.09058,-0.80571,0.04743,0.04509,0.17937,0.17693,
1413394904005760512,-2.06001,0.24175,0.52399,0.58103,0.08543,-0.80863,0.03500,0.06136,0.14462,0.06854,
1413394904105760512,-2.06002,0.25657,0.53011,0.57268,0.05976,-0.81685,0.03492,0.06148,0.12758,-0.02185,
1413394904205760512,-2.06024,0.27056,0.52704,0.56064,0.02654,-0.82702,0.03194,0.02878,0.13535,-0.10315,
1413394904305760256,-2.06507,0.28748,0.51546,0.54669,-0.00617,-0.83712,0.01779,-0.04205,0.17571,-0.18786,
1413394904405760512,-2.07625,0.30861,0.49645,0.53553,-0.04101,-0.84351,-0.00405,-0.13153,0.21128,-0.25453,
1413394904505760512,-2.09741,0.33326,0.47380,0.53250,-0.07446,-0.84245,-0.03433,-0.24501,0.26224,-0.22786,
1413394904605760512,-2.12825,0.36025,0.45431,0.54423,-0.10917,-0.82917,-0.06613,-0.31401,0.27057,-0.18172,
1413394904705760512,-2.16661,0.38721,0.43963,0.55779,-0.14553,-0.81160,-0.09486,-0.38720,0.28568,-0.12980,
1413394904805760256,-2.20840,0.41537,0.42788,0.56533,-0.17885,-0.79551,-0.12481,-0.39322,0.27476,-0.09882,
1413394904905760512,-2.24938,0.44266,0.42017,0.57206,-0.21116,-0.77723,-0.15514,-0.37857,0.25398,-0.04419,
1413394905005760512,-2.28540,0.46734,0.41684,0.58587,-0.24179,-0.75111,-0.18475,-0.31731,0.20773,0.00450,
1413394905105760512,-2.31294,0.48521,0.41724,0.60002,-0.27254,-0.72222,-0.20997,-0.21196,0.12633,0.02937,
1413394905205760512,-2.32757,0.49406,0.41644,0.59690,-0.30786,-0.70695,-0.22171,-0.07211,0.02494,-0.03005,
1413394905305760256,-2.32916,0.49437,0.41010,0.56176,-0.34872,-0.71859,-0.21552,0.03089,-0.03650,-0.08193,
1413394905405760512,-2.32294,0.49345,0.40198,0.50494,-0.38511,-0.74682,-0.19744,0.07172,0.00225,-0.06758,
1413394905505760512,-2.31863,0.50447,0.39780,-0.45112,0.40775,0.77228,0.18388,0.02413,0.19205,-0.00582,
1413394905605760512,-2.32365,0.53834,0.40036,-0.41695,0.41589,0.78755,0.18155,-0.11283,0.48153,0.10507,
1413394905705760512,-2.34671,0.60274,0.41780,-0.43650,0.39767,0.77855,0.21254,-0.29841,0.73324,0.22914,
1413394905805760256,-2.38467,0.68609,0.44335,-0.49321,0.37041,0.74614,0.25063,-0.38512,0.82517,0.28792,
1413394905905760512,-2.42631,0.76873,0.47220,0.55549,-0.34113,-0.70387,-0.28218,-0.38290,0.74660,0.28500,
1413394906005760512,-2.46323,0.83772,0.50029,0.60309,-0.31968,-0.66742,-0.29772,-0.28889,0.55877,0.27545,
1413394906105760512,-2.48474,0.88401,0.52844,0.63776,-0.31043,-0.64006,-0.29533,-0.09777,0.32084,0.28630,
1413394906205760512,-2.48454,0.90757,0.55969,0.64779,-0.32344,-0.63331,-0.27325,0.15097,0.09619,0.31305,
1413394906305760256,-2.45927,0.91071,0.58885,0.61664,-0.35366,-0.65898,-0.24581,0.40143,-0.05733,0.27766,
1413394906405760512,-2.41045,0.90158,0.61258,0.56717,-0.38525,-0.69021,-0.23133,0.57477,-0.10273,0.19415,
1413394906505760512,-2.35092,0.89377,0.62734,0.50115,-0.41112,-0.72439,-0.23470,0.65606,-0.05074,0.13173,
1413394906605760512,-2.28905,0.89415,0.63388,-0.44471,0.43587,0.74381,0.24287,0.61193,0.07922,0.07403,
1413394906705760512,-2.23481,0.90815,0.63750,-0.42248,0.45169,0.73912,0.26681,0.48456,0.24487,0.06830,
1413394906805760256,-2.19358,0.93784,0.64166,-0.44672,0.45381,0.70627,0.30931,0.38534,0.35789,0.05183,
1413394906905760512,-2.15854,0.97210,0.64210,-0.48851,0.44340,0.66085,0.35782,0.32278,0.32359,0.02209,
1413394907005760512,-2.12826,0.99446,0.64359,0.53028,-0.42666,-0.61383,-0.39998,0.28915,0.13005,0.02418,
1413394907105760512,-2.09780,0.99101,0.64808,0.56666,-0.41369,-0.57301,-0.42357,0.33424,-0.17205,0.04346,
1413394907205760512,-2.06144,0.95346,0.64701,0.56763,-0.42478,-0.57037,-0.41477,0.41131,-0.53588,-0.03639,
1413394907305760256,-2.01948,0.88356,0.63823,0.53375,-0.45770,-0.60010,-0.38144,0.48374,-0.80274,-0.05471,
1413394907405760512,-1.97694,0.79697,0.62155,-0.48777,0.50426,0.63387,0.32559,0.52718,-0.91164,-0.12380,
1413394907505760512,-1.92415,0.70908,0.60170,-0.45607,0.55947,0.64253,0.25719,0.61209,-0.81531,-0.18135,
1413394907605760512,-1.85545,0.63691,0.58064,-0.42922,0.60011,0.63906,0.21735,0.76062,-0.55963,-0.19270,
1413394907705760512,-1.76895,0.59729,0.56174,-0.40788,0.61013,0.63828,0.23232,0.93033,-0.18437,-0.12805,
1413394907805760256,-1.67187,0.59277,0.54983,-0.41293,0.58019,0.63224,0.30518,0.98330,0.05044,-0.12024,
1413394907905760512,-1.57428,0.60196,0.53223,-0.43777,0.53569,0.61251,0.38239,0.94050,0.08956,-0.22100,
1413394908005760512,-1.48321,0.60878,0.50350,-0.46359,0.50071,0.59110,0.43008,0.87968,-0.01632,-0.30542,
1413394908105760512,-1.39788,0.60200,0.46535,-0.47053,0.48977,0.58605,0.44190,0.81960,-0.17648,-0.43122,
1413394908205760512,-1.31934,0.58009,0.41887,-0.44278,0.50924,0.60995,0.41543,0.75159,-0.30714,-0.48232,
1413394908305760256,-1.24798,0.55155,0.37183,-0.40100,0.53286,0.64193,0.37840,0.66627,-0.32726,-0.44452,
1413394908405760512,-1.18652,0.52559,0.33249,-0.36903,0.55319,0.66396,0.34198,0.56320,-0.21358,-0.33010,
1413394908505760512,-1.13508,0.52075,0.30772,-0.35619,0.57066,0.67194,0.30980,0.46362,0.03056,-0.15468,
1413394908605760512,-1.09194,0.54367,0.30990,-0.37164,0.55998,0.66810,0.31928,0.39023,0.34974,0.16014,
1413394908705760512,-1.05703,0.58624,0.33723,-0.41723,0.52421,0.64703,0.36398,0.32313,0.40967,0.33545,
1413394908805760256,-1.03979,0.62929,0.38051,-0.46382,0.48497,0.61900,0.40807,0.24870,0.30475,0.42328,
1413394908905760512,-1.02698,0.65417,0.42868,0.50305,-0.45625,-0.59137,-0.43481,0.20349,0.06634,0.51823,
1413394909005760512,-1.00949,0.65104,0.48628,0.53688,-0.44437,-0.56790,-0.43793,0.19834,-0.19653,0.57907,
1413394909105760512,-0.98819,0.62501,0.53998,0.53157,-0.46394,-0.57794,-0.41009,0.23972,-0.41643,0.53333,
1413394909205760512,-0.96836,0.58825,0.58829,-0.49587,0.49975,0.60582,0.37060,0.31158,-0.56209,0.43433,
1413394909305760256,-0.93635,0.54541,0.62866,-0.44603,0.53791,0.63034,0.33820,0.36976,-0.57489,0.36157,
1413394909405760512,-0.90816,0.52365,0.66754,-0.41421,0.57305,0.63064,0.31990,0.39271,-0.43385,0.33139,
1413394909505760512,-0.87406,0.51349,0.70244,-0.40966,0.59445,0.60834,0.32975,0.43004,-0.24654,0.32541,
1413394909605760512,-0.83268,0.52489,0.73444,-0.42793,0.60306,0.57195,0.35507,0.48789,-0.10787,0.34348,
1413394909705760512,-0.78236,0.54629,0.76952,-0.44719,0.60015,0.53952,0.38568,0.57857,-0.05386,0.38453,
1413394909805760256,-0.72105,0.55690,0.80922,-0.46219,0.57963,0.51549,0.42974,0.65355,-0.11520,0.44399,
1413394909905760512,-0.65443,0.55799,0.85127,-0.47299,0.55629,0.49912,0.46659,0.67589,-0.25960,0.39753,
1413394910005760512,-0.58415,0.55914,0.88202,-0.45555,0.55407,0.51584,0.46838,0.68901,-0.42206,0.32169,
1413394910105760512,-0.51775,0.53019,0.89914,-0.41616,0.57349,0.54694,0.44585,0.65550,-0.49406,0.21825,
1413394910205760512,-0.45876,0.49573,0.90341,-0.38079,0.59956,0.57296,0.40895,0.60718,-0.47531,0.11712,
1413394910305760256,-0.40669,0.46169,0.89859,-0.35261,0.62133,0.59232,0.37251,0.57202,-0.35283,0.04103,
1413394910405760512,-0.35795,0.44250,0.88658,-0.33675,0.63478,0.60318,0.34616,0.55058,-0.17105,-0.07941,
1413394910505760512,-0.30939,0.44285,0.87075,-0.33596,0.63385,0.60634,0.34310,0.54034,0.10892,-0.05515,
1413394910605760512,-0.25883,0.46753,0.85991,-0.36822,0.60657,0.59199,0.38215,0.52654,0.30103,-0.04370,
1413394910705760512,-0.20933,0.49767,0.85431,-0.41889,0.56871,0.56164,0.43088,0.48973,0.31661,-0.05389,
1413394910805760256,-0.16425,0.52243,0.84419,-0.46359,0.54019,0.53075,0.45998,0.46078,0.16404,-0.09551,
1413394910905760512,-0.12053,0.52723,0.83002,-0.49111,0.52698,0.51217,0.46774,0.46698,-0.06594,-0.11536,
1413394911005760512,-0.07507,0.50631,0.81477,0.50728,-0.52635,-0.50389,-0.46013,0.49064,-0.33165,-0.17059,
1413394911105760512,-0.02246,0.45973,0.79328,-0.48236,0.54599,0.52875,0.43549,0.55979,-0.57619,-0.24114,
1413394911205760512,0.03697,0.39430,0.76803,-0.42767,0.57178,0.57067,0.40558,0.59103,-0.67543,-0.26679,
1413394911305760256,0.09666,0.32703,0.73969,-0.38106,0.59406,0.60031,0.37618,0.59210,-0.63100,-0.31255,
1413394911405760512,0.15637,0.27296,0.70690,-0.34854,0.60991,0.61586,0.35671,0.56220,-0.45458,-0.33436,
1413394911505760512,0.21206,0.23924,0.67004,-0.33413,0.61665,0.62079,0.35033,0.52151,-0.24080,-0.38852,
1413394911605760512,0.26472,0.22749,0.63136,-0.34542,0.61207,0.60922,0.36729,0.47894,-0.01947,-0.37168,
1413394911705760512,0.31240,0.23815,0.59662,-0.38159,0.59104,0.58041,0.41010,0.42877,0.11442,-0.28834,
1413394911805760256,0.35324,0.24984,0.57015,-0.42171,0.56189,0.54707,0.45516,0.37625,0.03223,-0.18860,
1413394911905760512,0.38735,0.24319,0.55139,-0.44610,0.54194,0.52289,0.48361,0.29272,-0.17959,-0.11521,
1413394912005760512,0.41408,0.21771,0.53598,-0.43363,0.55151,0.52842,0.47809,0.23852,-0.35140,-0.10535,
1413394912105760512,0.43491,0.17924,0.52790,-0.39674,0.58346,0.55256,0.44369,0.17175,-0.45460,-0.01211,
1413394912205760512,0.45147,0.13660,0.52642,-0.35759,0.61442,0.57017,0.41173,0.13526,-0.43189,0.02690,
1413394912305760256,0.46237,0.10241,0.53236,-0.32894,0.63671,0.57290,0.39772,0.09651,-0.28439,0.09197,
1413394912405760512,0.47130,0.08360,0.54171,-0.31271,0.65501,0.56198,0.39668,0.08071,-0.08151,0.10351,
1413394912505760512,0.47598,0.09107,0.55955,-0.30959,0.67121,0.53851,0.40453,0.07002,0.12220,0.17504,
1413394912605760512,0.47605,0.12188,0.58401,-0.32080,0.67962,0.50462,0.42492,0.07929,0.26610,0.22781,
1413394912705760512,0.47323,0.17312,0.60867,-0.33344,0.68514,0.46838,0.44724,0.09661,0.36614,0.25427,
1413394912805760256,0.48016,0.22043,0.63335,-0.33783,0.69226,0.43988,0.46169,0.11915,0.40021,0.24407,
1413394912905760512,0.49300,0.26588,0.65683,-0.33467,0.69710,0.42521,0.47037,0.15680,0.40859,0.24736,
1413394913005760512,0.50932,0.31089,0.68119,-0.31733,0.69619,0.42647,0.48244,0.16919,0.41456,0.24784,
1413394913105760512,0.52622,0.35612,0.70606,-0.30323,0.69306,0.43004,0.49273,0.15207,0.42956,0.25666,
1413394913205760512,0.53948,0.40282,0.73136,-0.29901,0.68844,0.43613,0.49641,0.10089,0.45996,0.26625,
1413394913305760256,0.54553,0.44912,0.75862,-0.30728,0.67738,0.44742,0.49653,0.02206,0.48172,0.29166,
1413394913405760512,0.54383,0.49775,0.78829,-0.32396,0.65850,0.46479,0.49537,-0.05555,0.49716,0.26808,
1413394913505760512,0.53533,0.54563,0.80823,-0.33957,0.63453,0.49222,0.48968,-0.12609,0.47152,0.15776,
1413394913605760512,0.51956,0.59179,0.81557,-0.34950,0.60435,0.52752,0.48409,-0.22672,0.44400,0.05630,
1413394913705760512,0.49275,0.63424,0.81011,-0.35774,0.57507,0.56499,0.47127,-0.33678,0.41129,-0.09246,
1413394913805760256,0.45328,0.66975,0.78845,-0.37110,0.55434,0.59881,0.44319,-0.45901,0.39001,-0.23521,
1413394913905760512,0.40498,0.70631,0.75394,-0.39380,0.53928,0.62323,0.40704,-0.55217,0.39850,-0.33415,
1413394914005760512,0.35107,0.74794,0.71212,-0.42100,0.52176,0.64056,0.37444,-0.59751,0.40680,-0.40962,
1413394914105760512,0.29287,0.79237,0.66690,-0.44251,0.49723,0.65817,0.35179,-0.64346,0.42987,-0.39658,
1413394914205760512,0.23148,0.83812,0.62985,-0.45679,0.46364,0.67903,0.33956,-0.67936,0.44818,-0.24816,
1413394914305760256,0.16273,0.88325,0.60868,-0.46808,0.42801,0.70012,0.32793,-0.74119,0.43548,-0.10504,
1413394914405760512,0.08483,0.92595,0.60351,-0.47809,0.39264,0.71907,0.31655,-0.83468,0.40626,0.05632,
1413394914505760512,-0.00232,0.96625,0.61289,-0.48844,0.36132,0.73378,0.30404,-0.93488,0.39564,0.20137,
1413394914605760512,-0.09965,1.00239,0.62987,0.50092,-0.34523,-0.74185,-0.28205,-0.99232,0.33069,0.16599,
1413394914705760512,-0.20463,1.03620,0.63849,0.51417,-0.33572,-0.74571,-0.25853,-1.03903,0.30383,0.06506,
1413394914805760256,-0.31295,1.06595,0.63751,0.52556,-0.32543,-0.74926,-0.23767,-1.07073,0.27729,-0.03705,
1413394914905760512,-0.42208,1.09286,0.62688,0.53166,-0.30845,-0.75526,-0.22753,-1.07990,0.25828,-0.13291,
1413394915005760512,-0.53048,1.11395,0.60368,0.53743,-0.28470,-0.76116,-0.22527,-1.09053,0.20065,-0.26181,
1413394915105760512,-0.63932,1.12314,0.57425,0.54410,-0.25188,-0.76740,-0.22715,-1.12056,0.09668,-0.26999,
1413394915205760512,-0.74822,1.11821,0.54747,0.54541,-0.21528,-0.77818,-0.22499,-1.16225,-0.02675,-0.22667,
1413394915305760256,-0.85843,1.09584,0.52549,0.54829,-0.17783,-0.78775,-0.21728,-1.18237,-0.20924,-0.19840,
1413394915405760512,-0.97185,1.05640,0.50755,0.55506,-0.14236,-0.79335,-0.20553,-1.22333,-0.40507,-0.15463,
1413394915505760512,-1.08976,1.00069,0.49316,0.56417,-0.10863,-0.79594,-0.19076,-1.23972,-0.61663,-0.11969,
1413394915605760512,-1.21118,0.92538,0.48223,0.58404,-0.08431,-0.79254,-0.15384,-1.23875,-0.82277,-0.10267,
1413394915705760512,-1.32973,0.83295,0.47213,0.60533,-0.06621,-0.78698,-0.09922,-1.17411,-0.98291,-0.09555,
1413394915805760256,-1.43866,0.72990,0.46504,0.62303,-0.03825,-0.77945,-0.05317,-1.04175,-1.05379,-0.03615,
1413394915905760512,-1.53545,0.62171,0.46405,0.64025,-0.00347,-0.76794,-0.01828,-0.88829,-1.08732,-0.00444,
1413394916005760512,-1.61565,0.51230,0.46569,0.64734,0.02971,-0.76154,0.01111,-0.70956,-1.09454,-0.00207,
1413394916105760512,-1.68137,0.40460,0.46925,0.64960,0.05678,-0.75718,0.03830,-0.52223,-1.07827,0.04282,
1413394916205760512,-1.72833,0.29868,0.47193,0.63459,0.08123,-0.76629,0.05919,-0.33671,-1.05195,0.02265,
1413394916305760256,-1.76258,0.19438,0.47452,0.60929,0.10531,-0.78218,0.07663,-0.23750,-1.04498,0.05198,
1413394916405760512,-1.78766,0.09126,0.47649,0.58667,0.11993,-0.79352,0.10843,-0.17875,-1.02120,0.00613,
1413394916505760512,-1.81010,-0.00801,0.47070,0.56580,0.12566,-0.80023,0.15398,-0.17763,-0.95512,-0.07909,
1413394916605760512,-1.83709,-0.10001,0.45610,0.55622,0.12649,-0.79446,0.20844,-0.23104,-0.84560,-0.17186,
1413394916705760512,-1.86663,-0.17485,0.43135,0.54589,0.14034,-0.78561,0.25522,-0.28575,-0.66052,-0.28838,
1413394916855760640,-1.91876,-0.24615,0.37550,0.52420,0.20569,-0.77812,0.27826,-0.40130,-0.34349,-0.44836,
1413394917055760384,-2.02011,-0.28881,0.27045,-0.49983,-0.31775,0.75876,-0.27108,-0.57955,-0.12516,-0.53487,
1413394917255760384,-2.14710,-0.32024,0.16621,-0.47272,-0.42214,0.72556,-0.26813,-0.65385,-0.19889,-0.46894,
1413394917455760384,-2.28128,-0.38137,0.07488,-0.45077,-0.47873,0.69837,-0.28267,-0.67137,-0.40621,-0.41561,
1413394917655760640,-2.41551,-0.49328,-0.00076,-0.46853,-0.50415,0.66678,-0.28586,-0.63452,-0.70736,-0.31565,
1413394917855760640,-2.52325,-0.66132,-0.03718,-0.49401,-0.51658,0.64380,-0.27317,-0.39676,-0.95225,-0.07492,
1413394918055760384,-2.56333,-0.87267,-0.04892,-0.49476,-0.53742,0.62634,-0.27221,-0.02389,-1.16290,-0.16223,
1413394918255760384,-2.52940,-1.11594,-0.08249,-0.44900,-0.53286,0.63395,-0.33551,0.22505,-1.29499,-0.18182,
1413394918455760384,-2.48271,-1.38067,-0.11251,-0.38559,-0.52821,0.64408,-0.39684,0.16562,-1.36897,-0.13168,
1413394918655760640,-2.47167,-1.66267,-0.12737,-0.37114,-0.55810,0.61133,-0.42079,-0.06650,-1.44339,-0.05542,
1413394918855760640,-2.49867,-1.95084,-0.13334,0.39054,0.60343,-0.55349,0.42071,-0.15632,-1.44585,0.04205,
1413394919055760384,-2.52351,-2.22925,-0.09902,0.40465,0.61581,-0.50265,0.45208,-0.03165,-1.30421,0.32507,
1413394919255760384,-2.52805,-2.46150,-0.00510,0.38355,0.62397,-0.46422,0.49805,0.01485,-0.99134,0.62620,
1413394919455760384,-2.53075,-2.62616,0.12582,0.38256,0.65202,-0.39860,0.51926,0.02580,-0.62007,0.69677,
1413394919655760640,-2.50739,-2.70214,0.25646,0.33946,0.70860,-0.36483,0.49956,0.14827,-0.24880,0.53061,
1413394919855760640,-2.45405,-2.72748,0.34859,0.24836,0.74737,-0.36296,0.49802,0.29079,-0.15422,0.33430,
1413394920055760384,-2.37983,-2.76209,0.40389,0.18405,0.78182,-0.32143,0.50157,0.40802,-0.25959,0.14730,
1413394920255760384,-2.28341,-2.82354,0.41224,0.13664,0.81339,-0.25383,0.50527,0.54158,-0.40080,-0.08073,
1413394920455760384,-2.15538,-2.90768,0.39070,0.12700,0.82445,-0.17030,0.52455,0.73095,-0.45852,-0.09780,
1413394920655760640,-1.99749,-2.99417,0.37589,0.13937,0.82445,-0.10146,0.53904,0.89034,-0.33628,-0.02351,
1413394920855760640,-1.81970,-3.02979,0.35035,0.13692,0.82897,-0.08308,0.53587,1.01634,-0.04658,-0.08075,
1413394921055760384,-1.59799,-3.03553,0.30402,0.11603,0.83075,-0.10490,0.53421,1.19383,0.14682,-0.22050,
1413394921255760384,-1.33787,-3.01806,0.25557,0.08308,0.81467,-0.14896,0.55427,1.28882,0.17427,-0.38236,
1413394921455760384,-1.06463,-3.00992,0.16516,0.01999,0.80456,-0.21890,0.55169,1.29744,-0.05858,-0.56467,
1413394921655760640,-0.80736,-3.06811,0.05038,0.06692,0.80995,-0.20489,0.54546,1.29142,-0.46179,-0.56029,
1413394921855760640,-0.54733,-3.16624,-0.05688,0.13359,0.79850,-0.15590,0.56591,1.32874,-0.45344,-0.46623,
1413394922055760384,-0.30428,-3.23965,-0.13515,0.09210,0.77226,-0.13085,0.61483,1.19637,-0.32079,-0.24428,
1413394922255760384,-0.10617,-3.29916,-0.16100,0.05332,0.79058,-0.07500,0.60541,0.91536,-0.27606,0.05340,
1413394922455760384,0.06371,-3.35344,-0.11455,0.05573,0.81822,-0.00831,0.57214,0.87485,-0.18449,0.50227,
1413394922655760640,0.23901,-3.37244,0.00553,0.01784,0.82374,-0.00245,0.56668,0.90507,-0.04266,0.63930,
1413394922855760640,0.43455,-3.38079,0.13396,-0.00627,0.83427,-0.00806,0.55126,0.97946,-0.03910,0.65192,
1413394923055760384,0.64260,-3.40734,0.25779,-0.00754,0.84272,-0.00788,0.53825,1.11928,-0.08260,0.52687,
1413394923255760384,0.88395,-3.42461,0.35439,0.01611,0.83392,0.00564,0.55161,1.28378,-0.06369,0.51058,
1413394923455760384,1.16279,-3.42302,0.44244,0.01057,0.83210,0.00803,0.55446,1.35322,0.08209,0.47761,
1413394923655760640,1.45494,-3.39606,0.52581,-0.01539,0.83882,0.03603,0.54299,1.50376,0.16544,0.43944,
1413394923855760640,1.76925,-3.35396,0.57879,-0.03280,0.82269,0.09652,0.55927,1.57104,0.28343,0.20639,
1413394924055760384,2.08950,-3.28380,0.58275,-0.06768,0.80633,0.15185,0.56763,1.53250,0.42620,0.00448,
1413394924255760384,2.39407,-3.18643,0.57240,-0.13032,0.79584,0.19288,0.55898,1.44849,0.53181,0.03732,
1413394924455760384,2.67040,-3.07695,0.57197,-0.18876,0.78248,0.23871,0.54324,1.43011,0.51501,0.08648,
1413394924655760640,2.94760,-2.97552,0.59058,-0.21946,0.75851,0.30186,0.53421,1.39256,0.49737,0.12817,
1413394924855760640,3.21738,-2.87155,0.61998,-0.23892,0.71756,0.37090,0.53894,1.28809,0.52373,0.19645,
1413394924955760384,3.34379,-2.81913,0.63549,-0.24348,0.69249,0.40058,0.54837,1.18148,0.52409,0.22188,
1413394925055760384,3.45574,-2.76814,0.65373,-0.24214,0.67119,0.42333,0.55827,1.01894,0.52269,0.21408,
1413394925155760640,3.54559,-2.71395,0.67212,-0.24135,0.66672,0.44243,0.54907,0.80573,0.56202,0.21061,
1413394925255760384,3.62078,-2.65802,0.69360,-0.23774,0.66286,0.46348,0.53786,0.61885,0.60343,0.22673,
1413394925355760640,3.64880,-2.59079,0.71504,-0.23475,0.65709,0.47970,0.53199,0.42357,0.68728,0.17473,
1413394925455760384,3.66424,-2.52028,0.72885,-0.24307,0.65712,0.48288,0.52531,0.23742,0.77159,0.06551,
1413394925555760384,3.68199,-2.44069,0.72902,-0.25512,0.66052,0.47989,0.51801,0.09131,0.84969,-0.04197,
1413394925655760640,3.65071,-2.36136,0.71991,-0.26639,0.66314,0.47738,0.51126,-0.07326,0.89132,-0.13817,
1413394925755760384,3.59037,-2.28175,0.70240,-0.28894,0.67303,0.46441,0.49787,-0.21906,0.92817,-0.14439,
1413394925855760640,3.55885,-2.18779,0.69103,-0.30546,0.68179,0.45272,0.48673,-0.27384,0.95828,-0.11474,
1413394925955760384,3.52656,-2.08931,0.68115,-0.31447,0.68529,0.44886,0.47959,-0.28720,0.97489,-0.08511,
1413394926055760384,3.48463,-1.99079,0.67082,-0.31302,0.68187,0.45660,0.47810,-0.31224,1.00360,-0.07861,
1413394926155760640,3.44220,-1.89244,0.66287,-0.30491,0.67600,0.46858,0.48009,-0.34180,1.01205,-0.07665,
1413394926255760384,3.40164,-1.78942,0.65678,-0.29749,0.67126,0.47878,0.48133,-0.39289,1.05224,-0.06304,
1413394926355760640,3.35631,-1.68570,0.64742,-0.30056,0.67558,0.47978,0.47230,-0.44678,1.09720,-0.07604,
1413394926455760384,3.31001,-1.57416,0.63871,-0.30449,0.68053,0.48009,0.46226,-0.46923,1.17029,-0.05457,
1413394926555760384,3.26245,-1.45168,0.63489,-0.31605,0.67825,0.48359,0.45413,-0.49088,1.24985,-0.03336,
1413394926655760640,3.21324,-1.32199,0.63346,-0.33954,0.67037,0.49050,0.44128,-0.49462,1.30758,-0.02238,
1413394926755760384,3.16449,-1.18994,0.63334,-0.37498,0.66080,0.49700,0.41919,-0.46455,1.32945,-0.00320,
1413394926855760640,3.12200,-1.05766,0.63398,-0.41262,0.65052,0.50439,0.39008,-0.36604,1.31752,0.00774,
1413394926955760384,3.09253,-0.92705,0.63133,-0.44074,0.63721,0.51638,0.36478,-0.20650,1.31273,-0.04047,
1413394927055760384,3.08341,-0.79542,0.62103,-0.45284,0.62015,0.53312,0.35516,-0.00951,1.32784,-0.11658,
1413394927155760640,3.09124,-0.66633,0.60294,-0.44227,0.59396,0.56061,0.37059,0.13102,1.30788,-0.20216,
1413394927255760384,3.10987,-0.53973,0.58467,-0.42879,0.56994,0.58303,0.38907,0.20072,1.30995,-0.12149,
1413394927355760640,3.14032,-0.43058,0.57594,-0.41831,0.55744,0.59752,0.39654,0.21124,1.26363,0.00291,
1413394927455760384,3.16864,-0.32423,0.58055,-0.41546,0.55620,0.60334,0.39244,0.19574,1.25242,0.12299,
1413394927555760384,3.18868,-0.20770,0.59716,-0.41461,0.56034,0.60495,0.38490,0.16432,1.23285,0.25362,
1413394927655760640,3.20336,-0.08714,0.63016,-0.41653,0.56219,0.60390,0.38177,0.13936,1.23068,0.32779,
1413394927755760384,3.21662,0.03319,0.66774,-0.41918,0.56032,0.60503,0.37982,0.12387,1.24785,0.35451,
1413394927855760640,3.22778,0.15468,0.70022,-0.41980,0.55416,0.60748,0.38424,0.10680,1.25312,0.25797,
1413394927955760384,3.23715,0.27447,0.72117,-0.42000,0.55280,0.60911,0.38340,0.08068,1.25999,0.15136,
1413394928055760384,3.24353,0.39358,0.73141,-0.42145,0.54865,0.60944,0.38722,0.06554,1.24680,0.06220,
1413394928155760640,3.24777,0.51172,0.73649,-0.42094,0.53637,0.61065,0.40278,0.02688,1.23189,-0.00198,
1413394928255760384,3.24671,0.62643,0.73820,-0.42527,0.52267,0.60744,0.42069,-0.04902,1.19080,-0.00699,
1413394928355760640,3.23824,0.73199,0.74162,-0.43044,0.51375,0.60226,0.43366,-0.13398,1.08802,0.02003,
1413394928455760384,3.22060,0.82560,0.74456,-0.43676,0.51932,0.59696,0.42800,-0.21103,0.96055,0.02135,
1413394928555760384,3.19801,0.91175,0.74903,-0.44288,0.53203,0.59165,0.41321,-0.25388,0.86016,0.04937,
1413394928655760640,3.17348,0.99458,0.75654,-0.44446,0.54161,0.58888,0.40291,-0.26593,0.80059,0.07657,
1413394928755760384,3.14930,1.07369,0.76588,-0.44268,0.54619,0.58814,0.39974,-0.26298,0.74962,0.08019,
1413394928855760640,3.12400,1.14835,0.77068,-0.43775,0.54616,0.58970,0.40291,-0.25378,0.71113,0.01174,
1413394928955760384,3.09701,1.21682,0.76689,-0.43095,0.54336,0.59273,0.40952,-0.27596,0.69003,-0.10185,
1413394929055760384,3.06769,1.28135,0.75298,-0.43066,0.54330,0.59165,0.41147,-0.31398,0.61981,-0.16184,
1413394929155760640,3.03554,1.34015,0.73600,-0.43816,0.53996,0.58538,0.41687,-0.34272,0.56554,-0.15175,
1413394929255760384,3.00102,1.39255,0.72129,-0.44808,0.53892,0.57772,0.41836,-0.35559,0.48272,-0.12729,
1413394929355760640,2.96726,1.43842,0.70983,-0.45924,0.54199,0.56970,0.41326,-0.34000,0.38608,-0.10673,
1413394929455760384,2.93634,1.47149,0.70267,-0.46138,0.54735,0.56810,0.40595,-0.30755,0.29988,-0.06769,
1413394929555760384,2.91021,1.49287,0.69749,-0.45183,0.55807,0.57525,0.39178,-0.25748,0.23148,-0.05762,
1413394929655760640,2.88959,1.50863,0.69552,-0.43838,0.56617,0.58432,0.38189,-0.20623,0.20845,-0.01136,
1413394929755760384,2.87280,1.52478,0.69493,-0.42772,0.56634,0.59119,0.38315,-0.18447,0.21977,-0.02895,
1413394929855760640,2.85747,1.54127,0.68853,-0.42417,0.56336,0.59313,0.38847,-0.17327,0.22949,-0.11121,
1413394929955760384,2.84258,1.55852,0.67410,-0.43031,0.55793,0.58824,0.39689,-0.17566,0.21469,-0.18568,
1413394930055760384,2.82924,1.57159,0.65045,-0.43803,0.55011,0.58208,0.40829,-0.17158,0.15005,-0.29044,
1413394930155760640,2.81550,1.57999,0.62158,-0.44398,0.54272,0.57693,0.41892,-0.16829,0.08208,-0.27524,
1413394930255760384,2.80064,1.58634,0.59601,-0.45366,0.53446,0.56939,0.42935,-0.18790,-0.01201,-0.21867,
1413394930355760640,2.78294,1.58055,0.57493,-0.46721,0.53676,0.55951,0.42491,-0.17665,-0.13034,-0.21156,
1413394930455760384,2.76752,1.56374,0.55142,-0.45490,0.55894,0.56931,0.39564,-0.13793,-0.21705,-0.24532,
1413394930555760384,2.75647,1.54197,0.52280,-0.42567,0.58889,0.58863,0.35430,-0.08674,-0.22859,-0.33849,
1413394930655760640,2.75137,1.52395,0.48353,-0.39493,0.61459,0.60489,0.31691,-0.01310,-0.13788,-0.43038,
1413394930755760384,2.75415,1.52471,0.44201,-0.37219,0.61518,0.61871,0.31657,0.04630,0.12577,-0.38790,
1413394930855760640,2.76116,1.54981,0.40464,-0.37833,0.59431,0.61655,0.35146,0.05914,0.32594,-0.35015,
1413394930955760384,2.76770,1.59111,0.37310,-0.40454,0.56791,0.59982,0.39248,0.03068,0.42796,-0.28364,
1413394931055760384,2.77036,1.63594,0.34911,-0.42946,0.54704,0.58135,0.42232,-0.01055,0.41620,-0.16135,
1413394931155760640,2.76922,1.67170,0.33577,-0.44061,0.53736,0.57165,0.43626,-0.03977,0.29675,-0.06510,
1413394931255760384,2.76408,1.69477,0.33912,-0.44682,0.53344,0.56548,0.44275,-0.08714,0.16966,0.11164,
1413394931355760640,2.75426,1.70681,0.36549,-0.45528,0.52809,0.55701,0.45121,-0.11816,0.06794,0.34460,
1413394931455760384,2.74084,1.70259,0.40283,-0.45253,0.53406,0.55785,0.44586,-0.13959,-0.08703,0.31476,
1413394931555760384,2.72524,1.68627,0.43060,-0.42942,0.55133,0.57348,0.42750,-0.16310,-0.19074,0.21450,
1413394931655760640,2.70760,1.66675,0.44773,-0.41036,0.55976,0.58827,0.41498,-0.19988,-0.21304,0.14216,
1413394931755760384,2.68677,1.63972,0.46186,-0.39654,0.55161,0.60744,0.41171,-0.26482,-0.20651,0.09537,
1413394931855760640,2.65699,1.61037,0.46987,-0.39203,0.53251,0.62921,0.40847,-0.37498,-0.19551,0.02038,
1413394931955760384,2.61276,1.58522,0.46933,-0.40653,0.51564,0.64549,0.39012,-0.50368,-0.15832,-0.00692,
1413394932055760384,2.55717,1.56307,0.47390,-0.43694,0.49292,0.65595,0.36857,-0.59908,-0.15534,0.11953,
1413394932155760640,2.49411,1.53871,0.49226,-0.47526,0.46492,0.66263,0.34482,-0.65370,-0.17603,0.25519,
1413394932255760384,2.42814,1.51433,0.52439,0.51176,-0.43918,-0.66844,-0.31369,-0.64283,-0.20114,0.37516,
1413394932355760640,2.36512,1.48707,0.56563,0.54260,-0.40815,-0.67555,-0.28745,-0.57887,-0.23024,0.45072,
1413394932455760384,2.30987,1.45692,0.60656,0.56628,-0.37088,-0.68388,-0.27220,-0.48694,-0.28951,0.37890,
1413394932555760384,2.26420,1.42028,0.63734,0.58370,-0.33380,-0.69316,-0.25961,-0.37628,-0.37398,0.26359,
1413394932655760640,2.22776,1.37188,0.65275,0.59296,-0.30057,-0.70570,-0.24503,-0.27771,-0.47294,0.12478,
1413394932755760384,2.20342,1.31648,0.65938,0.59225,-0.27327,-0.72357,-0.22586,-0.18890,-0.57113,0.10117,
1413394932855760640,2.18722,1.25418,0.66675,0.57903,-0.25453,-0.74814,-0.20054,-0.11144,-0.63767,0.10833,
1413394932955760384,2.17561,1.18641,0.67522,0.56419,-0.23948,-0.77042,-0.17550,-0.08124,-0.66413,0.08494,
1413394933055760384,2.16429,1.11893,0.67965,0.55610,-0.22385,-0.78563,-0.15309,-0.10191,-0.65324,0.02355,
1413394933155760640,2.14991,1.05157,0.67643,0.55464,-0.20341,-0.79541,-0.13536,-0.13474,-0.64234,-0.05652,
1413394933255760384,2.13550,0.98658,0.66495,0.56122,-0.18106,-0.79885,-0.11869,-0.14602,-0.63478,-0.16042,
1413394933355760640,2.12237,0.92492,0.64223,0.56915,-0.15649,-0.80021,-0.10601,-0.14959,-0.61102,-0.26862,
1413394933455760384,2.10929,0.86655,0.60914,0.57620,-0.13397,-0.80083,-0.09337,-0.13922,-0.60406,-0.39026,
1413394933555760384,2.09649,0.80928,0.56554,0.58131,-0.11359,-0.80177,-0.07955,-0.14215,-0.60048,-0.46500,
1413394933655760640,2.08264,0.75367,0.52087,0.59012,-0.09283,-0.79932,-0.06504,-0.12816,-0.58913,-0.42137,
1413394933755760384,2.07055,0.70011,0.48075,0.60266,-0.07336,-0.79294,-0.05171,-0.08955,-0.57827,-0.37226,
1413394933855760640,2.06430,0.64718,0.44437,0.60911,-0.05857,-0.78984,-0.04133,-0.02482,-0.57182,-0.34854,
1413394933955760384,2.06491,0.59286,0.40829,0.60011,-0.04276,-0.79818,-0.03087,0.03930,-0.57547,-0.34352,
1413394934055760384,2.06902,0.53689,0.37560,0.58763,-0.02452,-0.80859,-0.01668,0.05223,-0.58553,-0.29783,
1413394934155760640,2.07140,0.47905,0.35120,0.59259,-0.00340,-0.80549,-0.00018,0.03017,-0.59005,-0.22722,
1413394934255760384,2.07423,0.42258,0.32432,0.60185,0.02042,-0.79815,0.01769,0.05818,-0.59027,-0.32513,
1413394934355760640,2.08072,0.36641,0.28431,0.59926,0.04664,-0.79828,0.03808,0.09515,-0.58520,-0.45326,
1413394934455760384,2.09145,0.31096,0.23211,0.58806,0.06767,-0.80345,0.06383,0.13288,-0.56083,-0.56970,
1413394934555760384,2.10421,0.25974,0.17042,0.57997,0.08660,-0.80617,0.07888,0.11576,-0.51962,-0.65488,
1413394934655760640,2.11607,0.21261,0.10788,0.57581,0.10498,-0.80646,0.08385,0.11231,-0.47899,-0.57275,
1413394934755760384,2.13132,0.16631,0.05624,0.57532,0.11467,-0.80472,0.09095,0.16843,-0.44644,-0.46324,
1413394934855760640,2.14910,0.12184,0.01996,0.57751,0.11912,-0.80195,0.09574,0.16997,-0.41508,-0.30119,
1413394934955760384,2.16577,0.07922,0.00047,0.57877,0.12085,-0.80048,0.09820,0.15962,-0.40171,-0.11620,
1413394935055760384,2.18035,0.04303,0.00198,0.58396,0.11894,-0.79670,0.10058,0.15476,-0.37750,0.02789,
1413394935155760640,2.19225,0.01424,0.01467,0.59096,0.11009,-0.79266,0.10171,0.16125,-0.32714,0.03204,
1413394935255760384,2.20727,-0.01257,0.02104,0.59770,0.09903,-0.78968,0.09672,0.19790,-0.27560,-0.03016,
1413394935355760640,2.22804,-0.03857,0.01520,0.60658,0.09102,-0.78479,0.08875,0.23885,-0.23466,-0.11748,
1413394935455760384,2.25414,-0.06209,-0.00292,0.61075,0.08614,-0.78309,0.07959,0.28529,-0.20850,-0.23781,
1413394935555760384,2.28614,-0.08470,-0.03184,0.60338,0.08317,-0.78998,0.07031,0.34472,-0.19865,-0.32834,
1413394935655760640,2.32447,-0.10573,-0.06406,0.59553,0.08032,-0.79683,0.06290,0.39672,-0.19148,-0.29312,
1413394935755760384,2.36634,-0.12631,-0.08390,0.59358,0.07756,-0.79897,0.05740,0.42929,-0.18946,-0.15224,
1413394935855760640,2.40657,-0.14572,-0.08763,0.59583,0.07463,-0.79775,0.05490,0.42079,-0.20170,0.02050,
1413394935955760384,2.45174,-0.16415,-0.08668,0.59228,0.07179,-0.80076,0.05316,0.45573,-0.20999,-0.04794,
1413394936055760384,2.49948,-0.18338,-0.09739,0.57792,0.07518,-0.81092,0.05259,0.48274,-0.22245,-0.19883,
1413394936205760512,2.56862,-0.21974,-0.13634,0.55190,0.09900,-0.82537,0.06612,0.42380,-0.27425,-0.29135,
1413394936305760256,2.61125,-0.24812,-0.16663,0.55576,0.12993,-0.81667,0.08538,0.39805,-0.32331,-0.31007,
1413394936505760512,2.69094,-0.31926,-0.22121,0.56888,0.21872,-0.78046,0.13934,0.40086,-0.38390,-0.23022,
1413394936705760512,2.77875,-0.40114,-0.25956,0.54855,0.30791,-0.75362,0.19063,0.46556,-0.44418,-0.15969,
1413394936905760512,2.87825,-0.49409,-0.28344,0.52277,0.36963,-0.73225,0.23215,0.52549,-0.50954,-0.09960,
1413394937105760512,2.98933,-0.60271,-0.30360,-0.49136,-0.43185,0.70885,-0.26382,0.56641,-0.61660,-0.09503,
1413394937255760384,3.07716,-0.69831,-0.32091,-0.46833,-0.46998,0.68970,-0.28999,0.57586,-0.69926,-0.10952,
1413394937355760640,3.13455,-0.76962,-0.33157,-0.45084,-0.48248,0.68451,-0.30889,0.55462,-0.76892,-0.09169,
1413394937555760384,3.23603,-0.93068,-0.34915,-0.44165,-0.49248,0.67343,-0.33000,0.45983,-0.86533,-0.10573,
1413394937755760384,3.31707,-1.10957,-0.36160,-0.44600,-0.48729,0.66909,-0.34053,0.39543,-0.92937,-0.08073,
1413394937955760384,3.37670,-1.29639,-0.36463,-0.44689,-0.46499,0.68357,-0.34176,0.25966,-0.96658,-0.02008,
1413394938155760640,3.37523,-1.49154,-0.34283,-0.43540,-0.43215,0.71368,-0.33814,0.03584,-1.00548,0.19462,
1413394938355760640,3.31698,-1.68465,-0.24491,-0.45244,-0.40994,0.72588,-0.31676,-0.30577,-1.01993,0.58585,
1413394938555760384,3.22756,-1.89025,-0.11660,-0.49042,-0.38552,0.72707,-0.28676,-0.45799,-1.01564,0.59519,
1413394938755760384,3.13421,-2.09472,-0.02897,0.50376,0.35078,-0.75199,0.24019,-0.50516,-1.01690,0.34018,
1413394938955760384,3.03756,-2.30560,0.01819,0.50734,0.27202,-0.78652,0.22359,-0.57437,-1.02022,0.15026,
1413394939155760640,2.91925,-2.50302,0.03208,0.52717,0.16803,-0.80497,0.21420,-0.72699,-0.84688,-0.03927,
1413394939355760640,2.76060,-2.65829,0.01427,0.54798,0.11172,-0.81305,0.16180,-0.85236,-0.62508,-0.15167,
1413394939555760384,2.58581,-2.77720,0.01433,0.56679,0.11496,-0.81060,0.09202,-0.89836,-0.52063,0.13217,
1413394939755760384,2.40758,-2.88484,0.06673,0.57071,0.07687,-0.81130,0.10089,-0.89432,-0.46550,0.33676,
1413394939955760384,2.22816,-2.94831,0.12927,0.56044,0.03646,-0.82187,0.09548,-0.94301,-0.23342,0.23351,
1413394940155760640,2.03743,-2.97218,0.14919,0.54675,0.02703,-0.83583,0.04154,-1.00392,-0.13906,-0.02161,
1413394940355760640,1.82833,-2.99247,0.12823,0.56403,-0.02761,-0.82520,0.01230,-1.09274,-0.06407,-0.23756,
1413394940555760384,1.61213,-2.99483,0.07983,0.57515,-0.08598,-0.81279,-0.03434,-1.08591,0.04490,-0.25285,
1413394940755760384,1.38911,-2.99851,0.05331,0.56692,-0.11175,-0.80904,-0.10757,-1.09173,-0.02283,-0.09259,
1413394940955760384,1.16120,-3.02433,0.07506,0.56529,-0.14643,-0.80468,-0.10725,-1.13313,-0.15201,0.17891,
1413394941055760384,1.04537,-3.04303,0.10701,0.55911,-0.17322,-0.80596,-0.08838,-1.13606,-0.12670,0.21722,
1413394941205760512,0.87948,-3.05075,0.15374,0.54451,-0.21294,-0.80863,-0.06547,-1.13193,0.02815,0.27147,
1413394941405760512,0.65310,-3.01056,0.22390,0.52742,-0.22771,-0.81555,-0.06969,-1.17739,0.34399,0.35403,
1413394941605760512,0.39762,-2.92361,0.31104,0.52411,-0.18848,-0.82018,-0.13075,-1.31351,0.50897,0.42209,
1413394941755760384,0.18045,-2.85147,0.37552,0.53271,-0.18537,-0.81084,-0.15621,-1.44303,0.47118,0.40742,
1413394941855760640,0.02401,-2.80823,0.41730,0.54391,-0.20276,-0.80056,-0.14881,-1.49078,0.43095,0.36623,
1413394941955760384,-0.13162,-2.76586,0.45477,0.55535,-0.23600,-0.78872,-0.11751,-1.49875,0.43838,0.35842,
1413394942055760384,-0.27973,-2.71585,0.49163,0.56242,-0.26862,-0.77750,-0.08378,-1.45596,0.55294,0.39094,
1413394942155760640,-0.41345,-2.64978,0.53132,0.56644,-0.29924,-0.76600,-0.05332,-1.34101,0.76046,0.42787,
1413394942255760384,-0.53547,-2.55797,0.57606,0.56682,-0.32627,-0.75555,-0.03742,-1.17243,1.04324,0.49009,
1413394942355760640,-0.64034,-2.43701,0.62554,0.56355,-0.35014,-0.74722,-0.03844,-0.97507,1.35213,0.53623,
1413394942455760384,-0.73825,-2.28382,0.68116,0.55975,-0.36863,-0.73983,-0.05875,-0.81877,1.66114,0.54313,
1413394942555760384,-0.81072,-2.10777,0.72725,0.55749,-0.38751,-0.72876,-0.08918,-0.65872,1.85779,0.37764,
1413394942655760640,-0.86799,-1.91333,0.75803,0.55459,-0.40826,-0.71448,-0.12360,-0.50326,2.01929,0.20209,
1413394942755760384,-0.91233,-1.70375,0.77271,0.55167,-0.42047,-0.69889,-0.17440,-0.34994,2.12814,0.05159,
1413394942855760640,-0.93907,-1.48933,0.77240,0.54819,-0.41440,-0.68185,-0.25069,-0.22534,2.13598,-0.11516,
1413394942955760384,-0.95826,-1.27969,0.75105,0.54146,-0.40249,-0.66080,-0.32889,-0.16281,2.02357,-0.32809,
1413394943055760384,-0.97078,-1.08717,0.70990,0.53191,-0.40310,-0.63721,-0.38542,-0.15336,1.83761,-0.48939,
1413394943155760640,-0.98310,-0.91801,0.65570,0.51959,-0.41581,-0.61354,-0.42509,-0.16492,1.58373,-0.57824,
1413394943255760384,-0.99900,-0.77608,0.59249,0.50563,-0.43411,-0.58998,-0.45587,-0.19263,1.28160,-0.66566,
1413394943355760640,-1.01805,-0.66500,0.52657,-0.49044,0.45735,0.56759,0.47764,-0.25351,0.94297,-0.63056,
1413394943455760384,-1.04661,-0.58609,0.47118,-0.46903,0.48199,0.55111,0.49394,-0.33032,0.58145,-0.51656,
1413394943555760384,-1.08729,-0.53844,0.42788,-0.44198,0.50900,0.54049,0.50343,-0.44498,0.29126,-0.39954,
1413394943655760640,-1.14196,-0.51717,0.39369,-0.41308,0.54208,0.53821,0.49583,-0.57848,0.06526,-0.33549,
1413394943755760384,-1.20696,-0.51539,0.36309,-0.39632,0.57494,0.53227,0.47861,-0.66967,-0.06766,-0.33056,
1413394943855760640,-1.27800,-0.52192,0.33171,-0.39708,0.59789,0.51973,0.46340,-0.72156,-0.11522,-0.36620,
1413394943955760384,-1.35276,-0.53126,0.29543,-0.40506,0.61577,0.50713,0.44673,-0.73162,-0.18190,-0.42868,
1413394944055760384,-1.42644,-0.54235,0.25975,-0.40109,0.62285,0.50698,0.44063,-0.68578,-0.21245,-0.38194,
1413394944155760640,-1.49646,-0.55862,0.23101,-0.39378,0.62310,0.51230,0.44073,-0.64283,-0.24224,-0.28781,
1413394944255760384,-1.56103,-0.58337,0.21171,-0.38751,0.62732,0.51337,0.43904,-0.60666,-0.26479,-0.20219,
1413394944355760640,-1.61873,-0.61329,0.20580,-0.37601,0.63682,0.51605,0.43217,-0.55425,-0.23745,-0.00544,
1413394944455760384,-1.67104,-0.64112,0.21692,-0.35611,0.64811,0.52096,0.42631,-0.50279,-0.18935,0.11138,
1413394944555760384,-1.72098,-0.66381,0.22504,-0.33809,0.66603,0.51425,0.42147,-0.45421,-0.12550,0.03512,
1413394944655760640,-1.76825,-0.67877,0.21908,-0.32109,0.69273,0.49646,0.41299,-0.40176,-0.04494,-0.09208,
1413394944755760384,-1.80798,-0.68173,0.20123,-0.29872,0.72163,0.47414,0.40645,-0.30473,0.06637,-0.18540,
1413394944855760640,-1.83600,-0.66990,0.17562,-0.27658,0.74810,0.44553,0.40663,-0.19219,0.21713,-0.24290,
1413394944955760384,-1.85057,-0.64249,0.14461,-0.25607,0.76915,0.41152,0.41653,-0.03506,0.36977,-0.29505,
1413394945055760384,-1.84941,-0.59907,0.11153,-0.23475,0.78042,0.37672,0.44036,0.10772,0.52113,-0.30380,
1413394945155760640,-1.83289,-0.54216,0.07612,-0.21003,0.78571,0.34328,0.46980,0.22250,0.64601,-0.32554,
1413394945255760384,-1.80702,-0.47401,0.04077,-0.18652,0.78878,0.30872,0.49771,0.31110,0.74869,-0.29820,
1413394945355760640,-1.77234,-0.39525,0.01070,-0.16290,0.78845,0.27437,0.52587,0.35379,0.83165,-0.24020,
1413394945455760384,-1.73612,-0.31012,-0.01447,-0.15006,0.78175,0.23189,0.55908,0.33949,0.87899,-0.23907,
1413394945555760384,-1.70174,-0.22385,-0.03859,-0.15375,0.78421,0.17632,0.57471,0.30538,0.84552,-0.24419,
1413394945655760640,-1.66992,-0.14368,-0.06181,-0.15240,0.79035,0.12203,0.58072,0.29244,0.76534,-0.22818,
1413394945755760384,-1.63882,-0.07468,-0.08126,-0.14274,0.79754,0.07102,0.58181,0.28201,0.63395,-0.19618,
1413394945855760640,-1.60649,-0.02204,-0.09839,-0.12448,0.80289,0.02189,0.58257,0.31198,0.46449,-0.17303,
1413394945955760384,-1.57676,0.01211,-0.11588,-0.10099,0.80524,-0.02796,0.58362,0.27229,0.25547,-0.13878,
1413394946055760384,-1.55025,0.02381,-0.12771,-0.05824,0.80605,-0.06676,0.58517,0.25302,0.05043,-0.08944,
1413394946205760512,-1.51723,0.01424,-0.13733,0.01217,0.80094,-0.12225,0.58600,0.17720,-0.14823,-0.03022,
1413394946355760640,-1.49715,-0.02119,-0.14525,0.06156,0.78718,-0.19255,0.58266,0.08925,-0.27716,-0.05937,
1413394946555760384,-1.49057,-0.09660,-0.15385,0.11608,0.76129,-0.29010,0.56817,-0.06562,-0.46162,-0.00668,
1413394946755760384,-1.52150,-0.20831,-0.15549,0.21312,0.72342,-0.35459,0.55272,-0.21939,-0.59416,0.01005,
1413394946955760384,-1.58609,-0.32523,-0.15702,0.29881,0.67643,-0.42381,0.52300,-0.33516,-0.54884,0.04395,
1413394947155760640,-1.66207,-0.42082,-0.14276,0.36792,0.62548,-0.49461,0.47829,-0.38145,-0.41727,0.21208,
1413394947355760640,-1.73768,-0.48751,-0.06913,0.41909,0.57462,-0.55655,0.42944,-0.33745,-0.29954,0.57061,
1413394947555760384,-1.80112,-0.53295,0.05681,-0.44343,-0.54056,0.58938,-0.40473,-0.23778,-0.17711,0.65474,
1413394947755760384,-1.83530,-0.56998,0.15699,-0.41040,-0.55941,0.62295,-0.36134,-0.15860,-0.20008,0.39723,
1413394947955760384,-1.85065,-0.63459,0.23601,-0.37347,-0.59647,0.61535,-0.35508,-0.09227,-0.48758,0.52370,
1413394948155760640,-1.85217,-0.76588,0.34411,0.33989,0.63719,-0.58760,0.36494,-0.04485,-0.80498,0.49557,
1413394948355760640,-1.85259,-0.95348,0.43628,0.36770,0.64091,-0.53514,0.40946,0.03002,-1.07730,0.41434,
1413394948555760384,-1.83947,-1.15635,0.50473,0.42667,0.59527,-0.47318,0.48959,0.07353,-0.89878,0.32803,
1413394948755760384,-1.82325,-1.28340,0.57021,0.45227,0.56490,-0.44818,0.52485,0.06578,-0.33320,0.37190,
1413394948955760384,-1.80394,-1.30109,0.63875,0.41798,0.60102,-0.48751,0.47581,0.09377,0.10998,0.33135,
1413394949155760640,-1.76899,-1.24879,0.67255,0.35600,0.65494,-0.54246,0.38738,0.17027,0.22858,0.05996,
1413394949355760640,-1.70372,-1.21500,0.66187,0.32319,0.67513,-0.56877,0.34095,0.35692,-0.14136,-0.09916,
1413394949555760384,-1.61115,-1.30091,0.65273,0.35517,0.65453,-0.55342,0.37306,0.54757,-0.63471,0.04414,
1413394949755760384,-1.48935,-1.43737,0.67210,0.42578,0.59444,-0.50324,0.46054,0.65270,-0.59302,0.08857,
1413394949955760384,-1.34883,-1.50393,0.67717,0.41705,0.57418,-0.49960,0.49678,0.67403,-0.23655,0.02848,
1413394950155760640,-1.22282,-1.51805,0.68128,0.36365,0.58420,-0.50227,0.52364,0.52788,0.07758,-0.00404,
1413394950355760640,-1.14342,-1.49507,0.67949,0.29944,0.65007,-0.51764,0.46883,0.24667,0.10602,0.01729,
1413394950555760384,-1.09509,-1.49836,0.69879,0.29499,0.70272,-0.50904,0.40007,0.25898,-0.19368,0.09860,
1413394950755760384,-1.01727,-1.57382,0.73426,0.32855,0.69382,-0.48145,0.42294,0.48667,-0.53293,0.25965,
1413394950955760384,-0.90634,-1.67930,0.78824,0.38129,0.64014,-0.40940,0.52653,0.59050,-0.38712,0.27402,
1413394951155760640,-0.79140,-1.70514,0.84313,0.37684,0.61709,-0.35260,0.59402,0.49351,0.19067,0.24520,
1413394951355760640,-0.71839,-1.61040,0.88815,0.28728,0.68199,-0.36714,0.56353,0.23172,0.66005,0.19091,
1413394951555760384,-0.68373,-1.47971,0.93419,0.20140,0.77022,-0.40460,0.45001,0.18496,0.56118,0.30215,
1413394951755760384,-0.62163,-1.42521,1.00639,0.17028,0.79728,-0.42615,0.39211,0.47065,-0.06363,0.47461,
1413394951955760384,-0.48847,-1.50751,1.12399,0.23792,0.75720,-0.39183,0.46532,0.79694,-0.60394,0.62351,
1413394952155760640,-0.32420,-1.63188,1.23811,0.29591,0.68994,-0.35399,0.55778,0.78684,-0.53871,0.40940,
1413394952355760640,-0.17747,-1.70996,1.27840,0.27017,0.69994,-0.36744,0.54962,0.68143,-0.31613,0.02958,
1413394952555760384,-0.04454,-1.76628,1.28215,0.21138,0.73701,-0.37786,0.51900,0.57312,-0.33463,0.12230,
1413394952755760384,0.07315,-1.85614,1.32940,0.22797,0.75353,-0.34128,0.51356,0.59447,-0.49446,0.33995,
1413394952955760384,0.18985,-1.95339,1.39015,0.25884,0.71103,-0.30095,0.58040,0.57411,-0.40161,0.18166,
1413394953155760640,0.27306,-2.00274,1.40828,0.27654,0.67355,-0.27938,0.62594,0.31437,-0.05272,0.04154,
1413394953355760640,0.29051,-1.95470,1.45987,0.28745,0.65095,-0.27091,0.64826,-0.12907,0.53141,0.45432,
1413394953555760384,0.23046,-1.80326,1.51448,0.26266,0.70753,-0.30284,0.58198,-0.42294,0.91476,-0.02909,
1413394953755760384,0.11469,-1.59582,1.43862,0.22024,0.78454,-0.34305,0.46724,-0.40000,0.94749,-0.77395,
1413394953955760384,0.06277,-1.42857,1.24830,0.21105,0.80039,-0.35164,0.43725,-0.08203,0.69958,-0.99731,
1413394954155760640,0.07508,-1.31103,1.05632,0.24953,0.75126,-0.31905,0.52110,0.15146,0.56954,-0.90643,
1413394954355760640,0.09986,-1.18012,0.88164,0.27850,0.69772,-0.28634,0.59467,0.08005,0.80168,-0.80343,
1413394954555760384,0.10233,-0.98619,0.75216,0.25250,0.71578,-0.30670,0.57432,-0.12929,1.13560,-0.56495,
1413394954755760384,0.07057,-0.75614,0.64041,0.18464,0.78091,-0.36902,0.46895,-0.13176,1.06483,-0.57399,
1413394954955760384,0.06644,-0.58957,0.52921,0.19921,0.78330,-0.37501,0.45402,0.10263,0.62006,-0.58314,
1413394955155760640,0.10492,-0.47915,0.41109,0.24763,0.74120,-0.31908,0.53619,0.24974,0.56231,-0.59209,
1413394955355760640,0.14844,-0.35102,0.30607,0.22520,0.72838,-0.26982,0.58817,0.16547,0.78028,-0.48299,
1413394955555760384,0.15284,-0.19344,0.23308,0.10007,0.78725,-0.29408,0.53267,-0.01635,0.67395,-0.19731,
1413394955755760384,0.16382,-0.11647,0.23159,0.10060,0.83406,-0.26954,0.47071,0.17289,0.10090,0.10615,
1413394955905760512,0.20640,-0.12123,0.25605,0.14667,0.82480,-0.23642,0.49224,0.43146,-0.10523,0.19990,
1413394956005760512,0.25533,-0.13460,0.27678,0.16576,0.80260,-0.22569,0.52670,0.55026,-0.14021,0.24558,
1413394956205760512,0.36451,-0.18442,0.33294,0.18152,0.74674,-0.20294,0.60683,0.50777,-0.00371,0.25607,
1413394956405760512,0.43908,-0.17788,0.37748,0.13807,0.73663,-0.17855,0.63752,0.23787,0.22035,0.13174,
1413394956605760512,0.47151,-0.14450,0.37544,0.08697,0.79731,-0.14149,0.58027,0.01701,0.24944,-0.10648,
1413394956705760512,0.47526,-0.12841,0.36987,0.07286,0.83483,-0.12485,0.53120,0.04117,0.21299,-0.08859,
1413394956805760256,0.49545,-0.11411,0.36566,0.06351,0.85821,-0.11344,0.49656,0.20816,0.16198,-0.00331,
1413394956905760512,0.52778,-0.11049,0.36829,0.06251,0.85624,-0.10187,0.50257,0.41396,0.10196,0.09062,
1413394957005760512,0.58981,-0.12995,0.37711,0.06425,0.84390,-0.09351,0.52437,0.57604,0.05544,0.13474,
1413394957105760512,0.66899,-0.17369,0.38371,0.06566,0.82261,-0.08845,0.55784,0.67010,0.00871,0.17347,
1413394957205760512,0.74089,-0.18545,0.39972,0.06569,0.79385,-0.08649,0.59834,0.65563,0.00720,0.20350,
1413394957305760256,0.80276,-0.18667,0.42071,0.06246,0.76371,-0.08613,0.63673,0.53583,0.03318,0.23738,
1413394957405760512,0.84741,-0.18249,0.44672,0.05778,0.73423,-0.08722,0.67079,0.31841,0.06238,0.23291,
1413394957505760512,0.86916,-0.17502,0.46839,0.05096,0.73254,-0.09054,0.67275,0.07455,0.08887,0.18884,
1413394957605760512,0.86267,-0.16516,0.48578,0.04028,0.76404,-0.09268,0.63720,-0.15947,0.10399,0.16441,
1413394957705760512,0.84150,-0.15541,0.50047,0.03415,0.80417,-0.08686,0.58703,-0.25168,0.09204,0.09548,
1413394957805760256,0.82017,-0.14979,0.50673,0.02613,0.83901,-0.07799,0.53787,-0.20727,0.06491,0.03806,
1413394957905760512,0.81038,-0.14629,0.51059,0.01530,0.84982,-0.06735,0.52253,-0.06826,0.03050,0.03686,
1413394958005760512,0.81294,-0.14813,0.51231,-0.00074,0.84068,-0.05378,0.53885,0.06830,-0.01505,0.01305,
1413394958105760512,0.83129,-0.15472,0.51626,-0.01878,0.81391,-0.03502,0.57964,0.12595,-0.06746,0.02395,
1413394958205760512,0.84684,-0.16733,0.51760,-0.03688,0.77940,-0.01099,0.62535,0.06142,-0.11180,0.00656,
1413394958305760256,0.84739,-0.18301,0.52021,-0.05170,0.75109,0.01689,0.65795,-0.09321,-0.17213,0.03757,
1413394958405760512,0.82998,-0.20496,0.52446,-0.06469,0.74348,0.04415,0.66416,-0.30801,-0.23171,0.00154,
1413394958505760512,0.79259,-0.23255,0.52283,-0.07391,0.77953,0.07122,0.61789,-0.47871,-0.28449,-0.04681,
1413394958605760512,0.74456,-0.26445,0.52120,-0.08108,0.82567,0.09575,0.55002,-0.51778,-0.30978,-0.02863,
1413394958705760512,0.69858,-0.29600,0.52259,-0.08751,0.85907,0.11668,0.49064,-0.37645,-0.29621,0.03291,
1413394958805760256,0.67367,-0.32425,0.52917,-0.09148,0.87139,0.13784,0.46185,-0.13093,-0.23096,0.09320,
1413394958905760512,0.67680,-0.34591,0.54065,-0.09125,0.86579,0.16258,0.46439,0.15624,-0.14588,0.16237,
1413394959005760512,0.70657,-0.35580,0.55971,-0.09210,0.83878,0.18921,0.50216,0.34376,-0.03732,0.20365,
1413394959105760512,0.74724,-0.35536,0.58002,-0.10701,0.80311,0.20543,0.54897,0.40454,0.08029,0.21081,
1413394959205760512,0.78775,-0.34848,0.60176,-0.13590,0.76562,0.21053,0.59248,0.34164,0.11994,0.22934,
1413394959305760256,0.81746,-0.33883,0.62556,-0.16515,0.72946,0.21454,0.62816,0.20085,0.08727,0.23399,
1413394959405760512,0.83138,-0.33599,0.64451,-0.17964,0.72902,0.22782,0.61996,0.03661,0.01310,0.14385,
1413394959505760512,0.82869,-0.33817,0.65713,-0.17863,0.76447,0.25041,0.56655,-0.08307,-0.03967,0.11373,
1413394959605760512,0.82044,-0.34192,0.66883,-0.17088,0.80265,0.27542,0.50070,-0.06190,0.01100,0.13620,
1413394959705760512,0.82424,-0.33810,0.68556,-0.16594,0.82356,0.29819,0.45309,0.06993,0.11364,0.18301,
1413394959805760256,0.84725,-0.32139,0.70448,-0.16289,0.81728,0.32683,0.44576,0.27297,0.29611,0.20049,
1413394959905760512,0.88569,-0.28313,0.72136,-0.17248,0.78631,0.35271,0.47704,0.37544,0.48273,0.14277,
1413394960005760512,0.92749,-0.22999,0.73230,-0.21107,0.74662,0.35763,0.51973,0.38573,0.60648,0.06939,
1413394960105760512,0.96414,-0.16951,0.73470,-0.25843,0.70193,0.35851,0.55855,0.31021,0.60478,-0.00805,
1413394960205760512,0.99297,-0.11369,0.73278,-0.29368,0.67092,0.36992,0.57165,0.19831,0.51548,-0.03700,
1413394960305760256,1.00967,-0.06789,0.73096,-0.31533,0.66006,0.39410,0.55640,0.07153,0.38411,-0.04484,
1413394960405760512,1.01520,-0.03620,0.72399,-0.32275,0.66476,0.42949,0.51910,-0.00390,0.27674,-0.12624,
1413394960505760512,1.01085,-0.01307,0.70250,-0.31795,0.67689,0.47113,0.46772,-0.04130,0.23385,-0.26153,
1413394960605760512,1.00897,0.01173,0.66867,-0.31010,0.68608,0.51070,0.41511,-0.01623,0.30704,-0.33410,
1413394960705760512,1.00936,0.04982,0.63422,-0.30577,0.68236,0.54367,0.38119,0.03042,0.48158,-0.29896,
1413394960805760256,1.01609,0.11114,0.61006,-0.32184,0.65374,0.56247,0.39073,0.07139,0.71150,-0.17477,
1413394960905760512,1.02255,0.18718,0.59567,-0.36182,0.61643,0.55736,0.42244,0.06644,0.81049,-0.12728,
1413394961005760512,1.02690,0.26735,0.58604,-0.40073,0.58510,0.54162,0.45135,0.04694,0.77840,-0.07958,
1413394961105760512,1.02990,0.33948,0.57387,-0.42303,0.56882,0.53032,0.46502,0.01686,0.67283,-0.12436,
1413394961205760512,1.02963,0.40049,0.55924,-0.41749,0.57510,0.53520,0.45664,-0.00402,0.54277,-0.17567,
1413394961305760256,1.02695,0.45029,0.54062,-0.38710,0.59807,0.55825,0.42523,-0.03218,0.47417,-0.23135,
1413394961405760512,1.02219,0.50063,0.52225,-0.35389,0.61933,0.58049,0.39271,-0.04767,0.52672,-0.18254,
1413394961505760512,1.01543,0.56212,0.51180,-0.33382,0.61348,0.59463,0.39828,-0.08259,0.69029,-0.09202,
1413394961605760512,0.99974,0.63726,0.50926,-0.34115,0.59143,0.59189,0.42837,-0.17922,0.80734,-0.03443,
1413394961705760512,0.97682,0.71925,0.50851,-0.37760,0.57254,0.56789,0.45510,-0.28201,0.81802,-0.02066,
1413394961805760256,0.94313,0.79654,0.50767,-0.41844,0.55758,0.53690,0.47514,-0.35138,0.71686,-0.03637,
1413394961905760512,0.90489,0.86006,0.50418,-0.44259,0.55453,0.51572,0.48025,-0.39296,0.54780,-0.04583,
1413394962005760512,0.86367,0.90608,0.50319,-0.44736,0.56326,0.50991,0.47179,-0.40195,0.35743,-0.05803,
1413394962105760512,0.82374,0.93630,0.50258,-0.42436,0.58585,0.52617,0.44703,-0.40010,0.21518,-0.05930,
1413394962205760512,0.78452,0.95491,0.49915,-0.39431,0.60340,0.54581,0.42723,-0.38805,0.16490,-0.02186,
1413394962305760256,0.74541,0.97630,0.50836,-0.37510,0.61193,0.55680,0.41811,-0.39687,0.19342,0.04654,
1413394962405760512,0.70505,1.00341,0.52680,-0.38274,0.60000,0.54944,0.43776,-0.42611,0.25479,0.18818,
1413394962505760512,0.66138,1.02843,0.55355,-0.41496,0.57170,0.52418,0.47561,-0.46384,0.19036,0.23372,
1413394962605760512,0.61361,1.03903,0.57714,-0.44204,0.55190,0.50235,0.49765,-0.50768,0.00584,0.19367,
1413394962705760512,0.56213,1.02976,0.59281,-0.44074,0.56125,0.50578,0.48470,-0.54020,-0.19742,0.10092,
1413394962805760256,0.50910,1.00432,0.60338,-0.41913,0.58881,0.52616,0.44809,-0.54495,-0.32141,0.05889,
1413394962905760512,0.45584,0.97180,0.60759,-0.39329,0.60614,0.55180,0.41645,-0.53460,-0.33060,0.03816,
1413394963005760512,0.40327,0.93824,0.61189,-0.38789,0.59929,0.56469,0.41414,-0.53047,-0.28566,0.05308,
1413394963105760512,0.35347,0.90606,0.61446,-0.41291,0.57122,0.55449,0.44244,-0.53617,-0.27725,0.00912,
1413394963205760512,0.30400,0.86581,0.60512,-0.44281,0.54616,0.53735,0.46570,-0.54735,-0.40232,-0.14272,
1413394963305760256,0.25308,0.81331,0.57826,-0.44482,0.54509,0.53974,0.46227,-0.55504,-0.54350,-0.33709,
1413394963405760512,0.20070,0.75077,0.53409,-0.41493,0.56607,0.56449,0.43445,-0.56618,-0.64390,-0.45841,
1413394963505760512,0.14816,0.68472,0.48329,-0.37959,0.58999,0.58961,0.40024,-0.57659,-0.64463,-0.51604,
1413394963605760512,0.09423,0.62434,0.43457,-0.35709,0.60305,0.60286,0.38128,-0.59124,-0.51391,-0.42742,
1413394963705760512,0.03756,0.58083,0.39837,-0.37090,0.59342,0.59256,0.39896,-0.61089,-0.36199,-0.32077,
1413394963805760256,-0.02110,0.54443,0.37020,-0.40632,0.56868,0.56677,0.43621,-0.65116,-0.34237,-0.25839,
1413394963905760512,-0.08325,0.50259,0.33893,-0.43512,0.55729,0.54335,0.45263,-0.67083,-0.43317,-0.34748,
1413394964005760512,-0.14886,0.45311,0.29825,-0.42354,0.57521,0.54987,0.43288,-0.66129,-0.51533,-0.41515,
1413394964105760512,-0.21518,0.39945,0.25672,-0.38758,0.60157,0.57224,0.40054,-0.66121,-0.52221,-0.39203,
1413394964205760512,-0.28287,0.35065,0.22208,-0.35668,0.61881,0.58889,0.37825,-0.65202,-0.39529,-0.26547,
1413394964305760256,-0.34977,0.32026,0.20330,-0.35827,0.61031,0.58672,0.39361,-0.67014,-0.21557,-0.10085,
1413394964405760512,-0.41871,0.30374,0.19676,-0.39206,0.58732,0.56399,0.42809,-0.69678,-0.14701,-0.01212,
1413394964505760512,-0.49046,0.28447,0.19218,-0.43101,0.56726,0.53565,0.45335,-0.70282,-0.22702,-0.04531,
1413394964605760512,-0.56323,0.25481,0.18028,-0.44068,0.57692,0.53042,0.43774,-0.69524,-0.34392,-0.11469,
1413394964705760512,-0.63034,0.21779,0.16805,-0.41966,0.60702,0.54729,0.39483,-0.64517,-0.39447,-0.10427,
1413394964805760256,-0.68974,0.18174,0.16137,-0.39040,0.63515,0.56590,0.35203,-0.54904,-0.32835,-0.05731,
1413394964905760512,-0.73912,0.15803,0.16128,-0.37212,0.65470,0.57371,0.32211,-0.42996,-0.14244,0.02242,
1413394965005760512,-0.77561,0.15814,0.17040,-0.37395,0.66259,0.56766,0.31448,-0.26932,0.14189,0.16939,
1413394965105760512,-0.80088,0.17998,0.19289,-0.39492,0.63666,0.55645,0.35926,-0.14701,0.33196,0.28311,
1413394965205760512,-0.82150,0.20992,0.22131,-0.43059,0.59502,0.54144,0.40913,-0.11599,0.35130,0.30581,
1413394965305760256,-0.84233,0.23604,0.24794,-0.45368,0.56003,0.54119,0.43319,-0.11638,0.25595,0.25035,
1413394965405760512,-0.85772,0.25260,0.26961,-0.44766,0.54409,0.56930,0.42364,-0.12556,0.13661,0.18715,
1413394965505760512,-0.87578,0.25879,0.29014,-0.44311,0.53262,0.59861,0.40204,-0.15731,0.07231,0.23277,
1413394965605760512,-0.89531,0.25978,0.31747,-0.46411,0.51240,0.61156,0.38477,-0.19515,0.01444,0.31091,
1413394965705760512,-0.91112,0.25158,0.35194,0.50477,-0.48045,-0.61315,-0.37205,-0.16696,-0.08493,0.31226,
1413394965805760256,-0.92559,0.23325,0.37661,0.51856,-0.45189,-0.63451,-0.35255,-0.11087,-0.21186,0.15164,
1413394965905760512,-0.93431,0.20394,0.38735,0.51151,-0.42874,-0.66760,-0.32992,-0.07571,-0.29469,0.06709,
1413394966005760512,-0.93935,0.16885,0.39462,0.53032,-0.39677,-0.67764,-0.31960,-0.05515,-0.36983,0.06398,
1413394966105760512,-0.93872,0.12391,0.39728,0.56506,-0.36406,-0.67149,-0.31187,0.00395,-0.50016,-0.04312,
1413394966205760512,-0.93146,0.06533,0.38352,0.55834,-0.35029,-0.69541,-0.28629,0.07442,-0.62614,-0.18994,
1413394966305760256,-0.91874,-0.00511,0.35911,0.52174,-0.34959,-0.73837,-0.24572,0.11169,-0.70279,-0.29197,
1413394966405760512,-0.90720,-0.07595,0.32910,-0.47318,0.35028,0.78282,0.20149,0.06457,-0.65425,-0.30049,
1413394966505760512,-0.90601,-0.13556,0.30592,-0.45111,0.34077,0.80653,0.17284,-0.09693,-0.46790,-0.14887,
1413394966605760512,-0.92202,-0.17419,0.29748,-0.48452,0.31588,0.79717,0.17316,-0.24402,-0.27402,-0.04012,
1413394966705760512,-0.94916,-0.19864,0.29722,0.54180,-0.28336,-0.76922,-0.18565,-0.28936,-0.22876,-0.00767,
1413394966805760256,-0.97598,-0.22356,0.29546,0.58843,-0.25456,-0.74386,-0.18876,-0.23966,-0.26619,-0.03699,
1413394966905760512,-0.99334,-0.25369,0.28729,0.59984,-0.23480,-0.74389,-0.17803,-0.14099,-0.33284,-0.11552,
1413394967005760512,-1.00383,-0.28854,0.27578,0.57165,-0.21971,-0.77425,-0.15963,-0.08368,-0.36867,-0.10842,
1413394967105760512,-1.01264,-0.32609,0.26620,0.53142,-0.20533,-0.81017,-0.13808,-0.09537,-0.38006,-0.06651,
1413394967205760512,-1.02810,-0.36065,0.26595,0.52223,-0.18416,-0.82360,-0.12264,-0.21520,-0.33939,0.07483,
1413394967305760256,-1.05503,-0.39308,0.27882,0.55568,-0.15800,-0.80830,-0.11366,-0.31269,-0.31755,0.17792,
1413394967405760512,-1.08572,-0.42760,0.29891,0.60815,-0.13060,-0.77572,-0.10655,-0.28552,-0.34438,0.23308,
1413394967505760512,-1.10582,-0.47283,0.31697,0.63840,-0.11074,-0.75659,-0.08810,-0.14693,-0.41265,0.15999,
1413394967605760512,-1.11197,-0.51732,0.33010,0.61728,-0.09574,-0.77838,-0.06257,0.00465,-0.45055,0.11989,
1413394967705760512,-1.10854,-0.56291,0.34144,0.56978,-0.07694,-0.81703,-0.04348,0.04889,-0.44667,0.16591,
1413394967805760256,-1.10491,-0.60601,0.36650,0.55742,-0.05494,-0.82797,-0.02710,-0.00238,-0.42016,0.29140,
1413394967905760512,-1.10582,-0.64579,0.39885,0.58049,-0.02767,-0.81369,-0.01315,-0.04445,-0.42861,0.35449,
1413394968005760512,-1.10673,-0.68615,0.43499,0.60940,0.00130,-0.79285,0.00417,0.00036,-0.43503,0.34309,
1413394968105760512,-1.09478,-0.72321,0.46206,0.60027,0.02801,-0.79898,0.02284,0.09777,-0.41752,0.16668,
1413394968205760512,-1.07982,-0.76602,0.47197,0.56694,0.04780,-0.82152,0.03741,0.10961,-0.40461,0.04396,
1413394968305760256,-1.06606,-0.80326,0.47414,0.55113,0.06297,-0.83069,0.04737,0.06025,-0.40111,-0.00016,
1413394968405760512,-1.06045,-0.83761,0.46892,0.55231,0.07890,-0.82793,0.05716,0.00618,-0.40358,-0.07904,
1413394968505760512,-1.06112,-0.87404,0.45806,0.55601,0.09341,-0.82293,0.07013,-0.04516,-0.40802,-0.10068,
1413394968605760512,-1.06658,-0.91242,0.44704,0.54721,0.10602,-0.82644,0.07946,-0.10242,-0.39332,-0.10058,
1413394968705760512,-1.07934,-0.94673,0.43962,0.53946,0.11967,-0.82982,0.07790,-0.18222,-0.39448,-0.06308,
1413394968805760256,-1.09900,-0.98962,0.43558,0.54601,0.13463,-0.82422,0.06640,-0.25144,-0.43965,-0.03412,
1413394968905760512,-1.12543,-1.03750,0.43395,0.55476,0.13640,-0.81773,0.07042,-0.29840,-0.50983,-0.00604,
1413394969005760512,-1.15544,-1.09081,0.43654,0.56703,0.13476,-0.80780,0.08821,-0.30877,-0.55606,0.01163,
1413394969155760640,-1.20340,-1.17512,0.43556,0.58008,0.14220,-0.79389,0.11411,-0.31174,-0.55558,-0.09626,
1413394969355760640,-1.25960,-1.27876,0.38277,0.59584,0.15404,-0.77700,0.13234,-0.23121,-0.46656,-0.38633,
1413394969555760384,-1.28749,-1.35640,0.29464,0.60366,0.17206,-0.76949,0.11783,-0.05170,-0.36847,-0.46303,
1413394969755760384,-1.27941,-1.42979,0.21083,0.57657,0.19883,-0.78910,0.07312,0.10027,-0.45568,-0.37140,
1413394969955760384,-1.25189,-1.54544,0.14795,0.55647,0.19206,-0.80493,0.07449,0.16427,-0.69850,-0.22691,
1413394970155760640,-1.22665,-1.70144,0.13924,0.53921,0.17019,-0.81903,0.09732,0.06152,-0.85771,0.09428,
1413394970355760640,-1.22562,-1.87465,0.17117,0.57540,0.15108,-0.79408,0.12463,-0.02768,-0.88448,0.08418,
1413394970555760384,-1.22415,-2.03117,0.17257,0.60386,0.11934,-0.76927,0.17128,0.06971,-0.68546,-0.15576,
1413394970755760384,-1.20333,-2.13050,0.14032,0.60662,0.10384,-0.76451,0.19169,0.14682,-0.29485,-0.18704,
1413394970955760384,-1.16665,-2.15595,0.11308,0.58257,0.15056,-0.78982,0.11887,0.24410,-0.03869,-0.03552,
1413394971155760640,-1.12106,-2.16622,0.13870,0.55314,0.16458,-0.81207,0.08654,0.25173,-0.11448,0.19881,
1413394971355760640,-1.09141,-2.19800,0.16988,0.50433,0.16071,-0.84446,0.08194,0.07286,-0.25696,0.04745,
1413394971555760384,-1.12689,-2.26429,0.18167,-0.47732,-0.14848,0.86117,-0.09225,-0.34718,-0.45273,0.08508,
1413394971755760384,-1.24479,-2.35466,0.21417,0.52761,0.11622,-0.83184,0.12711,-0.70255,-0.44238,0.18118,
1413394971955760384,-1.40960,-2.41473,0.25078,0.58959,0.07647,-0.79292,0.13347,-0.78494,-0.20899,0.15006,
1413394972155760640,-1.55863,-2.42165,0.26171,0.62639,0.02598,-0.77270,0.09945,-0.62719,0.08261,-0.04771,
1413394972355760640,-1.65769,-2.37235,0.23577,0.63779,-0.04753,-0.76746,0.04436,-0.35073,0.36439,-0.19019,
1413394972555760384,-1.69830,-2.27478,0.18383,0.61001,-0.13640,-0.78031,-0.02003,-0.06589,0.58796,-0.27737,
1413394972755760384,-1.69445,-2.13680,0.14252,0.56601,-0.20884,-0.78899,-0.11624,0.03912,0.75166,-0.11750,
1413394972955760384,-1.69119,-1.98727,0.12686,0.54121,-0.27122,-0.76647,-0.21461,0.01329,0.69900,-0.06190,
1413394973055760384,-1.69733,-1.91927,0.12182,0.52952,-0.31157,-0.74988,-0.24540,-0.01989,0.64529,-0.07013,
1413394973155760640,-1.70238,-1.85661,0.11445,0.51706,-0.35551,-0.73124,-0.26751,-0.05708,0.58813,-0.08569,
1413394973255760384,-1.70665,-1.79783,0.10565,0.50335,-0.40167,-0.71091,-0.28267,-0.06762,0.56816,-0.07696,
1413394973355760640,-1.71188,-1.74098,0.10030,-0.48910,0.44394,0.68812,0.30031,-0.06644,0.56109,-0.05138,
1413394973455760384,-1.72179,-1.68383,0.09779,-0.47465,0.48173,0.66257,0.32193,-0.06969,0.57630,-0.02974,
1413394973555760384,-1.72198,-1.62437,0.09812,-0.45824,0.51793,0.63540,0.34355,-0.04434,0.59846,-0.00627,
1413394973655760640,-1.72455,-1.56306,0.09793,-0.43644,0.55155,0.60912,0.36645,-0.01882,0.60640,0.01351,
1413394973755760384,-1.72428,-1.50104,0.10092,-0.41634,0.57951,0.57885,0.39466,-0.00421,0.61974,0.05156,
1413394973855760640,-1.72689,-1.43764,0.10416,-0.39825,0.60766,0.54468,0.41890,-0.00379,0.61317,0.05212,
1413394973955760384,-1.72629,-1.37732,0.10872,-0.37841,0.63598,0.51037,0.43802,0.00568,0.59844,0.06832,
1413394974055760384,-1.72473,-1.31929,0.11669,-0.35842,0.66173,0.47501,0.45609,0.03299,0.55282,0.07903,
1413394974155760640,-1.72127,-1.26408,0.12597,-0.33975,0.68595,0.43754,0.47182,0.05300,0.53150,0.09778,
1413394974255760384,-1.71375,-1.21043,0.13500,-0.32215,0.70887,0.39781,0.48525,0.08995,0.50196,0.10390,
1413394974355760640,-1.70277,-1.15709,0.14515,-0.30238,0.73186,0.35859,0.49433,0.14219,0.46247,0.13087,
1413394974455760384,-1.68577,-1.10867,0.15813,-0.28150,0.75278,0.31978,0.50182,0.20575,0.41987,0.16010,
1413394974555760384,-1.66261,-1.06386,0.17356,-0.25951,0.76910,0.28171,0.51164,0.28108,0.35967,0.18751,
1413394974655760640,-1.63046,-1.02716,0.19182,-0.23588,0.77484,0.24691,0.53200,0.35286,0.30383,0.20079,
1413394974755760384,-1.59305,-0.99899,0.20901,-0.20854,0.78036,0.21759,0.54790,0.38507,0.22831,0.16712,
1413394974855760640,-1.55271,-0.98038,0.22295,-0.17968,0.78841,0.19291,0.55579,0.39981,0.16894,0.12397,
1413394974955760384,-1.51148,-0.96236,0.22512,-0.14817,0.79588,0.17303,0.56097,0.40342,0.14373,-0.00607,
1413394975055760384,-1.47245,-0.95252,0.21139,-0.12284,0.79799,0.15388,0.56960,0.38781,0.12504,-0.13106,
1413394975155760640,-1.43705,-0.94454,0.18516,-0.10389,0.79273,0.13519,0.58524,0.35054,0.11312,-0.24668,
1413394975255760384,-1.40787,-0.93770,0.14706,-0.09133,0.78870,0.11521,0.59694,0.29185,0.10100,-0.36227,
1413394975355760640,-1.38525,-0.93165,0.10388,-0.07823,0.78825,0.09803,0.60244,0.21056,0.08234,-0.38181,
1413394975455760384,-1.36489,-0.92320,0.06316,-0.06222,0.79384,0.08530,0.59889,0.15993,0.07790,-0.38166,
1413394975555760384,-1.34959,-0.91367,0.02582,-0.04671,0.80263,0.07612,0.58976,0.10007,0.09350,-0.34501,
1413394975655760640,-1.33765,-0.90065,-0.00730,-0.03682,0.81109,0.06986,0.57956,0.08821,0.14207,-0.28456,
1413394975805760256,-1.32058,-0.87312,-0.04422,-0.03024,0.81885,0.06474,0.56954,0.11097,0.20901,-0.20472,
1413394975955760384,-1.29872,-0.83608,-0.06317,-0.02892,0.81135,0.06483,0.58023,0.14154,0.27253,-0.07891,
1413394976155760640,-1.27495,-0.77661,-0.07443,-0.03247,0.79497,0.06663,0.60211,0.06629,0.32544,-0.09053,
1413394976355760640,-1.27285,-0.70700,-0.08687,-0.03116,0.79294,0.07169,0.60426,-0.04915,0.36875,-0.05898,
1413394976505760512,-1.28992,-0.64975,-0.09211,-0.03449,0.77763,0.07159,0.62369,-0.18533,0.39571,-0.03960,
1413394976705760512,-1.35439,-0.56901,-0.09633,-0.05260,0.76525,0.06072,0.63870,-0.47038,0.39817,-0.03731,
1413394976805760256,-1.40896,-0.53183,-0.09832,-0.06687,0.78022,0.05071,0.61984,-0.59368,0.34451,-0.03467,
1413394976905760512,-1.47278,-0.50081,-0.10060,-0.08013,0.80973,0.03989,0.57993,-0.64764,0.27098,-0.03946,
1413394977005760512,-1.53522,-0.47792,-0.10203,-0.08513,0.84194,0.03003,0.53197,-0.58902,0.17974,0.01091,
1413394977155760640,-1.60284,-0.46145,-0.09241,-0.08856,0.87596,0.01067,0.47407,-0.30491,0.01309,0.09511,
1413394977305760256,-1.60706,-0.46929,-0.06404,-0.06925,0.89215,0.01012,0.44628,0.22225,-0.16436,0.27013,
1413394977505760512,-1.50193,-0.50436,0.01154,-0.01432,0.88787,0.04607,0.45755,0.83056,-0.14882,0.43655,
1413394977705760512,-1.27984,-0.51477,0.10729,-0.00363,0.88366,0.05058,0.46538,1.39145,0.00591,0.51683,
1413394977905760512,-0.95329,-0.49524,0.22025,-0.00024,0.85689,0.05459,0.51259,1.80081,0.18276,0.57973,
1413394978105760512,-0.57605,-0.44407,0.33248,0.00450,0.82076,0.05855,0.56825,1.89539,0.33885,0.51388,
1413394978205760512,-0.38438,-0.40628,0.37819,0.00779,0.81292,0.06113,0.57910,1.87924,0.42124,0.38812,
1413394978305760256,-0.19537,-0.36106,0.41165,0.00966,0.80994,0.06311,0.58303,1.84536,0.50552,0.27521,
1413394978405760512,-0.01257,-0.30886,0.43388,0.00985,0.80899,0.06443,0.58419,1.79291,0.59040,0.15247,
1413394978505760512,0.16690,-0.25153,0.44563,0.00485,0.80932,0.06407,0.58385,1.74865,0.66210,0.04970,
1413394978605760512,0.34228,-0.18523,0.45353,-0.00498,0.80989,0.06020,0.58347,1.71450,0.73720,0.05402,
1413394978705760512,0.51622,-0.11229,0.46225,-0.02080,0.81128,0.05150,0.58202,1.67791,0.78111,0.09203,
1413394978805760256,0.68542,-0.03430,0.47461,-0.03494,0.81150,0.04276,0.58174,1.64582,0.78743,0.12524,
1413394978905760512,0.85090,0.04274,0.49027,-0.04251,0.81099,0.03684,0.58235,1.61426,0.77174,0.13882,
1413394979005760512,1.01348,0.11755,0.50393,-0.04557,0.80577,0.03180,0.58962,1.59265,0.74161,0.07079,
1413394979105760512,1.16978,0.18797,0.51106,-0.04671,0.79426,0.02708,0.60518,1.52145,0.70061,-0.02928,
1413394979205760512,1.31846,0.25468,0.50774,-0.05518,0.77753,0.01807,0.62616,1.40990,0.65052,-0.10161,
1413394979305760256,1.45625,0.31616,0.49588,-0.06712,0.76104,0.00921,0.64516,1.28079,0.56689,-0.16330,
1413394979405760512,1.57846,0.36702,0.48452,-0.08212,0.74321,0.00044,0.66400,1.07795,0.45134,-0.11320,
1413394979505760512,1.67585,0.40398,0.48082,-0.09336,0.72197,-0.00376,0.68559,0.79562,0.27945,0.00189,
1413394979605760512,1.73925,0.42246,0.48812,-0.09409,0.70325,0.00051,0.70469,0.47585,0.09994,0.11263,
1413394979705760512,1.77062,0.42315,0.50712,-0.08700,0.69948,0.01089,0.70925,0.11053,-0.06936,0.21136,
1413394979805760256,1.76132,0.40692,0.53465,-0.06226,0.72416,0.02975,0.68617,-0.25814,-0.20850,0.30069,
1413394979905760512,1.72289,0.38337,0.56992,-0.02478,0.76358,0.05102,0.64322,-0.49124,-0.24476,0.38569,
1413394980005760512,1.66337,0.35917,0.61143,-0.00051,0.78980,0.06088,0.61033,-0.60738,-0.18814,0.39704,
1413394980105760512,1.59640,0.34396,0.64907,0.00996,0.79766,0.06223,0.59980,-0.65451,-0.09708,0.34193,
1413394980205760512,1.52289,0.33870,0.67895,0.01163,0.79136,0.05913,0.60837,-0.71922,-0.00156,0.25121,
1413394980305760256,1.43680,0.34247,0.69625,0.00489,0.78276,0.05168,0.62015,-0.79064,0.08829,0.15276,
1413394980405760512,1.33763,0.35380,0.69791,-0.00030,0.78171,0.04602,0.62194,-0.90072,0.15168,0.04599,
1413394980505760512,1.23114,0.37092,0.69299,-0.00667,0.79049,0.03995,0.61113,-0.98656,0.21264,0.02208,
1413394980605760512,1.13403,0.39740,0.69584,-0.01719,0.80169,0.03013,0.59673,-1.02511,0.25022,0.05633,
1413394980705760512,1.02618,0.42960,0.69559,-0.02579,0.80857,0.02347,0.58736,-1.03062,0.26064,0.09758,
1413394980805760256,0.91286,0.45608,0.69990,-0.03073,0.81232,0.02204,0.58198,-1.02307,0.25269,0.12836,
1413394980905760512,0.80380,0.47974,0.70609,-0.03416,0.81392,0.02159,0.57957,-1.00885,0.23563,0.12346,
1413394981005760512,0.69759,0.50662,0.70591,-0.03654,0.81559,0.01989,0.57713,-0.97176,0.22323,0.02613,
1413394981105760512,0.59706,0.52643,0.69941,-0.04283,0.81666,0.01585,0.57531,-0.92981,0.19496,-0.07823,
1413394981205760512,0.50303,0.54067,0.68509,-0.04926,0.81837,0.01173,0.57246,-0.89272,0.14530,-0.18262,
1413394981305760256,0.41361,0.54869,0.66245,-0.05129,0.81964,0.00926,0.57051,-0.84037,0.07980,-0.25951,
1413394981405760512,0.33128,0.54901,0.63725,-0.04057,0.82011,0.01449,0.57059,-0.79395,0.01486,-0.22629,
1413394981505760512,0.25372,0.54613,0.61525,-0.02754,0.82011,0.01913,0.57122,-0.74335,-0.00715,-0.18344,
1413394981605760512,0.17759,0.54265,0.59610,-0.02258,0.82174,0.01823,0.56912,-0.70361,-0.01140,-0.17731,
1413394981705760512,0.10361,0.53884,0.57639,-0.01820,0.82726,0.01476,0.56133,-0.65972,-0.02094,-0.19093,
1413394981805760256,0.03670,0.53443,0.55695,-0.01657,0.83215,0.00267,0.55429,-0.59915,-0.02670,-0.18108,
1413394981905760512,-0.02197,0.52820,0.53973,-0.01568,0.83397,-0.01430,0.55141,-0.51978,-0.06438,-0.16799,
1413394982005760512,-0.06901,0.51746,0.52596,-0.01365,0.83358,-0.03511,0.55112,-0.44408,-0.11215,-0.13180,
1413394982105760512,-0.10326,0.50089,0.51708,-0.01198,0.82987,-0.06134,0.55444,-0.35064,-0.19289,-0.09487,
1413394982205760512,-0.12955,0.47636,0.51270,-0.00975,0.82301,-0.09087,0.56063,-0.27813,-0.28865,-0.06405,
1413394982305760256,-0.14920,0.44067,0.51176,-0.00384,0.81641,-0.12241,0.56433,-0.23001,-0.41814,-0.02743,
1413394982405760512,-0.17133,0.39095,0.51344,0.00910,0.81046,-0.15193,0.56567,-0.22025,-0.57766,0.02539,
1413394982505760512,-0.19500,0.32534,0.52014,0.02376,0.80273,-0.18277,0.56715,-0.21418,-0.73672,0.08561,
1413394982605760512,-0.21968,0.24395,0.53162,0.04028,0.79482,-0.21307,0.56678,-0.24455,-0.88638,0.12537,
1413394982705760512,-0.24726,0.14731,0.54673,0.06181,0.78713,-0.23836,0.56551,-0.27509,-1.03491,0.16617,
1413394982805760256,-0.27746,0.03628,0.56460,0.08578,0.77903,-0.26132,0.56343,-0.30977,-1.17085,0.17542,
1413394982905760512,-0.31119,-0.08760,0.58373,0.11057,0.77098,-0.28248,0.55997,-0.33913,-1.28842,0.20311,
1413394983105760512,-0.38496,-0.36096,0.62635,0.15983,0.75990,-0.30544,0.55111,-0.37778,-1.42027,0.22467,
1413394983305760256,-0.46204,-0.65068,0.67221,0.18652,0.75433,-0.30841,0.54871,-0.38290,-1.45994,0.23015,
1413394983505760512,-0.53984,-0.94183,0.71826,0.21262,0.76148,-0.28876,0.53996,-0.37397,-1.42299,0.21321,
1413394983705760512,-0.60869,-1.21519,0.73926,0.22988,0.76807,-0.26688,0.53479,-0.28657,-1.30143,0.00219,
1413394983905760512,-0.66155,-1.45687,0.71084,0.23593,0.76943,-0.25666,0.53520,-0.18566,-1.12542,-0.24497,
1413394984105760512,-0.68509,-1.66063,0.64317,0.22929,0.77118,-0.25086,0.53830,-0.05707,-0.91562,-0.35929,
1413394984305760256,-0.68406,-1.82895,0.57426,0.21628,0.77986,-0.23626,0.53779,0.04909,-0.73378,-0.33419,
1413394984505760512,-0.65365,-1.97050,0.51681,0.20315,0.79290,-0.22628,0.52806,0.21327,-0.58132,-0.27070,
1413394984705760512,-0.58315,-2.07957,0.47235,0.18284,0.80429,-0.20094,0.52851,0.39597,-0.43379,-0.20442,
1413394984905760512,-0.47948,-2.15923,0.44169,0.15149,0.81372,-0.16745,0.53560,0.59734,-0.31920,-0.12211,
1413394985105760512,-0.34296,-2.21212,0.42854,0.12511,0.81651,-0.12459,0.54967,0.72968,-0.21618,-0.02912,
1413394985305760256,-0.18878,-2.23590,0.43833,0.10519,0.82073,-0.10537,0.55157,0.83685,-0.07522,0.14899,
1413394985505760512,-0.01251,-2.25078,0.49475,0.04839,0.82256,-0.13116,0.55123,0.95582,-0.11673,0.45874,
1413394985705760512,0.18303,-2.28881,0.60744,0.06884,0.82242,-0.11012,0.55386,1.01441,-0.23869,0.53628,
1413394985905760512,0.39280,-2.33531,0.68602,0.09900,0.82287,-0.08658,0.55281,1.08332,-0.17897,0.22831,
1413394986105760512,0.61621,-2.35704,0.71700,0.10504,0.82115,-0.08570,0.55438,1.14921,-0.04348,0.13793,
1413394986305760256,0.85702,-2.34867,0.74703,0.07090,0.81750,-0.11584,0.55968,1.21902,0.04456,0.20374,
1413394986505760512,1.10421,-2.34588,0.79954,0.06035,0.81552,-0.12685,0.56142,1.24016,-0.02921,0.31215,
1413394986705760512,1.35656,-2.35392,0.86454,0.09525,0.81922,-0.10294,0.55606,1.28662,-0.02892,0.31740,
1413394986905760512,1.62306,-2.34723,0.92718,0.10524,0.81489,-0.09701,0.56167,1.36007,0.11655,0.30490,
1413394987105760512,1.89335,-2.31872,0.96524,0.07431,0.80572,-0.12211,0.57479,1.31430,0.17993,0.04013,
1413394987305760256,2.15566,-2.29456,0.96036,0.07253,0.79924,-0.12596,0.58318,1.24704,0.11863,-0.09001,
1413394987505760512,2.40526,-2.26758,0.94766,0.11761,0.79246,-0.09528,0.59085,1.16187,0.21913,-0.04791,
1413394987705760512,2.63664,-2.20227,0.95023,0.13184,0.78130,-0.08450,0.60419,1.05175,0.46089,0.01675,
1413394987905760512,2.83897,-2.08485,0.97032,0.13524,0.76993,-0.08309,0.61808,0.86734,0.75624,0.10976,
1413394988105760512,2.99991,-1.91190,1.00485,0.12891,0.75898,-0.08960,0.63190,0.62656,1.02832,0.16629,
1413394988305760256,3.10467,-1.69311,1.04883,0.09126,0.75772,-0.12367,0.63422,0.33830,1.16069,0.16575,
1413394988505760512,3.15178,-1.47450,1.08293,0.06837,0.75575,-0.19096,0.62265,0.03127,1.04467,0.01093,
1413394988705760512,3.14400,-1.29317,1.08944,0.11268,0.75007,-0.25405,0.60013,-0.24414,0.86048,-0.08560,
1413394988905760512,3.07925,-1.13462,1.07445,0.17579,0.73894,-0.28107,0.58657,-0.41226,0.80524,-0.20415,
1413394989105760512,2.98998,-0.96919,1.03326,0.21346,0.73969,-0.28565,0.57069,-0.52220,0.87528,-0.20083,
1413394989305760256,2.88342,-0.78106,1.00870,0.21610,0.74730,-0.29014,0.55737,-0.53564,0.95369,-0.13548,
1413394989505760512,2.71514,-0.59700,0.99091,0.19862,0.75016,-0.29617,0.55687,-0.59202,0.97529,-0.16909,
1413394989705760512,2.55445,-0.41401,0.94627,0.17611,0.75539,-0.29652,0.55718,-0.64264,0.94111,-0.35368,
1413394989905760512,2.40208,-0.24239,0.86327,0.12572,0.77634,-0.26974,0.55563,-0.63982,0.83072,-0.51767,
1413394990105760512,2.23450,-0.11163,0.75748,0.09062,0.80537,-0.18640,0.55536,-0.63575,0.66629,-0.61911,
1413394990205760512,2.15739,-0.05808,0.69319,0.07470,0.81659,-0.13493,0.55624,-0.60123,0.62700,-0.68400,
1413394990355760640,2.06298,0.02349,0.59263,0.04896,0.82722,-0.05816,0.55671,-0.53089,0.60637,-0.68010,
1413394990455760384,2.00778,0.07857,0.52731,0.02994,0.83181,-0.01900,0.55393,-0.47580,0.60330,-0.64978,
1413394990555760384,1.95523,0.13478,0.46742,0.01012,0.83393,0.00448,0.55176,-0.40296,0.61156,-0.60280,
1413394990655760640,1.91309,0.19983,0.40997,-0.00505,0.83580,0.01659,0.54876,-0.32761,0.62783,-0.56290,
1413394990755760384,1.87813,0.26409,0.35590,-0.01252,0.83583,0.02284,0.54837,-0.23357,0.63558,-0.54486,
1413394990855760640,1.84983,0.32928,0.30534,-0.01493,0.83594,0.02497,0.54805,-0.13928,0.64119,-0.50083,
1413394990955760384,1.83234,0.39455,0.25986,-0.01442,0.83564,0.02351,0.54859,-0.06492,0.64538,-0.45648,
1413394991055760384,1.81613,0.46563,0.21958,-0.01051,0.83508,0.02131,0.54961,0.01228,0.66710,-0.39996,
1413394991155760640,1.81973,0.53329,0.18540,-0.01325,0.83336,0.01249,0.55243,0.09344,0.67676,-0.35848,
1413394991255760384,1.83723,0.59599,0.15531,-0.01365,0.83244,0.00186,0.55394,0.16554,0.65484,-0.32936,
1413394991355760640,1.85928,0.65156,0.13080,-0.00932,0.83213,-0.01436,0.55432,0.22789,0.60991,-0.29663,
1413394991455760384,1.89107,0.70207,0.10743,0.00034,0.83118,-0.03579,0.55485,0.30330,0.57256,-0.25321,
1413394991555760384,1.92535,0.74533,0.08984,0.01440,0.82892,-0.05976,0.55598,0.33895,0.50307,-0.23764,
1413394991655760640,1.96347,0.78341,0.07518,0.03326,0.82418,-0.08171,0.55942,0.39577,0.45088,-0.17980,
1413394991755760384,2.00580,0.81749,0.06429,0.05484,0.81372,-0.09928,0.57009,0.43608,0.41506,-0.14118,
1413394991855760640,2.04773,0.85427,0.05480,0.06697,0.80108,-0.11509,0.58355,0.43458,0.40009,-0.12613,
1413394991955760384,2.08797,0.88749,0.04559,0.07141,0.79198,-0.12840,0.59260,0.40843,0.38252,-0.12663,
1413394992055760384,2.12542,0.91764,0.03474,0.07121,0.78818,-0.14521,0.59381,0.35183,0.34818,-0.13941,
1413394992155760640,2.15689,0.94481,0.02336,0.06817,0.78788,-0.16633,0.58901,0.28342,0.28252,-0.12166,
1413394992255760384,2.18220,0.96707,0.01482,0.07105,0.79002,-0.18595,0.57987,0.23394,0.19188,-0.07119,
1413394992355760640,2.20311,0.97432,0.01133,0.08570,0.79005,-0.20054,0.57294,0.19512,0.08931,-0.02912,
1413394992455760384,2.21873,0.97619,0.01183,0.11103,0.78853,-0.20953,0.56744,0.16993,0.01771,0.01831,
1413394992555760384,2.23221,0.97317,0.01525,0.14294,0.78881,-0.20930,0.55994,0.16604,-0.00159,0.02862,
1413394992655760640,2.24734,0.97093,0.01959,0.15892,0.78471,-0.21300,0.56000,0.17944,0.02228,0.04092,
1413394992755760384,2.26338,0.97222,0.02376,0.15942,0.77809,-0.22336,0.56503,0.17715,0.03687,0.03739,
1413394992855760640,2.27704,0.97517,0.02819,0.15441,0.77239,-0.24006,0.56740,0.15125,0.03489,0.02843,
1413394992955760384,2.28948,0.97814,0.03131,0.15088,0.76911,-0.25418,0.56666,0.12237,0.01941,0.00756,
1413394993055760384,2.29705,0.97803,0.02755,0.15310,0.76832,-0.26090,0.56407,0.09859,-0.01026,-0.09492,
1413394993155760640,2.30430,0.97531,0.01107,0.16185,0.77005,-0.25976,0.55978,0.08124,-0.03156,-0.20435,
1413394993255760384,2.30701,0.97115,-0.01412,0.17064,0.77255,-0.25536,0.55573,0.06189,-0.04084,-0.29373,
1413394993355760640,2.31226,0.96665,-0.04662,0.18093,0.77488,-0.24814,0.55250,0.06751,-0.02557,-0.32251,
1413394993455760384,2.31676,0.96520,-0.07942,0.18879,0.77693,-0.24128,0.55002,0.08320,0.00268,-0.30891,
1413394993555760384,2.32460,0.96704,-0.10982,0.19245,0.77813,-0.23614,0.54928,0.10301,0.04976,-0.29942,
1413394993655760640,2.33390,0.97255,-0.14027,0.19036,0.77805,-0.23725,0.54965,0.12269,0.08539,-0.30043,
1413394993755760384,2.34652,0.98194,-0.17223,0.18644,0.77367,-0.24887,0.55203,0.12972,0.10800,-0.35513,
1413394993855760640,2.35642,0.98826,-0.21323,0.18530,0.76744,-0.26914,0.55160,0.11312,0.09622,-0.44406,
1413394993955760384,2.36712,0.99567,-0.26215,0.18745,0.75809,-0.29637,0.54985,0.09452,0.07592,-0.50733,
1413394994055760384,2.37721,0.99715,-0.31182,0.19371,0.74603,-0.32630,0.54722,0.05273,0.03571,-0.48312,
1413394994155760640,2.37910,0.99954,-0.35382,0.20893,0.73339,-0.35284,0.54221,-0.01491,0.00498,-0.34028,
1413394994305760256,2.36980,0.99661,-0.39376,0.24591,0.71471,-0.38581,0.52903,-0.11607,-0.01133,-0.23141,
1413394994505760512,2.34552,0.99196,-0.41709,0.30189,0.70092,-0.41160,0.49816,-0.09993,0.00237,-0.05461,
1413394994705760512,2.33653,0.99622,-0.40327,0.33079,0.69093,-0.42291,0.48410,0.01584,0.07926,0.11729,
1413394994905760512,2.35424,1.01881,-0.36295,0.33718,0.68036,-0.42752,0.49056,0.14198,0.18344,0.12858,
1413394995105760512,2.39100,1.05691,-0.35442,0.32007,0.67266,-0.43633,0.50467,0.17841,0.27835,-0.24449,
1413394995305760256,2.42891,1.10517,-0.41381,0.28879,0.68160,-0.45262,0.49715,0.13305,0.26927,-0.44714,
1413394995505760512,2.45298,1.13823,-0.49249,0.28302,0.69759,-0.45407,0.47655,0.10581,0.13399,-0.43170,
1413394995705760512,2.48490,1.13601,-0.56666,0.29236,0.69393,-0.44741,0.48251,0.14882,-0.01853,-0.33595,
1413394995905760512,2.51074,1.10981,-0.61772,0.30031,0.68000,-0.44173,0.50228,0.12362,-0.04806,-0.29527,
1413394996105760512,2.50237,1.08380,-0.63299,0.31277,0.67374,-0.43518,0.50879,-0.04124,0.05570,0.16104,
1413394996305760256,2.50457,1.08933,-0.63967,0.31437,0.67754,-0.42724,0.50948,-0.00764,0.01278,0.14923,
1413394996505760512,2.50598,1.08453,-0.63854,0.31370,0.68229,-0.42755,0.50327,0.00452,0.00404,-0.01240,
1413394996705760512,2.50726,1.08308,-0.63837,0.31308,0.68098,-0.42775,0.50525,0.00720,0.00374,0.02247,
1413394996905760512,2.50691,1.08880,-0.62334,0.31347,0.68024,-0.42751,0.50620,0.01781,0.01162,0.02537,
1413394997105760512,2.51542,1.08148,-0.63522,0.31320,0.68026,-0.42752,0.50634,0.02605,-0.00304,0.01609,
1413394997305760256,2.52117,1.08054,-0.63171,0.31286,0.68041,-0.42758,0.50630,0.03555,-0.00467,0.01721,
1413394997505760512,2.52831,1.07972,-0.62756,0.31289,0.68045,-0.42755,0.50625,0.03925,-0.00483,0.01989,
1413394997705760512,2.53683,1.07921,-0.62319,0.31281,0.68054,-0.42753,0.50619,0.04595,-0.00175,0.02170,
1413394997905760512,2.54680,1.07905,-0.61835,0.31282,0.68051,-0.42757,0.50619,0.05335,-0.00096,0.02525,
1413394998105760512,2.55841,1.07871,-0.61291,0.31275,0.68049,-0.42758,0.50625,0.06300,-0.00643,0.02292,
1413394998305760256,2.57182,1.07800,-0.60759,0.31272,0.68039,-0.42749,0.50648,0.07287,-0.00394,0.02499,
