1403715529062142976,0.04193,0.03471,0.11528,0.03485,0.81631,-0.03338,0.57560,0.07152,0.11512,0.25232,
1403715529162142976,0.05088,0.04797,0.15077,0.02652,0.81710,-0.02633,0.57528,0.07380,0.13688,0.35720,
1403715529262142976,0.06072,0.06149,0.19316,0.01620,0.82041,-0.01349,0.57139,0.08523,0.14183,0.40775,
1403715529362142976,0.07177,0.07477,0.23466,0.00605,0.82430,0.00384,0.56611,0.10399,0.14294,0.35901,
1403715529462142976,0.08428,0.08649,0.26694,-0.00363,0.82454,0.02144,0.56538,0.13400,0.14244,0.28239,
1403715529562142976,0.10080,0.09953,0.29340,-0.01092,0.82353,0.03433,0.56613,0.15323,0.13734,0.19745,
1403715529662142976,0.11783,0.11114,0.30917,-0.01600,0.82143,0.04368,0.56841,0.17350,0.14271,0.14340,
1403715529762142976,0.13842,0.12458,0.32332,-0.01794,0.81996,0.05261,0.56972,0.19397,0.15955,0.16310,
1403715529862142976,0.16248,0.13523,0.33787,-0.02198,0.81890,0.05687,0.57069,0.20716,0.16290,0.19558,
1403715529962142976,0.18604,0.14667,0.35403,-0.02644,0.81641,0.05793,0.57395,0.21985,0.16146,0.23593,
1403715530062142976,0.21010,0.16123,0.38016,-0.02437,0.81101,0.06163,0.58126,0.21264,0.16833,0.28294,
1403715530162142976,0.23169,0.17736,0.40764,-0.01797,0.80700,0.06640,0.58653,0.18286,0.19760,0.32301,
1403715530262142976,0.25107,0.19528,0.44270,-0.01118,0.81018,0.07012,0.58187,0.15605,0.23948,0.44058,
1403715530362142976,0.26275,0.21472,0.48957,-0.01033,0.81335,0.06930,0.57754,0.12186,0.29571,0.57276,
1403715530462142976,0.26991,0.24212,0.54471,-0.01837,0.81553,0.06597,0.57466,0.10752,0.34721,0.64779,
1403715530562142976,0.25769,0.27854,0.59014,-0.02665,0.81561,0.06930,0.57382,0.06338,0.37784,0.57685,
1403715530662142976,0.26040,0.32001,0.63444,-0.03419,0.81463,0.07345,0.57429,0.04044,0.38371,0.42258,
1403715530762142976,0.27093,0.36283,0.67494,-0.04252,0.81406,0.07916,0.57379,0.04032,0.39823,0.34926,
1403715530862142976,0.28001,0.40387,0.71423,-0.05439,0.81311,0.09050,0.57246,0.03965,0.39215,0.35139,
1403715530962142976,0.28977,0.43951,0.75528,-0.06301,0.81280,0.10295,0.56991,0.05179,0.36062,0.33304,
1403715531062142976,0.30230,0.46907,0.79469,-0.06989,0.82020,0.11230,0.55658,0.06160,0.32925,0.28782,
1403715531162142976,0.32148,0.49770,0.83297,-0.07467,0.83205,0.11811,0.53682,0.11397,0.31547,0.25932,
1403715531262142976,0.35027,0.52967,0.87163,-0.09098,0.83599,0.11265,0.52929,0.22462,0.30577,0.31086,
1403715531362142976,0.38988,0.55898,0.91105,-0.10490,0.82778,0.10667,0.54073,0.32506,0.25628,0.33128,
1403715531462142976,0.43958,0.58843,0.94689,-0.10776,0.82028,0.10535,0.55175,0.37968,0.18646,0.22876,
1403715531562142976,0.48990,0.61541,0.96239,-0.10734,0.81612,0.10539,0.55796,0.40940,0.13854,0.08358,
1403715531662142976,0.53832,0.63917,0.96111,-0.10820,0.81673,0.10249,0.55744,0.43061,0.10156,-0.03161,
1403715531762142976,0.58897,0.65871,0.95209,-0.09769,0.81548,0.10578,0.56059,0.45562,0.05736,-0.04107,
1403715531862142976,0.63999,0.65888,0.94958,-0.08658,0.80861,0.11023,0.57141,0.46682,0.00676,-0.01016,
1403715531962142976,0.69283,0.67725,0.93987,-0.07749,0.80192,0.11032,0.58203,0.43805,0.00389,-0.03238,
1403715532062142976,0.74188,0.70583,0.92627,-0.06894,0.79872,0.10855,0.58780,0.40082,0.03343,-0.05659,
1403715532162142976,0.78638,0.75164,0.91257,-0.05988,0.79682,0.10680,0.59169,0.35783,0.09948,-0.07515,
1403715532262142976,0.82467,0.76830,0.90595,-0.05964,0.79505,0.10599,0.59423,0.30749,0.12226,-0.08229,
1403715532362142976,0.82607,0.83665,0.89887,-0.06177,0.79613,0.10310,0.59307,0.21849,0.20416,-0.09779,
1403715532462142976,0.83801,0.86172,0.89222,-0.06977,0.79774,0.09990,0.59056,0.17026,0.20082,-0.08917,
1403715532562142976,0.84133,0.90117,0.89251,-0.07992,0.79800,0.09467,0.58978,0.12620,0.18612,-0.09317,
1403715532662142976,0.83573,0.91831,0.89484,-0.09534,0.79539,0.08664,0.59224,0.08485,0.11430,-0.07692,
1403715532762142976,0.84752,0.92530,0.88603,-0.10757,0.79191,0.08036,0.59569,0.05239,0.01377,-0.10389,
1403715532862142976,0.83854,0.90368,0.88682,-0.11406,0.78966,0.07593,0.59805,0.01646,-0.14764,-0.11625,
1403715532962142976,0.83607,0.87995,0.87303,-0.11175,0.79098,0.06496,0.59803,-0.00924,-0.28088,-0.20703,
1403715533062142976,0.82972,0.83760,0.85378,-0.10423,0.79370,0.04767,0.59741,-0.03810,-0.41915,-0.31207,
1403715533162142976,0.82861,0.78948,0.82220,-0.08766,0.79386,0.02731,0.60113,-0.06267,-0.54834,-0.32275,
1403715533262142976,0.82644,0.73260,0.79600,-0.06334,0.78647,0.00917,0.61431,-0.13223,-0.66272,-0.19765,
1403715533362142976,0.81625,0.66888,0.78091,-0.04035,0.78420,-0.00516,0.61917,-0.20743,-0.72383,-0.04106,
1403715533462142976,0.79463,0.59952,0.77444,-0.02397,0.78810,-0.01651,0.61486,-0.27848,-0.76453,0.08364,
1403715533562142976,0.76486,0.52907,0.77948,-0.02258,0.79389,-0.03288,0.60675,-0.35704,-0.80308,0.21766,
1403715533662142976,0.73051,0.44972,0.80860,-0.02891,0.79944,-0.04847,0.59809,-0.40852,-0.88318,0.36286,
1403715533762142976,0.69288,0.35882,0.85788,-0.03366,0.80290,-0.05976,0.59216,-0.42343,-0.99594,0.51103,
1403715533862142976,0.65065,0.25309,0.91513,-0.02648,0.80567,-0.05976,0.58875,-0.42555,-1.11792,0.52595,
1403715533962142976,0.61027,0.14358,0.96966,-0.01228,0.80742,-0.05266,0.58749,-0.41771,-1.18528,0.42929,
1403715534062142976,0.57125,0.03235,1.01411,-0.00017,0.80828,-0.04509,0.58707,-0.41844,-1.23452,0.29500,
1403715534162142976,0.53216,-0.07467,1.05071,0.01360,0.80803,-0.03500,0.58795,-0.41390,-1.23974,0.18325,
1403715534262142976,0.49058,-0.17110,1.07828,0.02697,0.80827,-0.02523,0.58765,-0.40440,-1.19958,0.07825,
1403715534362142976,0.45312,-0.28645,1.07969,0.03346,0.80831,-0.01953,0.58748,-0.39352,-1.17034,-0.05060,
1403715534462142976,0.41700,-0.40379,1.06639,0.03905,0.80830,-0.02106,0.58710,-0.37860,-1.14247,-0.16497,
1403715534562142976,0.38196,-0.51962,1.04277,0.04722,0.80753,-0.02905,0.58722,-0.35082,-1.10768,-0.21556,
1403715534662142976,0.34647,-0.63478,1.01672,0.05610,0.80721,-0.04372,0.58596,-0.35141,-1.07323,-0.23430,
1403715534762142976,0.30877,-0.74812,0.98937,0.06842,0.80859,-0.06322,0.58095,-0.35268,-1.03133,-0.25990,
1403715534862142976,0.26840,-0.85836,0.96050,0.08571,0.81162,-0.08695,0.57128,-0.34187,-0.99146,-0.27571,
1403715534962142976,0.23900,-0.95319,0.93300,0.10408,0.81306,-0.11204,0.56174,-0.29051,-0.93874,-0.26336,
1403715535062142976,0.21794,-1.03870,0.90809,0.11980,0.81269,-0.13330,0.55445,-0.22624,-0.87465,-0.26375,
1403715535162142976,0.21257,-1.11140,0.88597,0.12946,0.81529,-0.15111,0.54380,-0.12974,-0.80652,-0.26030,
1403715535262142976,0.22111,-1.18097,0.86697,0.13311,0.81917,-0.16437,0.53313,-0.01006,-0.76524,-0.22045,
1403715535362142976,0.24643,-1.25444,0.85257,0.13239,0.82097,-0.17399,0.52745,0.13658,-0.75005,-0.17935,
1403715535462142976,0.28258,-1.33462,0.83880,0.11921,0.81593,-0.18743,0.53378,0.26187,-0.77899,-0.13886,
1403715535562142976,0.33226,-1.42009,0.82798,0.11182,0.80581,-0.19167,0.54903,0.33217,-0.82551,-0.11270,
1403715535662142976,0.37974,-1.51555,0.81658,0.11127,0.79646,-0.18565,0.56463,0.38766,-0.86703,-0.12379,
1403715535762142976,0.42626,-1.61569,0.80459,0.11023,0.79455,-0.17173,0.57189,0.40524,-0.89249,-0.12285,
1403715535862142976,0.47625,-1.71818,0.79312,0.11202,0.79656,-0.14734,0.57553,0.40478,-0.89160,-0.14324,
1403715535962142976,0.54327,-1.81856,0.78257,0.10759,0.80408,-0.12239,0.57176,0.45173,-0.87544,-0.15909,
1403715536062142976,0.64801,-1.90660,0.77386,0.09739,0.81339,-0.10320,0.56414,0.54911,-0.85232,-0.12191,
1403715536162142976,0.72432,-2.03994,0.75538,0.08556,0.82036,-0.08661,0.55874,0.63465,-0.88272,-0.08782,
1403715536262142976,0.80106,-2.15974,0.74712,0.08184,0.82510,-0.07017,0.55460,0.72608,-0.87352,-0.05237,
1403715536362142976,0.88371,-2.27003,0.74638,0.08212,0.82479,-0.05424,0.55682,0.80844,-0.82504,0.00919,
1403715536462142976,0.97375,-2.36131,0.75208,0.09025,0.81984,-0.03644,0.56426,0.88417,-0.73814,0.05495,
1403715536562142976,1.06694,-2.43994,0.76082,0.09770,0.81322,-0.02300,0.57324,0.93787,-0.61084,0.07976,
1403715536662142976,1.16489,-2.50659,0.77088,0.10169,0.80510,-0.01433,0.58418,0.97594,-0.46407,0.09569,
1403715536762142976,1.26611,-2.55471,0.78207,0.10050,0.79229,-0.00932,0.60173,0.97213,-0.28602,0.12580,
1403715536862142976,1.36686,-2.58709,0.79393,0.09932,0.77863,-0.00069,0.61957,0.92501,-0.12148,0.14336,
1403715536962142976,1.46321,-2.60974,0.80448,0.10662,0.76496,0.01177,0.63508,0.81839,0.03909,0.15797,
1403715537062142976,1.54952,-2.61697,0.81589,0.11429,0.74968,0.02192,0.65149,0.69666,0.23940,0.17955,
1403715537162142976,1.62362,-2.60940,0.83114,0.11817,0.72916,0.02877,0.67345,0.50790,0.45263,0.21213,
1403715537262142976,1.67791,-2.58433,0.85075,0.11449,0.71021,0.02932,0.69400,0.27000,0.66882,0.23499,
1403715537362142976,1.70339,-2.52956,0.87192,0.08616,0.70629,0.01407,0.70252,-0.00772,0.86025,0.23367,
1403715537462142976,1.70822,-2.46012,0.88976,0.05403,0.72501,-0.00631,0.68658,-0.25430,0.96541,0.21473,
1403715537562142976,1.68952,-2.38069,0.90953,0.02796,0.75373,-0.02400,0.65615,-0.43126,0.99851,0.21388,
1403715537662142976,1.65251,-2.29584,0.93411,0.01157,0.77458,-0.03599,0.63135,-0.52534,0.97593,0.28055,
1403715537762142976,1.60693,-2.21126,0.96851,0.00406,0.77314,-0.04253,0.63279,-0.57656,0.92938,0.34355,
1403715537862142976,1.56043,-2.13275,1.00732,0.00242,0.76233,-0.04452,0.64565,-0.65401,0.86840,0.33923,
1403715537962142976,1.50447,-2.05884,1.04072,0.00227,0.76040,-0.04436,0.64793,-0.74781,0.81894,0.27743,
1403715538062142976,1.44111,-1.98645,1.07051,-0.00255,0.76741,-0.04675,0.63944,-0.81433,0.76169,0.26645,
1403715538162142976,1.36986,-1.91651,1.09859,-0.00794,0.77506,-0.05443,0.62949,-0.86712,0.68324,0.21568,
1403715538262142976,1.29256,-1.84825,1.11907,-0.00544,0.78009,-0.06432,0.62233,-0.88679,0.62002,0.11214,
1403715538362142976,1.20605,-1.78021,1.12546,0.00294,0.77848,-0.07623,0.62301,-0.90917,0.55712,0.01423,
1403715538462142976,1.11209,-1.70909,1.11834,0.02591,0.76716,-0.08832,0.63482,-0.97538,0.51995,-0.01085,
1403715538562142976,1.00286,-1.64214,1.10688,0.05281,0.75493,-0.09952,0.64605,-1.07919,0.51276,0.00240,
1403715538662142976,0.88731,-1.57960,1.09351,0.07425,0.74889,-0.11676,0.64809,-1.18967,0.53409,-0.02634,
1403715538762142976,0.76705,-1.51441,1.07658,0.09320,0.75099,-0.14160,0.63818,-1.27428,0.55733,-0.07249,
1403715538862142976,0.64405,-1.44593,1.06066,0.11331,0.75764,-0.17223,0.61926,-1.34695,0.57304,-0.08706,
1403715538962142976,0.51463,-1.36645,1.04134,0.13649,0.75835,-0.20705,0.60283,-1.36420,0.58986,-0.18156,
1403715539062142976,0.38314,-1.28354,1.00990,0.16193,0.75201,-0.24420,0.59045,-1.37917,0.61539,-0.30277,
1403715539162142976,0.25400,-1.19874,0.96530,0.18725,0.74162,-0.28287,0.57873,-1.37823,0.63606,-0.42590,
1403715539262142976,0.12856,-1.11388,0.90911,0.21008,0.73047,-0.32109,0.56496,-1.36487,0.65086,-0.55474,
1403715539362142976,0.00677,-1.03102,0.84276,0.22985,0.72216,-0.35628,0.54655,-1.34291,0.64944,-0.64387,
1403715539462142976,-0.11273,-0.94628,0.77681,0.24848,0.71220,-0.38436,0.53226,-1.30703,0.61832,-0.56197,
1403715539562142976,-0.22958,-0.85825,0.72638,0.25565,0.70246,-0.40984,0.52271,-1.26098,0.58926,-0.39230,
1403715539662142976,-0.34521,-0.77259,0.69604,0.25664,0.69099,-0.43012,0.52122,-1.23860,0.53659,-0.18967,
1403715539762142976,-0.45742,-0.68913,0.68525,0.26171,0.68087,-0.44110,0.52284,-1.23888,0.49010,-0.01494,
1403715539862142976,-0.56844,-0.60070,0.68787,0.26701,0.67839,-0.44437,0.52061,-1.25000,0.46678,0.09295,
1403715539962142976,-0.66957,-0.49782,0.70235,0.26141,0.68371,-0.44924,0.51224,-1.24899,0.44990,0.25287,
1403715540062142976,-0.76315,-0.40732,0.72419,0.24925,0.69234,-0.45670,0.49997,-1.22096,0.39498,0.23270,
1403715540162142976,-0.83356,-0.37018,0.76040,0.23178,0.69904,-0.46547,0.49088,-1.15634,0.22469,0.31743,
1403715540262142976,-0.87654,-0.36624,0.80191,0.22572,0.70022,-0.46884,0.48880,-1.08432,0.01931,0.35007,
1403715540362142976,-0.92347,-0.39008,0.83843,0.23453,0.70360,-0.46173,0.48657,-1.01785,-0.18067,0.35733,
1403715540462142976,-1.01102,-0.40734,0.87664,0.24430,0.71033,-0.45278,0.48036,-0.98558,-0.31656,0.31267,
1403715540562142976,-1.07793,-0.46028,0.90870,0.24983,0.72017,-0.44983,0.46541,-0.91939,-0.47448,0.26979,
1403715540662142976,-1.15798,-0.51720,0.93711,0.24812,0.72549,-0.45353,0.45432,-0.83604,-0.62932,0.24340,
1403715540762142976,-1.23176,-0.58385,0.96356,0.23753,0.72114,-0.46598,0.45431,-0.76048,-0.79388,0.21920,
1403715540862142976,-1.29499,-0.66478,0.99049,0.23843,0.71228,-0.47150,0.46206,-0.70246,-0.96702,0.21565,
1403715540962142976,-1.35459,-0.75503,1.01906,0.24536,0.70448,-0.47159,0.47023,-0.66192,-1.11854,0.21448,
1403715541062142976,-1.41488,-0.85540,1.04767,0.25513,0.70097,-0.46737,0.47446,-0.62541,-1.22910,0.20700,
1403715541162142976,-1.47235,-0.96749,1.07275,0.25828,0.69986,-0.46597,0.47577,-0.58621,-1.30806,0.17927,
1403715541262142976,-1.53911,-1.09834,1.09536,0.25105,0.68789,-0.47071,0.49215,-0.59493,-1.41930,0.18799,
1403715541362142976,-1.59921,-1.23332,1.11684,0.25968,0.67847,-0.47001,0.50134,-0.64042,-1.48593,0.17235,
1403715541462142976,-1.66662,-1.38138,1.13169,0.27024,0.68163,-0.46655,0.49466,-0.67056,-1.53315,0.10560,
1403715541562142976,-1.73896,-1.54301,1.14264,0.27220,0.69209,-0.46666,0.47870,-0.66513,-1.60924,0.09265,
1403715541662142976,-1.80852,-1.71552,1.15365,0.27280,0.70076,-0.46621,0.46600,-0.64038,-1.69272,0.11393,
1403715541762142976,-1.86370,-1.89333,1.16673,0.28812,0.70745,-0.45539,0.45730,-0.56219,-1.79556,0.13991,
1403715541862142976,-1.90876,-2.07896,1.18286,0.31246,0.71037,-0.43774,0.45401,-0.44310,-1.84548,0.17193,
1403715541962142976,-1.94064,-2.26938,1.20061,0.33056,0.71372,-0.42026,0.45246,-0.28588,-1.85354,0.15782,
1403715542062142976,-1.95634,-2.45800,1.21544,0.34089,0.71879,-0.40102,0.45422,-0.09699,-1.81208,0.16472,
1403715542162142976,-1.95176,-2.63886,1.23068,0.34397,0.71881,-0.38083,0.46900,0.08004,-1.73436,0.17269,
1403715542262142976,-1.93107,-2.80736,1.24839,0.33899,0.71584,-0.36099,0.49228,0.23002,-1.61827,0.19464,
1403715542362142976,-1.90873,-2.97901,1.26881,0.32105,0.71298,-0.34513,0.51911,0.33550,-1.49538,0.21769,
1403715542462142976,-1.87914,-3.14008,1.29097,0.29337,0.70666,-0.33184,0.55176,0.37034,-1.38366,0.25868,
1403715542562142976,-1.85770,-3.30528,1.31079,0.26927,0.70309,-0.31935,0.57547,0.31694,-1.30141,0.23048,
1403715542662142976,-1.84437,-3.46455,1.32232,0.24968,0.71203,-0.31092,0.57793,0.22522,-1.22253,0.18030,
1403715542762142976,-1.84373,-3.62412,1.33209,0.23548,0.71963,-0.30423,0.57803,0.14965,-1.17823,0.14413,
1403715542862142976,-1.83912,-3.75712,1.33894,0.22570,0.72865,-0.30049,0.57257,0.08961,-1.12285,0.09085,
1403715542962142976,-1.83046,-3.86796,1.34129,0.21441,0.73237,-0.30207,0.57132,0.05412,-1.06146,0.02390,
1403715543062142976,-1.82290,-3.96493,1.33669,0.20502,0.73063,-0.30554,0.57514,0.01518,-1.01961,-0.03637,
1403715543162142976,-1.82754,-4.07281,1.33183,0.20106,0.72810,-0.30775,0.57857,-0.04927,-1.00944,-0.05456,
1403715543262142976,-1.82777,-4.14628,1.32147,0.20142,0.72259,-0.31042,0.58390,-0.10802,-0.95354,-0.07258,
1403715543362142976,-1.84267,-4.24369,1.31336,0.20215,0.71999,-0.31267,0.58565,-0.19264,-0.93278,-0.06739,
1403715543462142976,-1.86847,-4.34105,1.30762,0.20795,0.71963,-0.31125,0.58481,-0.27195,-0.91050,-0.05708,
1403715543562142976,-1.88992,-4.40143,1.29693,0.21742,0.71843,-0.30856,0.58428,-0.32437,-0.84754,-0.05386,
1403715543662142976,-1.92739,-4.48387,1.29117,0.22887,0.71322,-0.30253,0.58942,-0.40311,-0.78709,-0.06836,
1403715543762142976,-1.95685,-4.50888,1.27957,0.24982,0.70792,-0.29818,0.58952,-0.46778,-0.66255,-0.09535,
1403715543862142976,-2.00824,-4.57477,1.26993,0.27429,0.70466,-0.29819,0.58251,-0.52577,-0.55123,-0.12904,
1403715543962142976,-2.04194,-4.55421,1.25072,0.29900,0.70131,-0.31010,0.56798,-0.52681,-0.34329,-0.16133,
1403715544062142976,-2.07679,-4.56520,1.22594,0.32045,0.69789,-0.33000,0.54896,-0.49789,-0.17473,-0.22542,
1403715544162142976,-2.11485,-4.56290,1.18495,0.32668,0.68807,-0.36790,0.53337,-0.46171,-0.05000,-0.35950,
1403715544262142976,-2.15171,-4.53654,1.13051,0.33497,0.67137,-0.41180,0.51718,-0.42954,0.04983,-0.50470,
1403715544362142976,-2.18564,-4.49369,1.06088,0.34477,0.64928,-0.45817,0.49964,-0.39154,0.12825,-0.64165,
1403715544462142976,-2.21892,-4.44381,0.98478,0.35571,0.62360,-0.50046,0.48386,-0.37519,0.19047,-0.72273,
1403715544562142976,-2.25919,-4.38752,0.91133,0.36965,0.59967,-0.53328,0.46837,-0.36783,0.23743,-0.63450,
1403715544662142976,-2.29234,-4.34971,0.85418,0.38159,0.58188,-0.55463,0.45628,-0.35262,0.24511,-0.42672,
1403715544762142976,-2.32304,-4.30291,0.82336,0.39757,0.56790,-0.56105,0.45238,-0.35316,0.27621,-0.14766,
1403715544862142976,-2.33698,-4.24654,0.81696,-0.40938,-0.55953,0.56228,-0.45075,-0.33277,0.35339,0.12889,
1403715544962142976,-2.33039,-4.16772,0.82754,-0.41164,-0.55856,0.56576,-0.44551,-0.28196,0.43439,0.23261,
1403715545062142976,-2.21794,-4.01001,0.82869,-0.41510,-0.55607,0.57533,-0.43297,-0.11798,0.58277,0.20933,
1403715545162142976,-2.10513,-3.90552,0.81418,-0.41935,-0.55243,0.58530,-0.41998,0.02817,0.63518,0.09438,
1403715545262142976,-2.07801,-3.83228,0.81704,-0.42211,-0.54633,0.59633,-0.40956,0.05565,0.62673,-0.04270,
1403715545362142976,-2.03632,-3.76054,0.81499,-0.42558,-0.53521,0.60954,-0.40111,0.10821,0.61785,-0.13131,
1403715545462142976,-2.00441,-3.70072,0.81345,-0.42205,-0.51919,0.62388,-0.40384,0.12949,0.59861,-0.10217,
1403715545562142976,-2.00759,-3.64710,0.81392,-0.41499,-0.50428,0.63635,-0.41055,0.05543,0.55498,-0.01519,
1403715545662142976,-2.01167,-3.58657,0.81437,-0.41012,-0.49344,0.64426,-0.41623,-0.03790,0.54690,0.02857,
1403715545762142976,-2.01486,-3.50729,0.81458,-0.40796,-0.49248,0.64498,-0.41838,-0.13635,0.55013,0.01722,
1403715545862142976,-2.02920,-3.43347,0.81404,-0.40895,-0.50079,0.63820,-0.41794,-0.21452,0.54809,0.02486,
1403715545962142976,-2.04973,-3.36098,0.81460,-0.41154,-0.51839,0.62301,-0.41685,-0.26932,0.54767,0.03311,
1403715546062142976,-2.07585,-3.29211,0.81568,-0.41053,-0.54176,0.60141,-0.41983,-0.28604,0.53396,0.04358,
1403715546162142976,-2.10726,-3.23083,0.81853,-0.40086,-0.56717,0.57644,-0.43051,-0.28496,0.51166,0.05443,
1403715546262142976,-2.14104,-3.17599,0.82201,0.38475,0.59399,-0.54806,0.44584,-0.28102,0.50090,0.06075,
1403715546362142976,-2.17407,-3.11947,0.82564,0.36438,0.62011,-0.51780,0.46323,-0.26928,0.49873,0.06471,
1403715546462142976,-2.20946,-3.06410,0.82829,0.34026,0.64649,-0.48627,0.47939,-0.27566,0.49891,0.09150,
1403715546562142976,-2.24430,-3.00399,0.83080,0.31556,0.67184,-0.45234,0.49441,-0.27446,0.49190,0.07040,
1403715546662142976,-2.28005,-2.95276,0.83217,0.29160,0.69946,-0.41585,0.50279,-0.27344,0.47022,0.04367,
1403715546762142976,-2.31582,-2.90561,0.83012,0.26298,0.73072,-0.38034,0.50222,-0.24729,0.43778,-0.01617,
1403715546862142976,-2.34988,-2.87056,0.82553,0.22881,0.75887,-0.34868,0.50018,-0.20569,0.36794,-0.00330,
1403715546962142976,-2.37902,-2.84186,0.82329,0.20257,0.77998,-0.31154,0.50352,-0.15485,0.27536,0.00039,
1403715547062142976,-2.40313,-2.83278,0.82184,0.18526,0.79820,-0.26807,0.50665,-0.06813,0.19632,0.00000,
1403715547162142976,-2.41370,-2.82014,0.82236,0.16542,0.81192,-0.22618,0.51211,0.04622,0.15359,-0.00103,
1403715547262142976,-2.41105,-2.80558,0.82460,0.14646,0.82258,-0.18412,0.51770,0.16813,0.13104,-0.00313,
1403715547362142976,-2.39642,-2.79807,0.82416,0.12789,0.83152,-0.14621,0.52043,0.28937,0.12206,-0.02239,
1403715547462142976,-2.37665,-2.77441,0.81893,0.10571,0.84092,-0.11481,0.51816,0.41310,0.15618,-0.06463,
1403715547562142976,-2.34487,-2.74163,0.81704,0.08373,0.84910,-0.08330,0.51486,0.54799,0.20436,-0.09111,
1403715547662142976,-2.29487,-2.71245,0.81172,0.06296,0.85460,-0.04814,0.51320,0.70370,0.25047,-0.09395,
1403715547762142976,-2.22885,-2.67573,0.80958,0.04419,0.85785,-0.01198,0.51186,0.85828,0.31459,-0.08600,
1403715547862142976,-2.14365,-2.63688,0.80737,0.02344,0.85854,0.02120,0.51178,1.02063,0.38676,-0.08542,
1403715547962142976,-2.04213,-2.58653,0.80664,0.00347,0.85264,0.05111,0.51998,1.16651,0.46457,-0.08540,
1403715548062142976,-1.92056,-2.53220,0.80276,-0.01456,0.84102,0.07065,0.53618,1.28228,0.53756,-0.06939,
1403715548162142976,-1.78718,-2.47192,0.79791,-0.02300,0.82748,0.08536,0.55449,1.34866,0.59734,-0.10326,
1403715548262142976,-1.64814,-2.40276,0.79247,-0.02434,0.81735,0.09513,0.56771,1.38487,0.67741,-0.11650,
1403715548362142976,-1.50171,-2.31895,0.78685,-0.02392,0.81243,0.09851,0.57418,1.40362,0.75575,-0.24097,
1403715548462142976,-1.35186,-2.22492,0.77364,-0.02121,0.81157,0.09823,0.57555,1.42484,0.85334,-0.32876,
1403715548562142976,-1.20191,-2.12926,0.75398,-0.02340,0.81255,0.09250,0.57503,1.43275,0.93681,-0.33040,
1403715548662142976,-1.05206,-2.02711,0.73763,-0.02601,0.81392,0.08500,0.57414,1.43645,1.01165,-0.30806,
1403715548762142976,-0.89964,-1.91827,0.72334,-0.02711,0.81392,0.07825,0.57504,1.44645,1.06846,-0.26871,
1403715548862142976,-0.76159,-1.80218,0.71241,-0.02621,0.81398,0.07290,0.57571,1.44921,1.12854,-0.23519,
1403715548962142976,-0.63493,-1.68004,0.69920,-0.02710,0.81275,0.06957,0.57782,1.43545,1.19069,-0.21990,
1403715549062142976,-0.52122,-1.54943,0.68798,-0.03137,0.80995,0.07404,0.58095,1.38194,1.25994,-0.19102,
1403715549162142976,-0.38692,-1.41326,0.67925,-0.03894,0.80181,0.08213,0.59063,1.35505,1.31326,-0.13591,
1403715549262142976,-0.24094,-1.26992,0.67340,-0.04577,0.79128,0.08947,0.60314,1.31656,1.35311,-0.11447,
1403715549362142976,-0.09021,-1.12312,0.66515,-0.05585,0.78409,0.09271,0.61114,1.25162,1.38630,-0.11669,
1403715549462142976,0.05467,-0.97636,0.65318,-0.07295,0.78517,0.08940,0.60843,1.20578,1.39056,-0.13488,
1403715549562142976,0.18876,-0.83606,0.63913,-0.08661,0.79228,0.08648,0.59776,1.15946,1.35894,-0.13585,
1403715549662142976,0.31531,-0.70531,0.62333,-0.09666,0.80195,0.07843,0.58428,1.15573,1.28480,-0.11950,
1403715549762142976,0.44750,-0.58623,0.60846,-0.10024,0.80610,0.06256,0.57986,1.18839,1.18760,-0.09166,
1403715549862142976,0.60974,-0.47459,0.59539,-0.09576,0.80566,0.04104,0.58314,1.24427,1.08527,-0.08088,
1403715549962142976,0.77175,-0.37418,0.58643,-0.09251,0.80636,0.00980,0.58406,1.29855,0.96324,-0.04171,
1403715550062142976,0.92683,-0.28959,0.57997,-0.08348,0.80910,-0.02596,0.58114,1.32199,0.80465,-0.02676,
1403715550162142976,1.10422,-0.21850,0.57567,-0.05598,0.81258,-0.05499,0.57754,1.37615,0.63581,0.07674,
1403715550262142976,1.26947,-0.15838,0.59277,-0.02356,0.81432,-0.08037,0.57434,1.40780,0.51342,0.22102,
1403715550362142976,1.43519,-0.10776,0.63005,0.00709,0.81368,-0.10529,0.57166,1.44866,0.40784,0.38555,
1403715550462142976,1.57308,-0.07481,0.68027,0.04042,0.80907,-0.12829,0.57211,1.45698,0.31695,0.43926,
1403715550562142976,1.69316,-0.05327,0.73028,0.07060,0.80289,-0.15443,0.57143,1.43686,0.26550,0.39688,
1403715550662142976,1.79076,-0.03895,0.76821,0.09053,0.79468,-0.18715,0.57032,1.38971,0.22213,0.26393,
1403715550762142976,1.90089,-0.02628,0.79203,0.10430,0.78390,-0.22438,0.56945,1.34767,0.17595,0.14169,
1403715550862142976,2.01256,-0.01861,0.80427,0.11341,0.77156,-0.26339,0.56785,1.29864,0.10766,0.02862,
1403715550962142976,2.10698,-0.02312,0.80774,0.12402,0.75812,-0.30024,0.56545,1.21350,0.00296,-0.03297,
1403715551062142976,2.18469,-0.04363,0.81270,0.14484,0.74596,-0.32932,0.56046,1.08876,-0.13649,0.06604,
1403715551162142976,2.24839,-0.07878,0.83126,0.17054,0.73309,-0.35453,0.55480,0.95210,-0.25920,0.21912,
1403715551262142976,2.29551,-0.12741,0.86187,0.18883,0.71661,-0.38358,0.55107,0.81682,-0.37041,0.33289,
1403715551362142976,2.32609,-0.18988,0.89754,0.20181,0.69805,-0.41621,0.54659,0.65468,-0.47566,0.35157,
1403715551462142976,2.34373,-0.26171,0.93149,0.21795,0.67771,-0.44667,0.54194,0.48572,-0.57250,0.34510,
1403715551562142976,2.34052,-0.34322,0.96291,0.24133,0.65765,-0.47179,0.53541,0.29010,-0.67169,0.34655,
1403715551662142976,2.30165,-0.44048,0.99106,0.27452,0.63904,-0.48888,0.52656,0.07684,-0.74409,0.35236,
1403715551762142976,2.23681,-0.55020,1.01605,0.30838,0.61715,-0.50390,0.51973,-0.12332,-0.77332,0.33020,
1403715551862142976,2.20694,-0.65836,1.05174,0.33773,0.58935,-0.52177,0.51611,-0.25039,-0.76684,0.32738,
1403715551962142976,2.16067,-0.76813,1.07524,0.36627,0.55992,-0.53798,0.51275,-0.38742,-0.71577,0.30757,
1403715552062142976,2.11645,-0.84933,1.10054,-0.39748,-0.54163,0.55257,-0.49326,-0.48239,-0.60878,0.28542,
1403715552162142976,2.06654,-0.90498,1.12381,-0.41912,-0.52519,0.57152,-0.47104,-0.54038,-0.47407,0.24688,
1403715552262142976,2.01482,-0.95392,1.14968,-0.44559,-0.50357,0.58578,-0.45247,-0.57601,-0.35690,0.25263,
1403715552362142976,1.95989,-0.99274,1.17573,-0.47183,-0.47735,0.59967,-0.43578,-0.59493,-0.21981,0.22761,
1403715552462142976,1.90779,-1.02545,1.20171,-0.49318,-0.45082,0.61825,-0.41388,-0.58071,-0.07905,0.22102,
1403715552562142976,1.85409,-1.04252,1.22609,0.51094,0.41803,-0.63856,0.39551,-0.56076,0.06408,0.20017,
1403715552662142976,1.80195,-1.04235,1.24904,0.52592,0.37926,-0.65994,0.37955,-0.53850,0.22233,0.18814,
1403715552762142976,1.74820,-1.02067,1.26554,0.53525,0.33957,-0.68471,0.35968,-0.53332,0.38182,0.15187,
1403715552862142976,1.69747,-0.98214,1.28393,0.54236,0.29924,-0.70981,0.33536,-0.53887,0.55386,0.12100,
1403715552962142976,1.64302,-0.92384,1.29596,0.54161,0.25666,-0.73641,0.31382,-0.54782,0.72230,0.07235,
1403715553062142976,1.58701,-0.84585,1.30588,0.53892,0.21198,-0.76014,0.29464,-0.59952,0.89469,0.04804,
1403715553162142976,1.52471,-0.74614,1.30994,0.54342,0.17217,-0.77605,0.26981,-0.66628,1.07284,0.03227,
1403715553262142976,1.45548,-0.63284,1.31790,0.55596,0.13348,-0.78300,0.24496,-0.74196,1.24196,0.03719,
1403715553362142976,1.37736,-0.50000,1.32360,0.57720,0.09752,-0.78126,0.21673,-0.78185,1.44106,0.02603,
1403715553462142976,1.29137,-0.35679,1.33445,0.60444,0.06896,-0.77343,0.17802,-0.76780,1.60150,0.03042,
1403715553562142976,1.21971,-0.18616,1.33624,0.62735,0.04292,-0.76523,0.13787,-0.69192,1.73943,-0.01538,
1403715553662142976,1.15921,-0.00130,1.33293,0.63771,0.02365,-0.76323,0.10123,-0.57736,1.83635,-0.04733,
1403715553762142976,1.10976,0.19071,1.32595,0.62843,0.01402,-0.77432,0.07282,-0.45803,1.89813,-0.07498,
1403715553862142976,1.07541,0.38981,1.31452,0.60379,0.01324,-0.79556,0.04843,-0.36599,1.91868,-0.04744,
1403715553962142976,1.04538,0.58859,1.30666,0.57983,0.01580,-0.81397,0.03173,-0.35070,1.90446,-0.02620,
1403715554062142976,1.01076,0.78610,1.29908,0.54997,0.01506,-0.83458,0.02791,-0.39478,1.88042,-0.05128,
1403715554162142976,0.97589,0.98493,1.28373,0.51814,0.01608,-0.85472,0.02717,-0.50832,1.85776,-0.04234,
1403715554262142976,0.92319,1.18452,1.27287,-0.49566,-0.01930,0.86790,-0.02648,-0.71115,1.83900,-0.02859,
1403715554362142976,0.85731,1.38286,1.25493,-0.48538,-0.03397,0.87353,-0.01392,-0.94525,1.80457,-0.08204,
1403715554462142976,0.77760,1.56760,1.22985,0.50196,0.07648,-0.86124,-0.02125,-1.13009,1.69294,-0.15690,
1403715554562142976,0.68989,1.73056,1.18829,0.53264,0.13582,-0.83242,-0.07014,-1.20371,1.44369,-0.28334,
1403715554662142976,0.61372,1.85934,1.13645,0.55863,0.18460,-0.80064,-0.11328,-1.16954,1.08486,-0.42108,
1403715554762142976,0.54810,1.94641,1.08355,0.57523,0.21226,-0.77749,-0.13985,-1.05470,0.60675,-0.46543,
1403715554862142976,0.49519,1.96179,1.03675,0.59230,0.22247,-0.75970,-0.15015,-0.85944,-0.03781,-0.34967,
1403715554962142976,0.47680,1.88801,1.01600,0.60975,0.21073,-0.75126,-0.13929,-0.59726,-0.75339,-0.07484,
1403715555062142976,0.48289,1.72386,1.02041,0.61397,0.16562,-0.76627,-0.09189,-0.33046,-1.35391,0.13673,
1403715555162142976,0.49645,1.48514,1.03978,0.59785,0.10182,-0.79486,-0.02015,-0.20288,-1.73429,0.24556,
1403715555262142976,0.50529,1.23652,1.05378,0.56781,0.03700,-0.82020,0.05922,-0.18724,-1.88476,0.12643,
1403715555362142976,0.51243,1.01558,1.04974,0.54236,-0.01153,-0.83143,0.12013,-0.26634,-1.79544,0.00035,
1403715555462142976,0.52832,0.82271,1.04708,0.54328,-0.02440,-0.82856,0.13318,-0.35428,-1.54775,0.10367,
1403715555562142976,0.56430,0.64793,1.05823,0.55747,-0.01502,-0.82174,0.11722,-0.37395,-1.31124,0.24749,
1403715555662142976,0.59116,0.49842,1.08541,0.56666,-0.00050,-0.81799,0.09894,-0.35860,-1.13106,0.36451,
1403715555762142976,0.60152,0.36575,1.12500,0.56274,0.00747,-0.82118,0.09450,-0.34317,-1.01152,0.44198,
1403715555862142976,0.58059,0.24819,1.17744,0.55229,0.00398,-0.82660,0.10811,-0.41460,-0.86520,0.56258,
1403715555962142976,0.54871,0.15042,1.24144,0.54549,0.00268,-0.82985,0.11737,-0.49695,-0.70391,0.62062,
1403715556062142976,0.51497,0.07032,1.30195,0.53408,-0.00671,-0.83455,0.13501,-0.58368,-0.55008,0.52952,
1403715556162142976,0.47677,0.01763,1.35206,0.53327,-0.01227,-0.83341,0.14460,-0.66908,-0.34432,0.45993,
1403715556262142976,0.43857,-0.00765,1.39618,0.54435,-0.01114,-0.82619,0.14479,-0.74575,-0.11449,0.45568,
1403715556362142976,0.40132,-0.00827,1.43429,0.55305,-0.00342,-0.82127,0.14014,-0.78390,0.09729,0.41008,
1403715556462142976,0.36893,0.01435,1.46887,0.55830,0.00984,-0.81939,0.12963,-0.79669,0.27023,0.29669,
1403715556562142976,0.33934,0.05488,1.49470,0.56042,0.03546,-0.82113,0.10205,-0.79802,0.38293,0.14090,
1403715556662142976,0.31662,0.10707,1.50933,0.55759,0.05499,-0.82420,0.08224,-0.77011,0.45272,-0.01236,
1403715556762142976,0.30611,0.16912,1.51223,0.54935,0.06880,-0.82980,0.07017,-0.77290,0.48364,-0.12674,
1403715556862142976,0.30730,0.23836,1.50921,0.55245,0.08237,-0.82747,0.05751,-0.75451,0.48365,-0.15541,
1403715556962142976,0.31187,0.30636,1.50815,0.55633,0.09321,-0.82436,0.04729,-0.71659,0.45725,-0.14761,
1403715557062142976,0.31033,0.36458,1.50203,0.54630,0.09292,-0.83094,0.04952,-0.69810,0.39636,-0.16559,
1403715557162142976,0.28749,0.41287,1.49070,0.52903,0.08733,-0.84216,0.05723,-0.72933,0.34971,-0.14338,
1403715557262142976,0.23774,0.45484,1.48000,0.51364,0.08197,-0.85172,0.06348,-0.84449,0.32017,-0.11901,
1403715557362142976,0.16485,0.49740,1.47153,0.50559,0.07912,-0.85666,0.06528,-0.98454,0.29416,-0.10390,
1403715557462142976,0.07408,0.54265,1.46231,0.51146,0.07767,-0.85329,0.06536,-1.13588,0.29484,-0.08642,
1403715557562142976,-0.01726,0.59355,1.45180,0.53189,0.08050,-0.84079,0.06071,-1.22628,0.29402,-0.09749,
1403715557662142976,-0.10444,0.64520,1.43927,0.55064,0.08501,-0.82873,0.05273,-1.26057,0.28414,-0.11140,
1403715557762142976,-0.20687,0.68461,1.42412,0.56381,0.08630,-0.82010,0.04596,-1.25992,0.23479,-0.12965,
1403715557862142976,-0.32094,0.70178,1.41602,0.56641,0.07905,-0.81899,0.04679,-1.25802,0.17373,-0.03942,
1403715557962142976,-0.43796,0.71208,1.42396,0.56615,0.07084,-0.81989,0.04731,-1.26276,0.11920,0.09396,
1403715558062142976,-0.55707,0.71613,1.44586,0.56693,0.06467,-0.81993,0.04613,-1.26921,0.07726,0.21507,
1403715558162142976,-0.67848,0.71381,1.47903,0.56426,0.06052,-0.82220,0.04410,-1.29212,0.02522,0.31077,
1403715558262142976,-0.80293,0.70819,1.51700,0.56238,0.06280,-0.82374,0.03518,-1.32084,-0.00888,0.32390,
1403715558362142976,-0.93148,0.69845,1.55636,0.56924,0.06945,-0.81893,0.02218,-1.33759,-0.07903,0.31945,
1403715558462142976,-1.06116,0.68082,1.59408,0.58399,0.06953,-0.80850,0.02138,-1.33697,-0.17354,0.28147,
1403715558562142976,-1.19178,0.65982,1.62400,0.60431,0.06334,-0.79362,0.03111,-1.28277,-0.22052,0.17417,
1403715558662142976,-1.32273,0.64162,1.64101,0.61684,0.05800,-0.78397,0.03925,-1.22087,-0.21962,0.03965,
1403715558762142976,-1.44407,0.62323,1.64372,0.62037,0.05944,-0.78081,0.04414,-1.13564,-0.24275,-0.04212,
1403715558862142976,-1.55272,0.60461,1.64319,0.62090,0.07195,-0.77919,0.04657,-1.03720,-0.25549,-0.03301,
1403715558962142976,-1.65439,0.58762,1.64202,0.62154,0.09215,-0.77644,0.04834,-0.91518,-0.26031,-0.00482,
1403715559062142976,-1.74485,0.57095,1.64545,0.62109,0.11506,-0.77341,0.05322,-0.78406,-0.29370,0.02715,
1403715559162142976,-1.82259,0.55196,1.65131,0.62050,0.13580,-0.76937,0.06783,-0.65629,-0.32389,0.05917,
1403715559262142976,-1.89728,0.53372,1.66089,0.62006,0.15932,-0.76381,0.08206,-0.54914,-0.34214,0.06211,
1403715559362142976,-1.95697,0.51385,1.66876,0.61752,0.18548,-0.75851,0.09450,-0.42660,-0.35551,0.04554,
1403715559462142976,-2.00163,0.49786,1.67166,0.60585,0.21168,-0.75967,0.10509,-0.32820,-0.35630,-0.00283,
1403715559562142976,-2.04437,0.48745,1.66432,0.58442,0.22671,-0.76934,0.12319,-0.27037,-0.36836,-0.13249,
1403715559662142976,-2.08609,0.48225,1.64335,0.56890,0.23633,-0.77490,0.14157,-0.25698,-0.35106,-0.24140,
1403715559762142976,-2.12333,0.47112,1.61633,0.56280,0.25214,-0.77305,0.14858,-0.25717,-0.36257,-0.28539,
1403715559862142976,-2.15109,0.45409,1.58856,0.55871,0.26972,-0.76854,0.15633,-0.21874,-0.38280,-0.28595,
1403715559962142976,-2.16636,0.43264,1.56113,0.55556,0.29277,-0.76118,0.16199,-0.16945,-0.42699,-0.27315,
1403715560062142976,-2.16065,0.40568,1.53421,0.55177,0.31615,-0.75279,0.17003,-0.08972,-0.48270,-0.25165,
1403715560162142976,-2.14191,0.36938,1.51451,0.54536,0.33702,-0.74549,0.18231,0.00762,-0.56117,-0.14971,
1403715560262142976,-2.11553,0.32249,1.50584,0.53485,0.34939,-0.74108,0.20653,0.08632,-0.61772,-0.01587,
1403715560362142976,-2.09212,0.26689,1.50606,0.52362,0.36255,-0.73626,0.22870,0.11879,-0.66389,0.04691,
1403715560462142976,-2.07590,0.20483,1.50927,0.51499,0.37897,-0.72850,0.24587,0.12420,-0.69452,0.05017,
1403715560562142976,-2.06422,0.13842,1.51384,0.50759,0.39517,-0.71939,0.26206,0.12093,-0.71694,0.03525,
1403715560662142976,-2.05426,0.06853,1.52123,0.50053,0.41415,-0.70831,0.27612,0.12334,-0.75031,0.06282,
1403715560762142976,-2.04530,-0.00450,1.53377,-0.49378,-0.43489,0.69522,-0.28936,0.12553,-0.78185,0.07540,
1403715560862142976,-2.03515,-0.07965,1.54830,-0.48896,-0.45887,0.67910,-0.29865,0.14365,-0.80752,0.08315,
1403715560962142976,-2.02049,-0.15923,1.56396,-0.48183,-0.48354,0.66252,-0.30838,0.19364,-0.84596,0.09502,
1403715561062142976,-2.00322,-0.24155,1.57881,-0.47135,-0.50647,0.64569,-0.32311,0.23753,-0.86896,0.10161,
1403715561162142976,-1.97794,-0.32035,1.59426,-0.45655,-0.52578,0.63076,-0.34243,0.28184,-0.88530,0.08687,
1403715561262142976,-1.94869,-0.39951,1.60957,-0.44006,-0.53803,0.62012,-0.36376,0.31085,-0.88706,0.08001,
1403715561362142976,-1.92088,-0.48407,1.62117,-0.42047,-0.54208,0.61594,-0.38727,0.30521,-0.89053,0.07744,
1403715561462142976,-1.89668,-0.57366,1.63242,-0.40788,-0.54954,0.60717,-0.40371,0.26790,-0.89202,0.09622,
1403715561562142976,-1.88047,-0.66589,1.64590,-0.40762,-0.56353,0.58965,-0.41061,0.22797,-0.89477,0.12461,
1403715561662142976,-1.87433,-0.76251,1.66260,0.41110,0.58017,-0.56911,0.41293,0.21406,-0.90598,0.13981,
1403715561762142976,-1.87155,-0.85891,1.67675,0.41421,0.59277,-0.54649,0.42237,0.22489,-0.87910,0.14467,
1403715561862142976,-1.86397,-0.94964,1.69354,0.41240,0.60415,-0.52422,0.43603,0.25097,-0.82835,0.16119,
1403715561962142976,-1.85588,-1.03540,1.71370,0.40894,0.61405,-0.49983,0.45374,0.27728,-0.76227,0.19182,
1403715562062142976,-1.85754,-1.11263,1.74179,0.40588,0.61985,-0.47573,0.47405,0.26747,-0.64721,0.21210,
1403715562162142976,-1.85191,-1.17219,1.75859,0.40818,0.62275,-0.45510,0.48832,0.26388,-0.50271,0.22170,
1403715562262142976,-1.83012,-1.21342,1.77329,0.41214,0.62890,-0.44080,0.49023,0.28613,-0.32906,0.19534,
1403715562362142976,-1.80428,-1.24664,1.78493,0.41303,0.64091,-0.43549,0.47853,0.33470,-0.16444,0.16238,
1403715562462142976,-1.76958,-1.27863,1.79562,0.40927,0.65787,-0.43616,0.45767,0.43216,-0.05426,0.13093,
1403715562562142976,-1.72065,-1.30561,1.80743,0.40749,0.67286,-0.42959,0.44346,0.58304,0.00882,0.15616,
1403715562662142976,-1.65312,-1.32768,1.82153,0.39698,0.68183,-0.42347,0.44519,0.73147,0.07486,0.11345,
1403715562762142976,-1.57188,-1.34471,1.83571,0.36752,0.68361,-0.43339,0.45802,0.85294,0.11012,0.11949,
1403715562862142976,-1.47912,-1.36773,1.85222,0.34160,0.68469,-0.43968,0.47030,0.92916,0.11196,0.11223,
1403715562962142976,-1.37896,-1.38900,1.86868,0.31991,0.68864,-0.43713,0.48203,0.96568,0.08640,0.11783,
1403715563062142976,-1.27409,-1.41070,1.88598,0.30464,0.69478,-0.42499,0.49382,0.99388,0.04726,0.12982,
1403715563162142976,-1.16581,-1.42901,1.90515,0.29856,0.70271,-0.39967,0.50727,1.02647,0.03385,0.15241,
1403715563262142976,-1.05386,-1.44127,1.92737,0.28926,0.71028,-0.36673,0.52663,1.06364,0.04950,0.16351,
1403715563362142976,-0.94269,-1.44213,1.94855,0.27259,0.72142,-0.32909,0.54493,1.06559,0.12432,0.16253,
1403715563462142976,-0.83342,-1.43674,1.96839,0.25180,0.73602,-0.28881,0.55809,1.05435,0.17426,0.14310,
1403715563562142976,-0.72688,-1.42374,1.98056,0.23188,0.74983,-0.24819,0.56780,1.03710,0.25035,0.03132,
1403715563662142976,-0.62482,-1.40190,1.98077,0.21452,0.76012,-0.20899,0.57665,0.99929,0.33136,-0.06843,
1403715563762142976,-0.52867,-1.36888,1.96809,0.19843,0.76633,-0.17168,0.58642,0.96575,0.43474,-0.16051,
1403715563862142976,-0.43560,-1.32504,1.94494,0.16915,0.76918,-0.14277,0.59948,0.93375,0.54219,-0.26947,
1403715563962142976,-0.34827,-1.27422,1.90894,0.13141,0.77351,-0.11787,0.60870,0.85917,0.63628,-0.36771,
1403715564062142976,-0.26938,-1.21557,1.86564,0.08553,0.78046,-0.09603,0.61183,0.76445,0.69175,-0.38603,
1403715564162142976,-0.20143,-1.15176,1.82452,0.04342,0.78495,-0.07024,0.61403,0.66150,0.70238,-0.34866,
1403715564262142976,-0.14252,-1.08647,1.78803,0.00680,0.78974,-0.03912,0.61215,0.57308,0.67088,-0.28443,
1403715564362142976,-0.09342,-1.02413,1.76279,-0.02189,0.79283,0.00206,0.60905,0.48234,0.63543,-0.15968,
1403715564462142976,-0.05502,-0.96408,1.74838,-0.04901,0.80290,0.04865,0.59211,0.42184,0.60306,-0.01395,
1403715564562142976,-0.02357,-0.90397,1.75102,-0.07470,0.80876,0.09608,0.57540,0.37369,0.58772,0.13683,
1403715564662142976,0.00295,-0.84560,1.76735,-0.09832,0.80704,0.14381,0.56422,0.36301,0.58258,0.28522,
1403715564762142976,0.03059,-0.78526,1.79661,-0.11927,0.79970,0.19077,0.55665,0.35726,0.60591,0.41495,
1403715564862142976,0.07160,-0.72725,1.84242,-0.14084,0.78818,0.23466,0.55124,0.38052,0.64143,0.53705,
1403715564962142976,0.12112,-0.67136,1.90038,-0.16346,0.77119,0.27447,0.55065,0.39663,0.68585,0.66612,
1403715565062142976,0.16791,-0.61185,1.96649,-0.18716,0.75451,0.31173,0.54637,0.36712,0.72723,0.76735,
1403715565162142976,0.22335,-0.55720,2.03600,-0.21818,0.73996,0.34435,0.53505,0.35255,0.74462,0.70400,
1403715565262142976,0.29088,-0.51345,2.09354,-0.25019,0.72574,0.37350,0.52077,0.38185,0.73707,0.57569,
1403715565362142976,0.34469,-0.46554,2.14256,-0.28212,0.70625,0.39776,0.51322,0.39841,0.72651,0.46331,
1403715565462142976,0.41619,-0.43430,2.17675,-0.31487,0.68404,0.41954,0.50689,0.43122,0.65656,0.33525,
1403715565562142976,0.48517,-0.43757,2.19909,-0.34425,0.66003,0.44555,0.49733,0.44927,0.53179,0.28291,
1403715565662142976,0.55811,-0.47045,2.21159,-0.37348,0.63472,0.47497,0.48171,0.47247,0.36950,0.31821,
1403715565762142976,0.61190,-0.50792,2.21813,-0.39977,0.60773,0.50864,0.46058,0.47000,0.20691,0.32857,
1403715565862142976,0.64951,-0.53535,2.22313,-0.42259,0.57956,0.54608,0.43281,0.46221,0.07073,0.33166,
1403715565962142976,0.66529,-0.56470,2.23557,-0.44663,0.54417,0.58309,0.40547,0.43483,-0.03071,0.31168,
1403715566062142976,0.69947,-0.58251,2.25722,-0.47183,0.50578,0.61629,0.37649,0.44874,-0.10683,0.29279,
1403715566162142976,0.74312,-0.60025,2.28089,-0.49297,0.46543,0.64714,0.34867,0.48956,-0.15776,0.27877,
1403715566262142976,0.79947,-0.61596,2.30271,0.51299,-0.42448,-0.67420,-0.31953,0.53713,-0.21455,0.26046,
1403715566362142976,0.86426,-0.63282,2.32124,0.53113,-0.38293,-0.69819,-0.28950,0.60574,-0.25780,0.21998,
1403715566462142976,0.93611,-0.65219,2.33236,0.54662,-0.34157,-0.71870,-0.26079,0.65429,-0.28193,0.10616,
1403715566562142976,1.01540,-0.67079,2.33439,0.56258,-0.30150,-0.73343,-0.23385,0.69709,-0.30834,-0.01048,
1403715566662142976,1.09786,-0.69574,2.32863,0.57582,-0.26172,-0.74593,-0.20863,0.75209,-0.35225,-0.11928,
1403715566762142976,1.18440,-0.72455,2.31744,0.58619,-0.21916,-0.75870,-0.18087,0.80967,-0.40835,-0.14107,
1403715566862142976,1.27486,-0.75920,2.30706,0.59525,-0.17570,-0.77036,-0.14611,0.87201,-0.45412,-0.10495,
1403715566962142976,1.37756,-0.79461,2.30351,0.60532,-0.12758,-0.77818,-0.10843,0.94602,-0.48660,-0.09513,
1403715567062142976,1.48643,-0.83560,2.30006,0.60825,-0.07774,-0.78725,-0.06500,1.03759,-0.52352,-0.10132,
1403715567162142976,1.60695,-0.87258,2.29821,0.60880,-0.02601,-0.79274,-0.01575,1.12252,-0.52143,-0.06841,
1403715567262142976,1.74020,-0.90351,2.29719,0.60181,0.03095,-0.79742,0.03137,1.20499,-0.48798,-0.08208,
1403715567362142976,1.88384,-0.92290,2.29560,0.59083,0.09377,-0.79788,0.07429,1.26843,-0.44252,-0.10173,
1403715567462142976,2.03201,-0.93707,2.28599,0.57694,0.15932,-0.79329,0.11156,1.32259,-0.39391,-0.21672,
1403715567562142976,2.18101,-0.95377,2.26266,0.56327,0.22119,-0.78266,0.14577,1.36043,-0.36483,-0.36116,
1403715567662142976,2.33010,-0.96384,2.22483,0.55186,0.27638,-0.76555,0.18167,1.40222,-0.34379,-0.44842,
1403715567762142976,2.47978,-0.97353,2.18163,0.54299,0.32771,-0.74145,0.21915,1.44308,-0.32279,-0.47343,
1403715567862142976,2.63141,-0.98408,2.13780,0.53245,0.37596,-0.71404,0.25553,1.49096,-0.29829,-0.47027,
1403715567962142976,2.78576,-0.99488,2.09406,0.51807,0.42419,-0.68499,0.28715,1.54320,-0.26823,-0.45270,
1403715568062142976,2.94608,-1.00762,2.05305,0.50570,0.46719,-0.65214,0.31735,1.61244,-0.23470,-0.41162,
1403715568162142976,3.11307,-1.01984,2.01429,-0.49178,-0.50462,0.61793,-0.34882,1.69875,-0.18252,-0.39384,
1403715568262142976,3.28710,-1.02825,1.97488,-0.47220,-0.53990,0.58537,-0.37799,1.78157,-0.12246,-0.40905,
1403715568362142976,3.46921,-1.03518,1.93623,0.44915,0.57202,-0.55372,0.40553,1.84614,-0.05718,-0.38443,
1403715568462142976,3.65739,-1.03630,1.90003,0.42568,0.60244,-0.52060,0.42992,1.90668,0.01042,-0.34079,
1403715568562142976,3.84901,-1.02966,1.86729,0.40071,0.63168,-0.48625,0.45163,1.96657,0.09326,-0.28645,
1403715568662142976,4.04988,-1.01689,1.84224,0.37628,0.66012,-0.44974,0.46945,2.02158,0.17973,-0.24019,
1403715568762142976,4.25383,-0.99313,1.81988,0.34833,0.68563,-0.41350,0.48744,2.07914,0.26101,-0.19392,
1403715568862142976,4.46349,-0.96203,1.80169,0.31994,0.71003,-0.37728,0.50115,2.12266,0.33443,-0.16809,
1403715568962142976,4.67735,-0.92527,1.78407,0.28990,0.73234,-0.34480,0.51064,2.15189,0.40146,-0.17733,
1403715569062142976,4.89508,-0.88430,1.76597,0.26249,0.75202,-0.31406,0.51665,2.18975,0.44996,-0.18825,
1403715569162142976,5.11652,-0.83780,1.74683,0.23462,0.76801,-0.28439,0.52367,2.23834,0.49004,-0.19597,
1403715569262142976,5.34349,-0.79050,1.72930,0.20852,0.77737,-0.25833,0.53430,2.27910,0.50012,-0.15555,
1403715569362142976,5.57680,-0.74645,1.71680,0.19221,0.77721,-0.23185,0.55248,2.30538,0.51539,-0.14188,
1403715569462142976,5.81197,-0.69917,1.70634,0.17860,0.77618,-0.20746,0.56798,2.32097,0.55569,-0.11409,
1403715569562142976,6.04625,-0.64512,1.69580,0.16742,0.77949,-0.18120,0.57579,2.31458,0.61446,-0.09508,
1403715569662142976,6.28055,-0.58700,1.68464,0.15365,0.78624,-0.15484,0.57814,2.30531,0.68293,-0.10872,
1403715569762142976,6.51804,-0.52762,1.67804,0.13332,0.79495,-0.12896,0.57763,2.30415,0.75465,-0.08566,
1403715569862142976,6.75406,-0.45919,1.67314,0.10598,0.80232,-0.10109,0.57865,2.30773,0.81698,-0.06050,
1403715569962142976,6.98860,-0.38215,1.67100,0.08115,0.80382,-0.06776,0.58540,2.30017,0.87900,-0.04170,
1403715570062142976,7.22298,-0.30121,1.67068,0.05502,0.80414,-0.03355,0.59094,2.28879,0.92250,-0.04765,
1403715570162142976,7.46550,-0.23557,1.67165,0.02744,0.80385,0.00219,0.59419,2.28937,0.94173,-0.05019,
1403715570262142976,7.69449,-0.15420,1.66934,-0.00147,0.80245,0.03902,0.59544,2.24923,0.97483,-0.04639,
1403715570362142976,7.91864,-0.06837,1.66678,-0.03145,0.79740,0.07796,0.59757,2.20046,1.00284,-0.06345,
1403715570462142976,8.14080,0.01433,1.66419,-0.06414,0.79005,0.11771,0.59821,2.15343,1.02143,-0.06594,
1403715570562142976,8.35776,0.10014,1.66231,-0.09611,0.77994,0.15982,0.59742,2.07604,1.02309,-0.08728,
1403715570662142976,8.56424,0.19156,1.65586,-0.12787,0.77199,0.20232,0.58886,1.99407,1.01485,-0.12991,
1403715570762142976,8.74568,0.30610,1.64680,-0.15880,0.76534,0.24422,0.57393,1.91161,1.04555,-0.11782,
1403715570862142976,8.92271,0.42049,1.63177,-0.18954,0.75430,0.28653,0.55947,1.85457,1.07080,-0.12347,
1403715570962142976,9.09366,0.53927,1.61880,-0.21796,0.74299,0.32590,0.54245,1.80473,1.08588,-0.14086,
1403715571062142976,9.25744,0.66097,1.59993,-0.24345,0.73321,0.35656,0.52536,1.78337,1.10903,-0.15371,
1403715571162142976,9.40522,0.79967,1.58515,-0.26602,0.72480,0.37285,0.51466,1.76797,1.13916,-0.14388,
1403715571262142976,9.55138,0.93581,1.56892,-0.28353,0.71075,0.38057,0.51923,1.75431,1.14546,-0.10862,
1403715571362142976,9.70508,1.06260,1.55637,-0.29228,0.69827,0.38479,0.52814,1.72700,1.10832,-0.10574,
1403715571462142976,9.87117,1.17828,1.54511,-0.29157,0.69882,0.39040,0.52366,1.71620,1.07463,-0.12012,
1403715571562142976,9.99570,1.30662,1.52719,-0.29021,0.71037,0.39127,0.50800,1.66060,1.07057,-0.16761,
1403715571662142976,10.14565,1.42130,1.50278,-0.30127,0.73048,0.38220,0.47911,1.68288,1.08721,-0.28623,
1403715571762142976,10.29098,1.53925,1.46315,-0.31666,0.75578,0.36643,0.44075,1.77911,1.09915,-0.41700,
1403715571862142976,10.45716,1.65770,1.41757,-0.32319,0.77795,0.35560,0.40485,1.98699,1.12919,-0.42842,
1403715571962142976,10.65164,1.78238,1.37523,-0.32011,0.79551,0.35067,0.37647,2.27689,1.18225,-0.41202,
1403715572062142976,10.88873,1.90848,1.33399,-0.30480,0.80602,0.35748,0.36005,2.64295,1.27154,-0.37022,
1403715572162142976,11.15695,2.04356,1.29650,-0.27603,0.80201,0.38185,0.36712,2.96552,1.42205,-0.32470,
1403715572262142976,11.45846,2.19657,1.26561,-0.25557,0.77752,0.41224,0.40025,3.18400,1.63852,-0.28289,
1403715572362142976,11.76921,2.38097,1.23490,-0.24960,0.73668,0.44164,0.44717,3.24831,1.84821,-0.30816,
1403715572462142976,12.08435,2.57804,1.20168,-0.25970,0.69658,0.46252,0.48312,3.19377,1.97875,-0.35941,
1403715572562142976,12.39000,2.78610,1.16274,-0.27975,0.67089,0.47698,0.49411,3.09753,2.06887,-0.37914,
1403715572662142976,12.67838,3.00237,1.12238,-0.29916,0.65089,0.49361,0.49315,2.96220,2.12737,-0.37772,
1403715572762142976,12.95575,3.22080,1.08154,-0.31424,0.63484,0.51504,0.48267,2.83563,2.17236,-0.34454,
1403715572862142976,13.21030,3.44973,1.04915,-0.33297,0.62374,0.53374,0.46391,2.69484,2.22222,-0.21249,
1403715572962142976,13.46047,3.67845,1.03005,-0.35638,0.61007,0.54861,0.44702,2.60256,2.27166,-0.09405,
1403715573062142976,13.70295,3.91318,1.02466,-0.37930,0.59306,0.56336,0.43247,2.52027,2.30417,0.03455,
1403715573162142976,13.94261,4.14662,1.02833,-0.40180,0.57674,0.57811,0.41439,2.47339,2.31159,0.10673,
1403715573262142976,14.16733,4.38193,1.03604,-0.41972,0.55974,0.59513,0.39541,2.43037,2.31372,0.08938,
1403715573362142976,14.36861,4.61229,1.04330,-0.43469,0.54364,0.61305,0.37373,2.38927,2.32435,0.05910,
1403715573462142976,14.53091,4.83288,1.05503,-0.45009,0.52980,0.62867,0.34858,2.32303,2.34622,0.03210,
1403715573562142976,14.66256,5.04362,1.06977,-0.46454,0.51678,0.64234,0.32334,2.24886,2.36051,0.05334,
1403715573662142976,14.77203,5.24318,1.09146,-0.47060,0.49731,0.66041,0.30835,2.16435,2.37823,0.06794,
1403715573762142976,14.82548,5.41025,1.12746,-0.46685,0.47452,0.68385,0.29872,1.99632,2.36974,0.08366,
1403715573862142976,14.79723,5.53339,1.17802,-0.46052,0.45092,0.70806,0.28852,1.72374,2.31541,0.12646,
1403715573962142976,14.46994,5.48287,1.27618,-0.45683,0.43150,0.72717,0.27628,1.12426,2.09779,0.21221,
1403715574062142976,14.20357,5.37720,1.37950,-0.45778,0.40980,0.74574,0.25762,0.63105,1.85560,0.30718,
1403715574162142976,14.22497,5.51530,1.41917,-0.46874,0.37992,0.76267,0.23295,0.48894,1.90795,0.33791,
1403715574262142976,14.25812,5.69078,1.45938,-0.48667,0.34062,0.77447,0.21757,0.39509,1.97903,0.35282,
1403715574362142976,14.28986,5.88570,1.49899,0.50337,-0.29442,-0.78316,-0.21585,0.30484,2.01769,0.34946,
1403715574462142976,14.31134,6.08221,1.53246,0.51116,-0.25487,-0.79108,-0.21896,0.21919,2.00219,0.29221,
1403715574562142976,14.32201,6.27580,1.56045,0.51426,-0.22886,-0.79714,-0.21844,0.09889,1.94104,0.25219,
1403715574662142976,14.31926,6.46022,1.58357,0.51173,-0.21007,-0.80524,-0.21353,-0.03102,1.85933,0.22374,
1403715574762142976,14.29693,6.62815,1.60218,0.51156,-0.19768,-0.81140,-0.20215,-0.18443,1.75887,0.18992,
1403715574862142976,14.25398,6.77989,1.61785,0.51596,-0.19880,-0.81332,-0.18104,-0.34583,1.66831,0.19291,
1403715574962142976,14.18781,6.90687,1.63224,0.52579,-0.20289,-0.80924,-0.16586,-0.47959,1.59526,0.22203,
1403715575062142976,14.10122,7.00792,1.64695,0.53677,-0.20442,-0.80239,-0.16203,-0.58732,1.52558,0.24343,
1403715575162142976,13.98861,7.06600,1.65977,0.55125,-0.20298,-0.79140,-0.16915,-0.68930,1.39576,0.27212,
1403715575262142976,13.85128,7.06846,1.66846,0.56886,-0.19987,-0.77616,-0.18449,-0.77369,1.18725,0.23973,
1403715575362142976,13.66915,6.93257,1.66057,0.56469,-0.20621,-0.77441,-0.19721,-0.88335,0.82211,0.14080,
1403715575462142976,13.55239,6.86433,1.67661,0.55046,-0.21763,-0.78056,-0.20089,-0.93053,0.57690,0.16492,
1403715575562142976,13.46799,6.84374,1.70341,0.54128,-0.21872,-0.78239,-0.21690,-0.96244,0.41809,0.23656,
1403715575662142976,13.38444,6.82540,1.73296,0.53931,-0.21157,-0.77849,-0.24154,-1.01624,0.23295,0.25043,
1403715575762142976,13.27698,6.84649,1.75682,0.53638,-0.20643,-0.77628,-0.25897,-1.11007,0.08233,0.22310,
1403715575862142976,13.18503,6.78651,1.77889,0.53181,-0.21167,-0.77650,-0.26349,-1.18005,-0.15083,0.19738,
1403715575962142976,13.10010,6.68900,1.79443,0.53325,-0.22516,-0.77500,-0.25364,-1.22576,-0.38340,0.16038,
1403715576062142976,13.00561,6.58519,1.80888,0.53680,-0.24114,-0.77293,-0.23723,-1.26277,-0.55862,0.15002,
1403715576162142976,12.89200,6.49336,1.82512,0.54125,-0.25105,-0.76991,-0.22639,-1.29451,-0.66199,0.12353,
1403715576262142976,12.76021,6.41296,1.84368,0.54468,-0.25687,-0.76787,-0.21844,-1.32803,-0.71529,0.13923,
1403715576362142976,12.62802,6.32941,1.86622,0.55279,-0.25456,-0.76231,-0.22025,-1.34454,-0.76772,0.17816,
1403715576462142976,12.50009,6.23836,1.89233,0.56875,-0.24924,-0.75108,-0.22424,-1.33254,-0.84443,0.21706,
1403715576562142976,12.37938,6.13915,1.91853,0.58170,-0.24502,-0.74047,-0.23084,-1.27687,-0.94441,0.23240,
1403715576662142976,12.26310,6.03137,1.94534,0.58795,-0.24371,-0.73321,-0.23943,-1.20378,-1.07243,0.21591,
1403715576762142976,12.14966,5.91362,1.97292,0.58284,-0.24977,-0.73322,-0.24557,-1.14022,-1.20030,0.22616,
1403715576862142976,12.04743,5.78295,1.99848,0.56696,-0.26296,-0.74056,-0.24695,-1.08598,-1.31966,0.22439,
1403715576962142976,11.93907,5.64692,2.02290,0.55029,-0.27672,-0.74812,-0.24684,-1.08659,-1.39937,0.23647,
1403715577062142976,11.84629,5.49728,2.04658,0.54481,-0.29439,-0.74706,-0.24171,-1.07602,-1.45959,0.23018,
1403715577162142976,11.76257,5.34241,2.06433,0.54295,-0.31530,-0.74183,-0.23553,-1.05264,-1.48167,0.18254,
1403715577262142976,11.68950,5.18463,2.07274,0.54295,-0.33099,-0.73554,-0.23374,-1.01623,-1.47663,0.00336,
1403715577362142976,11.63564,5.02564,2.05767,0.54106,-0.33633,-0.73250,-0.23996,-0.96215,-1.47491,-0.21472,
1403715577462142976,11.53760,4.87960,2.03077,0.53765,-0.33763,-0.73176,-0.24794,-0.95353,-1.48329,-0.28403,
1403715577562142976,11.50317,4.72171,1.99921,0.53642,-0.33775,-0.73128,-0.25179,-0.89159,-1.49616,-0.23849,
1403715577662142976,11.40295,4.57247,1.98367,0.53507,-0.33986,-0.73088,-0.25300,-0.89665,-1.50411,-0.08462,
1403715577762142976,11.40102,4.42134,1.97678,0.53689,-0.34351,-0.73036,-0.24559,-0.81103,-1.49697,0.02351,
1403715577862142976,11.41482,4.28169,1.97502,0.54119,-0.35204,-0.72610,-0.23657,-0.68583,-1.45234,-0.06074,
1403715577962142976,11.44649,4.15652,1.96156,0.54229,-0.36519,-0.72078,-0.23030,-0.54164,-1.39791,-0.22530,
1403715578062142976,11.50454,4.05148,1.92618,0.53888,-0.38544,-0.71522,-0.22249,-0.37582,-1.30358,-0.37943,
1403715578162142976,11.59745,3.96481,1.87134,0.52872,-0.41794,-0.70991,-0.20450,-0.17073,-1.17639,-0.51363,
1403715578262142976,11.67286,3.88391,1.81423,0.51860,-0.44527,-0.69983,-0.20743,0.00956,-0.96072,-0.48399,
1403715578362142976,11.73369,3.81348,1.76171,0.50825,-0.46483,-0.68755,-0.22997,0.18289,-0.81280,-0.48629,
1403715578462142976,11.77235,3.73894,1.70904,-0.49165,0.48276,0.67711,0.25836,0.26858,-0.68598,-0.48617,
1403715578562142976,11.79140,3.64396,1.65209,-0.45976,0.50083,0.67574,0.28490,0.29729,-0.61857,-0.53040,
1403715578662142976,11.81131,3.55939,1.59334,-0.41734,0.51956,0.68410,0.29647,0.25592,-0.51143,-0.52825,
1403715578762142976,11.83262,3.49975,1.54033,-0.38474,0.53565,0.68957,0.29922,0.18002,-0.32806,-0.49647,
1403715578862142976,11.84477,3.45820,1.49347,-0.37064,0.54641,0.68779,0.30168,0.08100,-0.10876,-0.44792,
1403715578962142976,11.84727,3.43446,1.45391,-0.37064,0.54160,0.68329,0.32000,-0.02862,0.12372,-0.35638,
1403715579062142976,11.84032,3.42626,1.42423,-0.37594,0.52290,0.67914,0.35216,-0.15546,0.27313,-0.25114,
1403715579162142976,11.81013,3.42933,1.40646,-0.37808,0.49614,0.67689,0.39080,-0.35948,0.34207,-0.10959,
1403715579262142976,11.75106,3.44405,1.40115,-0.38364,0.47092,0.67169,0.42413,-0.60730,0.33020,-0.04762,
1403715579362142976,11.67389,3.45320,1.39397,-0.38837,0.46308,0.66705,0.43562,-0.83589,0.26879,-0.08488,
1403715579462142976,11.57976,3.46934,1.38333,-0.39129,0.46769,0.66468,0.43169,-1.05573,0.20776,-0.11254,
1403715579562142976,11.46997,3.48308,1.36654,-0.39646,0.48278,0.66255,0.41325,-1.24176,0.16609,-0.11415,
1403715579662142976,11.34782,3.49699,1.35509,-0.40490,0.48723,0.65936,0.40485,-1.38372,0.17055,-0.07345,
1403715579762142976,11.21176,3.51705,1.34895,-0.41851,0.48772,0.65346,0.39996,-1.49089,0.15797,-0.00972,
1403715579862142976,11.06400,3.53874,1.35283,-0.42333,0.48240,0.65193,0.40383,-1.58946,0.13117,0.10495,
1403715579962142976,10.90610,3.56208,1.36775,-0.42767,0.48585,0.64637,0.40405,-1.67158,0.10222,0.14739,
1403715580062142976,10.74200,3.58326,1.38534,-0.43199,0.49920,0.63336,0.40378,-1.71619,0.09076,0.07053,
1403715580162142976,10.57328,3.59915,1.39378,-0.43162,0.51736,0.61646,0.40746,-1.74065,0.06751,-0.05956,
1403715580262142976,10.40244,3.61515,1.39354,-0.42675,0.53783,0.59768,0.41401,-1.75958,0.04774,-0.12238,
1403715580362142976,10.23039,3.63218,1.39316,-0.42429,0.56160,0.57394,0.41854,-1.75090,0.02727,-0.10603,
1403715580462142976,10.06065,3.65620,1.39730,-0.42119,0.58665,0.54858,0.42130,-1.71780,0.01525,-0.05810,
1403715580562142976,9.89462,3.68860,1.40420,-0.41769,0.60927,0.52693,0.42033,-1.66968,0.02345,-0.03362,
1403715580662142976,9.73327,3.72003,1.40623,-0.41696,0.63079,0.50942,0.41077,-1.57818,0.03267,-0.03659,
1403715580762142976,9.58152,3.75425,1.40276,-0.41743,0.64958,0.49516,0.39825,-1.43982,0.07136,-0.01814,
1403715580862142976,9.44897,3.78524,1.39453,-0.42267,0.66614,0.48057,0.38297,-1.25261,0.10356,-0.01443,
1403715580962142976,9.34935,3.80506,1.39100,-0.43033,0.68266,0.46727,0.36118,-0.98540,0.12946,0.01661,
1403715581062142976,9.29827,3.81625,1.39560,-0.42298,0.68997,0.47039,0.35181,-0.65076,0.15634,0.04464,
1403715581162142976,9.29673,3.83024,1.40719,-0.40940,0.69101,0.48078,0.35178,-0.30265,0.23637,0.10798,
1403715581262142976,9.30563,3.85527,1.42083,-0.39978,0.68325,0.48890,0.36649,-0.05416,0.31840,0.12400,
1403715581362142976,9.29368,3.89313,1.42953,-0.40295,0.67396,0.49195,0.37602,0.10259,0.38417,0.12347,
1403715581462142976,9.32185,3.93414,1.43650,-0.40564,0.65821,0.50583,0.38256,0.26386,0.42084,0.10102,
1403715581562142976,9.35713,3.97967,1.43901,-0.40243,0.63069,0.53127,0.39755,0.35513,0.47613,0.00164,
1403715581662142976,9.39520,4.03176,1.42907,-0.40106,0.60021,0.55951,0.40724,0.37893,0.52007,-0.13247,
1403715581762142976,9.43515,4.08497,1.41176,-0.40078,0.56807,0.59004,0.41053,0.36398,0.54704,-0.16615,
1403715581862142976,9.47144,4.14173,1.39654,-0.40328,0.53453,0.61972,0.40938,0.28893,0.56251,-0.07483,
1403715581962142976,9.49970,4.19704,1.39298,-0.41932,0.51157,0.63884,0.39288,0.19553,0.56326,0.02818,
1403715582062142976,9.51806,4.25016,1.40164,-0.44889,0.48879,0.64508,0.37876,0.13286,0.54428,0.15081,
1403715582162142976,9.53553,4.30254,1.41583,-0.47615,0.46499,0.64717,0.37179,0.12203,0.48814,0.13821,
1403715582262142976,9.55792,4.35093,1.41917,-0.49158,0.44943,0.65083,0.36438,0.13872,0.42922,-0.02597,
1403715582362142976,9.58243,4.39005,1.40858,-0.48726,0.44562,0.66275,0.35321,0.15730,0.37615,-0.13430,
1403715582462142976,9.60461,4.41888,1.39606,-0.47674,0.44687,0.67457,0.34348,0.14306,0.32842,-0.13320,
1403715582562142976,9.61944,4.44006,1.38900,-0.46528,0.45161,0.68344,0.33537,0.10161,0.30647,-0.02578,
1403715582662142976,9.62402,4.45729,1.39530,-0.45628,0.45733,0.68757,0.33153,0.03549,0.30314,0.09417,
1403715582762142976,9.61832,4.47334,1.40752,-0.44891,0.46474,0.68797,0.33044,-0.03150,0.32208,0.08398,
1403715582862142976,9.61501,4.50895,1.40841,-0.43924,0.47398,0.68940,0.32733,-0.07235,0.36150,-0.04821,
1403715582962142976,9.58963,4.52563,1.39946,-0.42607,0.48430,0.69164,0.32488,-0.16001,0.40172,-0.18704,
1403715583062142976,9.57017,4.57416,1.37560,-0.41699,0.49230,0.69269,0.32240,-0.23483,0.50687,-0.29397,
1403715583162142976,9.52363,4.60320,1.35794,-0.42459,0.49403,0.68269,0.33104,-0.34161,0.60086,-0.25316,
1403715583262142976,9.48836,4.67098,1.33249,-0.44990,0.48899,0.66315,0.34454,-0.38223,0.65384,-0.23834,
1403715583362142976,9.42809,4.70527,1.32822,-0.47816,0.48339,0.64029,0.35738,-0.40647,0.61017,-0.23462,
1403715583462142976,9.36124,4.72403,1.32761,0.50300,-0.47728,-0.61949,-0.36801,-0.41635,0.50729,-0.23110,
1403715583562142976,9.30715,4.74130,1.31786,0.52382,-0.46760,-0.60274,-0.37904,-0.35960,0.35151,-0.20972,
1403715583662142976,9.27942,4.74986,1.29779,0.55169,-0.44831,-0.58023,-0.39747,-0.24071,0.13193,-0.20757,
1403715583762142976,9.27386,4.73390,1.27306,0.57634,-0.42664,-0.55913,-0.41615,-0.09513,-0.16704,-0.22701,
1403715583862142976,9.27352,4.70062,1.24641,0.59294,-0.41137,-0.54470,-0.42721,0.04343,-0.55259,-0.14734,
1403715583962142976,9.28066,4.63643,1.23256,0.59851,-0.41234,-0.54218,-0.42166,0.20555,-0.97512,0.01082,
1403715584062142976,9.30214,4.53277,1.23440,0.59580,-0.42603,-0.54902,-0.40261,0.39279,-1.36060,0.18197,
1403715584162142976,9.35379,4.37282,1.26221,0.58029,-0.44877,-0.56662,-0.37524,0.58715,-1.68851,0.34052,
1403715584262142976,9.41137,4.20821,1.29506,0.55144,-0.47543,-0.59341,-0.34313,0.75381,-1.85330,0.41676,
1403715584362142976,9.48351,4.03539,1.32836,0.52027,-0.49613,-0.61945,-0.31537,0.84814,-1.85840,0.28884,
1403715584462142976,9.56422,3.86624,1.34778,-0.49470,0.50669,0.63856,0.30129,0.92669,-1.80597,0.10197,
1403715584562142976,9.64980,3.70572,1.35721,-0.47938,0.51135,0.64927,0.29522,0.97593,-1.68341,0.07590,
1403715584662142976,9.73698,3.55378,1.36991,-0.46567,0.51088,0.65816,0.29829,1.00965,-1.54622,0.10047,
1403715584762142976,9.82346,3.41019,1.38983,-0.44611,0.50542,0.67020,0.31043,0.99320,-1.39446,0.14658,
1403715584862142976,9.90398,3.27545,1.41621,-0.43289,0.50296,0.67590,0.32062,0.92805,-1.27118,0.18800,
1403715584962142976,9.99207,3.15756,1.44422,-0.41609,0.49795,0.68732,0.32636,0.84750,-1.13927,0.19278,
1403715585062142976,10.06236,3.04580,1.46951,-0.39729,0.50198,0.69736,0.32227,0.71875,-1.00791,0.16918,
1403715585162142976,10.11016,2.94433,1.49323,-0.38342,0.51145,0.70207,0.31385,0.55626,-0.83904,0.18862,
1403715585262142976,10.14521,2.86018,1.51142,-0.38204,0.51431,0.70146,0.31223,0.40259,-0.62116,0.23242,
1403715585362142976,10.17185,2.80144,1.52841,-0.39406,0.50761,0.69544,0.32159,0.26834,-0.43052,0.24742,
1403715585462142976,10.19153,2.76057,1.54296,-0.40613,0.49911,0.69005,0.33133,0.16069,-0.29944,0.22611,
1403715585562142976,10.20630,2.73326,1.55631,-0.41860,0.48832,0.68473,0.34272,0.06460,-0.19941,0.19783,
1403715585662142976,10.21554,2.71672,1.56466,-0.42721,0.48062,0.68142,0.34952,-0.01077,-0.13133,0.12573,
1403715585762142976,10.21764,2.71270,1.56317,-0.42917,0.47864,0.68151,0.34965,-0.08166,-0.06904,-0.01465,
1403715585862142976,10.21587,2.71558,1.54258,-0.43426,0.48292,0.67919,0.34194,-0.12061,-0.01939,-0.27996,
1403715585962142976,10.20884,2.70832,1.51503,-0.44507,0.49493,0.67174,0.32516,-0.15028,0.03420,-0.36135,
1403715586062142976,10.19874,2.70816,1.48608,-0.46263,0.50886,0.65802,0.30666,-0.12764,0.12044,-0.25446,
1403715586162142976,10.20508,2.74036,1.46691,-0.48561,0.50616,0.64095,0.31171,-0.02622,0.20636,-0.09851,
1403715586262142976,10.21606,2.78704,1.45729,-0.49347,0.49207,0.63534,0.33270,0.07554,0.22290,-0.02882,
1403715586362142976,10.22605,2.83799,1.44842,-0.48940,0.47387,0.63800,0.35900,0.10554,0.22426,-0.03656,
1403715586462142976,10.23066,2.86881,1.43955,-0.48774,0.45846,0.63825,0.38021,0.07625,0.16355,-0.06705,
1403715586562142976,10.22515,2.89065,1.42897,-0.48900,0.45097,0.63674,0.38995,0.02787,0.06000,-0.07978,
1403715586662142976,10.20634,2.89802,1.42089,-0.48822,0.45085,0.63656,0.39136,-0.03834,-0.05113,-0.09740,
1403715586762142976,10.17933,2.88826,1.41879,-0.48460,0.46079,0.63870,0.38066,-0.09684,-0.16258,-0.10930,
1403715586862142976,10.17573,2.87014,1.41396,-0.47610,0.47755,0.64461,0.36021,-0.09551,-0.22288,-0.08965,
1403715586962142976,10.15546,2.85337,1.41919,-0.46568,0.48969,0.65041,0.34685,-0.11388,-0.21987,-0.04123,
1403715587062142976,10.14401,2.83298,1.43226,-0.46190,0.49521,0.65150,0.34200,-0.11104,-0.19324,0.00352,
1403715587162142976,10.13848,2.81214,1.44821,-0.46456,0.49187,0.64908,0.34776,-0.10017,-0.17241,0.07848,
1403715587262142976,10.12776,2.79625,1.45498,-0.47088,0.48211,0.64556,0.35930,-0.11394,-0.16882,0.12028,
1403715587362142976,10.11997,2.77715,1.46430,-0.47875,0.47726,0.64298,0.36001,-0.12779,-0.20441,0.10505,
1403715587462142976,10.11809,2.75250,1.48469,-0.48997,0.48028,0.63790,0.34979,-0.08967,-0.23784,0.10903,
1403715587562142976,10.12144,2.72164,1.50732,-0.49620,0.49125,0.63132,0.33748,-0.00564,-0.27121,0.12932,
1403715587662142976,10.13346,2.68924,1.52484,-0.49712,0.50887,0.62153,0.32806,0.10234,-0.29025,0.13417,
1403715587762142976,10.14144,2.65968,1.53749,-0.48828,0.52984,0.61109,0.32776,0.21963,-0.28564,0.13851,
1403715587862142976,10.16542,2.62451,1.55565,-0.47739,0.55104,0.59429,0.33950,0.33244,-0.27456,0.16595,
1403715587962142976,10.19791,2.58975,1.57703,-0.46181,0.56858,0.57399,0.36604,0.43659,-0.27886,0.19108,
1403715588062142976,10.23813,2.55399,1.59962,-0.44636,0.58237,0.54961,0.39942,0.50100,-0.31000,0.17093,
1403715588162142976,10.28227,2.51202,1.61309,-0.43066,0.59560,0.52300,0.43158,0.53581,-0.37281,0.01884,
1403715588262142976,10.32710,2.46220,1.60665,-0.41578,0.61067,0.49417,0.45826,0.53453,-0.44687,-0.21898,
1403715588362142976,10.37139,2.40379,1.57971,-0.40048,0.62933,0.46518,0.47662,0.52593,-0.55409,-0.32794,
1403715588462142976,10.41420,2.33390,1.54738,-0.38263,0.64632,0.43922,0.49291,0.51946,-0.67567,-0.32136,
1403715588562142976,10.45655,2.25157,1.51507,-0.36429,0.66401,0.41494,0.50419,0.51714,-0.79248,-0.30533,
1403715588662142976,10.50765,2.16595,1.48049,-0.34398,0.68447,0.39376,0.50806,0.51867,-0.89016,-0.32271,
1403715588762142976,10.55896,2.07255,1.44706,-0.31844,0.70693,0.37696,0.50670,0.52733,-0.95856,-0.32381,
1403715588862142976,10.61206,1.97469,1.41185,-0.28557,0.73158,0.36429,0.50053,0.55219,-0.98443,-0.34140,
1403715588962142976,10.66665,1.87722,1.37608,-0.25022,0.75703,0.35281,0.48971,0.59144,-0.94905,-0.34812,
1403715589062142976,10.72153,1.78616,1.34148,-0.22002,0.77905,0.33743,0.48042,0.64836,-0.85145,-0.26607,
1403715589162142976,10.77472,1.70655,1.31509,-0.19850,0.79393,0.31860,0.47829,0.73477,-0.70910,-0.12731,
1403715589262142976,10.82388,1.63965,1.29898,-0.18152,0.80415,0.29951,0.48030,0.80010,-0.57785,0.00276,
1403715589362142976,10.89688,1.59788,1.29937,-0.16473,0.81637,0.28188,0.47639,0.90745,-0.44171,0.12675,
1403715589462142976,10.97867,1.57425,1.30862,-0.15073,0.82869,0.26189,0.47114,1.02748,-0.29115,0.14954,
1403715589562142976,11.06577,1.56325,1.31671,-0.13557,0.83812,0.24607,0.46758,1.16130,-0.14372,0.17738,
1403715589662142976,11.17661,1.57556,1.33847,-0.12610,0.84322,0.23484,0.46684,1.34314,0.04293,0.32899,
1403715589762142976,11.30968,1.61309,1.38018,-0.12360,0.83658,0.22722,0.48293,1.53797,0.24173,0.53946,
1403715589862142976,11.45964,1.68820,1.44176,-0.12937,0.81403,0.21992,0.52178,1.64343,0.40136,0.65457,
1403715589962142976,11.61401,1.79666,1.50628,-0.13874,0.79590,0.21202,0.54986,1.64319,0.53005,0.59147,
1403715590062142976,11.75647,1.95114,1.57051,-0.14356,0.78571,0.20838,0.56447,1.60851,0.66476,0.53577,
1403715590162142976,11.89700,2.09334,1.63389,-0.14173,0.78277,0.21103,0.56802,1.55041,0.75264,0.50375,
1403715590262142976,12.03188,2.19440,1.69520,-0.13904,0.78431,0.22057,0.56292,1.48477,0.80042,0.48104,
1403715590362142976,12.18350,2.27436,1.75052,-0.13550,0.78114,0.24078,0.55990,1.45349,0.85697,0.47825,
1403715590462142976,12.34251,2.36075,1.80193,-0.13537,0.77319,0.26877,0.55822,1.43038,0.95240,0.45757,
1403715590562142976,12.50188,2.45651,1.84900,-0.14098,0.76274,0.30077,0.55487,1.38764,1.05670,0.43196,
1403715590662142976,12.65276,2.55957,1.89317,-0.15689,0.75557,0.33057,0.54335,1.32458,1.15415,0.39713,
1403715590762142976,12.79855,2.67114,1.93434,-0.18996,0.75098,0.35168,0.52561,1.28101,1.24951,0.39845,
1403715590862142976,12.93679,2.78541,1.98105,-0.22637,0.73723,0.37255,0.51619,1.25184,1.29903,0.43185,
1403715590962142976,13.07020,2.89968,2.02974,-0.25780,0.71771,0.39944,0.50881,1.21989,1.31260,0.42529,
1403715591062142976,13.19762,3.01652,2.07723,-0.28157,0.69891,0.43222,0.49541,1.17819,1.31870,0.40686,
1403715591162142976,13.33122,3.13864,2.11774,-0.30056,0.67633,0.46973,0.48124,1.16313,1.32801,0.37595,
1403715591262142976,13.46703,3.26382,2.15041,-0.31412,0.64877,0.51065,0.46869,1.12011,1.34071,0.33965,
1403715591362142976,13.60479,3.39222,2.17440,-0.32898,0.61842,0.54872,0.45632,1.05693,1.37793,0.31348,
1403715591462142976,13.73628,3.52166,2.19259,-0.34701,0.58810,0.58190,0.44172,0.97972,1.39660,0.26449,
1403715591562142976,13.85508,3.65300,2.20356,-0.36613,0.56136,0.61080,0.42160,0.89409,1.40712,0.12123,
1403715591662142976,13.95355,3.78641,2.20938,-0.38794,0.53668,0.63422,0.39905,0.80987,1.43366,0.00489,
1403715591762142976,14.04196,3.92172,2.20615,-0.40595,0.50687,0.65519,0.38602,0.73244,1.43941,-0.11778,
1403715591862142976,14.11791,4.05763,2.18877,-0.42040,0.47877,0.67457,0.37283,0.63537,1.42726,-0.24539,
1403715591962142976,14.17607,4.18933,2.15904,-0.43134,0.44852,0.69395,0.36224,0.51620,1.40383,-0.36977,
1403715592062142976,14.21347,4.31733,2.12057,-0.43737,0.41474,0.71452,0.35519,0.36357,1.35973,-0.46648,
1403715592162142976,14.23466,4.44237,2.08184,-0.44900,0.37896,0.73119,0.34662,0.16367,1.29338,-0.39015,
1403715592262142976,14.24004,4.56403,2.05809,-0.46842,0.33995,0.74264,0.33691,-0.03237,1.17319,-0.24367,
1403715592362142976,14.23021,4.67685,2.05185,-0.48385,0.30157,0.75510,0.32367,-0.22320,1.02413,-0.11118,
1403715592462142976,14.20642,4.78030,2.06109,-0.49406,0.26411,0.76911,0.30761,-0.38699,0.86286,-0.00152,
1403715592562142976,14.17203,4.87472,2.07996,0.50447,-0.22528,-0.78063,-0.29220,-0.51490,0.69636,0.03447,
1403715592662142976,14.12721,4.95926,2.09798,0.51394,-0.18557,-0.79043,-0.27687,-0.65425,0.52688,0.02137,
1403715592762142976,14.07208,5.03242,2.11355,0.52297,-0.14772,-0.79967,-0.25537,-0.77070,0.32195,0.04800,
1403715592862142976,14.00355,5.08971,2.12904,0.53530,-0.12664,-0.80791,-0.21141,-0.86284,0.14974,0.05450,
1403715592962142976,13.92324,5.12820,2.14368,0.54740,-0.11381,-0.81440,-0.15543,-0.92543,0.03379,0.06227,
1403715593062142976,13.83274,5.15023,2.15752,0.55954,-0.09604,-0.81675,-0.10298,-0.95304,-0.02312,0.06700,
1403715593162142976,13.73629,5.16603,2.16946,0.56799,-0.06642,-0.81791,-0.06319,-0.95867,-0.03461,0.07179,
1403715593262142976,13.63805,5.17693,2.18038,0.57416,-0.03040,-0.81744,-0.03474,-0.95981,-0.03776,0.07770,
1403715593362142976,13.53876,5.19551,2.18970,0.57538,0.01231,-0.81753,-0.02079,-0.95365,-0.03659,0.07712,
1403715593462142976,13.43752,5.21991,2.19565,0.57455,0.05864,-0.81626,-0.01331,-0.95566,-0.07246,0.07634,
1403715593562142976,13.33675,5.23766,2.20004,0.57430,0.09977,-0.81254,0.00008,-0.94650,-0.15740,0.07796,
1403715593662142976,13.23468,5.25682,2.19917,0.58144,0.13594,-0.80185,0.02174,-0.91042,-0.22262,0.07500,
1403715593762142976,13.13817,5.26024,2.19676,0.59159,0.16824,-0.78711,0.04664,-0.84889,-0.30275,0.05753,
1403715593862142976,13.05018,5.24651,2.19410,0.59393,0.20323,-0.77529,0.06980,-0.74927,-0.38724,0.02275,
1403715593962142976,12.96994,5.23795,2.18939,0.58627,0.23954,-0.76785,0.09649,-0.64407,-0.44642,-0.00939,
1403715594062142976,12.89591,5.23086,2.18027,0.57158,0.27584,-0.76289,0.12331,-0.56008,-0.49270,-0.01777,
1403715594162142976,12.82725,5.19984,2.17395,0.55535,0.30739,-0.75794,0.15041,-0.49368,-0.55613,-0.03323,
1403715594262142976,12.75226,5.16082,2.16911,0.54240,0.33678,-0.74944,0.17529,-0.46060,-0.60898,-0.00936,
1403715594362142976,12.67222,5.11605,2.16778,0.53303,0.36713,-0.73653,0.19652,-0.43867,-0.66919,0.00932,
1403715594462142976,12.57928,5.06845,2.16292,0.52451,0.40076,-0.71979,0.21491,-0.42529,-0.72261,0.00171,
1403715594562142976,12.48161,5.01541,2.15807,0.51610,0.43795,-0.69886,0.23117,-0.40816,-0.78202,-0.00502,
1403715594662142976,12.38417,4.95512,2.15375,0.50139,0.47478,-0.67906,0.24914,-0.37278,-0.84524,-0.03385,
1403715594762142976,12.30862,4.87607,2.14863,-0.47064,-0.50747,0.66894,-0.27108,-0.32544,-0.93050,-0.07303,
1403715594862142976,12.24720,4.78430,2.14347,-0.43711,-0.53344,0.65928,-0.29952,-0.30587,-1.04958,-0.07072,
1403715594962142976,12.18959,4.67906,2.13654,-0.40805,-0.55961,0.64432,-0.32432,-0.31653,-1.15651,-0.08011,
1403715595062142976,12.12605,4.55755,2.12819,-0.38591,-0.58623,0.62327,-0.34487,-0.34788,-1.28954,-0.08547,
1403715595162142976,12.07102,4.42157,2.12105,0.36570,0.60644,-0.60063,0.37113,-0.36554,-1.42222,-0.07015,
1403715595262142976,12.01611,4.27143,2.11473,0.34873,0.62561,-0.57372,0.39730,-0.38861,-1.53813,-0.08768,
1403715595362142976,11.96001,4.10961,2.10485,0.33510,0.64344,-0.54224,0.42386,-0.41043,-1.62469,-0.12524,
1403715595462142976,11.90339,3.94107,2.09083,0.32002,0.65941,-0.50961,0.45062,-0.43687,-1.69292,-0.13610,
1403715595562142976,11.84821,3.76921,2.07644,0.31150,0.67726,-0.47004,0.47260,-0.46827,-1.71987,-0.12512,
1403715595662142976,11.79093,3.59499,2.06252,0.31747,0.69566,-0.41833,0.49017,-0.45740,-1.70897,-0.11922,
1403715595762142976,11.73822,3.42729,2.04986,0.33008,0.70956,-0.36022,0.50775,-0.40841,-1.60880,-0.10296,
1403715595862142976,11.69372,3.27652,2.04047,0.33940,0.71669,-0.30603,0.52679,-0.34688,-1.42131,-0.05998,
1403715595962142976,11.65972,3.15398,2.03654,0.34449,0.71209,-0.26077,0.55340,-0.29331,-1.12729,0.00295,
1403715596062142976,11.63290,3.07058,2.03936,0.33601,0.69545,-0.23098,0.59169,-0.29585,-0.75680,0.08383,
1403715596162142976,11.60701,3.03346,2.05074,0.32033,0.68408,-0.21647,0.61852,-0.36709,-0.34777,0.15668,
1403715596262142976,11.57597,3.04007,2.07179,0.30207,0.70016,-0.21635,0.60969,-0.45616,0.02983,0.20365,
1403715596362142976,11.54121,3.07627,2.09671,0.27255,0.74007,-0.22880,0.57067,-0.47588,0.31547,0.21800,
1403715596462142976,11.51060,3.13500,2.12469,0.23447,0.77621,-0.24262,0.53260,-0.41012,0.47937,0.24327,
1403715596562142976,11.48580,3.19089,2.15436,0.19947,0.80340,-0.24909,0.50270,-0.28486,0.51737,0.26811,
1403715596662142976,11.47424,3.23939,2.18622,0.16950,0.82465,-0.24780,0.47939,-0.11558,0.46092,0.27698,
1403715596762142976,11.48015,3.27240,2.22035,0.14668,0.83995,-0.23780,0.46520,0.08529,0.35422,0.28398,
1403715596862142976,11.50884,3.28691,2.25495,0.12344,0.85295,-0.22763,0.45324,0.31679,0.21049,0.26372,
1403715596962142976,11.56355,3.26905,2.29233,0.10527,0.86426,-0.21718,0.44136,0.56776,0.02164,0.25233,
1403715597062142976,11.65004,3.22826,2.33110,0.09480,0.87050,-0.20580,0.43691,0.84826,-0.18864,0.25853,
1403715597162142976,11.75613,3.18730,2.36978,0.08994,0.86553,-0.19777,0.45129,1.13110,-0.36133,0.28262,
1403715597262142976,11.88992,3.12997,2.41037,0.08314,0.85045,-0.18977,0.48354,1.34911,-0.50080,0.29285,
1403715597362142976,12.04085,3.06003,2.45158,0.07373,0.83266,-0.17964,0.51862,1.47056,-0.61728,0.27795,
1403715597462142976,12.19733,2.97757,2.49518,0.06517,0.81414,-0.16339,0.55338,1.52396,-0.73015,0.28662,
1403715597562142976,12.35426,2.89622,2.52946,0.05896,0.80197,-0.13904,0.57796,1.49540,-0.77729,0.24692,
1403715597662142976,12.50729,2.82070,2.55147,0.04875,0.79936,-0.11284,0.58814,1.45051,-0.81306,0.18334,
1403715597762142976,12.65697,2.74459,2.56757,0.03738,0.80368,-0.08823,0.58730,1.42310,-0.84214,0.15295,
1403715597862142976,12.80340,2.66626,2.58080,0.02718,0.80594,-0.07042,0.58716,1.39464,-0.87376,0.14498,
1403715597962142976,12.94948,2.58617,2.59807,0.02232,0.80041,-0.05704,0.59631,1.36471,-0.89654,0.16581,
1403715598062142976,13.09390,2.50494,2.61227,0.02119,0.79606,-0.04843,0.60290,1.30943,-0.90713,0.14096,
1403715598162142976,13.23438,2.42229,2.62106,0.02595,0.79259,-0.04077,0.60783,1.27523,-0.89185,0.07343,
1403715598262142976,13.37001,2.33653,2.62862,0.02706,0.78258,-0.03886,0.62074,1.21292,-0.88156,-0.03942,
1403715598362142976,13.49558,2.25382,2.62613,0.02769,0.76796,-0.03988,0.63865,1.12101,-0.86047,-0.10474,
1403715598462142976,13.60560,2.17442,2.62074,0.02561,0.74753,-0.04413,0.66227,0.93205,-0.83946,-0.08828,
1403715598562142976,13.69354,2.09834,2.61565,0.02263,0.73361,-0.04994,0.67736,0.68874,-0.82910,-0.08260,
1403715598662142976,13.75715,2.02588,2.60801,0.02554,0.73636,-0.05295,0.67403,0.46020,-0.80537,-0.11132,
1403715598762142976,13.80002,1.95823,2.59329,0.03148,0.75626,-0.05464,0.65123,0.27257,-0.77548,-0.16402,
1403715598862142976,13.82677,1.89447,2.57246,0.03610,0.77780,-0.05594,0.62498,0.14602,-0.74324,-0.19104,
1403715598962142976,13.84522,1.83492,2.54812,0.04132,0.79171,-0.05598,0.60692,0.09673,-0.70840,-0.23021,
1403715599062142976,13.85955,1.78303,2.51892,0.04504,0.79790,-0.05612,0.59848,0.08571,-0.65775,-0.26021,
1403715599162142976,13.87018,1.73876,2.48491,0.04732,0.79883,-0.05699,0.59698,0.07192,-0.61049,-0.30140,
1403715599262142976,13.87413,1.70155,2.44290,0.04165,0.80405,-0.06350,0.58969,0.05449,-0.55798,-0.35990,
1403715599362142976,13.87038,1.68132,2.39001,0.03257,0.80784,-0.07471,0.58374,0.04194,-0.52129,-0.41120,
1403715599462142976,13.85244,1.68860,2.32563,0.02354,0.80658,-0.09169,0.58349,0.03245,-0.47732,-0.44899,
1403715599562142976,13.80772,1.70907,2.26379,0.01934,0.80309,-0.10628,0.58598,-0.01707,-0.46604,-0.45540,
1403715599662142976,13.72944,1.74807,2.20802,0.01798,0.79581,-0.11781,0.59370,-0.12467,-0.45636,-0.43301,
1403715599762142976,13.60914,1.82987,2.16379,0.02948,0.78784,-0.12176,0.60300,-0.29632,-0.38415,-0.41955,
1403715599862142976,13.53324,1.84912,2.12734,0.04782,0.78535,-0.11624,0.60616,-0.40740,-0.37458,-0.43000,
1403715599962142976,13.45727,1.83653,2.08235,0.06476,0.79296,-0.10747,0.59622,-0.49077,-0.36649,-0.44656,
1403715600062142976,13.39614,1.80583,2.03796,0.07926,0.80097,-0.09807,0.58528,-0.50989,-0.33212,-0.43989,
1403715600162142976,13.33851,1.77743,1.99522,0.09821,0.80682,-0.07459,0.57778,-0.49619,-0.24992,-0.42838,
1403715600262142976,13.28159,1.75831,1.95068,0.11086,0.81121,-0.04299,0.57253,-0.44963,-0.11165,-0.42836,
1403715600362142976,13.22613,1.75255,1.90005,0.10746,0.81458,-0.01089,0.56991,-0.41585,0.05952,-0.44885,
1403715600462142976,13.17494,1.76106,1.84593,0.08489,0.82050,0.01651,0.56507,-0.38444,0.22430,-0.47985,
1403715600562142976,13.12775,1.78424,1.79035,0.04262,0.83108,0.03464,0.55343,-0.33050,0.35889,-0.46469,
1403715600662142976,13.08688,1.81646,1.73813,0.00293,0.83736,0.05735,0.54363,-0.24577,0.44876,-0.37252,
1403715600762142976,13.05654,1.85707,1.70039,-0.02779,0.83555,0.08836,0.54154,-0.16272,0.51353,-0.23537,
1403715600862142976,13.03166,1.90136,1.67500,-0.05244,0.82952,0.12293,0.54225,-0.08736,0.57336,-0.11192,
1403715600962142976,13.01430,1.95121,1.66393,-0.07352,0.82208,0.15435,0.54310,-0.02091,0.63722,0.02967,
1403715601062142976,12.99894,2.00308,1.66399,-0.08980,0.81316,0.17886,0.54655,0.03104,0.68145,0.12273,
1403715601162142976,12.98437,2.05559,1.67141,-0.09826,0.80647,0.19637,0.54899,0.05246,0.71359,0.23158,
1403715601262142976,12.97762,2.11803,1.69427,-0.09918,0.80099,0.20836,0.55242,0.06959,0.77394,0.33651,
1403715601362142976,12.98390,2.19665,1.72797,-0.09687,0.79679,0.21848,0.55499,0.07982,0.85767,0.33460,
1403715601462142976,13.00739,2.28023,1.76700,-0.10101,0.79525,0.22138,0.55531,0.10470,0.93164,0.28969,
1403715601562142976,13.02615,2.36992,1.80161,-0.10640,0.79490,0.21996,0.55536,0.13208,1.00677,0.26301,
1403715601662142976,13.04511,2.46464,1.83691,-0.11174,0.79573,0.21660,0.55445,0.15702,1.06486,0.25346,
1403715601762142976,13.06447,2.56038,1.87791,-0.11744,0.79226,0.21329,0.55949,0.17531,1.11147,0.27540,
1403715601862142976,13.08759,2.64030,1.93299,-0.12033,0.78856,0.21040,0.56517,0.18772,1.11068,0.28821,
1403715601962142976,13.08039,2.70727,1.99333,-0.11981,0.78159,0.20037,0.57845,0.15035,1.07909,0.33088,
1403715602062142976,13.05259,2.78130,2.04414,-0.11750,0.76803,0.18388,0.60209,0.05821,1.04196,0.29855,
1403715602162142976,13.02676,2.86670,2.07650,-0.11234,0.76091,0.16311,0.61789,-0.06095,0.99305,0.24190,
1403715602262142976,12.99282,2.95427,2.09810,-0.10443,0.76465,0.13881,0.62059,-0.19785,0.94057,0.20101,
1403715602362142976,12.95491,3.04625,2.11230,-0.08738,0.77716,0.11790,0.61195,-0.29647,0.90921,0.15211,
1403715602462142976,12.90949,3.13606,2.12211,-0.06736,0.79403,0.09677,0.59633,-0.35624,0.89162,0.15586,
1403715602562142976,12.85811,3.22749,2.13208,-0.04743,0.80596,0.07579,0.58518,-0.38478,0.88669,0.15079,
1403715602662142976,12.80223,3.31968,2.13403,-0.02246,0.80948,0.05704,0.58393,-0.40002,0.89681,0.04636,
1403715602762142976,12.73840,3.40761,2.11510,0.00082,0.81138,0.03550,0.58344,-0.42185,0.92798,-0.13610,
1403715602862142976,12.67350,3.50020,2.07976,0.01958,0.81371,0.01156,0.58082,-0.43338,0.97346,-0.28503,
1403715602962142976,12.61298,3.60839,2.04418,0.03665,0.81627,-0.01193,0.57639,-0.42777,1.02213,-0.39981,
1403715603062142976,12.56063,3.72065,2.00361,0.05261,0.81488,-0.03477,0.57618,-0.41432,1.06889,-0.46476,
1403715603162142976,12.51402,3.83499,1.96054,0.06827,0.81263,-0.05799,0.57586,-0.40319,1.09399,-0.47704,
1403715603262142976,12.46974,3.94436,1.91716,0.08105,0.81391,-0.08015,0.56970,-0.37177,1.12836,-0.47117,
1403715603362142976,12.42793,4.05075,1.87507,0.09130,0.81644,-0.09748,0.56177,-0.33159,1.14406,-0.44232,
1403715603462142976,12.39049,4.15976,1.83704,0.09304,0.81470,-0.11345,0.56102,-0.27504,1.16202,-0.38420,
1403715603562142976,12.35757,4.27154,1.80306,0.08717,0.81161,-0.12937,0.56299,-0.23650,1.14900,-0.33229,
1403715603662142976,12.32804,4.38022,1.77188,0.07621,0.80874,-0.14560,0.56474,-0.21205,1.09996,-0.31785,
1403715603762142976,12.30091,4.47947,1.74396,0.06610,0.80316,-0.15861,0.57045,-0.19146,1.01109,-0.24147,
1403715603862142976,12.27529,4.56427,1.72614,0.05588,0.80050,-0.16812,0.57255,-0.20407,0.88328,-0.14838,
1403715603962142976,12.24905,4.63188,1.71703,0.04637,0.81086,-0.17412,0.55682,-0.19434,0.72519,-0.06091,
1403715604062142976,12.22468,4.68049,1.71203,0.05186,0.82068,-0.16855,0.54350,-0.14963,0.55914,-0.01231,
1403715604162142976,12.20510,4.70873,1.70639,0.06898,0.82275,-0.15550,0.54235,-0.09523,0.43278,-0.04588,
1403715604262142976,12.19294,4.71745,1.69541,0.08136,0.81924,-0.14567,0.54864,-0.03417,0.33407,-0.08402,
1403715604362142976,12.19702,4.71423,1.67990,0.08638,0.81757,-0.14092,0.55160,0.02395,0.26368,-0.14658,
1403715604462142976,12.20657,4.73294,1.66695,0.08835,0.81808,-0.14003,0.55076,0.10280,0.23239,-0.13928,
1403715604562142976,12.22885,4.73191,1.65442,0.08974,0.81268,-0.13855,0.55885,0.16557,0.18746,-0.14275,
1403715604662142976,12.25213,4.74247,1.64001,0.09293,0.80554,-0.13640,0.56910,0.19698,0.16785,-0.14725,
1403715604762142976,12.27649,4.75283,1.62657,0.09619,0.80257,-0.13444,0.57319,0.21876,0.16919,-0.15489,
1403715604862142976,12.29851,4.76802,1.61437,0.09586,0.80250,-0.13476,0.57327,0.23590,0.17412,-0.13312,
1403715604962142976,12.32089,4.78394,1.60497,0.09705,0.80416,-0.13350,0.57104,0.23300,0.17320,-0.12660,
1403715605062142976,12.34716,4.79758,1.60153,0.09580,0.80628,-0.13355,0.56824,0.26799,0.16748,-0.07394,
1403715605162142976,12.37725,4.81287,1.60126,0.09589,0.80500,-0.13218,0.57036,0.29186,0.16688,-0.03450,
1403715605262142976,12.40840,4.82606,1.60751,0.09339,0.80319,-0.13178,0.57341,0.32076,0.16034,0.00112,
1403715605362142976,12.44197,4.83893,1.60989,0.08609,0.80082,-0.13422,0.57728,0.33287,0.14823,-0.00912,
1403715605462142976,12.47701,4.84479,1.61211,0.07940,0.80010,-0.13619,0.57878,0.33606,0.10860,-0.09646,
1403715605562142976,12.50936,4.85345,1.60089,0.07326,0.80225,-0.13862,0.57603,0.32776,0.08390,-0.19194,
1403715605662142976,12.54250,4.85816,1.57897,0.07102,0.80341,-0.13870,0.57467,0.32385,0.04413,-0.23952,
1403715605762142976,12.57172,4.85919,1.55662,0.07958,0.80278,-0.13220,0.57596,0.32471,0.01069,-0.21744,
1403715605862142976,12.60486,4.86105,1.53424,0.08543,0.80256,-0.12791,0.57641,0.33056,-0.00515,-0.19144,
1403715605962142976,12.63260,4.86372,1.51650,0.08904,0.80124,-0.12475,0.57839,0.32995,0.00495,-0.19834,
1403715606062142976,12.66673,4.86488,1.49163,0.09027,0.80043,-0.12280,0.57973,0.33936,0.00457,-0.28178,
1403715606162142976,12.69908,4.87236,1.46421,0.08998,0.80031,-0.12096,0.58033,0.34035,0.03440,-0.33343,
1403715606262142976,12.73189,4.87659,1.43169,0.08507,0.80025,-0.12263,0.58080,0.33299,0.05384,-0.29934,
1403715606362142976,12.75980,4.88756,1.41162,0.07805,0.80032,-0.12505,0.58117,0.32394,0.05163,-0.19033,
1403715606462142976,12.78954,4.89491,1.40127,0.07351,0.79986,-0.12631,0.58212,0.31590,0.03153,-0.07834,
1403715606562142976,12.81824,4.89961,1.39992,0.06892,0.79856,-0.12697,0.58433,0.29903,0.01693,-0.05020,
1403715606662142976,12.84236,4.90213,1.39836,0.06290,0.79722,-0.12801,0.58660,0.27412,-0.00553,-0.07813,
1403715606762142976,12.86595,4.90246,1.39178,0.05483,0.79541,-0.13093,0.58922,0.25034,-0.04519,-0.12237,
1403715606862142976,12.88857,4.89727,1.38043,0.05421,0.79122,-0.12938,0.59522,0.22205,-0.09819,-0.14391,
1403715606962142976,12.90711,4.88916,1.36824,0.06450,0.78744,-0.12141,0.60086,0.17632,-0.11566,-0.15325,
1403715607062142976,12.92350,4.87755,1.35040,0.07523,0.79097,-0.11353,0.59650,0.13629,-0.11871,-0.17837,
1403715607162142976,12.93250,4.87383,1.33396,0.08071,0.79485,-0.10952,0.59135,0.12006,-0.08151,-0.17380,
1403715607262142976,12.93022,4.87917,1.31973,0.08325,0.79756,-0.10852,0.58754,0.08015,-0.03226,-0.15224,
1403715607362142976,12.92264,4.88964,1.31187,0.08378,0.79765,-0.10917,0.58722,0.03864,0.00770,-0.12012,
1403715607462142976,12.90502,4.90423,1.31032,0.08568,0.79644,-0.10945,0.58852,-0.01411,0.05170,-0.07477,
1403715607562142976,12.89759,4.91519,1.30480,0.08729,0.79738,-0.11035,0.58685,-0.03416,0.08254,-0.05900,
1403715607662142976,12.89236,4.92668,1.29991,0.08829,0.79820,-0.11194,0.58528,-0.04364,0.12123,-0.03734,
1403715607762142976,12.88665,4.94028,1.29409,0.08932,0.79808,-0.11289,0.58510,-0.05842,0.14297,-0.09026,
1403715607862142976,12.88000,4.95577,1.27993,0.08556,0.79843,-0.11743,0.58430,-0.06459,0.15940,-0.20078,
1403715607962142976,12.87751,4.96436,1.26964,0.09148,0.79793,-0.10836,0.58582,-0.01176,-0.01553,0.00444,
1403715608062142976,12.87760,4.96259,1.26802,0.09160,0.80009,-0.10713,0.58308,0.00058,-0.01488,-0.08405,
1403715608162142976,12.87862,4.96254,1.26626,0.09003,0.80212,-0.10880,0.58023,0.00031,0.02222,0.00259,
1403715608262142976,12.87708,4.96273,1.26647,0.09057,0.80016,-0.10862,0.58288,0.00986,0.00098,-0.01219,
1403715608362142976,12.87808,4.96291,1.26636,0.09023,0.80136,-0.10924,0.58115,-0.00087,-0.01838,-0.00142,
1403715608462142976,12.87792,4.96326,1.26633,0.09027,0.80108,-0.10948,0.58149,0.00585,0.01295,0.00042,
1403715608562142976,12.87793,4.96319,1.26616,0.09063,0.80081,-0.10953,0.58180,0.01030,-0.00674,0.00572,
1403715608662142976,12.87803,4.96331,1.26605,0.09075,0.80099,-0.10970,0.58150,0.00239,0.00384,-0.00129,
1403715608762142976,12.87769,4.96353,1.26596,0.09089,0.80065,-0.10981,0.58193,0.00443,-0.00080,0.00076,
1403715608862142976,12.87785,4.96319,1.26565,0.09063,0.80088,-0.10968,0.58167,0.00133,-0.00219,0.00174,
1403715608962142976,12.87766,4.96336,1.26570,0.09072,0.80062,-0.10985,0.58198,-0.00044,0.00285,-0.00188,
1403715609062142976,12.87777,4.96336,1.26560,0.09071,0.80068,-0.11007,0.58187,0.00142,-0.00610,0.00264,
1403715609162142976,12.87780,4.96341,1.26557,0.09074,0.80070,-0.11024,0.58180,-0.00138,0.00130,0.00244,
1403715609262142976,12.87773,4.96350,1.26556,0.09094,0.80058,-0.11038,0.58191,0.00078,-0.00370,0.00012,
1403715609362142976,12.87790,4.96348,1.26543,0.09103,0.80067,-0.11063,0.58173,-0.00016,-0.00256,0.00122,
