1413394888805760256,0.15278,0.17123,0.28939,-0.01075,0.81396,0.00780,0.58077,0.30923,0.23209,-0.08589,
1413394888905760512,0.26706,0.24445,0.41846,-0.01377,0.81274,0.00079,0.58246,0.44082,0.24649,0.00999,
1413394889005760512,0.32231,0.27495,0.42956,-0.01788,0.81039,-0.00180,0.58561,0.43911,0.21962,0.04229,
1413394889105760512,0.36642,0.29651,0.43729,-0.02116,0.80840,-0.00401,0.58824,0.42970,0.18596,0.06038,
1413394889205760512,0.41226,0.31627,0.45193,-0.01643,0.80489,-0.00033,0.59320,0.40946,0.14187,0.12978,
1413394889305760256,0.45319,0.33162,0.46917,-0.01218,0.78637,0.00264,0.61763,0.35075,0.12128,0.20793,
1413394889405760512,0.48302,0.34516,0.49198,-0.00940,0.75466,0.00518,0.65603,0.19706,0.11056,0.25766,
1413394889505760512,0.49393,0.35775,0.51537,-0.00595,0.73151,0.00766,0.68176,-0.02359,0.10000,0.21077,
1413394889605760512,0.48028,0.36855,0.53207,-0.00274,0.75028,0.00889,0.66106,-0.26232,0.10183,0.15689,
1413394889705760512,0.44663,0.37977,0.54882,-0.00043,0.79022,0.00816,0.61277,-0.41429,0.10513,0.17765,
1413394889805760256,0.40330,0.39205,0.56726,0.00087,0.82934,0.00678,0.55870,-0.43387,0.12386,0.19398,
1413394889905760512,0.36661,0.40677,0.58830,0.00047,0.85703,0.00347,0.51525,-0.32645,0.12998,0.19119,
1413394890005760512,0.34536,0.42203,0.60473,-0.00041,0.87596,0.00032,0.48238,-0.13938,0.12444,0.10236,
1413394890105760512,0.34667,0.43683,0.61277,-0.00291,0.88786,-0.00378,0.46010,0.09850,0.12323,0.03490,
1413394890205760512,0.37280,0.44946,0.61762,-0.00754,0.87801,-0.00889,0.47849,0.38929,0.11242,0.05286,
1413394890305760256,0.42484,0.45800,0.61768,-0.01759,0.85163,-0.01706,0.52357,0.60337,0.07468,-0.03970,
1413394890405760512,0.49145,0.46221,0.61088,-0.02708,0.81739,-0.02377,0.57496,0.68176,0.01708,-0.07547,
1413394890505760512,0.55905,0.45954,0.60121,-0.03153,0.78219,-0.02375,0.62179,0.62667,-0.06413,-0.11285,
1413394890605760512,0.61425,0.44930,0.58894,-0.02910,0.75320,-0.01906,0.65687,0.46317,-0.11877,-0.09350,
1413394890705760512,0.64881,0.43314,0.57760,-0.02038,0.73600,-0.00957,0.67660,0.22489,-0.18389,-0.07458,
1413394890805760256,0.65750,0.41272,0.56228,-0.01091,0.74442,-0.00015,0.66763,-0.03912,-0.21708,-0.12888,
1413394890905760512,0.64219,0.38803,0.54238,-0.00874,0.78056,0.00349,0.62501,-0.22058,-0.23141,-0.15036,
1413394891005760512,0.61293,0.36134,0.52217,-0.00463,0.82242,0.00668,0.56882,-0.27592,-0.23542,-0.11486,
1413394891105760512,0.58344,0.33538,0.50450,-0.00140,0.85336,0.00863,0.52125,-0.19290,-0.23055,-0.09342,
1413394891205760512,0.56776,0.31124,0.49002,-0.00024,0.87140,0.00840,0.49050,-0.00679,-0.21840,-0.08730,
1413394891305760256,0.57670,0.28945,0.47890,0.00220,0.87897,0.00953,0.47677,0.24301,-0.19971,-0.05129,
1413394891405760512,0.61823,0.27023,0.47624,0.00759,0.87212,0.01372,0.48905,0.51593,-0.17522,0.02062,
1413394891505760512,0.68171,0.25815,0.48023,0.00991,0.85345,0.01566,0.52085,0.70556,-0.13442,0.05284,
1413394891605760512,0.75995,0.24656,0.48548,0.01243,0.83322,0.01874,0.55248,0.80918,-0.08901,0.03681,
1413394891705760512,0.84497,0.23606,0.49102,0.01379,0.82012,0.02221,0.57159,0.84477,-0.06061,0.04428,
1413394891805760256,0.92937,0.23027,0.49898,0.01439,0.81410,0.02330,0.58008,0.84136,-0.01497,0.11549,
1413394891905760512,1.01230,0.23054,0.52026,0.01668,0.80018,0.02609,0.59896,0.81334,0.04603,0.28736,
1413394892005760512,1.08872,0.23710,0.55381,0.01747,0.78243,0.02841,0.62184,0.73741,0.10765,0.33263,
1413394892105760512,1.15668,0.24983,0.58857,0.01345,0.76970,0.03455,0.63733,0.61062,0.16844,0.32665,
1413394892205760512,1.21193,0.26944,0.62227,0.00489,0.76505,0.04873,0.64211,0.47701,0.25272,0.33370,
1413394892305760256,1.25596,0.29505,0.65314,-0.01012,0.76326,0.06762,0.64246,0.34250,0.29846,0.24195,
1413394892405760512,1.28695,0.32522,0.66990,-0.02812,0.76254,0.08989,0.64005,0.22712,0.33078,0.06142,
1413394892505760512,1.30511,0.35956,0.67149,-0.04969,0.76123,0.11446,0.63637,0.09228,0.36666,-0.04273,
1413394892605760512,1.31515,0.39596,0.67059,-0.07330,0.76408,0.14232,0.62495,-0.03684,0.39570,-0.02249,
1413394892705760512,1.31184,0.43531,0.67210,-0.09858,0.76856,0.17314,0.60796,-0.13371,0.41871,0.03788,
1413394892805760256,1.29904,0.47756,0.67828,-0.12409,0.77081,0.20676,0.58966,-0.19956,0.44219,0.09040,
1413394892905760512,1.27931,0.52125,0.68812,-0.14746,0.77013,0.24014,0.57227,-0.24682,0.44682,0.10381,
1413394893005760512,1.25582,0.56632,0.69809,-0.16479,0.77126,0.27244,0.55117,-0.25291,0.47317,0.11865,
1413394893105760512,1.23103,0.61593,0.71037,-0.17673,0.76582,0.30480,0.53794,-0.23481,0.52123,0.15181,
1413394893205760512,1.20706,0.67135,0.72204,-0.18838,0.75687,0.33571,0.52816,-0.23234,0.59037,0.13824,
1413394893305760256,1.18623,0.73335,0.73554,-0.20291,0.74633,0.35741,0.52352,-0.20766,0.65528,0.17624,
1413394893405760512,1.16744,0.80208,0.75329,-0.21267,0.73091,0.37228,0.53099,-0.19854,0.71261,0.18530,
1413394893505760512,1.14474,0.87648,0.76890,-0.21352,0.71613,0.38607,0.54085,-0.23691,0.77165,0.13816,
1413394893605760512,1.11306,0.95428,0.77605,-0.20988,0.70418,0.39665,0.55022,-0.30434,0.81542,0.02192,
1413394893705760512,1.07344,1.03656,0.77373,-0.19885,0.69164,0.40528,0.56377,-0.40821,0.86589,-0.04553,
1413394893805760256,1.02095,1.12249,0.76379,-0.19170,0.68355,0.40639,0.57520,-0.54204,0.93079,-0.09502,
1413394893905760512,0.95135,1.20966,0.74987,-0.19369,0.68342,0.40107,0.57842,-0.71116,0.97955,-0.13098,
1413394894005760512,0.86315,1.29833,0.73432,-0.20626,0.68143,0.39761,0.57881,-0.89633,1.02134,-0.14490,
1413394894105760512,0.75435,1.38348,0.71829,-0.22564,0.67520,0.39986,0.57732,-1.06882,1.01403,-0.19315,
1413394894205760512,0.62726,1.46066,0.69785,-0.25948,0.67355,0.40220,0.56323,-1.22624,0.96319,-0.24183,
1413394894305760256,0.48750,1.52782,0.67490,-0.29540,0.67285,0.41010,0.54022,-1.32385,0.88028,-0.27148,
1413394894405760512,0.34027,1.57999,0.65160,-0.32349,0.66732,0.42550,0.51865,-1.37876,0.76572,-0.27990,
1413394894505760512,0.19479,1.62179,0.62485,-0.34173,0.66067,0.44659,0.49729,-1.37530,0.65252,-0.31567,
1413394894605760512,0.05427,1.65492,0.59424,-0.35622,0.65104,0.46801,0.47981,-1.35800,0.55158,-0.34495,
1413394894705760512,-0.07872,1.68225,0.56202,-0.36854,0.63655,0.48725,0.47071,-1.31823,0.46501,-0.35783,
1413394894805760256,-0.20619,1.70638,0.52792,-0.37252,0.62383,0.50448,0.46644,-1.28780,0.39789,-0.36525,
1413394894905760512,-0.32764,1.72486,0.49519,-0.37599,0.61848,0.51709,0.45688,-1.26188,0.32114,-0.34980,
1413394895005760512,-0.44817,1.74514,0.46318,-0.38349,0.62207,0.51994,0.44229,-1.23166,0.29213,-0.33512,
1413394895105760512,-0.56764,1.76507,0.43334,-0.38697,0.62687,0.52032,0.43191,-1.17947,0.25054,-0.29782,
1413394895205760512,-0.68195,1.78530,0.40844,-0.38642,0.63183,0.51970,0.42589,-1.11233,0.21013,-0.21840,
1413394895305760256,-0.78976,1.80543,0.39005,-0.38413,0.63310,0.51681,0.42958,-1.04004,0.19302,-0.14787,
1413394895405760512,-0.89078,1.82429,0.37664,-0.36676,0.62534,0.52346,0.44768,-0.98955,0.20282,-0.11467,
1413394895505760512,-0.99472,1.84429,0.37176,-0.35139,0.62182,0.52794,0.45951,-1.01667,0.19324,0.04956,
1413394895605760512,-1.09842,1.86267,0.38069,-0.34373,0.62379,0.52751,0.46310,-1.05480,0.17872,0.15037,
1413394895705760512,-1.20339,1.88209,0.40512,-0.34725,0.63174,0.52140,0.45657,-1.10424,0.20149,0.30938,
1413394895805760256,-1.30687,1.90208,0.44355,-0.35256,0.63786,0.51629,0.44977,-1.09975,0.21585,0.36388,
1413394895905760512,-1.40264,1.92347,0.48030,-0.35663,0.63943,0.51385,0.44711,-1.07400,0.22469,0.25429,
1413394896005760512,-1.49772,1.94785,0.50382,-0.35931,0.63809,0.51352,0.44725,-1.03181,0.23476,0.14527,
1413394896105760512,-1.59274,1.97406,0.51394,-0.36121,0.63719,0.51436,0.44604,-1.00195,0.25342,0.02500,
1413394896205760512,-1.68781,2.00200,0.51307,-0.36152,0.63706,0.51553,0.44462,-0.97091,0.28342,-0.08414,
1413394896305760256,-1.78400,2.03059,0.50302,-0.37703,0.64439,0.50619,0.43173,-0.91803,0.27949,-0.16252,
1413394896405760512,-1.87603,2.06117,0.49070,-0.39467,0.65484,0.49383,0.41419,-0.83199,0.28848,-0.14501,
1413394896505760512,-1.95595,2.09293,0.47951,-0.40881,0.66339,0.48313,0.39921,-0.68762,0.29187,-0.18218,
1413394896605760512,-2.02085,2.12407,0.46170,-0.42440,0.67262,0.47003,0.38281,-0.50151,0.28253,-0.26430,
1413394896705760512,-2.06686,2.15319,0.43565,-0.44153,0.68107,0.45480,0.36654,-0.27873,0.27362,-0.34945,
1413394896805760256,-2.08643,2.17538,0.40092,-0.45688,0.68874,0.43974,0.35147,-0.00990,0.23132,-0.40133,
1413394896905760512,-2.07370,2.19202,0.36497,-0.46723,0.68931,0.42828,0.35089,0.36022,0.15795,-0.37888,
1413394897005760512,-2.02406,2.19861,0.33305,-0.47439,0.69034,0.42152,0.34743,0.70545,0.05567,-0.34258,
1413394897105760512,-1.93338,2.19976,0.30576,-0.47414,0.69265,0.42074,0.34410,1.11303,-0.01991,-0.24327,
1413394897205760512,-1.80710,2.18716,0.28945,-0.46659,0.68947,0.42768,0.35214,1.48333,-0.08718,-0.17432,
1413394897305760256,-1.64438,2.17103,0.28053,-0.43856,0.67673,0.45340,0.37964,1.78369,-0.14333,-0.07598,
1413394897405760512,-1.45845,2.15071,0.27759,-0.40531,0.65629,0.48138,0.41626,1.93263,-0.17498,-0.02689,
1413394897505760512,-1.26315,2.12919,0.27776,-0.38396,0.64021,0.49907,0.44005,1.97849,-0.20088,0.00139,
1413394897605760512,-1.06680,2.10721,0.28043,-0.37271,0.63288,0.50858,0.44933,1.95480,-0.20625,0.03080,
1413394897705760512,-0.87365,2.08420,0.28804,-0.37230,0.62688,0.51018,0.45621,1.91561,-0.22529,0.10081,
1413394897805760256,-0.68478,2.05912,0.30031,-0.37431,0.62094,0.51009,0.46274,1.86203,-0.25419,0.14058,
1413394897905760512,-0.50125,2.03116,0.31753,-0.37778,0.61638,0.50881,0.46741,1.80881,-0.29215,0.18651,
1413394898005760512,-0.32289,1.99898,0.33908,-0.37914,0.61299,0.50842,0.47118,1.74156,-0.34086,0.21098,
1413394898105760512,-0.15157,1.96151,0.36213,-0.37420,0.61304,0.51245,0.47069,1.66330,-0.38059,0.24359,
1413394898205760512,0.01119,1.92079,0.38811,-0.36720,0.60981,0.51954,0.47263,1.57780,-0.41319,0.26992,
1413394898305760256,0.16389,1.87751,0.41808,-0.35568,0.59938,0.53066,0.48232,1.45035,-0.43022,0.28564,
1413394898405760512,0.30162,1.83203,0.44938,-0.34490,0.58481,0.54691,0.48983,1.28364,-0.43584,0.29211,
1413394898505760512,0.42017,1.78618,0.48027,-0.34118,0.57031,0.56624,0.48755,1.06852,-0.43867,0.30630,
1413394898605760512,0.51877,1.74022,0.51201,-0.34099,0.55508,0.58780,0.47969,0.85946,-0.43388,0.32392,
1413394898705760512,0.59831,1.69524,0.54473,-0.34168,0.54523,0.60463,0.46948,0.65515,-0.42125,0.31570,
1413394898805760256,0.65828,1.65252,0.57788,-0.34165,0.54499,0.61697,0.45345,0.45759,-0.39053,0.33457,
1413394898905760512,0.69480,1.61607,0.61409,-0.33373,0.53810,0.62947,0.45038,0.25719,-0.32969,0.38120,
1413394899005760512,0.71504,1.58290,0.65098,-0.32319,0.53138,0.63956,0.45183,0.04795,-0.26815,0.34537,
1413394899105760512,0.71094,1.55558,0.68013,-0.31854,0.53699,0.64354,0.44276,-0.17195,-0.20359,0.22982,
1413394899205760512,0.68519,1.53742,0.69828,-0.31633,0.54431,0.64511,0.43300,-0.37363,-0.10605,0.12639,
1413394899305760256,0.63852,1.53140,0.70691,-0.31563,0.54354,0.64618,0.43289,-0.57718,-0.00247,0.05040,
1413394899405760512,0.57187,1.53619,0.70614,-0.33129,0.54983,0.63772,0.42573,-0.76355,0.08032,-0.07434,
1413394899505760512,0.48913,1.54971,0.69466,-0.35801,0.55944,0.62740,0.40648,-0.90161,0.16935,-0.16570,
1413394899605760512,0.39582,1.57305,0.67490,-0.37773,0.55566,0.62950,0.39025,-0.99085,0.26546,-0.20628,
1413394899705760512,0.29368,1.60632,0.65376,-0.39118,0.54146,0.64221,0.37599,-1.06612,0.36160,-0.17174,
1413394899805760256,0.18333,1.64574,0.63668,-0.40618,0.52011,0.65826,0.36220,-1.14735,0.44073,-0.12370,
1413394899905760512,0.06592,1.69151,0.62231,-0.42645,0.49335,0.67190,0.35113,-1.20918,0.48921,-0.09892,
1413394900005760512,-0.05686,1.74241,0.61456,-0.45269,0.47041,0.68031,0.33311,-1.24884,0.52826,0.01548,
1413394900105760512,-0.18276,1.79648,0.62063,-0.47734,0.44566,0.68753,0.31755,-1.26329,0.54456,0.15507,
1413394900205760512,-0.30839,1.85051,0.63244,0.50210,-0.42244,-0.69157,-0.30195,-1.24739,0.54013,0.17216,
1413394900305760256,-0.43137,1.90292,0.63788,0.51923,-0.39921,-0.69759,-0.29052,-1.20872,0.51722,0.07751,
1413394900405760512,-0.54946,1.95110,0.63579,0.53155,-0.37204,-0.70530,-0.28565,-1.16236,0.47358,-0.00496,
1413394900505760512,-0.66284,1.99391,0.62645,0.52987,-0.34139,-0.72162,-0.28629,-1.13587,0.41274,-0.10246,
1413394900605760512,-0.77586,2.02882,0.61236,0.52486,-0.31127,-0.73761,-0.28909,-1.14044,0.33425,-0.15168,
1413394900705760512,-0.89271,2.05490,0.59648,0.52438,-0.28015,-0.74898,-0.29253,-1.19464,0.21811,-0.13740,
1413394900805760256,-1.01662,2.06397,0.58849,0.52594,-0.25221,-0.75985,-0.28707,-1.27882,0.02099,-0.02499,
1413394900905760512,-1.14898,2.05497,0.59602,0.53182,-0.22959,-0.76930,-0.26950,-1.38682,-0.15850,0.13982,
1413394901005760512,-1.29057,2.02708,0.62202,0.54140,-0.20213,-0.77634,-0.25164,-1.47814,-0.33258,0.31700,
1413394901105760512,-1.43822,1.97990,0.65521,0.55447,-0.17422,-0.78049,-0.23031,-1.52405,-0.50685,0.30691,
1413394901205760512,-1.58840,1.91538,0.68340,0.57446,-0.15222,-0.77935,-0.19859,-1.50541,-0.65959,0.22162,
1413394901305760256,-1.73313,1.83590,0.70237,0.59607,-0.13943,-0.77514,-0.15629,-1.45217,-0.79034,0.12998,
1413394901405760512,-1.87066,1.74918,0.71401,0.61624,-0.13132,-0.76860,-0.11074,-1.36818,-0.84129,0.08256,
1413394901505760512,-1.99748,1.66134,0.71939,0.63545,-0.11912,-0.75910,-0.07605,-1.22086,-0.83907,-0.01613,
1413394901605760512,-2.10741,1.57338,0.71420,0.63757,-0.10233,-0.76185,-0.05108,-1.06589,-0.83143,-0.14511,
1413394901705760512,-2.20397,1.48923,0.69799,0.62494,-0.07518,-0.77615,-0.03733,-0.92377,-0.81448,-0.22879,
1413394901805760256,-2.28395,1.40539,0.68030,0.61606,-0.03657,-0.78621,-0.03173,-0.79152,-0.80898,-0.17493,
1413394901905760512,-2.35053,1.31644,0.67154,0.61573,0.00717,-0.78757,-0.02357,-0.68430,-0.85252,-0.08997,
1413394902005760512,-2.39439,1.22050,0.66995,0.61666,0.04694,-0.78579,-0.00753,-0.55116,-0.90698,-0.03061,
1413394902105760512,-2.42566,1.11639,0.68034,0.61599,0.07955,-0.78360,0.01379,-0.41878,-0.97881,0.05160,
1413394902205760512,-2.44179,1.00812,0.69016,0.61680,0.10702,-0.77894,0.03675,-0.28748,-1.02738,0.00216,
1413394902305760256,-2.45113,0.89632,0.69230,0.62220,0.13256,-0.76933,0.05849,-0.16091,-1.06528,-0.04526,
1413394902405760512,-2.44908,0.78375,0.68739,0.63222,0.15548,-0.75513,0.07677,0.00088,-1.08187,-0.08962,
1413394902505760512,-2.43703,0.67302,0.67666,0.63107,0.16349,-0.75032,0.10977,0.17569,-1.06746,-0.09601,
1413394902605760512,-2.41548,0.56638,0.66711,0.62313,0.15686,-0.75148,0.14961,0.32557,-0.99407,-0.10007,
1413394902705760512,-2.38192,0.46780,0.66032,0.60707,0.14520,-0.75935,0.18378,0.39011,-0.85616,-0.05483,
1413394902805760256,-2.34535,0.37868,0.65461,0.59118,0.13471,-0.76839,0.20478,0.42282,-0.68685,-0.03737,
1413394902905760512,-2.31064,0.30378,0.65027,0.57887,0.13449,-0.77843,0.20218,0.42341,-0.50408,-0.04774,
1413394903055760384,-2.25500,0.22493,0.63153,0.56995,0.13495,-0.78977,0.18222,0.40168,-0.28541,-0.20797,
1413394903255760384,-2.17913,0.17695,0.56129,0.53481,0.10740,-0.82263,0.16041,0.32975,-0.06830,-0.46348,
1413394903455760384,-2.13463,0.17336,0.47754,0.54799,0.08435,-0.82451,0.11302,0.11958,0.10521,-0.32528,
1413394903605760512,-2.12628,0.18755,0.44438,0.57244,0.07467,-0.81184,0.08746,0.02943,0.16899,-0.13239,
1413394903705760512,-2.12720,0.20132,0.44209,0.58115,0.07345,-0.80713,0.07350,0.02113,0.19355,0.03151,
1413394903805760256,-2.13143,0.22055,0.45738,0.58442,0.07590,-0.80557,0.06131,0.04035,0.19348,0.16797,
1413394903905760512,-2.13741,0.24051,0.48496,0.58393,0.08460,-0.80625,0.04277,0.04904,0.18115,0.17437,
1413394904005760512,-2.13664,0.25796,0.50279,0.58150,0.07950,-0.80908,0.03048,0.06659,0.14516,0.06702,
1413394904105760512,-2.13663,0.27299,0.50931,0.57316,0.05377,-0.81710,0.03054,0.06492,0.12815,-0.02261,
1413394904205760512,-2.13650,0.28675,0.50656,0.56112,0.02047,-0.82702,0.02769,0.03135,0.13638,-0.10376,
1413394904305760256,-2.14129,0.30346,0.49522,0.54710,-0.01232,-0.83687,0.01369,-0.03919,0.17768,-0.18814,
1413394904405760512,-2.15366,0.32480,0.47608,0.53578,-0.04725,-0.84300,-0.00804,-0.12994,0.21532,-0.25532,
1413394904505760512,-2.17502,0.34963,0.45336,0.53253,-0.08075,-0.84168,-0.03830,-0.24294,0.26802,-0.22945,
1413394904605760512,-2.20491,0.37742,0.43401,0.54403,-0.11538,-0.82813,-0.07015,-0.31090,0.27826,-0.18306,
1413394904705760512,-2.24274,0.40581,0.41942,0.55738,-0.15159,-0.81029,-0.09893,-0.38358,0.29619,-0.13097,
1413394904805760256,-2.28371,0.43579,0.40769,0.56472,-0.18477,-0.79394,-0.12888,-0.38878,0.28741,-0.09989,
1413394904905760512,-2.32376,0.46459,0.40029,0.57123,-0.21696,-0.77542,-0.15922,-0.37355,0.26785,-0.04424,
1413394905005760512,-2.35976,0.49017,0.39735,0.58478,-0.24740,-0.74909,-0.18892,-0.31391,0.22096,0.00554,
1413394905105760512,-2.38702,0.50929,0.39781,0.59874,-0.27796,-0.71997,-0.21421,-0.20952,0.13899,0.03030,
1413394905205760512,-2.40152,0.51938,0.39722,0.59553,-0.31317,-0.70445,-0.22589,-0.07076,0.03694,-0.02881,
1413394905305760256,-2.40282,0.52063,0.39130,0.56044,-0.35413,-0.71578,-0.21944,0.03214,-0.02537,-0.08033,
1413394905405760512,-2.39689,0.52069,0.38307,0.50377,-0.39073,-0.74376,-0.20092,0.07357,0.01386,-0.06666,
1413394905505760512,-2.39219,0.53144,0.37881,-0.45004,0.41360,0.76903,0.18705,0.02933,0.20246,-0.00557,
1413394905605760512,-2.39616,0.56622,0.38131,-0.41589,0.42188,0.78423,0.18448,-0.10184,0.49428,0.10495,
1413394905705760512,-2.41866,0.63169,0.39843,-0.43519,0.40364,0.77536,0.21565,-0.28388,0.74891,0.22845,
1413394905805760256,-2.45482,0.71393,0.42504,-0.49155,0.37625,0.74305,0.25434,-0.36802,0.83887,0.28863,
1413394905905760512,-2.49522,0.79641,0.45350,0.55351,-0.34672,-0.70095,-0.28648,-0.36709,0.75875,0.28500,
1413394906005760512,-2.52869,0.86484,0.48149,0.60099,-0.32502,-0.66459,-0.30246,-0.27259,0.56805,0.27533,
1413394906105760512,-2.54799,0.90991,0.51004,0.63561,-0.31565,-0.63723,-0.30050,-0.08413,0.32477,0.28691,
1413394906205760512,-2.54508,0.93110,0.54093,0.64582,-0.32862,-0.63033,-0.27860,0.16321,0.09311,0.31314,
1413394906305760256,-2.51750,0.93258,0.57046,0.61493,-0.35904,-0.65574,-0.25091,0.41338,-0.06563,0.27801,
1413394906405760512,-2.47084,0.92394,0.59482,0.56550,-0.39096,-0.68676,-0.23603,0.58155,-0.11155,0.19549,
1413394906505760512,-2.40841,0.91462,0.61045,-0.49953,0.41710,0.72074,0.23882,0.66743,-0.06108,0.13369,
1413394906605760512,-2.34261,0.91417,0.61913,-0.44311,0.44199,0.73996,0.24648,0.62989,0.07038,0.07832,
1413394906705760512,-2.28341,0.92725,0.62349,-0.42077,0.45776,0.73513,0.27018,0.51050,0.23857,0.07285,
1413394906805760256,-2.23581,0.95270,0.62886,-0.44472,0.45964,0.70216,0.31294,0.41918,0.34871,0.05732,
1413394906905760512,-2.19599,0.98377,0.63068,-0.48606,0.44892,0.65672,0.36185,0.35936,0.31297,0.02864,
1413394907005760512,-2.16117,1.00569,0.63295,0.52756,-0.43169,-0.60987,-0.40421,0.32564,0.12085,0.03085,
1413394907105760512,-2.12805,1.00200,0.63801,0.56341,-0.41880,-0.56884,-0.42847,0.36638,-0.18076,0.04987,
1413394907205760512,-2.08962,0.96545,0.63753,0.56426,-0.43013,-0.56594,-0.41990,0.43728,-0.54328,-0.03016,
1413394907305760256,-2.04418,0.89699,0.63063,0.53080,-0.46324,-0.59546,-0.38612,0.50827,-0.80849,-0.04633,
1413394907405760512,-2.00501,0.81130,0.61184,-0.48518,0.51026,0.62876,0.32999,0.54371,-0.91660,-0.11805,
1413394907505760512,-1.95698,0.72613,0.58884,-0.45401,0.56561,0.63694,0.26131,0.62372,-0.81772,-0.18000,
1413394907605760512,-1.88783,0.65487,0.56748,-0.42752,0.60620,0.63312,0.22117,0.77722,-0.56281,-0.19214,
1413394907705760512,-1.80205,0.61605,0.54791,-0.40599,0.61625,0.63225,0.23595,0.95197,-0.18893,-0.12873,
1413394907805760256,-1.70811,0.61039,0.53349,-0.41022,0.58638,0.62643,0.30898,1.00401,0.04421,-0.12376,
1413394907905760512,-1.61223,0.62032,0.51237,-0.43420,0.54178,0.60709,0.38650,0.95847,0.08600,-0.22828,
1413394908005760512,-1.51773,0.62621,0.48186,-0.45956,0.50662,0.58597,0.43449,0.89825,-0.01943,-0.31384,
1413394908105760512,-1.43207,0.61628,0.44226,-0.46638,0.49563,0.58102,0.44638,0.83387,-0.18176,-0.44046,
1413394908205760512,-1.35344,0.59388,0.39434,-0.43891,0.51532,0.60475,0.41963,0.76266,-0.31083,-0.49191,
1413394908305760256,-1.27911,0.56287,0.34745,-0.39738,0.53942,0.63629,0.38241,0.68029,-0.33141,-0.45253,
1413394908405760512,-1.21523,0.53644,0.30738,-0.36584,0.55994,0.65815,0.34563,0.58177,-0.21572,-0.33790,
1413394908505760512,-1.16287,0.53100,0.28199,-0.35330,0.57751,0.66593,0.31337,0.48645,0.02953,-0.16251,
1413394908605760512,-1.11768,0.55739,0.28353,-0.36863,0.56682,0.66221,0.32297,0.41997,0.35444,0.15230,
1413394908705760512,-1.07904,0.60239,0.31105,-0.41376,0.53085,0.64148,0.36810,0.35597,0.41820,0.32867,
1413394908805760256,-1.06502,0.65615,0.35584,-0.45973,0.49147,0.61387,0.41263,0.27263,0.32683,0.41885,
1413394908905760512,-1.04878,0.68438,0.40364,-0.49875,0.46244,0.58656,0.43971,0.22504,0.09093,0.51393,
1413394909005760512,-1.03100,0.68563,0.46105,0.53252,-0.45034,-0.56322,-0.44316,0.21347,-0.16887,0.57520,
1413394909105760512,-1.01005,0.67369,0.51725,0.52767,-0.46979,-0.57338,-0.41485,0.24974,-0.37545,0.53278,
1413394909205760512,-0.99473,0.65177,0.56800,-0.49230,0.50586,0.60102,0.37486,0.31300,-0.50924,0.43656,
1413394909305760256,-0.96728,0.62264,0.60963,-0.44269,0.54426,0.62524,0.34188,0.36602,-0.51221,0.36481,
1413394909405760512,-0.94967,0.61757,0.64782,-0.41083,0.57949,0.62521,0.32330,0.37925,-0.35887,0.33311,
1413394909505760512,-0.91960,0.61368,0.68155,-0.40610,0.60069,0.60268,0.33321,0.41569,-0.17234,0.32574,
1413394909605760512,-0.87820,0.63051,0.71251,-0.42412,0.60896,0.56619,0.35878,0.47690,-0.03535,0.34255,
1413394909705760512,-0.82812,0.64773,0.74648,-0.44308,0.60577,0.53363,0.38983,0.56887,0.00466,0.38214,
1413394909805760256,-0.76767,0.65243,0.78523,-0.45755,0.58513,0.50950,0.43437,0.64262,-0.07118,0.44052,
1413394909905760512,-0.70164,0.64820,0.82523,-0.46767,0.56193,0.49289,0.47179,0.66248,-0.22735,0.39180,
1413394910005760512,-0.63114,0.63214,0.85455,-0.44875,0.56148,0.50762,0.47506,0.67162,-0.41443,0.31489,
1413394910105760512,-0.56481,0.59570,0.87216,-0.40972,0.58135,0.53832,0.45207,0.63738,-0.49490,0.21283,
1413394910205760512,-0.50597,0.55594,0.87760,-0.37494,0.60780,0.56392,0.41472,0.59081,-0.48091,0.11386,
1413394910305760256,-0.45360,0.52037,0.87400,-0.34733,0.62985,0.58297,0.37788,0.56098,-0.35905,0.03973,
1413394910405760512,-0.40566,0.49893,0.86196,-0.33185,0.64347,0.59361,0.35135,0.54461,-0.17969,-0.08060,
1413394910505760512,-0.35766,0.49973,0.84498,-0.33109,0.64260,0.59677,0.34829,0.54240,0.10103,-0.05757,
1413394910605760512,-0.30629,0.52332,0.83386,-0.36276,0.61509,0.58281,0.38781,0.53473,0.29225,-0.04625,
1413394910705760512,-0.25643,0.55284,0.82813,-0.41268,0.57678,0.55300,0.43728,0.49807,0.30870,-0.05624,
1413394910805760256,-0.21217,0.57859,0.81711,-0.45688,0.54784,0.52250,0.46704,0.46343,0.15860,-0.09886,
1413394910905760512,-0.16738,0.58395,0.80228,-0.48432,0.53434,0.50413,0.47515,0.46457,-0.07080,-0.11931,
1413394911005760512,-0.12479,0.56582,0.78499,0.50041,-0.53376,-0.49573,-0.46791,0.47807,-0.33366,-0.17642,
1413394911105760512,-0.07484,0.52124,0.76213,-0.47581,0.55385,0.52028,0.44292,0.53877,-0.57771,-0.24769,
1413394911205760512,-0.01777,0.45701,0.73722,-0.42158,0.58028,0.56184,0.41216,0.56681,-0.67636,-0.27222,
1413394911305760256,0.03986,0.38997,0.70873,-0.37545,0.60302,0.59115,0.38204,0.56990,-0.63180,-0.31764,
1413394911405760512,0.09388,0.33502,0.67518,-0.34315,0.61918,0.60639,0.36216,0.54101,-0.45598,-0.34001,
1413394911505760512,0.14680,0.30062,0.63840,-0.32883,0.62600,0.61119,0.35559,0.50557,-0.24205,-0.39360,
1413394911605760512,0.19656,0.28815,0.59914,-0.33982,0.62127,0.59966,0.37277,0.46740,-0.02069,-0.37672,
1413394911705760512,0.24274,0.29591,0.56476,-0.37526,0.59983,0.57106,0.41625,0.41975,0.11040,-0.29256,
1413394911805760256,0.28179,0.30447,0.53821,-0.41463,0.57017,0.53810,0.46200,0.36340,0.02611,-0.19251,
1413394911905760512,0.31459,0.29806,0.51922,-0.43862,0.54980,0.51428,0.49077,0.27356,-0.18279,-0.11894,
1413394912005760512,0.34074,0.27279,0.50409,-0.42645,0.55927,0.51987,0.48487,0.21614,-0.35299,-0.10794,
1413394912105760512,0.35962,0.23550,0.49661,-0.39014,0.59158,0.54357,0.44984,0.14753,-0.45275,-0.01317,
1413394912205760512,0.37526,0.19437,0.49487,-0.35155,0.62278,0.56079,0.41721,0.11420,-0.42772,0.02594,
1413394912305760256,0.38628,0.15984,0.49856,-0.32319,0.64510,0.56320,0.40275,0.08260,-0.28065,0.08815,
1413394912405760512,0.39489,0.14228,0.50560,-0.30699,0.66324,0.55202,0.40142,0.07432,-0.07684,0.09727,
1413394912505760512,0.40032,0.14896,0.52109,-0.30378,0.67909,0.52827,0.40924,0.07100,0.12440,0.16633,
1413394912605760512,0.40541,0.17313,0.54229,-0.31486,0.68692,0.49421,0.42983,0.08993,0.25741,0.21586,
1413394912705760512,0.40410,0.22693,0.56436,-0.32712,0.69191,0.45788,0.45232,0.11021,0.35908,0.24048,
1413394912805760256,0.41455,0.27212,0.58932,-0.33144,0.69853,0.42935,0.46675,0.13703,0.38938,0.23251,
1413394912905760512,0.43089,0.31659,0.61239,-0.32835,0.70303,0.41484,0.47523,0.17787,0.39575,0.23655,
1413394913005760512,0.44909,0.36082,0.63505,-0.31082,0.70216,0.41610,0.48706,0.19042,0.40128,0.23575,
1413394913105760512,0.46823,0.40519,0.65792,-0.29656,0.69909,0.41972,0.49716,0.17383,0.41650,0.24378,
1413394913205760512,0.48381,0.44992,0.68108,-0.29226,0.69457,0.42583,0.50082,0.12346,0.44667,0.25224,
1413394913305760256,0.49247,0.49623,0.70645,-0.30053,0.68368,0.43730,0.50104,0.04650,0.47127,0.27740,
1413394913405760512,0.49474,0.54381,0.73469,-0.31729,0.66503,0.45496,0.50008,-0.02754,0.48778,0.25376,
1413394913505760512,0.48908,0.59109,0.75397,-0.33294,0.64145,0.48274,0.49462,-0.09818,0.46441,0.14445,
1413394913605760512,0.47548,0.63704,0.76178,-0.34291,0.61179,0.51847,0.48919,-0.19954,0.43993,0.04498,
1413394913705760512,0.45017,0.67948,0.75700,-0.35127,0.58308,0.55635,0.47655,-0.31140,0.41037,-0.10184,
1413394913805760256,0.41265,0.71824,0.73640,-0.36495,0.56292,0.59045,0.44868,-0.43380,0.39608,-0.24224,
1413394913905760512,0.36460,0.75789,0.70367,-0.38800,0.54834,0.61502,0.41295,-0.52911,0.41014,-0.33814,
1413394914005760512,0.31150,0.80183,0.66195,-0.41556,0.53118,0.63257,0.38081,-0.57596,0.42141,-0.41310,
1413394914105760512,0.25302,0.84867,0.61691,-0.43725,0.50705,0.65049,0.35856,-0.62426,0.44746,-0.39946,
1413394914205760512,0.19042,0.89736,0.57951,-0.45153,0.47395,0.67182,0.34664,-0.66374,0.46931,-0.25075,
1413394914305760256,0.12274,0.94568,0.55686,-0.46296,0.43868,0.69346,0.33516,-0.72670,0.46015,-0.10882,
1413394914405760512,0.04630,0.99119,0.55148,-0.47315,0.40359,0.71296,0.32392,-0.82122,0.43418,0.05309,
1413394914505760512,-0.04024,1.03330,0.56181,-0.48369,0.37250,0.72814,0.31160,-0.92246,0.42519,0.19949,
1413394914605760512,-0.13672,1.07180,0.57869,-0.49650,0.35654,0.73645,0.28984,-0.98247,0.36069,0.16386,
1413394914705760512,-0.23933,1.10982,0.58755,0.51015,-0.34705,-0.74048,-0.26644,-1.02809,0.33686,0.06381,
1413394914805760256,-0.34613,1.14278,0.58684,0.52188,-0.33681,-0.74419,-0.24575,-1.06009,0.31119,-0.03780,
1413394914905760512,-0.45386,1.17191,0.57652,0.52816,-0.31992,-0.75042,-0.23574,-1.06956,0.29079,-0.13322,
1413394915005760512,-0.56130,1.19605,0.55365,0.53395,-0.29627,-0.75667,-0.23360,-1.08232,0.23307,-0.26170,
1413394915105760512,-0.66986,1.20777,0.52446,0.54058,-0.26359,-0.76340,-0.23563,-1.11603,0.12924,-0.26965,
1413394915205760512,-0.78126,1.20824,0.49804,0.54182,-0.22727,-0.77476,-0.23350,-1.16455,0.01111,-0.22538,
1413394915305760256,-0.89544,1.19280,0.47603,0.54472,-0.19006,-0.78496,-0.22581,-1.19429,-0.16539,-0.19709,
1413394915405760512,-1.01291,1.16013,0.45749,0.55162,-0.15472,-0.79115,-0.21413,-1.24439,-0.35566,-0.15438,
1413394915505760512,-1.13272,1.10798,0.44273,0.56100,-0.12106,-0.79424,-0.19953,-1.26650,-0.56804,-0.12020,
1413394915605760512,-1.25756,1.03728,0.43147,0.58145,-0.09672,-0.79121,-0.16294,-1.27255,-0.77390,-0.10348,
1413394915705760512,-1.37822,0.94638,0.42163,0.60364,-0.07857,-0.78589,-0.10875,-1.21153,-0.93984,-0.09583,
1413394915805760256,-1.49075,0.84617,0.41470,0.62205,-0.05053,-0.77879,-0.06303,-1.08183,-1.01600,-0.03579,
1413394915905760512,-1.59140,0.74144,0.41371,0.63982,-0.01558,-0.76784,-0.02841,-0.92978,-1.05418,-0.00375,
1413394916005760512,-1.67715,0.63591,0.41479,0.64735,0.01766,-0.76198,0.00087,-0.75329,-1.06578,-0.00243,
1413394916105760512,-1.74731,0.53083,0.41756,0.65005,0.04480,-0.75805,0.02803,-0.56582,-1.05550,0.04102,
1413394916205760512,-1.80123,0.42718,0.41999,0.63533,0.06904,-0.76758,0.04912,-0.38371,-1.03472,0.02131,
1413394916305760256,-1.84052,0.32460,0.42230,0.61030,0.09288,-0.78385,0.06697,-0.28514,-1.03077,0.05033,
1413394916405760512,-1.86964,0.22270,0.42509,0.58820,0.10733,-0.79541,0.09914,-0.22525,-1.00896,0.00517,
1413394916505760512,-1.89473,0.12452,0.41908,0.56808,0.11297,-0.80218,0.14504,-0.21980,-0.94318,-0.08150,
1413394916605760512,-1.92367,0.03402,0.40480,0.55939,0.11392,-0.79639,0.19967,-0.26733,-0.83176,-0.17411,
1413394916705760512,-1.95435,-0.03930,0.37999,0.54982,0.12794,-0.78772,0.24663,-0.31375,-0.64490,-0.29068,
1413394916855760640,-2.00980,-0.10980,0.32339,0.52856,0.19328,-0.78131,0.26987,-0.41947,-0.32680,-0.45086,
1413394917055760384,-2.11133,-0.14845,0.21743,0.50410,0.30564,-0.76371,0.26307,-0.58799,-0.10310,-0.53814,
1413394917255760384,-2.23888,-0.17492,0.11188,-0.47699,-0.41051,0.73219,-0.26050,-0.66316,-0.17480,-0.47379,
1413394917455760384,-2.37629,-0.23466,0.01859,-0.45539,-0.46723,0.70614,-0.27509,-0.68670,-0.38625,-0.42193,
1413394917655760640,-2.51553,-0.34098,-0.05780,-0.47313,-0.49327,0.67489,-0.27813,-0.66125,-0.68688,-0.32144,
1413394917855760640,-2.63253,-0.50573,-0.09442,-0.49833,-0.50610,0.65211,-0.26510,-0.43546,-0.93923,-0.07984,
1413394918055760384,-2.68048,-0.71742,-0.10445,-0.49908,-0.52717,0.63504,-0.26407,-0.06928,-1.16456,-0.16455,
1413394918255760384,-2.65313,-0.96497,-0.13719,-0.45437,-0.52247,0.64263,-0.32804,0.17664,-1.30784,-0.18325,
1413394918455760384,-2.61255,-1.23214,-0.16611,-0.39201,-0.51768,0.65264,-0.39038,0.11890,-1.38066,-0.13256,
1413394918655760640,-2.61435,-1.51475,-0.18083,-0.37791,-0.54807,0.62042,-0.41459,-0.11861,-1.44749,-0.05671,
1413394918855760640,-2.65029,-1.80231,-0.18498,0.39731,0.59436,-0.56332,0.41419,-0.20716,-1.44755,0.04159,
1413394919055760384,-2.68081,-2.08099,-0.15056,0.41200,0.60757,-0.51268,0.44529,-0.07339,-1.31061,0.32418,
1413394919255760384,-2.68807,-2.31002,-0.05376,0.39171,0.61635,-0.47437,0.49158,-0.01210,-0.99681,0.62743,
1413394919455760384,-2.68806,-2.46753,0.08632,0.39114,0.64546,-0.40918,0.51280,0.01710,-0.62012,0.70425,
1413394919655760640,-2.67245,-2.54931,0.21670,0.34759,0.70261,-0.37630,0.49389,0.14569,-0.25663,0.53717,
1413394919855760640,-2.62587,-2.58317,0.30944,0.25635,0.74143,-0.37500,0.49390,0.28630,-0.17112,0.34067,
1413394920055760384,-2.55532,-2.62334,0.36462,0.19208,0.77655,-0.33401,0.49851,0.39905,-0.28121,0.15275,
1413394920255760384,-2.46150,-2.68986,0.37417,0.14470,0.80921,-0.26691,0.50298,0.52761,-0.42728,-0.07509,
1413394920455760384,-2.33935,-2.78053,0.35500,0.13533,0.82160,-0.18354,0.52246,0.71275,-0.49215,-0.09132,
1413394920655760640,-2.18042,-2.86926,0.33918,0.14799,0.82271,-0.11471,0.53673,0.87928,-0.37175,-0.01886,
1413394920855760640,-1.99373,-2.91969,0.32388,0.14554,0.82756,-0.09661,0.53351,1.02195,-0.09270,-0.06956,
1413394921055760384,-1.77228,-2.93382,0.27707,0.12455,0.82897,-0.11839,0.53224,1.20387,0.09483,-0.21157,
1413394921255760384,-1.51019,-2.92180,0.22894,0.09197,0.81217,-0.16221,0.55282,1.30021,0.12173,-0.37495,
1413394921455760384,-1.23420,-2.92687,0.14459,0.02878,0.80095,-0.23196,0.55122,1.30308,-0.11439,-0.55428,
1413394921655760640,-0.97305,-2.99639,0.02726,0.07555,0.80658,-0.21805,0.54422,1.28660,-0.51993,-0.55338,
1413394921855760640,-0.71260,-3.10243,-0.07857,0.14261,0.79593,-0.16890,0.56360,1.32583,-0.51049,-0.45880,
1413394922055760384,-0.45791,-3.18943,-0.15386,0.10201,0.77013,-0.14354,0.61309,1.20713,-0.37627,-0.23424,
1413394922255760384,-0.24834,-3.25716,-0.17367,0.06318,0.78938,-0.08806,0.60426,0.93532,-0.32079,0.06615,
1413394922455760384,-0.07316,-3.31508,-0.12687,0.06510,0.81811,-0.02188,0.57095,0.90084,-0.22528,0.51452,
1413394922655760640,0.10907,-3.34461,-0.00977,0.02703,0.82373,-0.01610,0.56610,0.93809,-0.08810,0.64927,
1413394922855760640,0.32214,-3.36740,0.12054,0.00265,0.83420,-0.02189,0.55102,1.02112,-0.09008,0.66198,
1413394923055760384,0.53899,-3.39664,0.24905,0.00139,0.84263,-0.02195,0.53805,1.16168,-0.12998,0.53875,
1413394923255760384,0.77555,-3.42075,0.35048,0.02525,0.83402,-0.00823,0.55110,1.31935,-0.11393,0.52385,
1413394923455760384,1.04219,-3.42769,0.44533,0.01963,0.83217,-0.00565,0.55415,1.38167,0.03027,0.49354,
1413394923655760640,1.34370,-3.41308,0.52975,-0.00650,0.83935,0.02220,0.54309,1.53775,0.10791,0.45367,
1413394923855760640,1.66656,-3.38077,0.58709,-0.02360,0.82423,0.08289,0.55965,1.61063,0.22515,0.22076,
1413394924055760384,1.98525,-3.32088,0.60319,-0.05843,0.80874,0.13856,0.56862,1.57134,0.36867,0.02496,
1413394924255760384,2.28254,-3.22974,0.59852,-0.12113,0.79889,0.17974,0.56107,1.48170,0.48045,0.05833,
1413394924455760384,2.56694,-3.13116,0.60906,-0.17989,0.78627,0.22580,0.54629,1.46377,0.46285,0.11239,
1413394924655760640,2.85231,-3.04125,0.62787,-0.21076,0.76333,0.28936,0.53776,1.42644,0.44518,0.15099,
1413394924855760640,3.13175,-2.95086,0.65283,-0.23023,0.72348,0.35909,0.54280,1.32494,0.47157,0.21343,
1413394924955760384,3.25942,-2.90460,0.66248,-0.23466,0.69886,0.38920,0.55231,1.21686,0.47433,0.23384,
1413394925055760384,3.36703,-2.85690,0.67360,-0.23311,0.67791,0.41230,0.56223,1.04886,0.47938,0.22067,
1413394925155760640,3.45498,-2.80768,0.68881,-0.23250,0.67371,0.43151,0.55304,0.83344,0.52430,0.21477,
1413394925255760384,3.51298,-2.75125,0.70571,-0.22878,0.67020,0.45259,0.54190,0.63118,0.57826,0.22705,
1413394925355760640,3.52979,-2.68707,0.71834,-0.22580,0.66465,0.46891,0.53608,0.42736,0.66837,0.16729,
1413394925455760384,3.52705,-2.61901,0.72579,-0.23404,0.66472,0.47201,0.52970,0.22661,0.75882,0.05308,
1413394925555760384,3.51011,-2.54390,0.72346,-0.24591,0.66803,0.46884,0.52293,0.05048,0.83989,-0.05606,
1413394925655760640,3.49342,-2.46207,0.71160,-0.25747,0.67062,0.46636,0.51621,-0.09907,0.88725,-0.15409,
1413394925755760384,3.46707,-2.37355,0.69478,-0.28045,0.68044,0.45328,0.50287,-0.21197,0.93498,-0.15817,
1413394925855760640,3.44248,-2.27727,0.68222,-0.29721,0.68902,0.44149,0.49194,-0.26026,0.96828,-0.12847,
1413394925955760384,3.41332,-2.18013,0.67132,-0.30645,0.69241,0.43763,0.48492,-0.27211,0.98241,-0.09837,
1413394926055760384,3.37916,-2.08214,0.66260,-0.30522,0.68903,0.44556,0.48328,-0.29047,1.00944,-0.08887,
1413394926155760640,3.34435,-1.98202,0.65250,-0.29720,0.68330,0.45774,0.48503,-0.31467,1.01937,-0.08812,
1413394926255760384,3.30688,-1.87904,0.64328,-0.28979,0.67871,0.46801,0.48614,-0.36430,1.06006,-0.07657,
1413394926355760640,3.26593,-1.77178,0.63455,-0.29304,0.68305,0.46900,0.47708,-0.41445,1.10969,-0.08709,
1413394926455760384,3.22501,-1.65626,0.62675,-0.29718,0.68799,0.46930,0.46703,-0.43157,1.18668,-0.06316,
1413394926555760384,3.18129,-1.53334,0.62195,-0.30890,0.68576,0.47282,0.45908,-0.45047,1.26519,-0.04176,
1413394926655760640,3.13690,-1.40257,0.61943,-0.33263,0.67798,0.47985,0.44660,-0.45140,1.32234,-0.03097,
1413394926755760384,3.09301,-1.26919,0.61728,-0.36844,0.66850,0.48650,0.42506,-0.41984,1.34304,-0.01312,
1413394926855760640,3.05493,-1.13586,0.61771,-0.40654,0.65833,0.49404,0.39655,-0.32160,1.32774,-0.00115,
1413394926955760384,3.02978,-1.00437,0.61636,-0.43507,0.64521,0.50624,0.37167,-0.16167,1.31814,-0.04680,
1413394927055760384,3.02524,-0.87457,0.60839,-0.44741,0.62835,0.52330,0.36216,0.03731,1.32495,-0.11940,
1413394927155760640,3.03899,-0.74776,0.59065,-0.43672,0.60252,0.55125,0.37733,0.18019,1.29844,-0.20448,
1413394927255760384,3.06513,-0.62619,0.57240,-0.42318,0.57871,0.57413,0.39546,0.25527,1.29350,-0.12377,
1413394927355760640,3.09665,-0.51341,0.56473,-0.41240,0.56658,0.58871,0.40290,0.26015,1.25245,0.00227,
1413394927455760384,3.12583,-0.39848,0.56957,-0.40935,0.56564,0.59444,0.39890,0.23976,1.25268,0.12271,
1413394927555760384,3.14983,-0.27706,0.58791,-0.40852,0.56990,0.59595,0.39136,0.20734,1.24002,0.25580,
1413394927655760640,3.16889,-0.15636,0.62057,-0.41049,0.57173,0.59485,0.38829,0.18223,1.23793,0.32917,
1413394927755760384,3.18712,-0.03422,0.65630,-0.41320,0.56988,0.59601,0.38636,0.16847,1.25672,0.35332,
1413394927855760640,3.20297,0.08591,0.68814,-0.41381,0.56370,0.59857,0.39079,0.15229,1.25976,0.25600,
1413394927955760384,3.21669,0.20506,0.70937,-0.41406,0.56235,0.60021,0.38996,0.12640,1.26572,0.14990,
1413394928055760384,3.22834,0.32388,0.72145,-0.41551,0.55818,0.60061,0.39377,0.11254,1.25174,0.06289,
1413394928155760640,3.23714,0.44283,0.72859,-0.41474,0.54594,0.60199,0.40933,0.07375,1.23816,0.00092,
1413394928255760384,3.24034,0.56090,0.72943,-0.41878,0.53222,0.59898,0.42731,-0.00289,1.20208,-0.00590,
1413394928355760640,3.23564,0.67152,0.73080,-0.42370,0.52326,0.59394,0.44036,-0.09123,1.10612,0.01793,
1413394928455760384,3.22199,0.77081,0.73285,-0.43010,0.52876,0.58857,0.43475,-0.17119,0.98527,0.01831,
1413394928555760384,3.20254,0.86003,0.73680,-0.43643,0.54139,0.58305,0.42009,-0.21751,0.88659,0.04586,
1413394928655760640,3.18068,0.94306,0.74304,-0.43815,0.55092,0.58010,0.40987,-0.23236,0.82455,0.07148,
1413394928755760384,3.15818,1.02125,0.75100,-0.43639,0.55551,0.57923,0.40678,-0.23314,0.76968,0.07433,
1413394928855760640,3.13503,1.09444,0.75563,-0.43139,0.55550,0.58075,0.40994,-0.22621,0.72659,0.00692,
1413394928955760384,3.11077,1.16505,0.75148,-0.42449,0.55275,0.58383,0.41643,-0.24873,0.70666,-0.10628,
1413394929055760384,3.08355,1.22808,0.73790,-0.42418,0.55265,0.58273,0.41842,-0.28944,0.63386,-0.16465,
1413394929155760640,3.05342,1.28953,0.72137,-0.43156,0.54922,0.57652,0.42394,-0.32006,0.58159,-0.15344,
1413394929255760384,3.02021,1.34005,0.70695,-0.44146,0.54806,0.56884,0.42565,-0.33666,0.49533,-0.12797,
1413394929355760640,2.98716,1.38278,0.69637,-0.45266,0.55099,0.56072,0.42083,-0.32609,0.39306,-0.10618,
1413394929455760384,2.95658,1.41534,0.69003,-0.45490,0.55632,0.55902,0.41360,-0.29760,0.30421,-0.06612,
1413394929555760384,2.93116,1.43836,0.68529,-0.44562,0.56714,0.56604,0.39923,-0.24885,0.23523,-0.05548,
1413394929655760640,2.91178,1.45428,0.68295,-0.43239,0.57531,0.57505,0.38907,-0.19695,0.20976,-0.00981,
1413394929755760384,2.89587,1.47172,0.68234,-0.42172,0.57556,0.58196,0.39014,-0.17444,0.22122,-0.02750,
1413394929855760640,2.88127,1.49045,0.67595,-0.41807,0.57263,0.58394,0.39538,-0.16277,0.23293,-0.10948,
1413394929955760384,2.86579,1.51120,0.66157,-0.42400,0.56718,0.57911,0.40394,-0.16762,0.22104,-0.18410,
1413394930055760384,2.85118,1.52842,0.63741,-0.43145,0.55932,0.57305,0.41549,-0.16771,0.15945,-0.28984,
1413394930155760640,2.83878,1.53684,0.60738,-0.43730,0.55180,0.56803,0.42618,-0.16459,0.08992,-0.27663,
1413394930255760384,2.82367,1.54095,0.58187,-0.44682,0.54342,0.56053,0.43687,-0.18849,-0.00842,-0.22006,
1413394930355760640,2.80626,1.53395,0.56092,-0.46049,0.54555,0.55059,0.43265,-0.18059,-0.12956,-0.21310,
1413394930455760384,2.79072,1.51679,0.53708,-0.44867,0.56790,0.56002,0.40319,-0.14453,-0.21846,-0.24768,
1413394930555760384,2.77905,1.49537,0.50806,-0.42009,0.59818,0.57888,0.36138,-0.09413,-0.23091,-0.34168,
1413394930655760640,2.77361,1.47716,0.46861,-0.38995,0.62412,0.59479,0.32347,-0.01754,-0.14260,-0.43383,
1413394930755760384,2.77623,1.47908,0.42638,-0.36718,0.62497,0.60863,0.32275,0.04995,0.12106,-0.39178,
1413394930855760640,2.78414,1.50546,0.38847,-0.37274,0.60405,0.60684,0.35768,0.06959,0.32281,-0.35398,
1413394930955760384,2.79107,1.54695,0.35612,-0.39826,0.57739,0.59051,0.39914,0.04322,0.42564,-0.28760,
1413394931055760384,2.79374,1.59063,0.33202,-0.42265,0.55623,0.57233,0.42943,-0.00008,0.41362,-0.16474,
1413394931155760640,2.79239,1.62551,0.31813,-0.43353,0.54643,0.56274,0.44362,-0.03478,0.29371,-0.06869,
1413394931255760384,2.78718,1.64824,0.32082,-0.43961,0.54242,0.55661,0.45023,-0.08683,0.16761,0.10772,
1413394931355760640,2.77766,1.66072,0.34659,-0.44796,0.53692,0.54826,0.45877,-0.12046,0.06753,0.34026,
1413394931455760384,2.76446,1.65662,0.38445,-0.44534,0.54289,0.54903,0.45334,-0.14590,-0.08671,0.31148,
1413394931555760384,2.74753,1.64015,0.41188,-0.42251,0.56042,0.56437,0.43464,-0.17385,-0.19028,0.21100,
1413394931655760640,2.72813,1.61971,0.42801,-0.40364,0.56909,0.57900,0.42186,-0.21267,-0.21339,0.13777,
1413394931755760384,2.70524,1.59250,0.44202,-0.38985,0.56126,0.59828,0.41841,-0.27896,-0.20541,0.09107,
1413394931855760640,2.67429,1.56225,0.45095,-0.38540,0.54249,0.62036,0.41512,-0.38830,-0.19276,0.01765,
1413394931955760384,2.63019,1.53686,0.45097,-0.40024,0.52584,0.63694,0.39699,-0.51393,-0.15317,-0.00908,
1413394932055760384,2.57373,1.51597,0.45571,-0.43098,0.50328,0.64780,0.37593,-0.60935,-0.14687,0.11790,
1413394932155760640,2.50831,1.49466,0.47434,-0.46960,0.47545,0.65495,0.35280,-0.66667,-0.16310,0.25432,
1413394932255760384,2.44080,1.47464,0.50700,0.50657,-0.44981,-0.66124,-0.32220,-0.65723,-0.18486,0.37542,
1413394932355760640,2.37564,1.45005,0.54855,0.53779,-0.41891,-0.66889,-0.29645,-0.59527,-0.21441,0.45164,
1413394932455760384,2.31851,1.42240,0.58934,0.56171,-0.38178,-0.67783,-0.28155,-0.50591,-0.27590,0.37930,
1413394932555760384,2.27117,1.38704,0.62038,0.57934,-0.34483,-0.68773,-0.26922,-0.39782,-0.36415,0.26409,
1413394932655760640,2.23277,1.34006,0.63640,0.58885,-0.31180,-0.70082,-0.25474,-0.30228,-0.46571,0.12581,
1413394932755760384,2.20605,1.28491,0.64389,0.58846,-0.28477,-0.71912,-0.23555,-0.21645,-0.56719,0.10325,
1413394932855760640,2.18800,1.22339,0.65162,0.57568,-0.26640,-0.74400,-0.20996,-0.13988,-0.63562,0.11070,
1413394932955760384,2.17381,1.15684,0.65998,0.56125,-0.25169,-0.76653,-0.18464,-0.11030,-0.66186,0.08673,
1413394933055760384,2.15989,1.09007,0.66459,0.55353,-0.23630,-0.78199,-0.16206,-0.13033,-0.64974,0.02513,
1413394933155760640,2.14671,1.02507,0.66096,0.55245,-0.21585,-0.79211,-0.14411,-0.15735,-0.63549,-0.05592,
1413394933255760384,2.13136,0.96204,0.64885,0.55933,-0.19348,-0.79591,-0.12745,-0.16656,-0.62610,-0.16086,
1413394933355760640,2.11751,0.90045,0.62618,0.56750,-0.16886,-0.79765,-0.11485,-0.16758,-0.60313,-0.26896,
1413394933455760384,2.10286,0.84203,0.59282,0.57474,-0.14635,-0.79861,-0.10236,-0.15689,-0.59771,-0.39102,
1413394933555760384,2.08867,0.78481,0.54885,0.58008,-0.12599,-0.79986,-0.08865,-0.15941,-0.59511,-0.46637,
1413394933655760640,2.07376,0.72886,0.50393,0.58913,-0.10518,-0.79771,-0.07430,-0.14424,-0.58571,-0.42314,
1413394933755760384,2.06152,0.67574,0.46363,0.60190,-0.08552,-0.79162,-0.06110,-0.10358,-0.57611,-0.37424,
1413394933855760640,2.05534,0.62347,0.42686,0.60853,-0.07057,-0.78876,-0.05073,-0.03670,-0.57118,-0.35117,
1413394933955760384,2.05544,0.56793,0.39076,0.59971,-0.05489,-0.79732,-0.04017,0.02825,-0.57859,-0.34596,
1413394934055760384,2.05919,0.51057,0.35785,0.58746,-0.03680,-0.80800,-0.02582,0.04204,-0.59063,-0.30030,
1413394934155760640,2.06081,0.45108,0.33326,0.59269,-0.01563,-0.80523,-0.00944,0.02033,-0.59667,-0.22937,
1413394934255760384,2.06363,0.39427,0.30609,0.60222,0.00834,-0.79824,0.00833,0.04968,-0.59742,-0.32759,
1413394934355760640,2.07026,0.33682,0.26595,0.59995,0.03458,-0.79877,0.02876,0.08810,-0.59447,-0.45551,
1413394934455760384,2.07928,0.28055,0.21365,0.58912,0.05549,-0.80428,0.05464,0.12494,-0.57168,-0.57165,
1413394934555760384,2.08993,0.22929,0.15165,0.58124,0.07436,-0.80732,0.06983,0.10706,-0.52902,-0.65715,
1413394934655760640,2.10091,0.18046,0.08832,0.57715,0.09272,-0.80790,0.07484,0.10457,-0.48953,-0.57556,
1413394934755760384,2.11498,0.13424,0.03685,0.57675,0.10247,-0.80631,0.08204,0.16081,-0.45673,-0.46588,
1413394934855760640,2.13158,0.08923,0.00070,0.57899,0.10696,-0.80361,0.08684,0.16257,-0.42467,-0.30342,
1413394934955760384,2.14662,0.04737,-0.01873,0.58025,0.10878,-0.80217,0.08939,0.15106,-0.40854,-0.11811,
1413394935055760384,2.15935,0.01074,-0.01756,0.58544,0.10693,-0.79838,0.09171,0.14519,-0.38379,0.02570,
1413394935155760640,2.16980,-0.01872,-0.00501,0.59243,0.09812,-0.79423,0.09272,0.15172,-0.33401,0.03005,
1413394935255760384,2.18543,-0.04519,0.00226,0.59910,0.08717,-0.79107,0.08769,0.19155,-0.28318,-0.03048,
1413394935355760640,2.20677,-0.07204,-0.00263,0.60785,0.07923,-0.78607,0.07960,0.23451,-0.24379,-0.11672,
1413394935455760384,2.23215,-0.09721,-0.02007,0.61184,0.07432,-0.78434,0.07029,0.28080,-0.22069,-0.23671,
1413394935555760384,2.26345,-0.12031,-0.04886,0.60433,0.07132,-0.79117,0.06119,0.34014,-0.21137,-0.32765,
1413394935655760640,2.30110,-0.14146,-0.08051,0.59637,0.06840,-0.79797,0.05396,0.39228,-0.20407,-0.29201,
1413394935755760384,2.34263,-0.16374,-0.10060,0.59438,0.06559,-0.80004,0.04846,0.42625,-0.20407,-0.15155,
1413394935855760640,2.38230,-0.18385,-0.10486,0.59659,0.06266,-0.79878,0.04593,0.41690,-0.21536,0.02022,
1413394935955760384,2.42647,-0.20372,-0.10456,0.59300,0.05978,-0.80176,0.04426,0.45036,-0.22434,-0.04929,
1413394936055760384,2.47444,-0.22407,-0.11586,0.57867,0.06306,-0.81193,0.04396,0.47694,-0.23684,-0.20039,
1413394936205760512,2.54263,-0.26309,-0.15457,0.55285,0.08664,-0.82675,0.05783,0.41646,-0.28822,-0.29227,
1413394936305760256,2.58571,-0.29352,-0.18498,0.55702,0.11767,-0.81851,0.07700,0.39024,-0.33776,-0.31056,
1413394936505760512,2.66338,-0.36690,-0.23848,0.57094,0.20697,-0.78364,0.13074,0.39105,-0.39850,-0.23002,
1413394936705760512,2.74984,-0.45249,-0.27664,0.55141,0.29652,-0.75815,0.18230,0.45500,-0.46146,-0.15967,
1413394936905760512,2.84771,-0.54922,-0.30061,0.52626,0.35856,-0.73771,0.22420,0.51375,-0.52905,-0.09990,
1413394937105760512,2.95633,-0.66322,-0.32188,-0.49534,-0.42110,0.71527,-0.25631,0.55175,-0.63897,-0.09677,
1413394937255760384,3.04088,-0.76533,-0.33882,-0.47273,-0.45945,0.69678,-0.28271,0.55773,-0.72599,-0.11075,
1413394937355760640,3.09789,-0.84070,-0.35067,-0.45555,-0.47202,0.69179,-0.30185,0.53599,-0.79628,-0.09447,
1413394937555760384,3.19599,-1.00863,-0.36740,-0.44669,-0.48216,0.68089,-0.32307,0.43883,-0.89185,-0.10729,
1413394937755760384,3.27354,-1.19504,-0.38114,-0.45121,-0.47702,0.67650,-0.33349,0.37329,-0.95652,-0.08406,
1413394937955760384,3.32579,-1.38873,-0.38512,-0.45210,-0.45447,0.69068,-0.33471,0.23389,-0.99197,-0.02428,
1413394938155760640,3.32967,-1.58568,-0.36035,-0.44064,-0.42120,0.72020,-0.33126,0.01776,-1.02277,0.19330,
1413394938355760640,3.25302,-1.77853,-0.26351,-0.45715,-0.39894,0.73204,-0.30981,-0.33659,-1.02670,0.58352,
1413394938555760384,3.16837,-1.98598,-0.13251,-0.49481,-0.37439,0.73286,-0.27912,-0.47987,-1.01872,0.59541,
1413394938755760384,3.07196,-2.19531,-0.04434,0.50746,0.33924,-0.75727,0.23228,-0.52580,-1.02226,0.34059,
1413394938955760384,2.97020,-2.40283,0.00539,0.51078,0.25998,-0.79056,0.21572,-0.59585,-1.02056,0.15272,
1413394939155760640,2.84203,-2.58730,0.02646,0.53037,0.15583,-0.80739,0.20627,-0.74849,-0.83351,-0.03231,
1413394939355760640,2.67003,-2.73211,0.01132,0.55027,0.09955,-0.81465,0.15373,-0.87490,-0.60354,-0.14276,
1413394939555760384,2.48739,-2.84020,0.01259,0.56800,0.10290,-0.81226,0.08379,-0.92152,-0.49304,0.14170,
1413394939755760384,2.30259,-2.92775,0.06116,0.57201,0.06485,-0.81240,0.09282,-0.91886,-0.42659,0.34147,
1413394939955760384,2.11890,-2.98894,0.12664,0.56164,0.02429,-0.82239,0.08746,-0.96172,-0.19801,0.23853,
1413394940155760640,1.92442,-3.02276,0.15229,0.54718,0.01461,-0.83622,0.03346,-1.02006,-0.11492,-0.01515,
1413394940355760640,1.71225,-3.03993,0.13163,0.56404,-0.03990,-0.82478,0.00393,-1.10679,-0.03850,-0.23318,
1413394940555760384,1.49165,-3.04370,0.08655,0.57446,-0.09807,-0.81150,-0.04297,-1.09857,0.06511,-0.24764,
1413394940755760384,1.26589,-3.03769,0.05906,0.56516,-0.12374,-0.80736,-0.11598,-1.10665,0.00204,-0.08915,
1413394940955760384,1.03205,-3.05299,0.08111,0.56352,-0.15828,-0.80253,-0.11549,-1.15438,-0.12101,0.18249,
1413394941055760384,0.91294,-3.06228,0.10767,0.55763,-0.18505,-0.80343,-0.09649,-1.15708,-0.09242,0.21545,
1413394941205760512,0.74300,-3.06241,0.15076,0.54337,-0.22477,-0.80551,-0.07331,-1.14912,0.06460,0.26675,
1413394941405760512,0.51434,-3.01661,0.22233,0.52624,-0.23969,-0.81218,-0.07733,-1.18515,0.38088,0.35114,
1413394941605760512,0.26151,-2.92197,0.31066,0.52207,-0.20057,-0.81736,-0.13835,-1.31352,0.55040,0.42121,
1413394941755760384,0.04404,-2.84335,0.37654,0.53028,-0.19735,-0.80807,-0.16394,-1.44443,0.51697,0.40769,
1413394941855760640,-0.11470,-2.79510,0.41724,0.54159,-0.21460,-0.79754,-0.15668,-1.49461,0.47933,0.36514,
1413394941955760384,-0.26836,-2.74690,0.45383,0.55351,-0.24765,-0.78521,-0.12550,-1.50048,0.48868,0.35688,
1413394942055760384,-0.41323,-2.69182,0.49141,0.56110,-0.28008,-0.77349,-0.09181,-1.45141,0.60325,0.39031,
1413394942155760640,-0.54654,-2.62065,0.53222,0.56556,-0.31052,-0.76155,-0.06137,-1.33097,0.80870,0.42848,
1413394942255760384,-0.66149,-2.52504,0.57787,0.56622,-0.33736,-0.75068,-0.04544,-1.14884,1.08666,0.49153,
1413394942355760640,-0.76033,-2.40182,0.62908,0.56296,-0.36113,-0.74196,-0.04647,-0.93961,1.38784,0.53937,
1413394942455760384,-0.85128,-2.24633,0.68545,0.55888,-0.37952,-0.73427,-0.06673,-0.77121,1.69103,0.54638,
1413394942555760384,-0.92329,-2.06588,0.73245,0.55612,-0.39829,-0.72295,-0.09711,-0.60968,1.88523,0.38108,
1413394942655760640,-0.97581,-1.86832,0.76274,0.55272,-0.41882,-0.70839,-0.13142,-0.44939,2.04380,0.20378,
1413394942755760384,-1.01543,-1.65609,0.77694,0.54905,-0.43081,-0.69265,-0.18216,-0.29370,2.14925,0.05209,
1413394942855760640,-1.03339,-1.44209,0.77555,0.54448,-0.42453,-0.67566,-0.25845,-0.16491,2.15109,-0.11639,
1413394942955760384,-1.04364,-1.23300,0.75354,0.53664,-0.41235,-0.65477,-0.33656,-0.10165,2.03510,-0.33024,
1413394943055760384,-1.04925,-1.04065,0.71116,0.52625,-0.41262,-0.63117,-0.39296,-0.09612,1.84786,-0.49283,
1413394943155760640,-1.05754,-0.86964,0.65714,0.51332,-0.42501,-0.60734,-0.43246,-0.11622,1.59603,-0.58083,
1413394943255760384,-1.06912,-0.72590,0.59446,-0.49889,0.44296,0.58353,0.46302,-0.15250,1.29615,-0.66706,
1413394943355760640,-1.08488,-0.61267,0.52895,-0.48338,0.46588,0.56082,0.48454,-0.22275,0.96086,-0.63115,
1413394943455760384,-1.11007,-0.53304,0.47289,-0.46175,0.49025,0.54397,0.50054,-0.30877,0.60065,-0.51800,
1413394943555760384,-1.14868,-0.48098,0.43021,-0.43457,0.51710,0.53300,0.50957,-0.43070,0.31746,-0.39950,
1413394943655760640,-1.20209,-0.45575,0.39564,-0.40578,0.55013,0.53026,0.50152,-0.57001,0.09740,-0.33549,
1413394943755760384,-1.26717,-0.44687,0.36532,-0.38923,0.58290,0.52390,0.48399,-0.66519,-0.02733,-0.32963,
1413394943855760640,-1.34042,-0.44586,0.33328,-0.39011,0.60570,0.51104,0.46880,-0.72110,-0.06799,-0.36545,
1413394943955760384,-1.41606,-0.44909,0.29687,-0.39831,0.62341,0.49819,0.45223,-0.73370,-0.13179,-0.42807,
1413394944055760384,-1.48924,-0.45907,0.26135,-0.39430,0.63064,0.49765,0.44628,-0.68833,-0.16776,-0.38176,
1413394944155760640,-1.55815,-0.47831,0.23398,-0.38665,0.63137,0.50231,0.44671,-0.64564,-0.20748,-0.28669,
1413394944255760384,-1.62226,-0.50586,0.21673,-0.38008,0.63601,0.50269,0.44535,-0.60977,-0.23887,-0.19917,
1413394944355760640,-1.68075,-0.53326,0.21071,-0.36873,0.64553,0.50524,0.43824,-0.55583,-0.21311,-0.00309,
1413394944455760384,-1.73405,-0.55805,0.22147,-0.34895,0.65688,0.51002,0.43201,-0.50275,-0.16568,0.11275,
1413394944555760384,-1.78425,-0.57668,0.23017,-0.33108,0.67459,0.50320,0.42675,-0.45169,-0.10033,0.03737,
1413394944655760640,-1.83104,-0.58807,0.22528,-0.31422,0.70095,0.48504,0.41794,-0.39580,-0.01986,-0.08879,
1413394944755760384,-1.87013,-0.58971,0.20743,-0.29196,0.72948,0.46221,0.41107,-0.29466,0.08634,-0.18317,
1413394944855760640,-1.89633,-0.57779,0.18098,-0.26989,0.75544,0.43318,0.41089,-0.17569,0.23057,-0.24285,
1413394944955760384,-1.90814,-0.55153,0.14881,-0.24933,0.77586,0.39889,0.42042,-0.01154,0.37428,-0.29733,
1413394945055760384,-1.90380,-0.50944,0.11471,-0.22772,0.78655,0.36394,0.44389,0.13781,0.51813,-0.30771,
1413394945155760640,-1.88675,-0.45475,0.07804,-0.20247,0.79131,0.33030,0.47301,0.25369,0.63611,-0.33074,
1413394945255760384,-1.85898,-0.38897,0.04261,-0.17846,0.79384,0.29562,0.50059,0.34437,0.73396,-0.30283,
1413394945355760640,-1.82262,-0.31283,0.01231,-0.15431,0.79294,0.26118,0.52841,0.38770,0.81368,-0.24497,
1413394945455760384,-1.78420,-0.22956,-0.01338,-0.14086,0.78555,0.21876,0.56144,0.37318,0.86125,-0.24431,
1413394945555760384,-1.74809,-0.14442,-0.03833,-0.14419,0.78706,0.16309,0.57719,0.33531,0.82975,-0.24995,
1413394945655760640,-1.71578,-0.06519,-0.06171,-0.14262,0.79226,0.10864,0.58326,0.31549,0.75146,-0.23323,
1413394945755760384,-1.68457,0.00320,-0.08083,-0.13284,0.79856,0.05746,0.58425,0.29725,0.62203,-0.19989,
1413394945855760640,-1.65216,0.05550,-0.09743,-0.11452,0.80306,0.00821,0.58474,0.31944,0.45309,-0.17519,
1413394945955760384,-1.62285,0.08897,-0.11409,-0.09101,0.80454,-0.04169,0.58539,0.27164,0.24587,-0.13922,
1413394946055760384,-1.59762,0.10024,-0.12492,-0.04823,0.80468,-0.08053,0.58624,0.24412,0.04210,-0.08812,
1413394946205760512,-1.56730,0.08975,-0.13359,0.02218,0.79861,-0.13598,0.58586,0.16008,-0.15402,-0.02758,
1413394946355760640,-1.55100,0.05479,-0.14038,0.07154,0.78362,-0.20610,0.58167,0.06636,-0.27869,-0.05580,
1413394946555760384,-1.55209,-0.02343,-0.14578,0.12572,0.75604,-0.30324,0.56625,-0.09818,-0.46145,-0.00035,
1413394946755760384,-1.59185,-0.13679,-0.14376,0.22242,0.71709,-0.36710,0.54913,-0.25861,-0.59169,0.01886,
1413394946955760384,-1.66299,-0.25417,-0.14181,0.30751,0.66901,-0.43546,0.51792,-0.37194,-0.54502,0.05465,
1413394947155760640,-1.74741,-0.35029,-0.12460,0.37581,0.61688,-0.50539,0.47202,-0.41642,-0.41394,0.22360,
1413394947355760640,-1.83145,-0.41902,-0.05019,-0.42607,-0.56502,0.56645,-0.42231,-0.37196,-0.30058,0.58074,
1413394947555760384,-1.89655,-0.46799,0.07848,-0.44997,-0.53049,0.59866,-0.39714,-0.26498,-0.18540,0.66591,
1413394947755760384,-1.93441,-0.50735,0.17827,-0.41622,-0.54878,0.63252,-0.35430,-0.18569,-0.21168,0.40709,
1413394947955760384,-1.95575,-0.57682,0.25840,-0.37915,-0.58599,0.62553,-0.34867,-0.13002,-0.50393,0.53281,
1413394948155760640,-1.96464,-0.71121,0.36523,0.34575,0.62715,-0.59847,0.35912,-0.09374,-0.82306,0.50301,
1413394948355760640,-1.96690,-0.90821,0.45339,0.37433,0.63181,-0.54611,0.40306,-0.02182,-1.10363,0.41799,
1413394948555760384,-1.95835,-1.11103,0.52410,0.43483,0.58716,-0.48347,0.48211,0.03182,-0.92369,0.33325,
1413394948755760384,-1.94327,-1.23713,0.58992,0.46121,0.55714,-0.45803,0.51681,0.04863,-0.35498,0.37692,
1413394948955760384,-1.92525,-1.25537,0.66099,0.42612,0.59253,-0.49798,0.46835,0.09246,0.08921,0.33761,
1413394949155760640,-1.88494,-1.20566,0.69215,0.36270,0.64540,-0.55391,0.38091,0.17749,0.20598,0.06341,
1413394949355760640,-1.81972,-1.18461,0.67915,0.32898,0.66517,-0.58055,0.33509,0.34920,-0.17585,-0.09780,
1413394949555760384,-1.73214,-1.28235,0.67228,0.36147,0.64487,-0.56487,0.36661,0.52177,-0.68009,0.04651,
1413394949755760384,-1.61782,-1.42219,0.69261,0.43362,0.58568,-0.51362,0.45294,0.62663,-0.63844,0.09116,
1413394949955760384,-1.48660,-1.50583,0.70261,0.42541,0.56551,-0.50964,0.48938,0.65525,-0.28905,0.03407,
1413394950155760640,-1.36786,-1.52980,0.70938,0.37243,0.57547,-0.51246,0.51721,0.51637,0.02959,0.00223,
1413394950355760640,-1.29287,-1.53114,0.71495,0.30712,0.64114,-0.52894,0.46352,0.23308,0.05552,0.02792,
1413394950555760384,-1.24533,-1.55115,0.72997,0.30143,0.69396,-0.52122,0.39483,0.23596,-0.25036,0.10512,
1413394950755760384,-1.16999,-1.64182,0.76706,0.33521,0.68573,-0.49329,0.41722,0.45323,-0.60170,0.26641,
1413394950955760384,-1.06025,-1.75171,0.82569,0.38993,0.63316,-0.42053,0.51982,0.56484,-0.45471,0.28317,
1413394951155760640,-0.94197,-1.78380,0.88474,0.38680,0.61104,-0.36339,0.58733,0.49256,0.12987,0.25590,
1413394951355760640,-0.85772,-1.69629,0.93611,0.29684,0.67564,-0.37906,0.55831,0.25430,0.61036,0.20369,
1413394951555760384,-0.81654,-1.57637,0.98580,0.20900,0.76316,-0.41803,0.44626,0.20571,0.51140,0.31526,
1413394951755760384,-0.74923,-1.53535,1.06033,0.17689,0.78982,-0.44009,0.38887,0.47180,-0.12594,0.48705,
1413394951955760384,-0.61642,-1.63548,1.17982,0.24580,0.75036,-0.40515,0.46087,0.78028,-0.68180,0.63545,
1413394952155760640,-0.45640,-1.76546,1.29193,0.30542,0.68381,-0.36607,0.55237,0.77266,-0.61067,0.41906,
1413394952355760640,-0.30748,-1.85995,1.33298,0.27959,0.69356,-0.37975,0.54461,0.67802,-0.38686,0.03857,
1413394952555760384,-0.17864,-1.93114,1.33974,0.22022,0.73042,-0.39079,0.51505,0.56679,-0.40336,0.13208,
1413394952755760384,-0.06241,-2.02485,1.39250,0.23679,0.74754,-0.35451,0.50934,0.58314,-0.55811,0.35158,
1413394952955760384,0.06966,-2.11556,1.44961,0.26979,0.70539,-0.31423,0.57523,0.57870,-0.45076,0.18889,
1413394953155760640,0.16277,-2.17857,1.46402,0.28751,0.66877,-0.29110,0.62077,0.33797,-0.09666,0.04573,
1413394953355760640,0.18753,-2.13409,1.51788,0.29886,0.64630,-0.28226,0.64289,-0.08294,0.50478,0.45948,
1413394953555760384,0.13170,-1.98627,1.57888,0.27285,0.70229,-0.31515,0.57708,-0.36703,0.89793,-0.02054,
1413394953755760384,0.02806,-1.78263,1.50169,0.22842,0.77854,-0.35671,0.46309,-0.34276,0.92882,-0.76743,
1413394953955760384,-0.01469,-1.62242,1.31444,0.21868,0.79423,-0.36556,0.43328,-0.03423,0.66822,-0.98989,
1413394954155760640,0.00346,-1.50544,1.12520,0.25864,0.74568,-0.33212,0.51649,0.19335,0.53364,-0.89868,
1413394954355760640,0.04201,-1.37717,0.95119,0.28899,0.69271,-0.29854,0.58950,0.13388,0.77037,-0.79615,
1413394954555760384,0.06438,-1.19631,0.81974,0.26263,0.71041,-0.31926,0.56958,-0.05866,1.10671,-0.55935,
1413394954755760384,0.04814,-0.97946,0.70311,0.19286,0.77443,-0.38271,0.46539,-0.06232,1.03082,-0.57164,
1413394954955760384,0.05081,-0.80763,0.59256,0.20729,0.77662,-0.38883,0.45022,0.15384,0.58550,-0.58071,
1413394955155760640,0.10022,-0.69932,0.47894,0.25741,0.73539,-0.33246,0.53142,0.30044,0.52556,-0.58747,
1413394955355760640,0.15243,-0.57803,0.37248,0.23589,0.72350,-0.28296,0.58381,0.22404,0.74651,-0.47954,
1413394955555760384,0.16915,-0.42984,0.29801,0.10972,0.78193,-0.30827,0.53058,0.03995,0.64401,-0.19513,
1413394955755760384,0.16090,-0.35741,0.28371,0.10891,0.82914,-0.28439,0.46881,0.18962,0.06437,0.10006,
1413394955905760512,0.20342,-0.36666,0.30404,0.15536,0.82046,-0.25111,0.48954,0.43911,-0.14986,0.19174,
1413394956005760512,0.25735,-0.39522,0.32546,0.17497,0.79850,-0.23995,0.52364,0.55942,-0.19627,0.23832,
1413394956205760512,0.37798,-0.44810,0.37602,0.19277,0.74289,-0.21677,0.60329,0.52840,-0.05225,0.24627,
1413394956405760512,0.46701,-0.45526,0.41885,0.15002,0.73325,-0.19233,0.63471,0.27402,0.17884,0.12203,
1413394956605760512,0.50503,-0.41621,0.41186,0.09798,0.79457,-0.15642,0.57844,0.05383,0.22572,-0.11848,
1413394956705760512,0.50764,-0.40249,0.40731,0.08290,0.83237,-0.14044,0.52968,0.07305,0.18838,-0.09945,
1413394956805760256,0.52177,-0.38585,0.40143,0.07287,0.85593,-0.12939,0.49532,0.23068,0.13517,-0.01503,
1413394956905760512,0.54857,-0.38055,0.39862,0.07195,0.85414,-0.11769,0.50141,0.42804,0.07114,0.07577,
1413394957005760512,0.60313,-0.38298,0.40443,0.07431,0.84191,-0.10911,0.52323,0.58206,0.03628,0.11883,
1413394957105760512,0.69247,-0.42067,0.40134,0.07651,0.82075,-0.10375,0.55656,0.68413,-0.00711,0.15150,
1413394957205760512,0.76756,-0.43153,0.41434,0.07732,0.79203,-0.10125,0.59705,0.67120,-0.00550,0.18151,
1413394957305760256,0.83251,-0.43412,0.43275,0.07478,0.76191,-0.10031,0.63549,0.55371,0.02513,0.21514,
1413394957405760512,0.87713,-0.43185,0.45488,0.07054,0.73243,-0.10071,0.66965,0.33582,0.06069,0.20925,
1413394957505760512,0.89568,-0.42584,0.47457,0.06341,0.73069,-0.10370,0.67180,0.08771,0.09407,0.16599,
1413394957605760512,0.88924,-0.41722,0.49146,0.05193,0.76217,-0.10634,0.63647,-0.14724,0.11455,0.14351,
1413394957705760512,0.87026,-0.40690,0.50506,0.04488,0.80241,-0.10125,0.58641,-0.23880,0.10525,0.07562,
1413394957805760256,0.84953,-0.40184,0.51328,0.03589,0.83742,-0.09297,0.53740,-0.19618,0.07433,0.02198,
1413394957905760512,0.84123,-0.40052,0.51811,0.02468,0.84843,-0.08247,0.52226,-0.05820,0.03114,0.02376,
1413394958005760512,0.84650,-0.40364,0.52201,0.00888,0.83956,-0.06873,0.53883,0.07868,-0.02065,0.00429,
1413394958105760512,0.86662,-0.41181,0.52638,-0.00845,0.81311,-0.04947,0.57994,0.13498,-0.07585,0.01623,
1413394958205760512,0.88077,-0.42447,0.52944,-0.02573,0.77900,-0.02482,0.62600,0.06610,-0.11689,0.00203,
1413394958305760256,0.88181,-0.44115,0.53356,-0.04003,0.75120,0.00359,0.65885,-0.09028,-0.17286,0.03544,
1413394958405760512,0.85954,-0.46324,0.53832,-0.05307,0.74402,0.03114,0.66532,-0.31260,-0.22582,-0.00012,
1413394958505760512,0.81950,-0.49022,0.53692,-0.06321,0.78052,0.05772,0.61924,-0.48741,-0.27304,-0.04822,
1413394958605760512,0.76762,-0.52011,0.53448,-0.07154,0.82706,0.08147,0.55156,-0.53142,-0.29541,-0.03123,
1413394958705760512,0.72170,-0.55140,0.53563,-0.07903,0.86084,0.10185,0.49227,-0.38833,-0.28833,0.03027,
1413394958805760256,0.69496,-0.57870,0.54390,-0.08349,0.87353,0.12278,0.46358,-0.14193,-0.23101,0.09343,
1413394958905760512,0.69759,-0.60005,0.55761,-0.08318,0.86836,0.14757,0.46611,0.14831,-0.15484,0.16598,
1413394959005760512,0.72805,-0.61248,0.57795,-0.08343,0.84182,0.17469,0.50385,0.34079,-0.05459,0.20858,
1413394959105760512,0.76820,-0.61309,0.59870,-0.09748,0.80642,0.19148,0.55092,0.40481,0.06197,0.21597,
1413394959205760512,0.80999,-0.60740,0.62067,-0.12554,0.76906,0.19715,0.59490,0.34481,0.10451,0.23431,
1413394959305760256,0.84023,-0.59983,0.64574,-0.15424,0.73296,0.20184,0.63106,0.20325,0.07549,0.23978,
1413394959405760512,0.85213,-0.59731,0.66587,-0.16885,0.73273,0.21513,0.62315,0.03368,0.00767,0.15027,
1413394959505760512,0.84830,-0.60016,0.67873,-0.16879,0.76855,0.23712,0.56975,-0.08894,-0.04165,0.11952,
1413394959605760512,0.83970,-0.60459,0.69163,-0.16221,0.80717,0.26148,0.50378,-0.06593,0.00736,0.14260,
1413394959705760512,0.84143,-0.60378,0.70901,-0.15819,0.82843,0.28394,0.45613,0.06651,0.10160,0.18915,
1413394959805760256,0.86249,-0.58811,0.72823,-0.15522,0.82264,0.31267,0.44879,0.27260,0.27760,0.20609,
1413394959905760512,0.90001,-0.55291,0.74562,-0.16429,0.79208,0.33909,0.48025,0.37944,0.45894,0.14812,
1413394960005760512,0.94501,-0.50211,0.75570,-0.20219,0.75246,0.34473,0.52354,0.39692,0.58177,0.07301,
1413394960105760512,0.98305,-0.44388,0.75918,-0.24890,0.70776,0.34639,0.56315,0.32133,0.58222,-0.00340,
1413394960205760512,1.01118,-0.39041,0.75741,-0.28387,0.67694,0.35831,0.57687,0.20399,0.49627,-0.03293,
1413394960305760256,1.02735,-0.34783,0.75612,-0.30586,0.66643,0.38276,0.56197,0.07129,0.36709,-0.04110,
1413394960405760512,1.03257,-0.31701,0.74846,-0.31387,0.67179,0.41802,0.52482,-0.00818,0.26301,-0.12391,
1413394960505760512,1.02948,-0.29404,0.72745,-0.30994,0.68467,0.45946,0.47334,-0.04487,0.22249,-0.25882,
1413394960605760512,1.02930,-0.26778,0.69782,-0.30293,0.69462,0.49886,0.42057,-0.01493,0.29830,-0.32636,
1413394960705760512,1.03337,-0.22885,0.66376,-0.29921,0.69150,0.53189,0.38651,0.04204,0.47306,-0.29153,
1413394960805760256,1.04330,-0.16772,0.64268,-0.31514,0.66320,0.55118,0.39629,0.09279,0.70175,-0.16451,
1413394960905760512,1.05160,-0.09255,0.63032,-0.35456,0.62580,0.54670,0.42870,0.09050,0.80047,-0.11582,
1413394961005760512,1.05719,-0.01298,0.62296,-0.39294,0.59421,0.53148,0.45830,0.06826,0.76909,-0.06700,
1413394961105760512,1.06002,0.05694,0.61186,-0.41494,0.57775,0.52042,0.47243,0.03151,0.66288,-0.11201,
1413394961205760512,1.06286,0.11635,0.59623,-0.40969,0.58400,0.52532,0.46383,0.00863,0.53248,-0.16577,
1413394961305760256,1.06286,0.16471,0.57711,-0.37993,0.60728,0.54808,0.43183,-0.02002,0.46402,-0.22307,
1413394961405760512,1.05985,0.21330,0.55877,-0.34733,0.62886,0.57000,0.39873,-0.03324,0.51541,-0.17569,
1413394961505760512,1.05692,0.27445,0.54776,-0.32723,0.62322,0.58428,0.40389,-0.05976,0.68046,-0.08686,
1413394961605760512,1.04578,0.35035,0.54460,-0.33412,0.60112,0.58195,0.43400,-0.14879,0.80224,-0.03055,
1413394961705760512,1.02377,0.43221,0.54374,-0.37003,0.58185,0.55824,0.46140,-0.25465,0.81627,-0.01764,
1413394961805760256,0.99345,0.50888,0.54366,-0.41055,0.56635,0.52751,0.48212,-0.32691,0.71641,-0.03263,
1413394961905760512,0.95623,0.57114,0.54381,-0.43459,0.56294,0.50637,0.48767,-0.37589,0.54729,-0.03783,
1413394962005760512,0.91611,0.61841,0.54456,-0.43947,0.57158,0.50043,0.47930,-0.39137,0.35853,-0.04881,
1413394962105760512,0.87645,0.65054,0.54382,-0.41682,0.59447,0.51630,0.45421,-0.39511,0.21788,-0.05153,
1413394962205760512,0.83854,0.67255,0.54567,-0.38714,0.61236,0.53568,0.43380,-0.38250,0.17113,-0.00752,
1413394962305760256,0.80061,0.69403,0.55209,-0.36807,0.62107,0.54653,0.42438,-0.39017,0.19933,0.05631,
1413394962405760512,0.76093,0.71999,0.56858,-0.37538,0.60900,0.53934,0.44421,-0.41816,0.25925,0.19513,
1413394962505760512,0.71734,0.74923,0.59307,-0.40689,0.58029,0.51458,0.48260,-0.45931,0.20040,0.23812,
1413394962605760512,0.66931,0.76190,0.61622,-0.43361,0.56013,0.49309,0.50508,-0.50976,0.01836,0.19744,
1413394962705760512,0.61784,0.75325,0.63326,-0.43258,0.56951,0.49639,0.49207,-0.54830,-0.18486,0.10577,
1413394962805760256,0.56292,0.72709,0.64301,-0.41157,0.59742,0.51626,0.45517,-0.55878,-0.31123,0.06213,
1413394962905760512,0.50749,0.69396,0.64785,-0.38624,0.61521,0.54154,0.42316,-0.55023,-0.32283,0.04152,
1413394963005760512,0.45419,0.66014,0.65111,-0.38095,0.60850,0.55462,0.42072,-0.54385,-0.28012,0.05456,
1413394963105760512,0.40160,0.62976,0.65375,-0.40541,0.58032,0.54483,0.44949,-0.55136,-0.27018,0.01058,
1413394963205760512,0.34882,0.59107,0.64509,-0.43485,0.55501,0.52808,0.47329,-0.56877,-0.39374,-0.14021,
1413394963305760256,0.29691,0.53722,0.61824,-0.43700,0.55393,0.53050,0.46986,-0.57927,-0.53750,-0.33495,
1413394963405760512,0.24333,0.47394,0.57444,-0.40764,0.57529,0.55492,0.44150,-0.59174,-0.63926,-0.45628,
1413394963505760512,0.18906,0.40647,0.52385,-0.37293,0.59959,0.57967,0.40668,-0.60124,-0.64183,-0.51398,
1413394963605760512,0.13190,0.34584,0.47601,-0.35070,0.61295,0.59263,0.38741,-0.61287,-0.51124,-0.42469,
1413394963705760512,0.07408,0.30177,0.44069,-0.36427,0.60309,0.58255,0.40526,-0.62644,-0.35983,-0.31766,
1413394963805760256,0.01273,0.26805,0.41229,-0.39897,0.57799,0.55714,0.44312,-0.66758,-0.33603,-0.25625,
1413394963905760512,-0.05200,0.22817,0.38089,-0.42744,0.56622,0.53391,0.46003,-0.69122,-0.42462,-0.34614,
1413394964005760512,-0.12001,0.18142,0.34003,-0.41616,0.58429,0.54013,0.44008,-0.68489,-0.50465,-0.41440,
1413394964105760512,-0.18793,0.12935,0.29829,-0.38078,0.61101,0.56208,0.40711,-0.68396,-0.51108,-0.39204,
1413394964205760512,-0.25695,0.08226,0.26395,-0.35029,0.62849,0.57850,0.38424,-0.66954,-0.38374,-0.26508,
1413394964305760256,-0.32485,0.05493,0.24512,-0.35162,0.61994,0.57652,0.39958,-0.68125,-0.20109,-0.10052,
1413394964405760512,-0.39454,0.03928,0.23839,-0.38486,0.59657,0.55418,0.43460,-0.70531,-0.13282,-0.01209,
1413394964505760512,-0.46820,0.02018,0.23355,-0.42340,0.57603,0.52615,0.46054,-0.71501,-0.21460,-0.04554,
1413394964605760512,-0.54167,-0.00827,0.22275,-0.43334,0.58560,0.52077,0.44508,-0.71058,-0.33168,-0.11323,
1413394964705760512,-0.61119,-0.04351,0.21037,-0.41299,0.61600,0.53713,0.40184,-0.66346,-0.38286,-0.10303,
1413394964805760256,-0.67419,-0.07825,0.20329,-0.38440,0.64450,0.55521,0.35860,-0.56757,-0.31985,-0.05689,
1413394964905760512,-0.72714,-0.10096,0.20309,-0.36654,0.66428,0.56258,0.32846,-0.44488,-0.13770,0.02264,
1413394965005760512,-0.76515,-0.10085,0.21206,-0.36850,0.67208,0.55638,0.32088,-0.27530,0.14051,0.16921,
1413394965105760512,-0.78996,-0.07758,0.23418,-0.38871,0.64597,0.54563,0.36595,-0.14559,0.32849,0.28245,
1413394965205760512,-0.80865,-0.04631,0.26224,-0.42357,0.60407,0.53137,0.41633,-0.11141,0.34859,0.30460,
1413394965305760256,-0.82685,-0.01776,0.28952,-0.44629,0.56907,0.53177,0.44069,-0.11202,0.25627,0.25010,
1413394965405760512,-0.84248,-0.00049,0.31133,-0.44042,0.55360,0.56015,0.43103,-0.12564,0.13796,0.18719,
1413394965505760512,-0.85845,0.00755,0.33174,-0.43631,0.54255,0.58973,0.40925,-0.15651,0.07666,0.23265,
1413394965605760512,-0.87661,0.01020,0.35859,-0.45764,0.52253,0.60305,0.39226,-0.19430,0.02174,0.31020,
1413394965705760512,-0.89348,0.00346,0.39220,-0.49847,0.49064,0.60515,0.38025,-0.17052,-0.07757,0.31042,
1413394965805760256,-0.90756,-0.01221,0.41531,0.51259,-0.46245,-0.62698,-0.36095,-0.11728,-0.20395,0.14836,
1413394965905760512,-0.91580,-0.03854,0.42373,0.50594,-0.43984,-0.66046,-0.33816,-0.08304,-0.28520,0.06143,
1413394966005760512,-0.92174,-0.07335,0.43023,0.52494,-0.40801,-0.67103,-0.32816,-0.06473,-0.36157,0.05779,
1413394966105760512,-0.92269,-0.11755,0.43155,0.55980,-0.37521,-0.66542,-0.32103,-0.01073,-0.49360,-0.05037,
1413394966205760512,-0.91759,-0.17698,0.41902,0.55350,-0.36182,-0.68956,-0.29536,0.05500,-0.62305,-0.19449,
1413394966305760256,-0.90796,-0.24771,0.39647,0.51755,-0.36187,-0.73250,-0.25424,0.08835,-0.70122,-0.29342,
1413394966405760512,-0.89898,-0.32090,0.36805,-0.46973,0.36329,0.77690,0.20926,0.04223,-0.65420,-0.29970,
1413394966505760512,-0.89913,-0.38192,0.34466,-0.44818,0.35412,0.80078,0.18025,-0.11196,-0.46447,-0.14822,
1413394966605760512,-0.91530,-0.42131,0.33635,-0.48162,0.32899,0.79184,0.18108,-0.25079,-0.26727,-0.03926,
1413394966705760512,-0.94255,-0.44604,0.33658,0.53870,-0.29598,-0.76444,-0.19452,-0.29399,-0.22182,-0.00646,
1413394966805760256,-0.96903,-0.47047,0.33506,0.58530,-0.26670,-0.73957,-0.19833,-0.24413,-0.26090,-0.03572,
1413394966905760512,-0.98720,-0.50078,0.32742,0.59689,-0.24695,-0.73991,-0.18780,-0.14766,-0.33132,-0.11380,
1413394967005760512,-0.99752,-0.53698,0.31581,0.56904,-0.23230,-0.77051,-0.16892,-0.08966,-0.37077,-0.10733,
1413394967105760512,-1.00644,-0.57530,0.30611,0.52919,-0.21848,-0.80666,-0.14670,-0.10051,-0.38249,-0.06578,
1413394967205760512,-1.02130,-0.61172,0.30600,0.52030,-0.19750,-0.82042,-0.13112,-0.21687,-0.34023,0.07554,
1413394967305760256,-1.04795,-0.64468,0.31924,0.55390,-0.17108,-0.80553,-0.12269,-0.31272,-0.31608,0.17905,
1413394967405760512,-1.07810,-0.68019,0.33933,0.60650,-0.14315,-0.77338,-0.11643,-0.28504,-0.34522,0.23400,
1413394967505760512,-1.09924,-0.72090,0.35948,0.63701,-0.12299,-0.75460,-0.09836,-0.14953,-0.41156,0.16369,
1413394967605760512,-1.10586,-0.76635,0.37283,0.61632,-0.10834,-0.77663,-0.07253,0.00104,-0.45534,0.12313,
1413394967705760512,-1.10135,-0.81198,0.38470,0.56916,-0.09011,-0.81558,-0.05262,0.04738,-0.45210,0.16971,
1413394967805760256,-1.09720,-0.85472,0.40966,0.55708,-0.06823,-0.82687,-0.03599,-0.00172,-0.42295,0.29476,
1413394967905760512,-1.09661,-0.89425,0.44156,0.58040,-0.04062,-0.81301,-0.02234,-0.04158,-0.42942,0.35701,
1413394968005760512,-1.09595,-0.93602,0.47870,0.60960,-0.01132,-0.79261,-0.00552,0.00507,-0.43872,0.34639,
1413394968105760512,-1.08638,-0.97564,0.50615,0.60072,0.01521,-0.79920,0.01319,0.09932,-0.42639,0.17025,
1413394968205760512,-1.07161,-1.01985,0.51684,0.56763,0.03461,-0.82207,0.02828,0.11119,-0.41409,0.04810,
1413394968305760256,-1.05973,-1.05893,0.51934,0.55195,0.04958,-0.83151,0.03845,0.05957,-0.40973,0.00400,
1413394968405760512,-1.05434,-1.09480,0.51519,0.55329,0.06550,-0.82901,0.04817,0.00504,-0.41113,-0.07399,
1413394968505760512,-1.05393,-1.13190,0.50526,0.55720,0.08009,-0.82425,0.06106,-0.04554,-0.41405,-0.09484,
1413394968605760512,-1.05863,-1.16965,0.49439,0.54855,0.09271,-0.82796,0.07056,-0.10190,-0.39634,-0.09515,
1413394968705760512,-1.07578,-1.20365,0.48614,0.54068,0.10625,-0.83162,0.06908,-0.18784,-0.39454,-0.05980,
1413394968805760256,-1.09763,-1.24552,0.48174,0.54701,0.12129,-0.82630,0.05749,-0.26074,-0.43666,-0.03162,
1413394968905760512,-1.12818,-1.29284,0.47957,0.55577,0.12313,-0.81988,0.06135,-0.31431,-0.50524,-0.00450,
1413394969005760512,-1.16230,-1.34537,0.48140,0.56828,0.12168,-0.80995,0.07891,-0.32947,-0.55130,0.01175,
1413394969155760640,-1.21347,-1.42783,0.47986,0.58174,0.12940,-0.79617,0.10464,-0.33267,-0.55003,-0.09714,
1413394969355760640,-1.27332,-1.52992,0.42655,0.59781,0.14155,-0.77946,0.12262,-0.24899,-0.46326,-0.38789,
1413394969555760384,-1.30423,-1.60818,0.33821,0.60539,0.15968,-0.77223,0.10799,-0.06672,-0.37187,-0.46395,
1413394969755760384,-1.29668,-1.68193,0.25454,0.57764,0.18616,-0.79222,0.06375,0.08564,-0.46285,-0.37185,
1413394969955760384,-1.27133,-1.79849,0.19148,0.55759,0.17914,-0.80791,0.06546,0.14391,-0.70666,-0.22786,
1413394970155760640,-1.25105,-1.95643,0.18178,0.54069,0.15705,-0.82167,0.08859,0.03570,-0.86240,0.09200,
1413394970355760640,-1.25541,-2.12913,0.21486,0.57728,0.13835,-0.79643,0.11533,-0.05563,-0.88581,0.08397,
1413394970555760384,-1.25907,-2.28634,0.21591,0.60648,0.10701,-0.77113,0.16153,0.04760,-0.68976,-0.15678,
1413394970755760384,-1.24185,-2.38630,0.18333,0.60956,0.09157,-0.76614,0.18190,0.13639,-0.30138,-0.18909,
1413394970955760384,-1.20730,-2.41227,0.15690,0.58430,0.13789,-0.79220,0.10951,0.23960,-0.04771,-0.03633,
1413394971155760640,-1.16306,-2.42358,0.18311,0.55435,0.15155,-0.81468,0.07767,0.24379,-0.12280,0.19871,
1413394971355760640,-1.13425,-2.45650,0.21388,0.50548,0.14715,-0.84699,0.07385,0.06099,-0.25921,0.04705,
1413394971555760384,-1.16898,-2.52201,0.22518,-0.47869,-0.13462,0.86348,-0.08454,-0.36166,-0.44171,0.08370,
1413394971755760384,-1.28989,-2.60744,0.25772,0.52953,0.10286,-0.83363,0.11863,-0.71707,-0.41762,0.18026,
1413394971955760384,-1.45441,-2.66143,0.29369,0.59163,0.06375,-0.79406,0.12400,-0.79035,-0.18040,0.14897,
1413394972155760640,-1.60060,-2.66258,0.30488,0.62790,0.01360,-0.77302,0.08940,-0.62166,0.10680,-0.04800,
1413394972355760640,-1.69551,-2.61065,0.27929,0.63845,-0.05985,-0.76657,0.03409,-0.33405,0.37862,-0.19048,
1413394972555760384,-1.73029,-2.50875,0.22717,0.60967,-0.14882,-0.77799,-0.02969,-0.04003,0.59670,-0.27804,
1413394972755760384,-1.71888,-2.36519,0.18473,0.56420,-0.22127,-0.78556,-0.12495,0.07262,0.76331,-0.11934,
1413394972955760384,-1.71389,-2.21211,0.16910,0.53782,-0.28321,-0.76216,-0.22285,0.04104,0.71374,-0.06258,
1413394973055760384,-1.71589,-2.14099,0.16371,0.52566,-0.32330,-0.74494,-0.25343,0.00805,0.66296,-0.07070,
1413394973155760640,-1.71954,-2.07605,0.15690,0.51283,-0.36692,-0.72566,-0.27532,-0.03245,0.60805,-0.08483,
1413394973255760384,-1.72242,-2.01612,0.14847,-0.49886,0.41275,0.70463,0.29029,-0.04512,0.58805,-0.07594,
1413394973355760640,-1.72874,-1.95703,0.14323,-0.48429,0.45461,0.68125,0.30771,-0.04785,0.58178,-0.05027,
1413394973455760384,-1.73638,-1.89752,0.13943,-0.46951,0.49200,0.65512,0.32911,-0.05040,0.59736,-0.03041,
1413394973555760384,-1.73462,-1.83657,0.13807,-0.45275,0.52777,0.62740,0.35050,-0.02495,0.61878,-0.00837,
1413394973655760640,-1.73662,-1.77455,0.13754,-0.43053,0.56102,0.60054,0.37316,-0.00143,0.62503,0.01203,
1413394973755760384,-1.73519,-1.71063,0.14084,-0.40996,0.58852,0.56983,0.40108,0.01222,0.63830,0.05010,
1413394973855760640,-1.73544,-1.64588,0.14464,-0.39151,0.61612,0.53522,0.42504,0.01334,0.63134,0.05150,
1413394973955760384,-1.73304,-1.58354,0.14941,-0.37138,0.64390,0.50048,0.44384,0.02265,0.61689,0.06763,
1413394974055760384,-1.72861,-1.52373,0.15721,-0.35114,0.66908,0.46475,0.46156,0.05025,0.57072,0.07814,
1413394974155760640,-1.72275,-1.46630,0.16575,-0.33226,0.69270,0.42693,0.47697,0.07073,0.54946,0.09582,
1413394974255760384,-1.71333,-1.41089,0.17501,-0.31445,0.71501,0.38685,0.49014,0.10697,0.51891,0.10242,
1413394974355760640,-1.70089,-1.35987,0.18607,-0.29455,0.73739,0.34718,0.49896,0.15783,0.47306,0.13054,
1413394974455760384,-1.68184,-1.31159,0.19901,-0.27359,0.75769,0.30804,0.50613,0.22081,0.42712,0.15936,
1413394974555760384,-1.65592,-1.26566,0.21282,-0.25149,0.77342,0.26978,0.51555,0.29597,0.36570,0.18423,
1413394974655760640,-1.62138,-1.22776,0.23015,-0.22758,0.77862,0.23494,0.53551,0.36731,0.30845,0.19635,
1413394974755760384,-1.58211,-1.19947,0.24558,-0.20002,0.78368,0.20554,0.55099,0.39768,0.23125,0.16074,
1413394974855760640,-1.54068,-1.18043,0.25781,-0.17105,0.79134,0.18071,0.55845,0.41037,0.17079,0.11583,
1413394974955760384,-1.50109,-1.16964,0.25931,-0.13948,0.79844,0.16058,0.56325,0.40882,0.13634,-0.01436,
1413394975055760384,-1.46399,-1.16434,0.24658,-0.11402,0.80021,0.14133,0.57156,0.38912,0.11311,-0.13719,
1413394975155760640,-1.43130,-1.16109,0.22197,-0.09484,0.79462,0.12264,0.58697,0.34736,0.09707,-0.25025,
1413394975255760384,-1.40320,-1.15751,0.18654,-0.08217,0.79027,0.10275,0.59847,0.28757,0.08354,-0.36181,
1413394975355760640,-1.38100,-1.15378,0.14554,-0.06905,0.78955,0.08561,0.60375,0.20578,0.06531,-0.37875,
1413394975455760384,-1.36183,-1.14739,0.10629,-0.05308,0.79495,0.07277,0.59996,0.15340,0.06158,-0.37741,
1413394975555760384,-1.34755,-1.13959,0.07022,-0.03769,0.80359,0.06345,0.59059,0.09307,0.07869,-0.34005,
1413394975655760640,-1.33613,-1.12753,0.03834,-0.02789,0.81197,0.05703,0.58023,0.08255,0.12882,-0.27892,
1413394975805760256,-1.31968,-1.10069,0.00263,-0.02132,0.81966,0.05171,0.57011,0.10674,0.19758,-0.19903,
1413394975955760384,-1.29752,-1.06386,-0.01552,-0.01972,0.81219,0.05187,0.58075,0.13965,0.26284,-0.07377,
1413394976155760640,-1.27087,-1.00395,-0.02629,-0.02282,0.79590,0.05392,0.60260,0.07042,0.32123,-0.08585,
1413394976355760640,-1.26600,-0.93341,-0.03916,-0.02145,0.79398,0.05901,0.60469,-0.04162,0.36970,-0.05624,
1413394976505760512,-1.27988,-0.87366,-0.04582,-0.02439,0.77868,0.05912,0.62415,-0.17489,0.40374,-0.03873,
1413394976705760512,-1.34089,-0.78946,-0.05068,-0.04222,0.76615,0.04847,0.63944,-0.45822,0.41729,-0.03710,
1413394976805760256,-1.39384,-0.74949,-0.05304,-0.05675,0.78096,0.03823,0.62082,-0.58269,0.36921,-0.03489,
1413394976905760512,-1.45571,-0.71544,-0.05671,-0.07063,0.81029,0.02696,0.58113,-0.63876,0.29835,-0.04112,
1413394977005760512,-1.51647,-0.68847,-0.05846,-0.07633,0.84234,0.01654,0.53325,-0.58203,0.20788,0.00988,
1413394977155760640,-1.58209,-0.66712,-0.04931,-0.08066,0.87606,-0.00342,0.47539,-0.30184,0.03418,0.09419,
1413394977305760256,-1.58603,-0.67596,-0.02087,-0.06192,0.89223,-0.00417,0.44729,0.21934,-0.16385,0.26869,
1413394977505760512,-1.48094,-0.71379,0.05510,-0.00686,0.88853,0.03186,0.45767,0.82842,-0.16870,0.43626,
1413394977705760512,-1.25849,-0.73258,0.15145,0.00386,0.88438,0.03652,0.46532,1.39423,-0.03429,0.51713,
1413394977905760512,-0.93233,-0.72340,0.26415,0.00798,0.85768,0.04097,0.51249,1.80750,0.12859,0.57972,
1413394978105760512,-0.55538,-0.68441,0.37746,0.01360,0.82160,0.04549,0.56809,1.90524,0.28121,0.51469,
1413394978205760512,-0.36133,-0.65543,0.42447,0.01688,0.81380,0.04837,0.57888,1.89272,0.36132,0.38975,
1413394978305760256,-0.17068,-0.61806,0.45874,0.01872,0.81084,0.05047,0.58279,1.86170,0.44472,0.27686,
1413394978405760512,0.01290,-0.57305,0.48161,0.01884,0.80991,0.05184,0.58396,1.81117,0.52912,0.15440,
1413394978505760512,0.19375,-0.52130,0.49362,0.01386,0.81022,0.05147,0.58369,1.76868,0.60260,0.05210,
1413394978605760512,0.37103,-0.45928,0.50053,0.00408,0.81073,0.04758,0.58346,1.73647,0.68073,0.05529,
1413394978705760512,0.54681,-0.39192,0.50976,-0.01177,0.81198,0.03886,0.58227,1.70093,0.72601,0.09348,
1413394978805760256,0.71783,-0.32002,0.52286,-0.02593,0.81206,0.03012,0.58222,1.66837,0.73247,0.12720,
1413394978905760512,0.88617,-0.24869,0.53974,-0.03351,0.81147,0.02421,0.58293,1.63704,0.71693,0.14171,
1413394979005760512,1.05135,-0.18013,0.55608,-0.03649,0.80617,0.01926,0.59024,1.61496,0.68624,0.07636,
1413394979105760512,1.20969,-0.11464,0.56295,-0.03736,0.79459,0.01469,0.60582,1.54234,0.64776,-0.02472,
1413394979205760512,1.35992,-0.05323,0.55966,-0.04550,0.77771,0.00594,0.62695,1.42839,0.60087,-0.09785,
1413394979305760256,1.49840,0.00313,0.54711,-0.05713,0.76107,-0.00268,0.64614,1.29507,0.52105,-0.16097,
1413394979405760512,1.62061,0.04945,0.53458,-0.07180,0.74308,-0.01122,0.66525,1.08673,0.41181,-0.11308,
1413394979505760512,1.71576,0.08145,0.52921,-0.08273,0.72173,-0.01510,0.68704,0.79523,0.24690,-0.00081,
1413394979605760512,1.77852,0.09677,0.53615,-0.08317,0.70307,-0.01054,0.70616,0.46921,0.07685,0.10951,
1413394979705760512,1.80794,0.09671,0.55520,-0.07588,0.69945,-0.00017,0.71065,0.09677,-0.07881,0.20852,
1413394979805760256,1.79737,0.08221,0.58148,-0.05134,0.72443,0.01821,0.68719,-0.27656,-0.20268,0.29618,
1413394979905760512,1.75658,0.05913,0.61645,-0.01458,0.76418,0.03886,0.64367,-0.51153,-0.23241,0.38121,
1413394980005760512,1.69311,0.03736,0.65651,0.00924,0.79055,0.04826,0.61042,-0.62855,-0.17083,0.39119,
1413394980105760512,1.62090,0.02371,0.69255,0.01953,0.79841,0.04948,0.59977,-0.67675,-0.07882,0.33484,
1413394980205760512,1.54012,0.02162,0.72122,0.02143,0.79201,0.04641,0.60836,-0.74483,0.02033,0.24301,
1413394980305760256,1.45065,0.03317,0.73783,0.01526,0.78330,0.03881,0.62025,-0.81516,0.12017,0.14453,
1413394980405760512,1.35218,0.05301,0.74003,0.01048,0.78219,0.03284,0.62208,-0.91998,0.19393,0.03993,
1413394980505760512,1.24495,0.07666,0.73438,0.00404,0.79089,0.02652,0.61137,-1.00326,0.26011,0.01589,
1413394980605760512,1.14332,0.10434,0.73608,-0.00697,0.80190,0.01675,0.59719,-1.04430,0.29500,0.04941,
1413394980705760512,1.03245,0.13722,0.73881,-0.01591,0.80866,0.01008,0.58797,-1.05121,0.30073,0.09498,
1413394980805760256,0.92319,0.16833,0.74685,-0.02061,0.81244,0.00808,0.58262,-1.03799,0.29279,0.13050,
1413394980905760512,0.81849,0.19759,0.75658,-0.02374,0.81407,0.00709,0.58023,-1.01830,0.27623,0.12897,
1413394981005760512,0.71814,0.22634,0.76041,-0.02643,0.81576,0.00562,0.57776,-0.97507,0.25928,0.03468,
1413394981105760512,0.62297,0.24856,0.75227,-0.03286,0.81680,0.00171,0.57598,-0.92820,0.22803,-0.07251,
1413394981205760512,0.53301,0.26763,0.73677,-0.03929,0.81848,-0.00242,0.57319,-0.88830,0.17941,-0.17851,
1413394981305760256,0.44677,0.28007,0.71299,-0.04130,0.81974,-0.00490,0.57123,-0.83476,0.11379,-0.25681,
1413394981405760512,0.36489,0.28377,0.68738,-0.03054,0.82030,0.00036,0.57112,-0.79001,0.04808,-0.22422,
1413394981505760512,0.28705,0.28452,0.66579,-0.01747,0.82038,0.00501,0.57152,-0.74039,0.02519,-0.18082,
1413394981605760512,0.21409,0.28395,0.64685,-0.01256,0.82203,0.00411,0.56929,-0.69675,0.01948,-0.17497,
1413394981705760512,0.14443,0.28237,0.62755,-0.00836,0.82753,0.00059,0.56137,-0.64813,0.00735,-0.18860,
1413394981805760256,0.07992,0.27965,0.60851,-0.00691,0.83222,-0.01152,0.55428,-0.58572,-0.00203,-0.17886,
1413394981905760512,0.02287,0.27491,0.59179,-0.00611,0.83375,-0.02845,0.55138,-0.50676,-0.04335,-0.16581,
1413394982005760512,-0.02367,0.26549,0.57823,-0.00412,0.83300,-0.04922,0.55106,-0.43309,-0.09436,-0.13003,
1413394982105760512,-0.05950,0.25004,0.56920,-0.00242,0.82884,-0.07537,0.55438,-0.34502,-0.17855,-0.09368,
1413394982205760512,-0.08722,0.22666,0.56415,-0.00010,0.82146,-0.10476,0.56055,-0.27734,-0.27652,-0.06407,
1413394982305760256,-0.10897,0.19219,0.56222,0.00589,0.81432,-0.13619,0.56418,-0.23568,-0.40650,-0.02891,
1413394982405760512,-0.13473,0.14401,0.56227,0.01887,0.80782,-0.16561,0.56537,-0.23487,-0.56509,0.02168,
1413394982505760512,-0.16381,0.08019,0.56698,0.03357,0.79950,-0.19633,0.56668,-0.23931,-0.72285,0.07944,
1413394982605760512,-0.19411,0.00011,0.57808,0.05010,0.79103,-0.22647,0.56610,-0.27847,-0.87073,0.11973,
1413394982705760512,-0.22734,-0.09499,0.59337,0.07160,0.78285,-0.25162,0.56454,-0.31722,-1.01759,0.16182,
1413394982805760256,-0.26312,-0.20422,0.61149,0.09552,0.77433,-0.27442,0.56212,-0.35888,-1.15172,0.17210,
1413394982905760512,-0.30189,-0.32571,0.63111,0.12025,0.76589,-0.29543,0.55827,-0.39267,-1.26711,0.20114,
1413394983105760512,-0.38728,-0.59435,0.67417,0.16935,0.75439,-0.31820,0.54860,-0.43731,-1.39615,0.22373,
1413394983305760256,-0.47651,-0.87904,0.72007,0.19599,0.74875,-0.32108,0.54577,-0.44499,-1.43425,0.22939,
1413394983505760512,-0.56760,-1.16484,0.76551,0.22192,0.75621,-0.30158,0.53660,-0.43724,-1.39638,0.21172,
1413394983705760512,-0.65009,-1.43273,0.78478,0.23908,0.76314,-0.27982,0.53118,-0.34911,-1.27662,-0.00137,
1413394983905760512,-0.71084,-1.66930,0.75845,0.24522,0.76468,-0.26969,0.53142,-0.23908,-1.10306,-0.24539,
1413394984105760512,-0.74355,-1.87041,0.69340,0.23862,0.76654,-0.26394,0.53461,-0.10376,-0.89811,-0.35701,
1413394984305760256,-0.74753,-2.03869,0.62541,0.22560,0.77550,-0.24954,0.53425,0.01129,-0.72182,-0.33100,
1413394984505760512,-0.72113,-2.18399,0.56942,0.21226,0.78876,-0.23981,0.52468,0.18327,-0.57913,-0.26610,
1413394984705760512,-0.65109,-2.29380,0.52520,0.19201,0.80061,-0.21472,0.52541,0.37468,-0.43807,-0.20032,
1413394984905760512,-0.54498,-2.37903,0.49333,0.16078,0.81067,-0.18146,0.53295,0.58458,-0.33399,-0.11895,
1413394985105760512,-0.41362,-2.44179,0.47891,0.13450,0.81420,-0.13856,0.54753,0.71671,-0.23968,-0.02712,
1413394985305760256,-0.26312,-2.47681,0.48724,0.11448,0.81875,-0.11934,0.54982,0.82582,-0.10696,0.14949,
1413394985505760512,-0.08917,-2.49680,0.54573,0.05767,0.82013,-0.14514,0.55044,0.94199,-0.15199,0.46118,
1413394985705760512,0.10016,-2.53951,0.66074,0.07821,0.82033,-0.12410,0.55275,0.99366,-0.27392,0.53972,
1413394985905760512,0.30258,-2.58871,0.74131,0.10845,0.82115,-0.10062,0.55121,1.06147,-0.21242,0.23247,
1413394986105760512,0.52036,-2.61570,0.77424,0.11456,0.81943,-0.09973,0.55270,1.12964,-0.07727,0.14284,
1413394986305760256,0.75524,-2.61522,0.80647,0.08045,0.81524,-0.12975,0.55863,1.19855,0.00787,0.20988,
1413394986505760512,0.99856,-2.62055,0.85756,0.06994,0.81307,-0.14074,0.56055,1.21588,-0.06657,0.31560,
1413394986705760512,1.24613,-2.63656,0.92386,0.10474,0.81718,-0.11689,0.55460,1.26132,-0.06792,0.32191,
1413394986905760512,1.50765,-2.63757,0.98695,0.11483,0.81295,-0.11088,0.56003,1.33814,0.07556,0.30889,
1413394987105760512,1.77043,-2.61504,1.02668,0.08411,0.80334,-0.13580,0.57370,1.29136,0.14136,0.04439,
1413394987305760256,2.02697,-2.59589,1.02195,0.08255,0.79678,-0.13956,0.58210,1.22076,0.08548,-0.08696,
1413394987505760512,2.27583,-2.57765,1.00930,0.12772,0.79056,-0.10877,0.58896,1.14138,0.18674,-0.04509,
1413394987705760512,2.50209,-2.52001,1.00761,0.14215,0.77959,-0.09779,0.60206,1.03733,0.43171,0.01560,
1413394987905760512,2.70558,-2.40990,1.02662,0.14575,0.76826,-0.09616,0.61587,0.86416,0.73212,0.10765,
1413394988105760512,2.86780,-2.24392,1.06219,0.13957,0.75722,-0.10245,0.62979,0.63267,1.01006,0.16531,
1413394988305760256,2.97961,-2.03179,1.10586,0.10188,0.75543,-0.13646,0.63271,0.35209,1.14872,0.16452,
1413394988505760512,3.03336,-1.81560,1.13886,0.07880,0.75236,-0.20371,0.62149,0.04399,1.04256,0.00852,
1413394988705760512,3.02474,-1.63323,1.14349,0.12273,0.74559,-0.26670,0.59825,-0.23974,0.86858,-0.08922,
1413394988905760512,2.95834,-1.47392,1.13787,0.18554,0.73402,-0.29351,0.58364,-0.41180,0.81737,-0.20116,
1413394989105760512,2.86785,-1.30569,1.10772,0.22292,0.73471,-0.29809,0.56714,-0.52099,0.89067,-0.19158,
1413394989305760256,2.75444,-1.12234,1.07721,0.22511,0.74231,-0.30258,0.55384,-0.53767,0.96276,-0.13163,
1413394989505760512,2.63549,-0.92547,1.06120,0.20800,0.74512,-0.30878,0.55334,-0.56136,0.99368,-0.16449,
1413394989705760512,2.49757,-0.73363,1.02103,0.18560,0.75038,-0.30924,0.55394,-0.60155,0.96423,-0.34736,
1413394989905760512,2.32119,-0.56837,0.94443,0.13487,0.77176,-0.28268,0.55343,-0.62278,0.84495,-0.50816,
1413394990105760512,2.18296,-0.42549,0.84491,0.09999,0.80221,-0.19996,0.55360,-0.60682,0.68616,-0.60728,
1413394990205760512,2.10919,-0.36759,0.78561,0.08412,0.81428,-0.14872,0.55475,-0.57332,0.64692,-0.66983,
1413394990355760640,2.02674,-0.27930,0.68634,0.05851,0.82622,-0.07229,0.55561,-0.49798,0.62650,-0.66633,
1413394990455760384,1.97645,-0.21680,0.62184,0.03955,0.83148,-0.03327,0.55314,-0.44132,0.62592,-0.63614,
1413394990555760384,1.93275,-0.15638,0.56240,0.01979,0.83403,-0.00997,0.55127,-0.36349,0.63334,-0.58979,
1413394990655760640,1.90039,-0.09374,0.50590,0.00452,0.83614,0.00208,0.54849,-0.28278,0.64304,-0.55052,
1413394990755760384,1.87526,-0.03240,0.45261,-0.00305,0.83630,0.00833,0.54820,-0.18404,0.64305,-0.53317,
1413394990855760640,1.85828,0.02127,0.40131,-0.00570,0.83647,0.01052,0.54789,-0.08390,0.63311,-0.49191,
1413394990955760384,1.84405,0.08310,0.35427,-0.00534,0.83611,0.00919,0.54846,-0.01184,0.63089,-0.45039,
1413394991055760384,1.83291,0.15148,0.31275,-0.00148,0.83551,0.00704,0.54943,0.06597,0.64725,-0.39638,
1413394991155760640,1.82958,0.22429,0.27561,-0.00418,0.83353,-0.00161,0.55246,0.13340,0.66091,-0.35862,
1413394991255760384,1.84601,0.28872,0.24363,-0.00453,0.83240,-0.01219,0.55402,0.19959,0.63948,-0.33159,
1413394991355760640,1.86615,0.34461,0.21949,-0.00019,0.83178,-0.02838,0.55438,0.25525,0.59414,-0.29830,
1413394991455760384,1.89910,0.39654,0.19455,0.00959,0.83046,-0.04984,0.55477,0.32797,0.55770,-0.25627,
1413394991555760384,1.93409,0.44023,0.17684,0.02376,0.82778,-0.07381,0.55567,0.35984,0.48987,-0.24025,
1413394991655760640,1.97649,0.47526,0.16172,0.04268,0.82269,-0.09568,0.55876,0.41745,0.43472,-0.18298,
1413394991755760384,2.02193,0.50933,0.14902,0.06454,0.81192,-0.11312,0.56906,0.45740,0.40003,-0.14615,
1413394991855760640,2.06569,0.54259,0.13878,0.07681,0.79902,-0.12866,0.58233,0.45475,0.38250,-0.13156,
1413394991955760384,2.10426,0.57557,0.12966,0.08139,0.78965,-0.14181,0.59137,0.42374,0.36629,-0.13148,
1413394992055760384,2.14029,0.60646,0.11876,0.08124,0.78552,-0.15855,0.59263,0.36236,0.33551,-0.14349,
1413394992155760640,2.17000,0.63373,0.10817,0.07814,0.78482,-0.17962,0.58796,0.28798,0.27337,-0.12433,
1413394992255760384,2.19588,0.65660,0.09908,0.08093,0.78661,-0.19931,0.57877,0.23520,0.18661,-0.07404,
1413394992355760640,2.21517,0.66613,0.09699,0.09554,0.78636,-0.21390,0.57163,0.19126,0.08878,-0.02941,
1413394992455760384,2.23130,0.66702,0.09756,0.12070,0.78474,-0.22279,0.56567,0.16557,0.01609,0.01904,
1413394992555760384,2.24422,0.66342,0.10153,0.15244,0.78504,-0.22251,0.55764,0.16130,-0.00418,0.03014,
1413394992655760640,2.25751,0.66097,0.10730,0.16841,0.78088,-0.22610,0.55745,0.17396,0.01937,0.04423,
1413394992755760384,2.27230,0.66209,0.11232,0.16900,0.77408,-0.23630,0.56250,0.17107,0.03451,0.04132,
1413394992855760640,2.28597,0.66499,0.11715,0.16403,0.76811,-0.25286,0.56494,0.14575,0.03392,0.03247,
1413394992955760384,2.29917,0.66774,0.12015,0.16048,0.76462,-0.26693,0.56423,0.11783,0.01932,0.01104,
1413394993055760384,2.30806,0.66692,0.11570,0.16261,0.76376,-0.27358,0.56159,0.09511,-0.01073,-0.09258,
1413394993155760640,2.31527,0.66408,0.09953,0.17128,0.76552,-0.27248,0.55713,0.07743,-0.03165,-0.20190,
1413394993255760384,2.31828,0.65904,0.07345,0.17993,0.76812,-0.26809,0.55294,0.05785,-0.04177,-0.29297,
1413394993355760640,2.32105,0.65406,0.04093,0.19008,0.77056,-0.26086,0.54960,0.06114,-0.02756,-0.32246,
1413394993455760384,2.32664,0.65087,0.00656,0.19787,0.77276,-0.25404,0.54695,0.07964,-0.00166,-0.31066,
1413394993555760384,2.33383,0.65166,-0.02516,0.20140,0.77408,-0.24890,0.54615,0.10025,0.04211,-0.30283,
1413394993655760640,2.34447,0.65646,-0.05529,0.19933,0.77397,-0.25001,0.54657,0.12184,0.07711,-0.30278,
1413394993755760384,2.35583,0.66408,-0.08805,0.19533,0.76944,-0.26156,0.54899,0.12845,0.09597,-0.35857,
1413394993855760640,2.36786,0.67310,-0.12799,0.19453,0.76279,-0.28189,0.54849,0.11530,0.09265,-0.44471,
1413394993955760384,2.37876,0.67989,-0.17656,0.19660,0.75303,-0.30893,0.54668,0.09782,0.07112,-0.50745,
1413394994055760384,2.38785,0.68325,-0.22591,0.20285,0.74045,-0.33864,0.54398,0.05330,0.03526,-0.48214,
1413394994155760640,2.39027,0.68511,-0.26782,0.21794,0.72739,-0.36497,0.53870,-0.01479,0.00558,-0.33897,
1413394994305760256,2.38087,0.68147,-0.30669,0.25465,0.70818,-0.39764,0.52490,-0.11720,-0.00936,-0.22849,
1413394994505760512,2.35588,0.67678,-0.32866,0.31008,0.69395,-0.42320,0.49313,-0.10212,0.00311,-0.05078,
1413394994705760512,2.34691,0.68164,-0.31632,0.33876,0.68376,-0.43434,0.47860,0.01555,0.07760,0.11929,
1413394994905760512,2.36405,0.70382,-0.27668,0.34525,0.67311,-0.43877,0.48498,0.14373,0.17821,0.12986,
1413394995105760512,2.40253,0.74171,-0.26931,0.32843,0.66527,-0.44745,0.49935,0.18513,0.27320,-0.24354,
1413394995305760256,2.43805,0.79327,-0.32923,0.29711,0.67385,-0.46391,0.49238,0.13653,0.27030,-0.44629,
1413394995505760512,2.46474,0.82565,-0.40643,0.29105,0.68982,-0.46566,0.47180,0.10802,0.13557,-0.42939,
1413394995705760512,2.48518,0.82567,-0.48231,0.30030,0.68630,-0.45880,0.47783,0.13468,-0.01603,-0.33569,
1413394995905760512,2.50663,0.80768,-0.53428,0.30878,0.67236,-0.45293,0.49744,0.10908,-0.03631,-0.29502,
1413394996105760512,2.50889,0.77775,-0.55184,0.32152,0.66622,-0.44648,0.50342,-0.03811,0.06688,0.15857,
1413394996305760256,2.51005,0.77755,-0.55537,0.32292,0.67026,-0.43856,0.50412,-0.00772,0.01471,0.14852,
1413394996505760512,2.51172,0.77433,-0.55393,0.32216,0.67501,-0.43896,0.49789,0.00517,0.00580,-0.01281,
1413394996705760512,2.51432,0.77204,-0.55432,0.32160,0.67369,-0.43915,0.49986,0.00977,0.00458,0.02130,
1413394996905760512,2.51339,0.77673,-0.54081,0.32190,0.67299,-0.43890,0.50083,0.01823,0.00995,0.02294,
1413394997105760512,2.51876,0.77063,-0.55379,0.32162,0.67299,-0.43886,0.50105,0.02315,-0.00290,0.01251,
1413394997305760256,2.51897,0.77021,-0.55452,0.32118,0.67314,-0.43887,0.50112,0.02665,-0.00440,0.01062,
1413394997505760512,2.51929,0.76863,-0.55527,0.32109,0.67319,-0.43878,0.50119,0.02356,-0.00517,0.01033,
1413394997705760512,2.51956,0.76713,-0.55622,0.32090,0.67328,-0.43872,0.50124,0.02328,-0.00286,0.00937,
1413394997905760512,2.51985,0.76592,-0.55694,0.32080,0.67325,-0.43872,0.50134,0.02359,-0.00286,0.01045,
1413394998105760512,2.52032,0.76427,-0.55758,0.32064,0.67323,-0.43870,0.50149,0.02583,-0.00938,0.00569,
1413394998305760256,2.52083,0.76205,-0.55898,0.32052,0.67313,-0.43858,0.50181,0.02806,-0.00807,0.00522,
