1403715529362142976,0.06436,0.08625,0.21347,0.00799,0.82408,0.00209,0.56641,0.10529,0.17367,0.33405,
1403715529462142976,0.08062,0.10630,0.24917,-0.00090,0.82505,0.01882,0.56474,0.14578,0.18630,0.26377,
1403715529562142976,0.09745,0.12555,0.27315,-0.00800,0.82422,0.03160,0.56533,0.16674,0.18736,0.17867,
1403715529662142976,0.11618,0.14533,0.28955,-0.01273,0.82223,0.04082,0.56754,0.19095,0.20173,0.12827,
1403715529762142976,0.13768,0.16732,0.30506,-0.01451,0.82087,0.04976,0.56876,0.21340,0.22561,0.15291,
1403715529862142976,0.15984,0.19112,0.32328,-0.01811,0.81977,0.05396,0.56985,0.22163,0.24591,0.19181,
1403715529962142976,0.18237,0.21569,0.34480,-0.02242,0.81724,0.05514,0.57322,0.23266,0.25735,0.24040,
1403715530062142976,0.20585,0.24228,0.37224,-0.02039,0.81180,0.05912,0.58058,0.22637,0.27307,0.28851,
1403715530162142976,0.22761,0.27229,0.40324,-0.01402,0.80771,0.06414,0.58591,0.19824,0.31278,0.33101,
1403715530262142976,0.24621,0.30735,0.44216,-0.00697,0.81081,0.06794,0.58132,0.17214,0.37047,0.45032,
1403715530362142976,0.26137,0.34782,0.49390,-0.00599,0.81394,0.06727,0.57701,0.14540,0.44250,0.58246,
1403715530462142976,0.27384,0.39387,0.55676,-0.01390,0.81595,0.06387,0.57441,0.13730,0.50483,0.66310,
1403715530562142976,0.28356,0.44385,0.62086,-0.02226,0.81642,0.06734,0.57309,0.12270,0.53318,0.61036,
1403715530662142976,0.29299,0.49600,0.67426,-0.02945,0.81561,0.07155,0.57340,0.10416,0.54426,0.46522,
1403715530762142976,0.30299,0.55066,0.71760,-0.03768,0.81502,0.07745,0.57299,0.09987,0.56719,0.39194,
1403715530862142976,0.31309,0.60801,0.75755,-0.04926,0.81414,0.08890,0.57170,0.09878,0.57855,0.38979,
1403715530962142976,0.32346,0.66581,0.79571,-0.05726,0.81381,0.10123,0.56938,0.10897,0.57354,0.36213,
1403715531062142976,0.33493,0.72384,0.82948,-0.06344,0.82102,0.11037,0.55653,0.11276,0.57483,0.30453,
1403715531162142976,0.34841,0.78310,0.85894,-0.06786,0.83244,0.11603,0.53757,0.15262,0.59086,0.26011,
1403715531262142976,0.36872,0.84289,0.88720,-0.08461,0.83581,0.11081,0.53102,0.24992,0.59912,0.29593,
1403715531362142976,0.39819,0.90015,0.91780,-0.09939,0.82691,0.10530,0.54338,0.33312,0.55945,0.30268,
1403715531462142976,0.43407,0.95232,0.94505,-0.10416,0.81866,0.10520,0.55486,0.37038,0.48887,0.19262,
1403715531562142976,0.47337,0.99968,0.95928,-0.10555,0.81410,0.10636,0.56106,0.39076,0.43627,0.05264,
1403715531662142976,0.51355,1.04602,0.96335,-0.10892,0.81449,0.10506,0.56010,0.40646,0.39352,-0.04790,
1403715531762142976,0.55553,1.08667,0.96375,-0.10143,0.81310,0.11026,0.56251,0.42471,0.33932,-0.03912,
1403715531862142976,0.59825,1.12129,0.96561,-0.09202,0.80622,0.11590,0.57281,0.42781,0.30703,0.00026,
1403715531962142976,0.63809,1.15022,0.96594,-0.08669,0.79951,0.11823,0.58248,0.38740,0.27768,-0.01018,
1403715532062142976,0.67266,1.17720,0.96562,-0.08337,0.79640,0.11960,0.58694,0.33720,0.25902,-0.01985,
1403715532162142976,0.70284,1.20233,0.96333,-0.08044,0.79479,0.12131,0.58917,0.28151,0.25021,-0.02968,
1403715532262142976,0.72791,1.22699,0.96047,-0.08305,0.79359,0.12238,0.59020,0.22010,0.25270,-0.03747,
1403715532362142976,0.74707,1.25163,0.95626,-0.09125,0.79590,0.12304,0.58572,0.16763,0.24057,-0.05596,
1403715532462142976,0.76104,1.27327,0.95162,-0.10126,0.79841,0.12147,0.58097,0.12776,0.20913,-0.04978,
1403715532562142976,0.77192,1.29168,0.94601,-0.11290,0.80009,0.11755,0.57732,0.10039,0.16088,-0.06810,
1403715532662142976,0.77885,1.30201,0.94049,-0.12873,0.79888,0.11000,0.57717,0.08067,0.07934,-0.06178,
1403715532762142976,0.78413,1.30288,0.93404,-0.14172,0.79616,0.10405,0.57899,0.04829,-0.04348,-0.08623,
1403715532862142976,0.78820,1.29151,0.92538,-0.14674,0.79499,0.09903,0.58022,0.03125,-0.17562,-0.10805,
1403715532962142976,0.79166,1.26787,0.91136,-0.14481,0.79715,0.08856,0.57943,0.01956,-0.31501,-0.19940,
1403715533062142976,0.79436,1.23022,0.88645,-0.13719,0.80098,0.07164,0.57834,0.00795,-0.44907,-0.31044,
1403715533162142976,0.79571,1.17844,0.85334,-0.12157,0.80225,0.05201,0.58216,-0.00152,-0.59417,-0.32378,
1403715533262142976,0.79398,1.11177,0.82794,-0.09889,0.79614,0.03436,0.59599,-0.05240,-0.73788,-0.19791,
1403715533362142976,0.78547,1.03320,0.81558,-0.07726,0.79486,0.02067,0.60150,-0.11048,-0.83319,-0.03921,
1403715533462142976,0.77148,0.94582,0.81699,-0.06187,0.79930,0.01002,0.59766,-0.16211,-0.90724,0.09661,
1403715533562142976,0.75096,0.85005,0.83223,-0.06139,0.80541,-0.00559,0.58951,-0.22539,-0.98780,0.24302,
1403715533662142976,0.72442,0.74503,0.86215,-0.06779,0.81109,-0.02093,0.58060,-0.26830,-1.09850,0.38171,
1403715533762142976,0.69502,0.62742,0.90804,-0.07230,0.81465,-0.03219,0.57452,-0.27385,-1.23412,0.51823,
1403715533862142976,0.66609,0.49610,0.96155,-0.06463,0.81748,-0.03233,0.57140,-0.26499,-1.36609,0.52352,
1403715533962142976,0.63626,0.35379,1.00882,-0.05012,0.81920,-0.02532,0.57076,-0.25942,-1.44627,0.41385,
1403715534062142976,0.60543,0.20519,1.04235,-0.03768,0.82003,-0.01800,0.57079,-0.26779,-1.51229,0.26360,
1403715534162142976,0.57459,0.05284,1.06194,-0.02365,0.81980,-0.00827,0.57210,-0.27227,-1.54206,0.13043,
1403715534262142976,0.54369,-0.10080,1.06904,-0.01043,0.82014,0.00138,0.57206,-0.26911,-1.53897,0.00529,
1403715534362142976,0.51521,-0.25526,1.06533,-0.00370,0.82020,0.00667,0.57203,-0.26464,-1.52415,-0.11743,
1403715534462142976,0.49041,-0.40954,1.05034,0.00182,0.82072,0.00497,0.57131,-0.25043,-1.51026,-0.22231,
1403715534562142976,0.46831,-0.56328,1.02748,0.00966,0.82066,-0.00279,0.57132,-0.21858,-1.49064,-0.26240,
1403715534662142976,0.45001,-0.71664,1.00219,0.01824,0.82125,-0.01694,0.57003,-0.20865,-1.47331,-0.27150,
1403715534762142976,0.43347,-0.86508,0.97520,0.03063,0.82372,-0.03574,0.56504,-0.19670,-1.44057,-0.28905,
1403715534862142976,0.41921,-1.00918,0.94642,0.04795,0.82801,-0.05824,0.55562,-0.16797,-1.40729,-0.29838,
1403715534962142976,0.41250,-1.14601,0.91773,0.06617,0.83077,-0.08204,0.54655,-0.10197,-1.36731,-0.28310,
1403715535062142976,0.41431,-1.27914,0.88957,0.08145,0.83155,-0.10213,0.53987,-0.02456,-1.31916,-0.28340,
1403715535162142976,0.42573,-1.40659,0.86109,0.09082,0.83487,-0.11887,0.52973,0.07691,-1.26887,-0.28527,
1403715535262142976,0.44984,-1.53033,0.83233,0.09435,0.83909,-0.13146,0.51937,0.20357,-1.24135,-0.25571,
1403715535362142976,0.48809,-1.65061,0.80607,0.09418,0.84094,-0.14141,0.51376,0.35470,-1.22333,-0.22877,
1403715535462142976,0.54053,-1.77080,0.78073,0.08169,0.83623,-0.15623,0.51926,0.49366,-1.24243,-0.20025,
1403715535562142976,0.60171,-1.89702,0.75698,0.07469,0.82624,-0.16230,0.53424,0.56878,-1.28597,-0.18582,
1403715535662142976,0.66892,-2.02908,0.73496,0.07469,0.81686,-0.15798,0.54973,0.63739,-1.31980,-0.20247,
1403715535762142976,0.73885,-2.16324,0.71283,0.07399,0.81456,-0.14496,0.55678,0.67037,-1.33812,-0.20407,
1403715535862142976,0.80808,-2.29711,0.69108,0.07677,0.81584,-0.12156,0.56012,0.67523,-1.32624,-0.22612,
1403715535962142976,0.87735,-2.42904,0.66747,0.07388,0.82229,-0.09758,0.55575,0.70275,-1.29517,-0.24822,
1403715536062142976,0.94783,-2.55680,0.64467,0.06643,0.83029,-0.07998,0.54754,0.73880,-1.26077,-0.21793,
1403715536162142976,1.02341,-2.67994,0.62507,0.05950,0.83683,-0.06648,0.54014,0.81132,-1.22239,-0.17771,
1403715536262142976,1.10711,-2.79891,0.60903,0.05896,0.84174,-0.05214,0.53411,0.89815,-1.16742,-0.14686,
1403715536362142976,1.19890,-2.91085,0.59777,0.06125,0.84198,-0.03786,0.53469,0.97962,-1.08772,-0.09138,
1403715536462142976,1.29950,-3.01501,0.59053,0.07054,0.83773,-0.02142,0.54109,1.05476,-0.98956,-0.05126,
1403715536562142976,1.40690,-3.10642,0.58653,0.07886,0.83195,-0.00921,0.54914,1.11313,-0.85530,-0.02813,
1403715536662142976,1.52066,-3.18468,0.58363,0.08354,0.82473,-0.00173,0.55932,1.15735,-0.70544,-0.01357,
1403715536762142976,1.63711,-3.24660,0.58397,0.08311,0.81291,0.00198,0.57642,1.15792,-0.52909,0.02122,
1403715536862142976,1.75282,-3.29250,0.58744,0.08291,0.80012,0.00927,0.59401,1.11536,-0.36660,0.04650,
1403715536962142976,1.86118,-3.32108,0.59308,0.09177,0.78728,0.02053,0.60938,1.01247,-0.19796,0.07314,
1403715537062142976,1.95790,-3.33058,0.60097,0.10140,0.77292,0.02954,0.62565,0.89399,0.01681,0.10534,
1403715537162142976,2.03937,-3.31690,0.61365,0.10765,0.75362,0.03514,0.64748,0.70796,0.25427,0.14913,
1403715537262142976,2.09992,-3.27880,0.62973,0.10650,0.73595,0.03453,0.66772,0.47322,0.49991,0.17975,
1403715537362142976,2.13506,-3.21726,0.64785,0.08103,0.73288,0.01761,0.67529,0.20183,0.71085,0.18701,
1403715537462142976,2.14388,-3.13934,0.66452,0.05197,0.75129,-0.00449,0.65791,-0.04807,0.83699,0.17600,
1403715537562142976,2.13322,-3.05359,0.68137,0.02901,0.77906,-0.02391,0.62582,-0.22239,0.89168,0.17613,
1403715537662142976,2.10845,-2.96454,0.70088,0.01537,0.79912,-0.03742,0.59981,-0.30685,0.89021,0.23623,
1403715537762142976,2.07636,-2.87736,0.72598,0.01022,0.79778,-0.04521,0.60116,-0.35384,0.86259,0.28579,
1403715537862142976,2.03618,-2.79374,0.75274,0.01037,0.78739,-0.04806,0.61449,-0.44509,0.82046,0.26835,
1403715537962142976,1.98681,-2.71443,0.77487,0.01145,0.78545,-0.04856,0.61691,-0.55440,0.78652,0.19857,
1403715538062142976,1.92920,-2.63959,0.79319,0.00785,0.79190,-0.05212,0.60838,-0.63302,0.73842,0.18207,
1403715538162142976,1.86341,-2.57058,0.81039,0.00405,0.79869,-0.06157,0.59856,-0.70292,0.66393,0.13015,
1403715538262142976,1.79154,-2.50915,0.81910,0.00815,0.80282,-0.07334,0.59163,-0.74507,0.59552,0.02332,
1403715538362142976,1.71634,-2.45483,0.81695,0.01784,0.80070,-0.08664,0.59250,-0.77923,0.52007,-0.07334,
1403715538462142976,1.63602,-2.40666,0.80854,0.03956,0.78981,-0.09614,0.60447,-0.84315,0.46299,-0.08826,
1403715538562142976,1.54758,-2.36126,0.80127,0.06631,0.77791,-0.10558,0.61588,-0.93345,0.44405,-0.06171,
1403715538662142976,1.44892,-2.31479,0.79353,0.08806,0.77160,-0.12172,0.61811,-1.03855,0.46426,-0.07804,
1403715538762142976,1.34175,-2.26735,0.78331,0.10683,0.77296,-0.14526,0.60829,-1.12346,0.48541,-0.11364,
1403715538862142976,1.22638,-2.21770,0.77149,0.12614,0.77864,-0.17390,0.58954,-1.20136,0.50143,-0.11948,
1403715538962142976,1.10581,-2.16650,0.75483,0.14821,0.77878,-0.20609,0.57364,-1.22689,0.51040,-0.21018,
1403715539062142976,0.98287,-2.11384,0.72749,0.17304,0.77215,-0.24088,0.56198,-1.24920,0.53203,-0.32541,
1403715539162142976,0.85858,-2.05960,0.68869,0.19777,0.76166,-0.27727,0.55126,-1.25745,0.55223,-0.44140,
1403715539262142976,0.73465,-2.00301,0.63869,0.22025,0.75042,-0.31351,0.53859,-1.25323,0.57472,-0.56397,
1403715539362142976,0.61141,-1.94443,0.57757,0.23971,0.74194,-0.34692,0.52126,-1.23711,0.58916,-0.64829,
1403715539462142976,0.49253,-1.88776,0.51609,0.25752,0.73231,-0.37299,0.50822,-1.19000,0.57030,-0.56437,
1403715539562142976,0.38096,-1.83258,0.46934,0.26343,0.72352,-0.39646,0.49993,-1.11928,0.54909,-0.39398,
1403715539662142976,0.27678,-1.78228,0.44175,0.26295,0.71345,-0.41492,0.49969,-1.06314,0.50166,-0.19038,
1403715539762142976,0.17655,-1.73558,0.43193,0.26617,0.70477,-0.42407,0.50262,-1.03363,0.45718,-0.01620,
1403715539862142976,0.07714,-1.69236,0.43635,0.26911,0.70353,-0.42539,0.50166,-1.02403,0.42271,0.09349,
1403715539962142976,-0.01853,-1.65663,0.45642,0.26018,0.71034,-0.42777,0.49472,-1.01032,0.36289,0.26168,
1403715540062142976,-0.11166,-1.63148,0.48507,0.24484,0.72023,-0.43256,0.48396,-0.98741,0.27036,0.25182,
1403715540162142976,-0.19835,-1.62014,0.51848,0.22541,0.72754,-0.43931,0.47632,-0.93931,0.11338,0.33413,
1403715540262142976,-0.28391,-1.62415,0.55589,0.21737,0.72919,-0.44044,0.47650,-0.91584,-0.06023,0.36483,
1403715540362142976,-0.37107,-1.64134,0.59464,0.22514,0.73218,-0.43142,0.47655,-0.89315,-0.21196,0.37653,
1403715540462142976,-0.45841,-1.66813,0.62973,0.23483,0.73822,-0.42156,0.47135,-0.85961,-0.32404,0.32900,
1403715540562142976,-0.54551,-1.70324,0.66092,0.24044,0.74756,-0.41733,0.45735,-0.81150,-0.43221,0.28586,
1403715540662142976,-0.62398,-1.74955,0.68714,0.23903,0.75279,-0.42049,0.44650,-0.72017,-0.54722,0.25437,
1403715540762142976,-0.69144,-1.80935,0.71064,0.22827,0.74906,-0.43277,0.44668,-0.63396,-0.68108,0.22562,
1403715540862142976,-0.75023,-1.88459,0.73375,0.22825,0.74084,-0.43775,0.45545,-0.56931,-0.83020,0.21880,
1403715540962142976,-0.80280,-1.97523,0.75481,0.23403,0.73347,-0.43706,0.46500,-0.52406,-0.96951,0.21063,
1403715541062142976,-0.85168,-2.07790,0.77408,0.24293,0.73000,-0.43206,0.47055,-0.48400,-1.07219,0.19401,
1403715541162142976,-0.89773,-2.18852,0.79004,0.24557,0.72888,-0.43005,0.47274,-0.44531,-1.13993,0.15742,
1403715541262142976,-0.94122,-2.30739,0.80341,0.23809,0.71731,-0.43538,0.48910,-0.43289,-1.23028,0.15849,
1403715541362142976,-0.98634,-2.43431,0.81732,0.24457,0.70874,-0.43423,0.49931,-0.46635,-1.29250,0.13847,
1403715541462142976,-1.03473,-2.56546,0.82694,0.25466,0.71186,-0.43003,0.49344,-0.48805,-1.32191,0.07022,
1403715541562142976,-1.08234,-2.70025,0.83226,0.25754,0.72188,-0.42968,0.47742,-0.46828,-1.36745,0.05331,
1403715541662142976,-1.12696,-2.83953,0.83933,0.25911,0.73011,-0.42903,0.46448,-0.42823,-1.41416,0.07488,
1403715541762142976,-1.16564,-2.98413,0.84860,0.27453,0.73613,-0.41751,0.45654,-0.34465,-1.48092,0.09953,
1403715541862142976,-1.19522,-3.13265,0.85939,0.29852,0.73822,-0.39900,0.45466,-0.22735,-1.49081,0.12753,
1403715541962142976,-1.21219,-3.27991,0.86921,0.31629,0.74068,-0.38075,0.45429,-0.07991,-1.45288,0.10471,
1403715542062142976,-1.21176,-3.42182,0.87689,0.32622,0.74484,-0.36087,0.45670,0.09924,-1.36430,0.10430,
1403715542162142976,-1.19529,-3.55467,0.88485,0.32814,0.74416,-0.34033,0.47194,0.25839,-1.24519,0.10546,
1403715542262142976,-1.16171,-3.67714,0.89414,0.32136,0.74081,-0.32040,0.49524,0.39388,-1.09891,0.12027,
1403715542362142976,-1.11530,-3.78591,0.90504,0.30221,0.73762,-0.30505,0.52108,0.49788,-0.93526,0.13576,
1403715542462142976,-1.06153,-3.88107,0.91824,0.27329,0.73124,-0.29284,0.55213,0.53371,-0.79357,0.17196,
1403715542562142976,-1.00681,-3.96334,0.93207,0.24913,0.72743,-0.28168,0.57396,0.49502,-0.67455,0.14288,
1403715542662142976,-0.95940,-4.03019,0.93982,0.23058,0.73597,-0.27397,0.57456,0.41615,-0.55659,0.09370,
1403715542762142976,-0.91869,-4.08516,0.94522,0.21781,0.74322,-0.26818,0.57295,0.36306,-0.46316,0.05603,
1403715542862142976,-0.88358,-4.12845,0.94633,0.20889,0.75205,-0.26492,0.56622,0.31005,-0.38294,0.00102,
1403715542962142976,-0.85358,-4.16381,0.94250,0.19756,0.75605,-0.26673,0.56411,0.26781,-0.31526,-0.06729,
1403715543062142976,-0.82801,-4.19504,0.93142,0.18756,0.75483,-0.27037,0.56741,0.22076,-0.27986,-0.12784,
1403715543162142976,-0.80758,-4.22360,0.91569,0.18363,0.75250,-0.27291,0.57057,0.16154,-0.25947,-0.15182,
1403715543262142976,-0.79288,-4.24859,0.89898,0.18282,0.74764,-0.27543,0.57598,0.09553,-0.22920,-0.16914,
1403715543362142976,-0.78540,-4.27214,0.88238,0.18342,0.74521,-0.27774,0.57783,0.01391,-0.20436,-0.16466,
1403715543462142976,-0.78460,-4.29366,0.86602,0.18945,0.74477,-0.27641,0.57708,-0.05601,-0.17575,-0.15654,
1403715543562142976,-0.79136,-4.31071,0.85110,0.19802,0.74375,-0.27321,0.57704,-0.11456,-0.13632,-0.14869,
1403715543662142976,-0.80343,-4.32362,0.83553,0.20903,0.73846,-0.26714,0.58277,-0.18975,-0.07311,-0.16460,
1403715543762142976,-0.82684,-4.32671,0.81830,0.22816,0.73349,-0.26161,0.58437,-0.27575,0.01140,-0.18807,
1403715543862142976,-0.85630,-4.32036,0.79731,0.25304,0.73002,-0.26129,0.57859,-0.33921,0.13544,-0.22584,
1403715543962142976,-0.89203,-4.29843,0.77352,0.27626,0.72775,-0.27124,0.56611,-0.37345,0.29715,-0.25419,
1403715544062142976,-0.92964,-4.26058,0.74667,0.29813,0.72509,-0.29009,0.54883,-0.37933,0.46721,-0.31242,
1403715544162142976,-0.96688,-4.20777,0.70955,0.30568,0.71676,-0.32814,0.53398,-0.36904,0.59897,-0.43668,
1403715544262142976,-1.00333,-4.14344,0.65960,0.31500,0.70217,-0.37217,0.51886,-0.35689,0.69746,-0.57281,
1403715544362142976,-1.03848,-4.07037,0.59575,0.32574,0.68253,-0.41877,0.50268,-0.33389,0.77301,-0.70148,
1403715544462142976,-1.07166,-3.99066,0.52134,0.33763,0.65912,-0.46164,0.48832,-0.32358,0.83272,-0.77767,
1403715544562142976,-1.10289,-3.90570,0.44783,0.35218,0.63722,-0.49489,0.47434,-0.30333,0.87350,-0.68617,
1403715544662142976,-1.13053,-3.81745,0.38855,0.36459,0.62074,-0.51653,0.46363,-0.27123,0.89662,-0.47810,
1403715544762142976,-1.15686,-3.72616,0.35486,0.38017,0.60762,-0.52291,0.46134,-0.25643,0.93288,-0.19960,
1403715544862142976,-1.18248,-3.62816,0.34771,0.39078,0.60026,-0.52353,0.46140,-0.24583,1.01109,0.07825,
1403715544962142976,-1.20755,-3.52268,0.36136,0.39144,0.60076,-0.52581,0.45759,-0.23352,1.07712,0.18806,
1403715545062142976,-1.23089,-3.41320,0.38145,0.38929,0.60357,-0.53134,0.44927,-0.23087,1.12288,0.19172,
1403715545162142976,-1.25373,-3.30106,0.40050,0.39087,0.60280,-0.53912,0.43956,-0.22488,1.15042,0.12035,
1403715545262142976,-1.27600,-3.18603,0.40882,0.39439,0.59743,-0.55041,0.42962,-0.21620,1.15826,-0.00983,
1403715545362142976,-1.29808,-3.06889,0.40581,0.39742,0.58826,-0.56366,0.42226,-0.19442,1.16641,-0.09904,
1403715545462142976,-1.31760,-2.95256,0.39886,-0.39270,-0.57434,0.57868,-0.42550,-0.18243,1.17052,-0.07426,
1403715545562142976,-1.33869,-2.83743,0.39730,-0.38474,-0.56095,0.59238,-0.43173,-0.22033,1.14214,0.01293,
1403715545662142976,-1.36615,-2.72368,0.40401,-0.37854,-0.55145,0.60114,-0.43731,-0.29381,1.13471,0.06347,
1403715545762142976,-1.40095,-2.61206,0.41159,-0.37547,-0.55096,0.60206,-0.43930,-0.38210,1.11664,0.05454,
1403715545862142976,-1.44255,-2.50115,0.41710,-0.37587,-0.55885,0.59482,-0.43885,-0.44735,1.10450,0.06216,
1403715545962142976,-1.49035,-2.38975,0.42303,-0.37758,-0.57544,0.57837,-0.43793,-0.49323,1.09857,0.07050,
1403715546062142976,-1.54124,-2.27849,0.42925,0.37521,0.59727,-0.55509,0.44087,-0.49950,1.08850,0.08175,
1403715546162142976,-1.59149,-2.16837,0.43699,0.36362,0.62076,-0.52845,0.45075,-0.48486,1.07840,0.09317,
1403715546262142976,-1.64054,-2.05961,0.44514,0.34517,0.64530,-0.49838,0.46482,-0.47188,1.08241,0.10004,
1403715546362142976,-1.68885,-1.95074,0.45479,0.32223,0.66892,-0.46659,0.48064,-0.45766,1.08983,0.10726,
1403715546462142976,-1.73610,-1.84250,0.46611,0.29606,0.69244,-0.43380,0.49467,-0.45898,1.09536,0.14082,
1403715546562142976,-1.78304,-1.73539,0.47889,0.26944,0.71470,-0.39879,0.50752,-0.45549,1.08479,0.12730,
1403715546662142976,-1.82936,-1.62889,0.49143,0.24410,0.73899,-0.36064,0.51404,-0.45306,1.06605,0.10971,
1403715546762142976,-1.87416,-1.52441,0.50124,0.21495,0.76687,-0.32311,0.51118,-0.42564,1.03986,0.05939,
1403715546862142976,-1.91474,-1.42371,0.50918,0.18067,0.79187,-0.28965,0.50636,-0.37571,0.98354,0.08156,
1403715546962142976,-1.94921,-1.33059,0.51911,0.15398,0.80955,-0.25156,0.50757,-0.31471,0.89903,0.09233,
1403715547062142976,-1.97532,-1.24544,0.53017,0.13656,0.82396,-0.20740,0.50934,-0.21868,0.84406,0.09908,
1403715547162142976,-1.99015,-1.16554,0.54086,0.11633,0.83411,-0.16556,0.51314,-0.10517,0.80917,0.10013,
1403715547262142976,-1.99314,-1.09029,0.55180,0.09675,0.84129,-0.12376,0.51725,0.01039,0.78188,0.09803,
1403715547362142976,-1.98497,-1.01667,0.56219,0.07796,0.84711,-0.08611,0.51856,0.12304,0.77256,0.08371,
1403715547462142976,-1.96263,-0.94771,0.57072,0.05616,0.85403,-0.05558,0.51418,0.25014,0.77895,0.05309,
1403715547562142976,-1.92785,-0.87733,0.57608,0.03441,0.85978,-0.02489,0.50889,0.38911,0.79061,0.02662,
1403715547662142976,-1.88090,-0.80045,0.58101,0.01359,0.86256,0.00964,0.50568,0.54009,0.81436,0.02851,
1403715547762142976,-1.82033,-0.71669,0.58630,-0.00533,0.86305,0.04518,0.50306,0.68675,0.85428,0.03693,
1403715547862142976,-1.74487,-0.62756,0.59136,-0.02636,0.86113,0.07778,0.50171,0.83522,0.90816,0.03819,
1403715547962142976,-1.65620,-0.53062,0.59853,-0.04721,0.85301,0.10660,0.50871,0.96747,0.95937,0.04034,
1403715548062142976,-1.55453,-0.43201,0.60561,-0.06658,0.83998,0.12475,0.52387,1.06468,0.99943,0.06183,
1403715548162142976,-1.44617,-0.33065,0.61191,-0.07643,0.82553,0.13804,0.54185,1.11046,1.01967,0.03068,
1403715548262142976,-1.33444,-0.22809,0.61583,-0.07891,0.81490,0.14686,0.55510,1.12520,1.04964,0.01755,
1403715548362142976,-1.22162,-0.12152,0.61312,-0.07930,0.80987,0.14992,0.56155,1.11734,1.07104,-0.11492,
1403715548462142976,-1.10871,-0.01043,0.59915,-0.07707,0.80923,0.14970,0.56285,1.11189,1.10822,-0.21418,
1403715548562142976,-0.99908,0.10301,0.57835,-0.07925,0.81070,0.14404,0.56191,1.09470,1.13636,-0.22826,
1403715548662142976,-0.89382,0.21745,0.55706,-0.08183,0.81260,0.13666,0.56063,1.07184,1.15632,-0.22250,
1403715548762142976,-0.79298,0.33147,0.53641,-0.08315,0.81303,0.12995,0.56142,1.05163,1.15827,-0.20091,
1403715548862142976,-0.69377,0.44506,0.51753,-0.08227,0.81364,0.12463,0.56186,1.04388,1.16271,-0.18575,
1403715548962142976,-0.59395,0.55918,0.49968,-0.08322,0.81299,0.12123,0.56341,1.03701,1.16860,-0.18265,
1403715549062142976,-0.49429,0.67569,0.48183,-0.08757,0.81029,0.12541,0.56572,1.00683,1.17661,-0.16539,
1403715549162142976,-0.39864,0.79176,0.46753,-0.09598,0.80166,0.13263,0.57493,0.97240,1.16798,-0.12129,
1403715549262142976,-0.30679,0.90671,0.45552,-0.10382,0.79063,0.13877,0.58725,0.91100,1.13971,-0.11131,
1403715549362142976,-0.22177,1.01895,0.44232,-0.11451,0.78302,0.14101,0.59488,0.81229,1.10021,-0.12295,
1403715549462142976,-0.14634,1.12553,0.42731,-0.13124,0.78391,0.13729,0.59111,0.73617,1.03721,-0.14773,
1403715549562142976,-0.07620,1.22466,0.41171,-0.14374,0.79080,0.13448,0.57956,0.67374,0.94715,-0.15184,
1403715549662142976,-0.00607,1.31647,0.39573,-0.15208,0.80076,0.12672,0.56533,0.66990,0.83263,-0.13612,
1403715549762142976,0.06361,1.39648,0.38301,-0.15446,0.80591,0.11066,0.56071,0.69561,0.70521,-0.10615,
1403715549862142976,0.13222,1.45991,0.37443,-0.15000,0.80679,0.08898,0.56452,0.70652,0.56226,-0.09330,
1403715549962142976,0.20131,1.50888,0.36773,-0.14652,0.80943,0.05768,0.56571,0.72064,0.39970,-0.05668,
1403715550062142976,0.27001,1.53676,0.36258,-0.13722,0.81448,0.02217,0.56329,0.71623,0.19601,-0.04659,
1403715550162142976,0.33884,1.54320,0.36186,-0.10997,0.81997,-0.00626,0.56171,0.72165,-0.02279,0.05362,
1403715550262142976,0.41005,1.53304,0.37382,-0.07761,0.82373,-0.03134,0.56077,0.71883,-0.19484,0.18624,
1403715550362142976,0.48137,1.50436,0.40045,-0.04712,0.82511,-0.05607,0.56020,0.72676,-0.35136,0.33499,
1403715550462142976,0.55355,1.46220,0.43689,-0.01333,0.82263,-0.07964,0.56281,0.73167,-0.47423,0.37334,
1403715550562142976,0.62704,1.41172,0.47263,0.01782,0.81881,-0.10657,0.56380,0.72425,-0.54314,0.31971,
1403715550662142976,0.69983,1.35514,0.49748,0.03918,0.81336,-0.14023,0.56324,0.71468,-0.59568,0.18035,
1403715550762142976,0.77150,1.29235,0.50980,0.05404,0.80554,-0.17832,0.56249,0.69453,-0.65529,0.05436,
1403715550862142976,0.84037,1.22206,0.50983,0.06417,0.79614,-0.21827,0.56072,0.66411,-0.73892,-0.06289,
1403715550962142976,0.90535,1.14185,0.50024,0.07626,0.78539,-0.25633,0.55825,0.61667,-0.85511,-0.12989,
1403715551062142976,0.96558,1.04824,0.49102,0.09880,0.77542,-0.28645,0.55399,0.54721,-1.00742,-0.03883,
1403715551162142976,1.01651,0.94040,0.49409,0.12624,0.76446,-0.31268,0.54946,0.46501,-1.14139,0.10567,
1403715551262142976,1.05933,0.82029,0.51008,0.14653,0.74987,-0.34314,0.54633,0.38671,-1.25436,0.21344,
1403715551362142976,1.09361,0.68893,0.53306,0.16182,0.73319,-0.37740,0.54205,0.28231,-1.35490,0.23035,
1403715551462142976,1.11624,0.54855,0.55620,0.18028,0.71449,-0.40952,0.53786,0.16729,-1.44399,0.22543,
1403715551562142976,1.12240,0.40112,0.57955,0.20618,0.69558,-0.43621,0.53234,0.02541,-1.53134,0.23240,
1403715551662142976,1.11642,0.24593,0.60266,0.24243,0.67741,-0.45485,0.52484,-0.11363,-1.57963,0.24782,
1403715551762142976,1.09747,0.08866,0.62676,0.27937,0.65562,-0.47158,0.51934,-0.23790,-1.57067,0.23930,
1403715551862142976,1.06782,-0.06638,0.64996,0.31007,0.62861,-0.49062,0.51769,-0.35091,-1.53102,0.23214,
1403715551962142976,1.02671,-0.21453,0.67182,0.34008,0.59973,-0.50805,0.51628,-0.47216,-1.43897,0.21990,
1403715552062142976,0.97501,-0.35263,0.69054,0.37274,0.58213,-0.52288,0.49878,-0.56716,-1.31373,0.19811,
1403715552162142976,0.91550,-0.47724,0.70721,0.39574,0.56669,-0.54205,0.47794,-0.62640,-1.17166,0.16000,
1403715552262142976,0.85126,-0.58643,0.72252,-0.42340,-0.54592,0.55674,-0.46124,-0.66129,-1.03524,0.16083,
1403715552362142976,0.78545,-0.68210,0.73642,-0.45089,-0.52055,0.57136,-0.44640,-0.67722,-0.87372,0.13027,
1403715552462142976,0.71880,-0.75994,0.74814,-0.47376,-0.49501,0.59058,-0.42630,-0.66466,-0.69437,0.11648,
1403715552562142976,0.65375,-0.81838,0.75915,-0.49307,-0.46327,0.61203,-0.40950,-0.63995,-0.51063,0.09015,
1403715552662142976,0.59025,-0.85748,0.76899,0.50946,0.42569,-0.63491,0.39512,-0.61261,-0.31357,0.07379,
1403715552762142976,0.52911,-0.87960,0.77569,0.52055,0.38727,-0.66138,0.37633,-0.59457,-0.12567,0.03867,
1403715552862142976,0.46985,-0.87922,0.77984,0.52957,0.34829,-0.68811,0.35321,-0.58851,0.07634,0.00364,
1403715552962142976,0.41123,-0.85996,0.77964,0.53072,0.30709,-0.71665,0.33232,-0.57781,0.27025,-0.04590,
1403715553062142976,0.35023,-0.82347,0.77677,0.52967,0.26380,-0.74253,0.31386,-0.61045,0.45629,-0.07015,
1403715553162142976,0.28476,-0.76870,0.77248,0.53599,0.22491,-0.76028,0.29000,-0.65436,0.63844,-0.07882,
1403715553262142976,0.21470,-0.69606,0.76796,0.55023,0.18675,-0.76891,0.26676,-0.70363,0.81330,-0.07355,
1403715553362142976,0.14212,-0.60266,0.76185,0.57338,0.15051,-0.76862,0.24041,-0.71249,1.02174,-0.08559,
1403715553462142976,0.07753,-0.48648,0.75431,0.60348,0.12041,-0.76156,0.20334,-0.64120,1.21050,-0.09470,
1403715553562142976,0.02149,-0.35583,0.74196,0.62891,0.09321,-0.75409,0.16470,-0.51876,1.36084,-0.15112,
1403715553662142976,-0.02098,-0.21393,0.72444,0.64148,0.07324,-0.75269,0.12882,-0.35486,1.46637,-0.19474,
1403715553762142976,-0.04686,-0.06397,0.70211,0.63404,0.06363,-0.76417,0.09991,-0.18142,1.53584,-0.23410,
1403715553862142976,-0.05700,0.09063,0.67807,0.61103,0.06340,-0.78559,0.07400,-0.03460,1.55530,-0.21072,
1403715553962142976,-0.05770,0.24652,0.65830,0.58817,0.06659,-0.80405,0.05594,0.03829,1.53451,-0.18752,
1403715554062142976,-0.05542,0.39925,0.63931,0.55877,0.06673,-0.82510,0.05040,0.05329,1.49730,-0.20537,
1403715554162142976,-0.05739,0.54854,0.62042,0.52705,0.06858,-0.84571,0.04780,-0.01274,1.44875,-0.17618,
1403715554262142976,-0.06784,0.69270,0.60652,0.50463,0.07218,-0.85910,0.04568,-0.16284,1.39098,-0.13981,
1403715554362142976,-0.09494,0.83063,0.59231,-0.49475,-0.08659,0.86411,-0.03227,-0.35479,1.31391,-0.16476,
1403715554462142976,-0.13889,0.95781,0.57295,0.51246,0.12774,-0.84916,-0.00235,-0.49865,1.17370,-0.21621,
1403715554562142976,-0.19146,1.06690,0.54286,0.54466,0.18469,-0.81654,-0.04991,-0.52371,0.91696,-0.32319,
1403715554662142976,-0.24202,1.14349,0.50185,0.57167,0.23061,-0.78200,-0.09213,-0.45123,0.56378,-0.44900,
1403715554762142976,-0.27530,1.18135,0.44977,0.58883,0.25663,-0.75733,-0.11778,-0.27935,0.10182,-0.49850,
1403715554862142976,-0.28846,1.17301,0.40308,0.60610,0.26667,-0.73871,-0.12585,-0.00520,-0.48976,-0.38747,
1403715554962142976,-0.27477,1.08735,0.37751,0.62260,0.25552,-0.73103,-0.11253,0.32276,-1.14076,-0.12251,
1403715555062142976,-0.23086,0.93524,0.37893,0.62417,0.21266,-0.74914,-0.06310,0.63520,-1.65436,0.08842,
1403715555162142976,-0.15783,0.75581,0.39842,0.60432,0.15212,-0.78202,0.01006,0.80365,-1.91238,0.20788,
1403715555262142976,-0.07514,0.56089,0.41787,0.56978,0.09004,-0.81195,0.08937,0.84149,-1.97070,0.10595,
1403715555362142976,0.00516,0.37071,0.42545,0.54050,0.04297,-0.82680,0.14973,0.75426,-1.83897,0.00253,
1403715555462142976,0.07213,0.20028,0.43583,0.53985,0.03053,-0.82514,0.16365,0.61759,-1.56977,0.12796,
1403715555562142976,0.12575,0.05739,0.46339,0.55376,0.04051,-0.81809,0.14980,0.51395,-1.29994,0.29382,
1403715555662142976,0.17346,-0.06276,0.50048,0.56314,0.05559,-0.81368,0.13311,0.46434,-1.08702,0.41632,
1403715555762142976,0.22790,-0.16456,0.54221,0.55921,0.06401,-0.81644,0.12889,0.46024,-0.93219,0.48421,
1403715555862142976,0.29015,-0.25128,0.59132,0.54841,0.06048,-0.82191,0.14162,0.42122,-0.76153,0.58942,
1403715555962142976,0.32639,-0.31970,0.65661,0.54073,0.05970,-0.82544,0.15064,0.33159,-0.58316,0.64796,
1403715556062142976,0.35469,-0.37098,0.71941,0.52778,0.05116,-0.83103,0.16800,0.22849,-0.41377,0.55979,
1403715556162142976,0.37161,-0.40191,0.77229,0.52566,0.04640,-0.83048,0.17841,0.11023,-0.20048,0.49441,
1403715556262142976,0.37579,-0.41243,0.82106,0.53604,0.04719,-0.82348,0.17978,-0.01128,0.02847,0.49471,
1403715556362142976,0.36713,-0.39637,0.86585,0.54451,0.05409,-0.81838,0.17559,-0.10011,0.24324,0.45376,
1403715556462142976,0.35267,-0.36142,0.90462,0.54993,0.06664,-0.81601,0.16515,-0.16470,0.41536,0.34144,
1403715556562142976,0.33399,-0.31438,0.93178,0.55325,0.09178,-0.81643,0.13758,-0.21355,0.52419,0.18381,
1403715556662142976,0.31183,-0.25890,0.94500,0.55104,0.11095,-0.81869,0.11743,-0.23482,0.59031,0.02619,
1403715556762142976,0.28621,-0.19962,0.94254,0.54281,0.12459,-0.82396,0.10453,-0.29451,0.60526,-0.09549,
1403715556862142976,0.25534,-0.14032,0.93164,0.54585,0.13741,-0.82144,0.09171,-0.34233,0.58351,-0.13407,
1403715556962142976,0.22105,-0.08349,0.91906,0.54952,0.14757,-0.81830,0.08144,-0.37034,0.53917,-0.14007,
1403715557062142976,0.18291,-0.03264,0.90324,0.53857,0.14734,-0.82546,0.08280,-0.40829,0.46619,-0.16728,
1403715557162142976,0.13892,0.01155,0.88804,0.52017,0.14213,-0.83743,0.08905,-0.47842,0.40695,-0.14530,
1403715557262142976,0.08483,0.05060,0.87589,0.50394,0.13711,-0.84760,0.09390,-0.61239,0.35759,-0.11799,
1403715557362142976,0.01667,0.08562,0.86566,-0.49546,-0.13428,0.85296,-0.09462,-0.75694,0.30590,-0.10350,
1403715557462142976,-0.06674,0.11743,0.85650,0.50104,0.13227,-0.85005,0.09429,-0.91127,0.27461,-0.08653,
1403715557562142976,-0.16354,0.14476,0.84758,0.52122,0.13372,-0.83808,0.08979,-1.02321,0.23654,-0.09611,
1403715557662142976,-0.26932,0.16724,0.83574,0.53965,0.13719,-0.82657,0.08209,-1.09565,0.19294,-0.11022,
1403715557762142976,-0.37890,0.18428,0.82173,0.55266,0.13812,-0.81836,0.07598,-1.11210,0.13158,-0.12762,
1403715557862142976,-0.49109,0.19669,0.81231,0.55490,0.13127,-0.81782,0.07762,-1.11622,0.08491,-0.03850,
1403715557962142976,-0.60338,0.20370,0.81555,0.55447,0.12337,-0.81926,0.07851,-1.12373,0.04324,0.09015,
1403715558062142976,-0.71451,0.20607,0.83221,0.55532,0.11740,-0.81963,0.07769,-1.12888,0.01347,0.20722,
1403715558162142976,-0.82673,0.20441,0.85965,0.55280,0.11358,-0.82205,0.07580,-1.14641,-0.02776,0.29740,
1403715558262142976,-0.94235,0.19993,0.89043,0.55144,0.11620,-0.82336,0.06707,-1.17139,-0.05347,0.30198,
1403715558362142976,-1.06086,0.19141,0.92051,0.55909,0.12284,-0.81812,0.05485,-1.17876,-0.11328,0.28610,
1403715558462142976,-1.17910,0.17560,0.94746,0.57393,0.12249,-0.80780,0.05523,-1.16455,-0.19517,0.23615,
1403715558562142976,-1.29366,0.15499,0.96514,0.59379,0.11545,-0.79353,0.06630,-1.09775,-0.22596,0.11790,
1403715558662142976,-1.40125,0.13397,0.96921,0.60598,0.10941,-0.78434,0.07502,-1.02190,-0.21388,-0.02675,
1403715558762142976,-1.50017,0.11307,0.96061,0.60922,0.11051,-0.78119,0.07988,-0.92521,-0.22528,-0.11355,
1403715558862142976,-1.58983,0.09135,0.95052,0.60952,0.12274,-0.77890,0.08206,-0.82295,-0.23042,-0.10520,
1403715558962142976,-1.66794,0.06973,0.94367,0.61001,0.14250,-0.77499,0.08351,-0.69240,-0.22899,-0.07009,
1403715559062142976,-1.73094,0.04709,0.94028,0.60926,0.16488,-0.77064,0.08790,-0.54585,-0.25750,-0.03450,
1403715559162142976,-1.78063,0.02089,0.94073,0.60777,0.18494,-0.76552,0.10194,-0.40500,-0.28540,0.00215,
1403715559262142976,-1.81545,-0.00755,0.94396,0.60660,0.20761,-0.75868,0.11550,-0.27356,-0.30546,0.00739,
1403715559362142976,-1.83504,-0.03782,0.94667,0.60343,0.23282,-0.75201,0.12706,-0.12964,-0.31926,-0.00646,
1403715559462142976,-1.84092,-0.07001,0.94668,0.59125,0.25807,-0.75194,0.13570,-0.01297,-0.33267,-0.05053,
1403715559562142976,-1.83693,-0.10686,0.93648,0.56918,0.27176,-0.76131,0.15029,0.07462,-0.37437,-0.17737,
1403715559662142976,-1.82561,-0.14597,0.91412,0.55328,0.27927,-0.76724,0.16503,0.11877,-0.39902,-0.28198,
1403715559762142976,-1.81149,-0.18893,0.88218,0.54729,0.29310,-0.76540,0.16952,0.14306,-0.44610,-0.32810,
1403715559862142976,-1.79332,-0.23571,0.84787,0.54306,0.30902,-0.76080,0.17543,0.19475,-0.49151,-0.33285,
1403715559962142976,-1.77072,-0.28698,0.81311,0.53965,0.33063,-0.75309,0.17976,0.24614,-0.55679,-0.32579,
1403715560062142976,-1.74353,-0.34584,0.77982,0.53515,0.35293,-0.74441,0.18684,0.30643,-0.63332,-0.30635,
1403715560162142976,-1.70951,-0.41425,0.75387,0.52778,0.37301,-0.73686,0.19838,0.37835,-0.73138,-0.20429,
1403715560262142976,-1.66935,-0.49130,0.74170,0.51583,0.38494,-0.73246,0.22193,0.42869,-0.80551,-0.06458,
1403715560362142976,-1.62686,-0.57496,0.74143,0.50338,0.39776,-0.72739,0.24351,0.44280,-0.86602,0.00663,
1403715560462142976,-1.58356,-0.66249,0.74556,-0.49395,-0.41366,0.71917,-0.26019,0.44175,-0.90706,0.01766,
1403715560562142976,-1.54051,-0.75369,0.74776,-0.48594,-0.42919,0.70961,-0.27587,0.43821,-0.93779,0.00399,
1403715560662142976,-1.49646,-0.84783,0.75025,-0.47841,-0.44745,0.69792,-0.28952,0.44426,-0.97759,0.02834,
1403715560762142976,-1.45136,-0.94698,0.75405,-0.47123,-0.46735,0.68416,-0.30240,0.45215,-1.01476,0.03109,
1403715560862142976,-1.40484,-1.04849,0.75775,-0.46605,-0.49050,0.66718,-0.31158,0.47281,-1.04178,0.02824,
1403715560962142976,-1.35484,-1.15276,0.76149,-0.45837,-0.51435,0.64970,-0.32131,0.52040,-1.07570,0.03035,
1403715561062142976,-1.30029,-1.26001,0.76482,-0.44726,-0.53623,0.63222,-0.33573,0.56248,-1.09510,0.03030,
1403715561162142976,-1.24208,-1.36918,0.76627,-0.43161,-0.55449,0.61697,-0.35441,0.59794,-1.11673,0.00703,
1403715561262142976,-1.18081,-1.48145,0.76714,-0.41427,-0.56584,0.60635,-0.37489,0.61576,-1.13028,-0.00726,
1403715561362142976,-1.12103,-1.59508,0.76737,-0.39381,-0.56925,0.60246,-0.39738,0.59868,-1.14456,-0.01166,
1403715561462142976,-1.06420,-1.71132,0.76825,-0.38055,-0.57607,0.59374,-0.41328,0.54919,-1.15616,0.00676,
1403715561562142976,-1.01238,-1.82747,0.77234,0.38006,0.58929,-0.57587,0.42033,0.50218,-1.16341,0.03525,
1403715561662142976,-0.96333,-1.94318,0.77707,0.38380,0.60499,-0.55485,0.42287,0.49443,-1.16795,0.04495,
1403715561762142976,-0.91482,-2.05631,0.78185,0.38707,0.61651,-0.53206,0.43244,0.51048,-1.13052,0.05013,
1403715561862142976,-0.86356,-2.16560,0.78744,0.38520,0.62673,-0.50978,0.44603,0.53476,-1.07270,0.06499,
1403715561962142976,-0.80940,-2.26827,0.79463,0.38173,0.63533,-0.48555,0.46355,0.56088,-0.99858,0.09135,
1403715562062142976,-0.75379,-2.36156,0.80350,0.37919,0.63966,-0.46212,0.48321,0.56379,-0.87680,0.09949,
1403715562162142976,-0.69759,-2.44209,0.81378,0.38182,0.64159,-0.44197,0.49723,0.56130,-0.73263,0.11218,
1403715562262142976,-0.64214,-2.50479,0.82350,0.38589,0.64729,-0.42749,0.49936,0.56210,-0.55832,0.09198,
1403715562362142976,-0.58518,-2.55056,0.83059,0.38716,0.65915,-0.42140,0.48790,0.58842,-0.38036,0.06609,
1403715562462142976,-0.52242,-2.58118,0.83603,0.38392,0.67614,-0.42075,0.46735,0.66321,-0.23789,0.04162,
1403715562562142976,-0.45054,-2.59914,0.84259,0.38242,0.69094,-0.41296,0.45368,0.78877,-0.13516,0.07362,
1403715562662142976,-0.36527,-2.60653,0.85030,0.37174,0.69956,-0.40601,0.45561,0.90786,-0.02590,0.03636,
1403715562762142976,-0.26765,-2.60594,0.85643,0.34191,0.70122,-0.41558,0.46763,1.00386,0.04859,0.04546,
1403715562862142976,-0.16362,-2.59893,0.86266,0.31575,0.70202,-0.42155,0.47935,1.05394,0.09800,0.03703,
1403715562962142976,-0.05681,-2.58924,0.86905,0.29379,0.70544,-0.41866,0.49069,1.06425,0.11157,0.04139,
1403715563062142976,0.05073,-2.57937,0.87492,0.27821,0.71077,-0.40623,0.50238,1.06498,0.10693,0.04948,
1403715563162142976,0.15633,-2.56851,0.88062,0.27162,0.71760,-0.38056,0.51619,1.06224,0.12051,0.06392,
1403715563262142976,0.26254,-2.55537,0.88593,0.26189,0.72365,-0.34762,0.53564,1.06456,0.15757,0.06251,
1403715563362142976,0.36669,-2.53483,0.88917,0.24486,0.73307,-0.30988,0.55373,1.02930,0.24373,0.04839,
1403715563462142976,0.46334,-2.50653,0.89080,0.22360,0.74592,-0.26910,0.56673,0.97539,0.30250,0.01590,
1403715563562142976,0.55411,-2.47059,0.88353,0.20350,0.75796,-0.22808,0.57624,0.91562,0.38743,-0.10954,
1403715563662142976,0.63662,-2.42586,0.86476,0.18607,0.76659,-0.18858,0.58494,0.83498,0.47324,-0.22019,
1403715563762142976,0.70973,-2.37115,0.83594,0.16986,0.77127,-0.15104,0.59454,0.75727,0.57841,-0.31770,
1403715563862142976,0.77703,-2.30578,0.79707,0.14040,0.77276,-0.12197,0.60684,0.68353,0.68602,-0.43037,
1403715563962142976,0.83692,-2.23097,0.74834,0.10265,0.77582,-0.09678,0.61498,0.57033,0.77786,-0.52728,
1403715564062142976,0.88714,-2.14893,0.69351,0.05705,0.78157,-0.07452,0.61672,0.44211,0.82689,-0.54312,
1403715564162142976,0.92315,-2.06357,0.64176,0.01527,0.78476,-0.04842,0.61772,0.30716,0.82626,-0.50170,
1403715564262142976,0.94951,-1.98053,0.59328,-0.02075,0.78817,-0.01715,0.61487,0.19320,0.77998,-0.43620,
1403715564362142976,0.96503,-1.90362,0.55671,-0.04874,0.78966,0.02403,0.61114,0.07849,0.72471,-0.31027,
1403715564462142976,0.96767,-1.83304,0.53267,-0.07490,0.79804,0.07108,0.59370,-0.00683,0.66895,-0.16199,
1403715564562142976,0.96482,-1.76804,0.52242,-0.09970,0.80227,0.11882,0.57646,-0.07475,0.62406,-0.01302,
1403715564662142976,0.95705,-1.70569,0.52614,-0.12248,0.79892,0.16650,0.56480,-0.10330,0.59315,0.13496,
1403715564762142976,0.94629,-1.64652,0.54495,-0.14297,0.78996,0.21341,0.55676,-0.12878,0.58429,0.26916,
1403715564862142976,0.93532,-1.58832,0.57857,-0.16401,0.77684,0.25700,0.55097,-0.13788,0.59237,0.39498,
1403715564962142976,0.92330,-1.52996,0.62558,-0.18609,0.75837,0.29620,0.55000,-0.16104,0.61105,0.52821,
1403715565062142976,0.90553,-1.46764,0.68340,-0.20895,0.74037,0.33281,0.54537,-0.22976,0.62833,0.63515,
1403715565162142976,0.87959,-1.40534,0.74506,-0.23883,0.72456,0.36504,0.53359,-0.29610,0.63100,0.57698,
1403715565262142976,0.84811,-1.34295,0.79616,-0.26921,0.70931,0.39372,0.51903,-0.33251,0.62537,0.45438,
1403715565362142976,0.81650,-1.28183,0.83563,-0.29972,0.68932,0.41704,0.51096,-0.35343,0.60977,0.34521,
1403715565462142976,0.78188,-1.22433,0.86432,-0.33076,0.66680,0.43773,0.50435,-0.37417,0.54838,0.22400,
1403715565562142976,0.74446,-1.17345,0.88511,-0.35733,0.64320,0.46211,0.49504,-0.40626,0.46438,0.18154,
1403715565662142976,0.70264,-1.13225,0.90676,-0.38302,0.61883,0.48979,0.48004,-0.44232,0.36401,0.23631,
1403715565762142976,0.65584,-1.10041,0.93290,-0.40635,0.59274,0.52218,0.45921,-0.47980,0.25231,0.27509,
1403715565862142976,0.60562,-1.08256,0.96118,-0.42727,0.56488,0.55894,0.43120,-0.50097,0.13460,0.30839,
1403715565962142976,0.55275,-1.07659,0.99161,-0.45012,0.52945,0.59549,0.40306,-0.51542,0.03866,0.31017,
1403715566062142976,0.49959,-1.07877,1.02272,-0.47435,0.49075,0.62825,0.37343,-0.50757,-0.05527,0.30083,
1403715566162142976,0.44692,-1.08848,1.05366,-0.49443,0.45015,0.65857,0.34524,-0.48270,-0.13026,0.29259,
1403715566262142976,0.39751,-1.10675,1.08286,0.51342,-0.40898,-0.68510,-0.31588,-0.45650,-0.22089,0.27930,
1403715566362142976,0.35278,-1.13417,1.10929,0.53055,-0.36721,-0.70856,-0.28570,-0.40870,-0.30321,0.24360,
1403715566462142976,0.31234,-1.16845,1.12774,0.54510,-0.32574,-0.72855,-0.25685,-0.37721,-0.36568,0.13479,
1403715566562142976,0.27433,-1.20734,1.13515,0.56022,-0.28567,-0.74281,-0.22973,-0.34969,-0.43120,0.02056,
1403715566662142976,0.23888,-1.25308,1.13206,0.57270,-0.24597,-0.75485,-0.20423,-0.30439,-0.50686,-0.09035,
1403715566762142976,0.20814,-1.30716,1.12242,0.58230,-0.20342,-0.76715,-0.17617,-0.25385,-0.59538,-0.11526,
1403715566862142976,0.18291,-1.37056,1.11354,0.59048,-0.16005,-0.77834,-0.14110,-0.19663,-0.67242,-0.08109,
1403715566962142976,0.16395,-1.44182,1.10650,0.59952,-0.11237,-0.78566,-0.10336,-0.13340,-0.73943,-0.07936,
1403715567062142976,0.15309,-1.51983,1.09797,0.60137,-0.06310,-0.79422,-0.05989,-0.04818,-0.80391,-0.09389,
1403715567162142976,0.15156,-1.60188,1.08968,0.60078,-0.01226,-0.79924,-0.01083,0.02726,-0.83422,-0.06978,
1403715567262142976,0.15830,-1.68495,1.08075,0.59269,0.04349,-0.80345,0.03583,0.09640,-0.83465,-0.09234,
1403715567362142976,0.16850,-1.76692,1.07005,0.58073,0.10464,-0.80357,0.07797,0.13973,-0.82925,-0.12180,
1403715567462142976,0.18363,-1.84729,1.05148,0.56605,0.16854,-0.79877,0.11462,0.17793,-0.81617,-0.24476,
1403715567562142976,0.20190,-1.92765,1.01932,0.55179,0.22891,-0.78808,0.14853,0.20345,-0.81171,-0.39582,
1403715567662142976,0.22221,-2.01260,0.97509,0.54004,0.28231,-0.77129,0.18378,0.23361,-0.82513,-0.48413,
1403715567762142976,0.24646,-2.10317,0.92635,0.53107,0.33184,-0.74779,0.22059,0.26499,-0.84017,-0.50803,
1403715567862142976,0.27755,-2.19498,0.87766,0.52063,0.37855,-0.72099,0.25653,0.30763,-0.84598,-0.50307,
1403715567962142976,0.31426,-2.28554,0.83063,0.50643,0.42550,-0.69252,0.28792,0.35596,-0.83892,-0.48215,
1403715568062142976,0.35735,-2.37414,0.78688,-0.49433,-0.46751,0.66019,-0.31817,0.41935,-0.81998,-0.43726,
1403715568162142976,0.40538,-2.45692,0.74477,-0.48065,-0.50416,0.62638,-0.34994,0.49593,-0.77274,-0.41751,
1403715568262142976,0.46232,-2.53194,0.70426,-0.46130,-0.53883,0.59399,-0.37953,0.57054,-0.71060,-0.42902,
1403715568362142976,0.52680,-2.60131,0.66663,0.43847,0.57040,-0.56238,0.40757,0.62386,-0.63870,-0.39822,
1403715568462142976,0.60047,-2.66033,0.63648,0.41535,0.60036,-0.52918,0.43246,0.67750,-0.55931,-0.34218,
1403715568562142976,0.67667,-2.70853,0.61468,0.39075,0.62917,-0.49473,0.45464,0.72762,-0.46278,-0.26982,
1403715568662142976,0.75198,-2.74132,0.59795,0.36651,0.65736,-0.45776,0.47330,0.75892,-0.35146,-0.21278,
1403715568762142976,0.82754,-2.76665,0.58459,0.33875,0.68252,-0.42120,0.49193,0.78826,-0.25362,-0.15642,
1403715568862142976,0.90543,-2.78367,0.57318,0.31054,0.70662,-0.38461,0.50629,0.79968,-0.16457,-0.12564,
1403715568962142976,0.98256,-2.79099,0.56338,0.28067,0.72866,-0.35167,0.51634,0.79456,-0.07926,-0.12889,
1403715569062142976,1.06017,-2.79090,0.55316,0.25353,0.74808,-0.32049,0.52286,0.79673,-0.01128,-0.13428,
1403715569162142976,1.13776,-2.78650,0.54231,0.22590,0.76381,-0.29042,0.53031,0.80680,0.04361,-0.13601,
1403715569262142976,1.21576,-2.77816,0.53222,0.20004,0.77287,-0.26400,0.54126,0.80469,0.06870,-0.09185,
1403715569362142976,1.29354,-2.76607,0.52551,0.18407,0.77237,-0.23728,0.55969,0.78464,0.10448,-0.07738,
1403715569462142976,1.36756,-2.74969,0.52005,0.17066,0.77103,-0.21255,0.57550,0.74816,0.16226,-0.05189,
1403715569562142976,1.43826,-2.72675,0.51547,0.15989,0.77411,-0.18610,0.58358,0.69369,0.23753,-0.03435,
1403715569662142976,1.50197,-2.69533,0.51085,0.14656,0.78064,-0.15948,0.58625,0.63265,0.32544,-0.05078,
1403715569762142976,1.55759,-2.65437,0.50685,0.12671,0.78907,-0.13322,0.58615,0.56999,0.42237,-0.03421,
1403715569862142976,1.60864,-2.60607,0.50413,0.09983,0.79616,-0.10498,0.58748,0.51460,0.50237,-0.01457,
1403715569962142976,1.65672,-2.55112,0.50342,0.07557,0.79740,-0.07146,0.59442,0.45319,0.57596,-0.00089,
1403715570062142976,1.69810,-2.49048,0.50322,0.04996,0.79745,-0.03703,0.60017,0.38607,0.62869,-0.01199,
1403715570162142976,1.73290,-2.42441,0.50188,0.02341,0.79686,-0.00128,0.60371,0.32007,0.67725,-0.02214,
1403715570262142976,1.75951,-2.35385,0.49927,-0.00469,0.79533,0.03567,0.60511,0.22634,0.72161,-0.02432,
1403715570362142976,1.77621,-2.27903,0.49523,-0.03381,0.79015,0.07473,0.60741,0.12427,0.75779,-0.04859,
1403715570462142976,1.78111,-2.20240,0.48822,-0.06554,0.78272,0.11458,0.60822,0.01857,0.78585,-0.06229,
1403715570562142976,1.77434,-2.12411,0.47983,-0.09655,0.77264,0.15671,0.60758,-0.11702,0.79200,-0.09661,
1403715570662142976,1.75729,-2.04380,0.46850,-0.12733,0.76493,0.19919,0.59917,-0.24863,0.78415,-0.14669,
1403715570762142976,1.72952,-1.96163,0.45543,-0.15809,0.75851,0.24155,0.58423,-0.35899,0.78663,-0.13626,
1403715570862142976,1.69051,-1.88052,0.44177,-0.18864,0.74763,0.28437,0.56973,-0.44699,0.78289,-0.13829,
1403715570962142976,1.64334,-1.79986,0.42689,-0.21689,0.73644,0.32430,0.55267,-0.52495,0.76522,-0.15668,
1403715571062142976,1.58853,-1.72370,0.41147,-0.24264,0.72657,0.35571,0.53543,-0.57021,0.74580,-0.16307,
1403715571162142976,1.53024,-1.65006,0.39554,-0.26617,0.71771,0.37309,0.52426,-0.59230,0.71477,-0.15201,
1403715571262142976,1.47024,-1.58017,0.38306,-0.28462,0.70307,0.38168,0.52821,-0.61071,0.66353,-0.11074,
1403715571362142976,1.40712,-1.51752,0.37295,-0.29404,0.69009,0.38645,0.53664,-0.65233,0.57712,-0.10530,
1403715571462142976,1.34007,-1.46388,0.36233,-0.29358,0.69048,0.39235,0.53208,-0.69385,0.50232,-0.11971,
1403715571562142976,1.26937,-1.41720,0.35131,-0.29382,0.70145,0.39461,0.51567,-0.73191,0.43819,-0.15769,
1403715571662142976,1.19465,-1.37401,0.33084,-0.30537,0.72157,0.38637,0.48663,-0.72808,0.41509,-0.27078,
1403715571762142976,1.12604,-1.33567,0.29793,-0.32166,0.74682,0.37190,0.44776,-0.63410,0.38246,-0.39108,
1403715571862142976,1.07370,-1.30241,0.25875,-0.32898,0.76894,0.36226,0.41144,-0.43446,0.36594,-0.39227,
1403715571962142976,1.04714,-1.27223,0.22096,-0.32669,0.78634,0.35841,0.38272,-0.15485,0.36741,-0.36691,
1403715572062142976,1.05343,-1.24184,0.18708,-0.31193,0.79667,0.36588,0.36627,0.19082,0.40926,-0.31199,
1403715572162142976,1.08923,-1.20431,0.15798,-0.28374,0.79217,0.39039,0.37357,0.49117,0.51240,-0.25328,
1403715572262142976,1.14632,-1.15008,0.13447,-0.26372,0.76695,0.42029,0.40693,0.67532,0.68183,-0.20125,
1403715572362142976,1.21715,-1.07754,0.11336,-0.25866,0.72491,0.44931,0.45355,0.71725,0.83480,-0.21801,
1403715572462142976,1.28586,-0.99236,0.09018,-0.26933,0.68385,0.46975,0.48901,0.63972,0.91110,-0.26540,
1403715572562142976,1.34433,-0.90213,0.06337,-0.28985,0.65737,0.48418,0.49942,0.52483,0.94331,-0.28072,
1403715572662142976,1.39070,-0.80980,0.03764,-0.30959,0.63664,0.50098,0.49785,0.38149,0.94236,-0.27264,
1403715572762142976,1.42388,-0.71756,0.01469,-0.32466,0.62000,0.52258,0.48693,0.24831,0.93142,-0.22786,
1403715572862142976,1.44342,-0.62562,0.00087,-0.34343,0.60830,0.54164,0.46759,0.11306,0.91671,-0.08426,
1403715572962142976,1.45129,-0.53424,0.00092,-0.36667,0.59413,0.55673,0.45013,0.01849,0.90898,0.04385,
1403715573062142976,1.44958,-0.44467,0.01295,-0.38937,0.57656,0.57159,0.43504,-0.06653,0.88124,0.17677,
1403715573162142976,1.44009,-0.35866,0.03540,-0.41148,0.55971,0.58646,0.41650,-0.11913,0.83373,0.25237,
1403715573262142976,1.42554,-0.27858,0.06070,-0.42909,0.54209,0.60362,0.39707,-0.15381,0.77990,0.23658,
1403715573362142976,1.40867,-0.20374,0.08328,-0.44396,0.52519,0.62182,0.37472,-0.16257,0.74023,0.20639,
1403715573462142976,1.39215,-0.13174,0.10374,-0.45969,0.51013,0.63811,0.34822,-0.15406,0.72403,0.17436,
1403715573562142976,1.37734,-0.06137,0.12316,-0.47477,0.49546,0.65268,0.32111,-0.12431,0.71296,0.18837,
1403715573662142976,1.36611,0.00790,0.14473,-0.48174,0.47395,0.67141,0.30414,-0.08576,0.71971,0.19308,
1403715573762142976,1.35702,0.07843,0.16540,-0.47931,0.44851,0.69554,0.29209,-0.07959,0.73647,0.18302,
1403715573862142976,1.34737,0.15206,0.18496,-0.47484,0.42141,0.72066,0.27855,-0.10559,0.75397,0.18641,
1403715573962142976,1.33338,0.22757,0.20436,-0.47565,0.39479,0.74250,0.25807,-0.16477,0.78559,0.18799,
1403715574062142976,1.31305,0.30739,0.22262,-0.47927,0.36652,0.76303,0.23184,-0.23861,0.83531,0.20095,
1403715574162142976,1.28568,0.39283,0.24289,-0.48941,0.33440,0.77869,0.20566,-0.31632,0.89641,0.22588,
1403715574262142976,1.25204,0.48461,0.26537,0.50651,-0.29381,-0.78825,-0.18916,-0.36967,0.94589,0.23559,
1403715574362142976,1.21329,0.57973,0.28825,0.52304,-0.24682,-0.79413,-0.18671,-0.42158,0.94974,0.22737,
1403715574462142976,1.16911,0.67385,0.30673,0.53095,-0.20660,-0.79968,-0.18952,-0.46160,0.90410,0.16694,
1403715574562142976,1.11960,0.76182,0.32070,0.53405,-0.17999,-0.80421,-0.18880,-0.52772,0.81079,0.12548,
1403715574662142976,1.06365,0.83717,0.32995,0.53135,-0.16040,-0.81125,-0.18390,-0.59885,0.69734,0.09649,
1403715574762142976,0.99909,0.90230,0.33884,0.53071,-0.14709,-0.81677,-0.17206,-0.68481,0.57592,0.06895,
1403715574862142976,0.92577,0.95736,0.34809,0.53413,-0.14725,-0.81889,-0.14982,-0.77274,0.47504,0.08290,
1403715574962142976,0.84500,1.00677,0.36197,0.54332,-0.15061,-0.81517,-0.13272,-0.82629,0.41923,0.12956,
1403715575062142976,0.76068,1.05051,0.38035,0.55433,-0.15159,-0.80852,-0.12660,-0.84717,0.39173,0.17066,
1403715575162142976,0.67555,1.08901,0.40015,0.56959,-0.14971,-0.79757,-0.13055,-0.84033,0.34496,0.21686,
1403715575262142976,0.59244,1.12048,0.42201,0.58862,-0.14612,-0.78238,-0.14161,-0.79514,0.26970,0.20407,
1403715575362142976,0.51645,1.14044,0.43922,0.58628,-0.14946,-0.78214,-0.14894,-0.72965,0.16597,0.13203,
1403715575462142976,0.44563,1.15083,0.45480,0.57262,-0.15835,-0.79021,-0.15030,-0.68885,0.07404,0.15736,
1403715575562142976,0.37759,1.15246,0.47499,0.56469,-0.15822,-0.79298,-0.16514,-0.67611,-0.00895,0.22669,
1403715575662142976,0.30820,1.14462,0.49917,0.56467,-0.15070,-0.78925,-0.18844,-0.68590,-0.14084,0.24000,
1403715575762142976,0.23661,1.12210,0.52307,0.56321,-0.14590,-0.78674,-0.20627,-0.71276,-0.31450,0.21537,
1403715575862142976,0.16276,1.08169,0.54402,0.55883,-0.15024,-0.78814,-0.20968,-0.73780,-0.49493,0.19447,
1403715575962142976,0.08567,1.02425,0.56310,0.55888,-0.16276,-0.78863,-0.19807,-0.75943,-0.65501,0.16803,
1403715576062142976,0.00719,0.95289,0.58128,0.56043,-0.17794,-0.78856,-0.18011,-0.77479,-0.77222,0.16640,
1403715576162142976,-0.07360,0.87310,0.59887,0.56352,-0.18748,-0.78680,-0.16806,-0.77977,-0.84169,0.14400,
1403715576262142976,-0.15394,0.78819,0.61457,0.56612,-0.19299,-0.78544,-0.15922,-0.77396,-0.88004,0.15656,
1403715576362142976,-0.23246,0.70037,0.63327,0.57426,-0.19090,-0.77990,-0.15979,-0.75313,-0.91473,0.19196,
1403715576462142976,-0.30585,0.60684,0.65543,0.59036,-0.18654,-0.76839,-0.16205,-0.70338,-0.96898,0.22679,
1403715576562142976,-0.37163,0.50675,0.67900,0.60365,-0.18334,-0.75762,-0.16735,-0.61013,-1.04023,0.23843,
1403715576662142976,-0.42614,0.39803,0.70251,0.61051,-0.18272,-0.75046,-0.17522,-0.49135,-1.13831,0.21752,
1403715576762142976,-0.46791,0.27983,0.72478,0.60593,-0.18871,-0.75118,-0.18155,-0.37378,-1.23928,0.22078,
1403715576862142976,-0.49804,0.15220,0.74583,0.59012,-0.20095,-0.75994,-0.18401,-0.27258,-1.33315,0.21404,
1403715576962142976,-0.52229,0.01642,0.76705,0.57346,-0.21362,-0.76893,-0.18510,-0.22290,-1.40269,0.22364,
1403715577062142976,-0.54238,-0.12594,0.78991,0.56719,-0.23117,-0.76966,-0.18023,-0.18714,-1.44631,0.22060,
1403715577162142976,-0.56009,-0.27058,0.81093,0.56423,-0.25243,-0.76657,-0.17407,-0.15747,-1.45040,0.17892,
1403715577262142976,-0.57475,-0.41461,0.82161,0.56344,-0.26869,-0.76201,-0.17231,-0.13132,-1.42940,0.00223,
1403715577362142976,-0.58670,-0.55644,0.80949,0.56141,-0.27461,-0.75983,-0.17907,-0.10571,-1.41185,-0.21357,
1403715577462142976,-0.59379,-0.69581,0.78229,0.55882,-0.27578,-0.75938,-0.18708,-0.06254,-1.41395,-0.28507,
1403715577562142976,-0.59673,-0.83479,0.75485,0.55724,-0.27642,-0.75915,-0.19175,-0.03100,-1.40891,-0.23553,
1403715577662142976,-0.59552,-0.96905,0.73660,0.55622,-0.27796,-0.75920,-0.19230,0.00862,-1.39819,-0.08711,
1403715577762142976,-0.58961,-1.10125,0.73211,0.55642,-0.28248,-0.75897,-0.18591,0.04296,-1.37594,0.02209,
1403715577862142976,-0.58010,-1.23155,0.72910,0.55876,-0.29276,-0.75517,-0.17828,0.10195,-1.32699,-0.06571,
1403715577962142976,-0.56503,-1.35630,0.71351,0.55804,-0.30820,-0.75050,-0.17420,0.17222,-1.27684,-0.23295,
1403715578062142976,-0.54311,-1.47534,0.68236,0.55253,-0.33098,-0.74594,-0.16952,0.24045,-1.20221,-0.38238,
1403715578162142976,-0.51383,-1.58740,0.63819,0.53936,-0.36585,-0.74238,-0.15529,0.32515,-1.09986,-0.50371,
1403715578262142976,-0.47632,-1.68439,0.59006,0.52846,-0.39519,-0.73397,-0.16077,0.40796,-0.89243,-0.46652,
1403715578362142976,-0.42919,-1.76218,0.54424,0.51926,-0.41630,-0.72309,-0.18493,0.52566,-0.73976,-0.46393,
1403715578462142976,-0.37403,-1.82888,0.49831,0.50458,-0.43493,-0.71429,-0.21453,0.58683,-0.60272,-0.45939,
1403715578562142976,-0.31538,-1.88621,0.45022,-0.47476,0.45208,0.71520,0.24232,0.61741,-0.49756,-0.49712,
1403715578662142976,-0.25570,-1.92815,0.39983,-0.43333,0.46897,0.72580,0.25593,0.57245,-0.36071,-0.48972,
1403715578762142976,-0.20446,-1.95206,0.35125,-0.40083,0.48394,0.73296,0.26058,0.47014,-0.16619,-0.45908,
1403715578862142976,-0.16516,-1.95424,0.30586,-0.38672,0.49440,0.73247,0.26365,0.33686,0.06374,-0.41606,
1403715578962142976,-0.13948,-1.93351,0.26487,-0.38803,0.48979,0.72822,0.28149,0.18750,0.31007,-0.33544,
1403715579062142976,-0.12571,-1.89504,0.23038,-0.39593,0.47139,0.72335,0.31273,0.03475,0.47201,-0.24432,
1403715579162142976,-0.13042,-1.84357,0.21011,-0.40146,0.44473,0.71985,0.35052,-0.17342,0.54618,-0.11035,
1403715579262142976,-0.16102,-1.78744,0.20467,-0.41007,0.41988,0.71342,0.38285,-0.40685,0.52497,-0.04765,
1403715579362142976,-0.21431,-1.73692,0.20092,-0.41565,0.41250,0.70862,0.39362,-0.62033,0.45893,-0.07672,
1403715579462142976,-0.28749,-1.69366,0.19452,-0.41796,0.41738,0.70675,0.38937,-0.82839,0.38064,-0.09306,
1403715579562142976,-0.37961,-1.65709,0.18583,-0.42111,0.43275,0.70573,0.37059,-1.01124,0.32631,-0.07769,
1403715579662142976,-0.48859,-1.62354,0.18149,-0.42844,0.43764,0.70291,0.36170,-1.16397,0.32083,-0.02683,
1403715579762142976,-0.61139,-1.59278,0.18187,-0.44141,0.43882,0.69702,0.35605,-1.27747,0.29157,0.03948,
1403715579862142976,-0.74488,-1.56557,0.19123,-0.44649,0.43363,0.69509,0.35981,-1.37843,0.24525,0.15294,
1403715579962142976,-0.88818,-1.54383,0.20921,-0.45071,0.43749,0.68977,0.36012,-1.46118,0.19067,0.19170,
1403715580062142976,-1.03792,-1.52667,0.22480,-0.45478,0.45187,0.67774,0.36008,-1.50816,0.15468,0.10558,
1403715580162142976,-1.18976,-1.51503,0.22846,-0.45451,0.47132,0.66220,0.36438,-1.53041,0.11023,-0.03439,
1403715580262142976,-1.34352,-1.50685,0.22071,-0.44991,0.49326,0.64489,0.37202,-1.54898,0.06966,-0.10787,
1403715580362142976,-1.49833,-1.50324,0.21035,-0.44752,0.51902,0.62266,0.37768,-1.54084,0.02904,-0.10376,
1403715580462142976,-1.65139,-1.50351,0.20161,-0.44433,0.54628,0.59860,0.38188,-1.51076,-0.01107,-0.07049,
1403715580562142976,-1.80200,-1.50699,0.19502,-0.44054,0.57080,0.57781,0.38243,-1.46951,-0.04058,-0.06014,
1403715580662142976,-1.94542,-1.51244,0.18873,-0.43900,0.59382,0.56112,0.37389,-1.38254,-0.06022,-0.06929,
1403715580762142976,-2.07751,-1.51824,0.18237,-0.43856,0.61385,0.54747,0.36211,-1.25133,-0.04500,-0.05129,
1403715580862142976,-2.19413,-1.52169,0.17773,-0.44258,0.63172,0.53343,0.34714,-1.07734,-0.02117,-0.04009,
1403715580962142976,-2.28979,-1.52163,0.17450,-0.44827,0.64957,0.52070,0.32556,-0.84003,0.02317,-0.00584,
1403715581062142976,-2.35847,-1.51620,0.17496,-0.43944,0.65720,0.52342,0.31783,-0.56232,0.08568,0.02137,
1403715581162142976,-2.39951,-1.50204,0.17859,-0.42471,0.65842,0.53239,0.32041,-0.29854,0.19731,0.08024,
1403715581262142976,-2.41965,-1.47739,0.18586,-0.41554,0.65069,0.53912,0.33657,-0.10821,0.29742,0.09368,
1403715581362142976,-2.42322,-1.44378,0.19409,-0.41986,0.64083,0.54209,0.34525,0.04320,0.37721,0.09798,
1403715581462142976,-2.41203,-1.40308,0.19987,-0.42297,0.62450,0.55454,0.35154,0.17825,0.42449,0.07999,
1403715581562142976,-2.38967,-1.35639,0.20192,-0.42096,0.59539,0.57803,0.36631,0.24992,0.48211,-0.01612,
1403715581662142976,-2.36329,-1.30583,0.19169,-0.42055,0.56304,0.60418,0.37562,0.26041,0.51496,-0.14862,
1403715581762142976,-2.33732,-1.25369,0.17186,-0.42068,0.52886,0.63249,0.37855,0.23276,0.52925,-0.18630,
1403715581862142976,-2.31739,-1.20093,0.15615,-0.42326,0.49330,0.65990,0.37689,0.14569,0.52474,-0.09499,
1403715581962142976,-2.30779,-1.14968,0.15105,-0.43807,0.46921,0.67743,0.35921,0.04026,0.50672,0.00688,
1403715582062142976,-2.30793,-1.10090,0.16054,-0.46656,0.44635,0.68220,0.34305,-0.03082,0.47620,0.13339,
1403715582162142976,-2.31255,-1.05640,0.17527,-0.49314,0.42272,0.68285,0.33443,-0.05066,0.40893,0.12478,
1403715582262142976,-2.31815,-1.01950,0.18174,0.50772,-0.40717,-0.68550,-0.32638,-0.04717,0.33538,-0.03129,
1403715582362142976,-2.32406,-0.98906,0.17306,0.50205,-0.40278,-0.69710,-0.31586,-0.04401,0.27743,-0.13348,
1403715582462142976,-2.33117,-0.96423,0.16271,-0.49026,0.40350,0.70893,0.30700,-0.07049,0.23259,-0.12542,
1403715582562142976,-2.34203,-0.94324,0.15814,-0.47783,0.40778,0.71811,0.29951,-0.11971,0.21789,-0.01150,
1403715582662142976,-2.35921,-0.92415,0.16589,-0.46843,0.41307,0.72277,0.29587,-0.18781,0.22010,0.11099,
1403715582762142976,-2.38214,-0.90305,0.17912,-0.46112,0.41999,0.72402,0.29457,-0.24919,0.24564,0.10049,
1403715582862142976,-2.41028,-0.87911,0.18261,-0.45109,0.42903,0.72594,0.29234,-0.30164,0.26738,-0.02854,
1403715582962142976,-2.44488,-0.85050,0.17332,-0.43812,0.43829,0.72949,0.28947,-0.37458,0.32210,-0.16892,
1403715583062142976,-2.48759,-0.81293,0.15207,-0.42879,0.44607,0.73105,0.28763,-0.46656,0.40991,-0.27258,
1403715583162142976,-2.54011,-0.76436,0.12751,-0.43752,0.44764,0.72225,0.29419,-0.56554,0.52841,-0.24205,
1403715583262142976,-2.59902,-0.70852,0.10532,-0.46396,0.44414,0.70271,0.30607,-0.61476,0.56957,-0.22223,
1403715583362142976,-2.66079,-0.65079,0.08299,-0.49382,0.43964,0.68073,0.31538,-0.61124,0.56077,-0.23965,
1403715583462142976,-2.72130,-0.59621,0.05840,0.52027,-0.43428,-0.66102,-0.32216,-0.58320,0.50756,-0.25987,
1403715583562142976,-2.77645,-0.54926,0.03345,0.54230,-0.42559,-0.64460,-0.33057,-0.49972,0.39999,-0.24531,
1403715583662142976,-2.82075,-0.51714,0.01087,0.57133,-0.40861,-0.62125,-0.34737,-0.37361,0.22261,-0.22988,
1403715583762142976,-2.85197,-0.50622,-0.01232,0.59696,-0.38919,-0.59904,-0.36514,-0.22315,-0.03638,-0.23200,
1403715583862142976,-2.86657,-0.52631,-0.03173,0.61443,-0.37531,-0.58366,-0.37543,-0.04362,-0.39459,-0.13208,
1403715583962142976,-2.85990,-0.58600,-0.03538,0.61970,-0.37646,-0.58097,-0.36977,0.18043,-0.79631,0.04446,
1403715584062142976,-2.82845,-0.68422,-0.02063,0.61568,-0.38939,-0.58838,-0.35090,0.43432,-1.15747,0.23106,
1403715584162142976,-2.77318,-0.81426,0.00987,0.59765,-0.41057,-0.60740,-0.32452,0.66706,-1.43510,0.39063,
1403715584262142976,-2.69566,-0.96618,0.05434,0.56632,-0.43459,-0.63547,-0.29427,0.87117,-1.58265,0.47213,
1403715584362142976,-2.60192,-1.12581,0.09635,0.53308,-0.45267,-0.66240,-0.26859,0.98118,-1.59096,0.34262,
1403715584462142976,-2.49882,-1.28278,0.12049,0.50665,-0.46112,-0.68196,-0.25614,1.06759,-1.54705,0.14949,
1403715584562142976,-2.38934,-1.43229,0.13208,-0.49125,0.46428,0.69296,0.25085,1.11426,-1.43359,0.11403,
1403715584662142976,-2.27717,-1.57083,0.14366,-0.47829,0.46231,0.70200,0.25436,1.14397,-1.30223,0.12730,
1403715584762142976,-2.16487,-1.69591,0.15703,-0.46050,0.45441,0.71433,0.26682,1.12121,-1.15666,0.15740,
1403715584862142976,-2.05067,-1.80396,0.17271,-0.44970,0.44792,0.72195,0.27555,1.06008,-1.03700,0.18122,
1403715584962142976,-1.94506,-1.90143,0.18894,-0.43329,0.44269,0.73231,0.28288,0.97108,-0.92240,0.17136,
1403715585062142976,-1.85265,-1.98908,0.20230,-0.41430,0.44572,0.74250,0.27997,0.83899,-0.80809,0.13591,
1403715585162142976,-1.77733,-2.06249,0.21665,-0.40014,0.45374,0.74844,0.27175,0.67165,-0.65185,0.14977,
1403715585262142976,-1.71764,-2.11617,0.23389,-0.39899,0.45600,0.74852,0.26943,0.50253,-0.44062,0.19935,
1403715585362142976,-1.67294,-2.15001,0.25523,-0.41213,0.44962,0.74235,0.27730,0.35152,-0.26181,0.22552,
1403715585462142976,-1.63738,-2.17297,0.27702,-0.42538,0.44147,0.73654,0.28578,0.23552,-0.14788,0.21705,
1403715585562142976,-1.61355,-2.18741,0.29789,-0.43899,0.43120,0.73049,0.29621,0.12701,-0.07029,0.19963,
1403715585662142976,-1.60243,-2.19412,0.31446,-0.44811,0.42391,0.72659,0.30260,0.03601,-0.02388,0.13808,
1403715585762142976,-1.60288,-2.19498,0.32245,-0.44984,0.42194,0.72648,0.30305,-0.05357,0.00936,0.00851,
1403715585862142976,-1.61246,-2.19164,0.31062,-0.45376,0.42655,0.72445,0.29551,-0.11412,0.03292,-0.24830,
1403715585962142976,-1.62909,-2.18446,0.28098,-0.46266,0.43956,0.71791,0.27809,-0.16615,0.08814,-0.33483,
1403715586062142976,-1.64841,-2.16905,0.25200,-0.47821,0.45500,0.70537,0.25834,-0.16881,0.19146,-0.22977,
1403715586162142976,-1.66357,-2.14457,0.23851,0.50127,-0.45419,-0.68819,-0.26236,-0.10697,0.27650,-0.07076,
1403715586262142976,-1.67129,-2.11602,0.23698,0.51094,-0.44072,-0.68150,-0.28332,-0.02363,0.28100,0.00567,
1403715586362142976,-1.67335,-2.08876,0.23795,0.50948,-0.42208,-0.68268,-0.31022,0.00641,0.25272,0.00377,
1403715586462142976,-1.67403,-2.06685,0.23765,0.51014,-0.40642,-0.68179,-0.33128,-0.00152,0.17621,-0.01983,
1403715586562142976,-1.67558,-2.05379,0.23732,0.51285,-0.39890,-0.67967,-0.34045,-0.00989,0.05977,-0.02176,
1403715586662142976,-1.67819,-2.05278,0.23772,0.51288,-0.39861,-0.67943,-0.34122,-0.02131,-0.06031,-0.03209,
1403715586762142976,-1.68150,-2.06209,0.23749,0.50885,-0.40810,-0.68236,-0.33000,-0.02425,-0.16995,-0.04638,
1403715586862142976,-1.68408,-2.08061,0.23638,-0.49821,0.42426,0.68948,0.31050,-0.01783,-0.22952,-0.02746,
1403715586962142976,-1.68654,-2.10227,0.23996,-0.48672,0.43573,0.69610,0.29780,-0.01924,-0.23185,0.01159,
1403715587062142976,-1.68851,-2.12369,0.24510,-0.48239,0.44103,0.69765,0.29340,-0.02054,-0.20687,0.03724,
1403715587162142976,-1.69068,-2.14269,0.25330,-0.48521,0.43793,0.69513,0.29931,-0.02479,-0.18465,0.09460,
1403715587262142976,-1.69378,-2.16201,0.26590,-0.49266,0.42842,0.69100,0.31026,-0.03928,-0.18755,0.14204,
1403715587362142976,-1.69824,-2.18378,0.28016,0.50046,-0.42392,-0.68807,-0.31048,-0.05366,-0.22961,0.13053,
1403715587462142976,-1.70162,-2.20872,0.29523,0.51027,-0.42747,-0.68336,-0.29987,-0.02874,-0.26074,0.12665,
1403715587562142976,-1.70009,-2.23563,0.31054,0.51488,-0.43909,-0.67782,-0.28749,0.04199,-0.27847,0.13987,
1403715587662142976,-1.69060,-2.26341,0.32720,0.51452,-0.45795,-0.66940,-0.27832,0.14035,-0.27523,0.14674,
1403715587762142976,-1.67003,-2.28976,0.34426,0.50577,-0.47928,-0.66101,-0.27847,0.26644,-0.24557,0.15760,
1403715587862142976,-1.63807,-2.31229,0.36335,-0.49580,0.50179,0.64637,0.29086,0.38088,-0.20241,0.18549,
1403715587962142976,-1.59443,-2.33161,0.38365,-0.48257,0.52079,0.62809,0.31845,0.49150,-0.17759,0.20715,
1403715588062142976,-1.54125,-2.35108,0.40295,-0.47022,0.53628,0.60557,0.35297,0.56671,-0.19069,0.17906,
1403715588162142976,-1.48176,-2.37376,0.41294,-0.45754,0.55134,0.58089,0.38632,0.61666,-0.24205,0.01932,
1403715588262142976,-1.41943,-2.40128,0.40113,-0.44511,0.56861,0.55402,0.41427,0.63182,-0.31086,-0.22813,
1403715588362142976,-1.35786,-2.43553,0.36748,-0.43142,0.58945,0.52735,0.43396,0.63881,-0.40634,-0.34682,
1403715588462142976,-1.29705,-2.47967,0.32813,-0.41496,0.60839,0.50351,0.45183,0.64530,-0.51127,-0.34861,
1403715588562142976,-1.23400,-2.53421,0.29095,-0.39763,0.62784,0.48142,0.46470,0.65634,-0.60856,-0.33600,
1403715588662142976,-1.16803,-2.59762,0.25490,-0.37748,0.64982,0.46233,0.47063,0.66141,-0.69602,-0.35137,
1403715588762142976,-1.09980,-2.66837,0.21904,-0.35175,0.67327,0.44775,0.47170,0.67005,-0.75267,-0.35087,
1403715588862142976,-1.03005,-2.74255,0.18168,-0.31826,0.69842,0.43745,0.46857,0.68607,-0.76464,-0.36728,
1403715588962142976,-0.95937,-2.81416,0.14219,-0.28189,0.72422,0.42838,0.46101,0.70412,-0.71166,-0.37645,
1403715589062142976,-0.88592,-2.87569,0.10609,-0.25097,0.74699,0.41537,0.45440,0.73240,-0.58649,-0.29421,
1403715589162142976,-0.80822,-2.92292,0.08189,-0.22980,0.76294,0.39878,0.45397,0.79074,-0.40754,-0.15085,
1403715589262142976,-0.72315,-2.95014,0.07220,-0.21410,0.77416,0.38230,0.45682,0.84728,-0.23432,-0.01061,
1403715589362142976,-0.63311,-2.95773,0.07575,-0.19759,0.78745,0.36670,0.45433,0.92381,-0.06427,0.11763,
1403715589462142976,-0.53542,-2.94989,0.08783,-0.18390,0.80108,0.34888,0.45026,1.01238,0.11286,0.14325,
1403715589562142976,-0.42772,-2.92665,0.10172,-0.16951,0.81136,0.33530,0.44780,1.12334,0.29249,0.17764,
1403715589662142976,-0.30782,-2.88378,0.12552,-0.16109,0.81701,0.32571,0.44772,1.26536,0.51308,0.33058,
1403715589762142976,-0.17261,-2.81994,0.16750,-0.16148,0.81079,0.31859,0.46373,1.41447,0.73934,0.54059,
1403715589862142976,-0.02469,-2.73855,0.22862,-0.17306,0.78873,0.31043,0.50159,1.48602,0.88010,0.65497,
1403715589962142976,0.12498,-2.64637,0.29164,-0.18748,0.77112,0.30184,0.52832,1.46729,0.94043,0.59162,
1403715590062142976,0.27110,-2.55170,0.34763,-0.19662,0.76076,0.29826,0.54188,1.43259,0.96035,0.52813,
1403715590162142976,0.41246,-2.45634,0.39796,-0.19687,0.75707,0.30126,0.54528,1.37195,0.96114,0.48279,
1403715590262142976,0.54787,-2.35951,0.44263,-0.19435,0.75738,0.31123,0.54012,1.30529,0.97369,0.44377,
1403715590362142976,0.67645,-2.25883,0.48574,-0.19034,0.75197,0.33089,0.53742,1.23829,1.02903,0.43098,
1403715590462142976,0.79721,-2.15036,0.52760,-0.18970,0.74098,0.35765,0.53577,1.15699,1.12309,0.40418,
1403715590562142976,0.90860,-2.03256,0.56674,-0.19459,0.72711,0.38809,0.53182,1.05098,1.21961,0.37479,
1403715590662142976,1.00888,-1.90531,0.60313,-0.20868,0.71692,0.41665,0.51854,0.93017,1.30914,0.33719,
1403715590762142976,1.09606,-1.76912,0.63737,-0.23896,0.71053,0.43668,0.49734,0.82612,1.40307,0.33799,
1403715590862142976,1.17120,-1.62830,0.67476,-0.27344,0.69528,0.45542,0.48417,0.74720,1.45743,0.36848,
1403715590962142976,1.24187,-1.48213,0.71280,-0.30303,0.67387,0.47937,0.47358,0.67930,1.48122,0.35913,
1403715591062142976,1.30601,-1.33472,0.74876,-0.32451,0.65252,0.50926,0.45779,0.60935,1.49172,0.33711,
1403715591162142976,1.36232,-1.18774,0.78132,-0.34113,0.62691,0.54342,0.44193,0.55361,1.50114,0.30631,
1403715591262142976,1.41160,-1.03948,0.81062,-0.35253,0.59607,0.58050,0.42830,0.46604,1.50556,0.27566,
1403715591362142976,1.45136,-0.88940,0.83798,-0.36508,0.56303,0.61448,0.41488,0.34727,1.52975,0.26225,
1403715591462142976,1.47838,-0.73728,0.86368,-0.38045,0.53082,0.64364,0.39901,0.21834,1.53682,0.23010,
1403715591562142976,1.49230,-0.58552,0.88244,-0.39661,0.50254,0.66911,0.37741,0.09139,1.53182,0.10230,
1403715591662142976,1.49296,-0.43422,0.88873,-0.41559,0.47663,0.68959,0.35294,-0.02291,1.54406,-0.00968,
1403715591762142976,1.48590,-0.27909,0.88497,-0.43198,0.44573,0.70736,0.33817,-0.11737,1.54155,-0.12899,
1403715591862142976,1.46862,-0.12449,0.86876,-0.44489,0.41662,0.72376,0.32353,-0.22215,1.51930,-0.25076,
1403715591962142976,1.44055,0.02886,0.84111,-0.45477,0.38519,0.74009,0.31158,-0.33606,1.48878,-0.36923,
1403715592062142976,1.40142,0.18031,0.80280,-0.46050,0.34972,0.75743,0.30322,-0.46571,1.43661,-0.46455,
1403715592162142976,1.34759,0.32318,0.76086,-0.47181,0.31252,0.77069,0.29285,-0.63735,1.35323,-0.39186,
1403715592262142976,1.27446,0.45071,0.72873,-0.49073,0.27275,0.77838,0.28093,-0.80065,1.20860,-0.25454,
1403715592362142976,1.18694,0.56073,0.70978,0.50530,-0.23348,-0.78701,-0.26602,-0.95302,1.02911,-0.13584,
1403715592462142976,1.08567,0.65283,0.70267,0.51430,-0.19504,-0.79716,-0.24899,-1.07822,0.83618,-0.04219,
1403715592562142976,0.97307,0.72680,0.69873,0.52344,-0.15564,-0.80469,-0.23293,-1.17080,0.63597,-0.02909,
1403715592662142976,0.85058,0.77962,0.69342,0.53157,-0.11568,-0.81045,-0.21730,-1.27622,0.42098,-0.06103,
1403715592762142976,0.71938,0.80887,0.68963,0.53863,-0.07782,-0.81576,-0.19583,-1.35413,0.16781,-0.04299,
1403715592862142976,0.58132,0.81245,0.68624,0.54674,-0.05696,-0.82142,-0.15195,-1.41048,-0.05452,-0.04373,
1403715592962142976,0.43837,0.79842,0.68277,0.55355,-0.04454,-0.82606,-0.09608,-1.44533,-0.20652,-0.04187,
1403715593062142976,0.29249,0.77370,0.67938,0.56095,-0.02743,-0.82625,-0.04349,-1.45191,-0.28168,-0.04229,
1403715593162142976,0.14639,0.74548,0.67599,0.56609,0.00158,-0.82433,-0.00363,-1.43952,-0.30097,-0.04054,
1403715593262142976,0.00229,0.71662,0.67309,0.57010,0.03695,-0.82037,0.02489,-1.42163,-0.30296,-0.03540,
1403715593362142976,-0.13877,0.68680,0.67023,0.57064,0.07900,-0.81650,0.03824,-1.39228,-0.30913,-0.03561,
1403715593462142976,-0.27649,0.65333,0.66830,0.56980,0.12439,-0.81109,0.04464,-1.35925,-0.36253,-0.02959,
1403715593562142976,-0.40944,0.61174,0.66505,0.56894,0.16432,-0.80378,0.05689,-1.30662,-0.46145,-0.02190,
1403715593662142976,-0.53525,0.56005,0.66394,0.57481,0.19843,-0.79007,0.07754,-1.22463,-0.54808,-0.00951,
1403715593762142976,-0.65244,0.49988,0.66362,0.58333,0.22858,-0.77271,0.10200,-1.11887,-0.63323,-0.01191,
1403715593862142976,-0.75845,0.43239,0.66205,0.58419,0.26196,-0.75803,0.12446,-0.97828,-0.70348,-0.03568,
1403715593962142976,-0.84997,0.35780,0.65741,0.57493,0.29675,-0.74777,0.14907,-0.83154,-0.76371,-0.05986,
1403715594062142976,-0.92918,0.27693,0.65199,0.55876,0.33159,-0.74023,0.17292,-0.70451,-0.82415,-0.05647,
1403715594162142976,-0.99796,0.19031,0.64702,0.54094,0.36214,-0.73292,0.19766,-0.59498,-0.88068,-0.06290,
1403715594262142976,-1.06211,0.09745,0.64402,0.52666,0.39030,-0.72228,0.22048,-0.51357,-0.92727,-0.03001,
1403715594362142976,-1.11866,-0.00154,0.64312,0.51644,0.41897,-0.70729,0.23977,-0.43327,-0.98198,-0.00540,
1403715594462142976,-1.16507,-0.10721,0.64282,0.50767,0.45036,-0.68848,0.25582,-0.34090,-1.03437,-0.00296,
1403715594562142976,-1.19767,-0.21673,0.64296,-0.49941,-0.48491,0.66545,-0.26949,-0.23000,-1.08949,-0.00200,
1403715594662142976,-1.21681,-0.33022,0.64147,-0.48490,-0.51911,0.64389,-0.28424,-0.09520,-1.14222,-0.02723,
1403715594762142976,-1.22135,-0.44892,0.63724,-0.45384,-0.55023,0.63224,-0.30256,0.03098,-1.20107,-0.06416,
1403715594862142976,-1.21513,-0.57438,0.63219,-0.41935,-0.57492,0.62153,-0.32759,0.11812,-1.29314,-0.05944,
1403715594962142976,-1.20159,-0.70806,0.62731,-0.38954,-0.59955,0.60554,-0.34945,0.16890,-1.37449,-0.06202,
1403715595062142976,-1.18366,-0.85120,0.62222,0.36703,0.62431,-0.58344,0.36760,0.20565,-1.47738,-0.05967,
1403715595162142976,-1.16101,-1.00466,0.61791,0.34577,0.64288,-0.55997,0.39190,0.24072,-1.57702,-0.03826,
1403715595262142976,-1.13513,-1.16630,0.61463,0.32770,0.66023,-0.53224,0.41645,0.26331,-1.65717,-0.05056,
1403715595362142976,-1.10771,-1.33470,0.60961,0.31288,0.67605,-0.50002,0.44165,0.27862,-1.70663,-0.08103,
1403715595462142976,-1.07955,-1.50716,0.60159,0.29653,0.69000,-0.46679,0.46699,0.28172,-1.74055,-0.08528,
1403715595562142976,-1.05207,-1.68046,0.59485,0.28674,0.70551,-0.42638,0.48810,0.26550,-1.73645,-0.06758,
1403715595662142976,-1.02447,-1.85192,0.58913,0.29168,0.72083,-0.37376,0.50560,0.28639,-1.68910,-0.05701,
1403715595762142976,-0.99392,-2.01335,0.58363,0.30310,0.73135,-0.31489,0.52355,0.33002,-1.54996,-0.04168,
1403715595862142976,-0.95975,-2.15685,0.57823,0.31104,0.73541,-0.26031,0.54284,0.36990,-1.32795,-0.00673,
1403715595962142976,-0.92196,-2.27281,0.57835,0.31420,0.72837,-0.21531,0.56956,0.38450,-1.00802,0.04806,
1403715596062142976,-0.88314,-2.35368,0.58706,0.30309,0.71034,-0.18660,0.60723,0.33255,-0.62892,0.12379,
1403715596162142976,-0.85217,-2.39360,0.60497,0.28545,0.69846,-0.17291,0.63306,0.20473,-0.22898,0.19407,
1403715596262142976,-0.83720,-2.38917,0.63027,0.26736,0.71461,-0.17186,0.62315,0.05608,0.13874,0.23742,
1403715596362142976,-0.83279,-2.35862,0.65610,0.23976,0.75515,-0.18188,0.58239,-0.01792,0.41958,0.24643,
1403715596462142976,-0.82957,-2.31220,0.68426,0.20345,0.79207,-0.19339,0.54206,0.00620,0.58142,0.26971,
1403715596562142976,-0.81847,-2.25635,0.71613,0.16999,0.81960,-0.19804,0.51004,0.10977,0.64003,0.29764,
1403715596662142976,-0.79354,-2.19781,0.74860,0.14134,0.84070,-0.19530,0.48488,0.27037,0.61968,0.30711,
1403715596762142976,-0.75177,-2.14189,0.78131,0.11952,0.85525,-0.18449,0.46928,0.46675,0.56345,0.31164,
1403715596862142976,-0.69331,-2.09015,0.81226,0.09737,0.86733,-0.17398,0.45605,0.68600,0.48242,0.28641,
1403715596962142976,-0.61414,-2.04757,0.83880,0.08124,0.87734,-0.16467,0.44335,0.91967,0.37862,0.26215,
1403715597062142976,-0.50920,-2.01465,0.86294,0.07315,0.88199,-0.15611,0.43861,1.17599,0.26001,0.25539,
1403715597162142976,-0.37663,-1.99186,0.88832,0.06862,0.87616,-0.15021,0.45285,1.44639,0.15272,0.27223,
1403715597262142976,-0.22037,-1.97828,0.91536,0.06133,0.86031,-0.14483,0.48489,1.64373,0.07123,0.27573,
1403715597362142976,-0.05074,-1.97365,0.94113,0.05066,0.84189,-0.13625,0.51969,1.74008,0.00115,0.25049,
1403715597462142976,0.12525,-1.97795,0.96657,0.04064,0.82261,-0.12108,0.55408,1.77478,-0.07109,0.24631,
1403715597562142976,0.30093,-1.98674,0.98940,0.03306,0.80932,-0.09719,0.57833,1.72374,-0.09822,0.20304,
1403715597662142976,0.46989,-1.99721,1.00744,0.02192,0.80548,-0.07089,0.58796,1.65481,-0.12922,0.14504,
1403715597762142976,0.63234,-2.01210,1.02118,0.01006,0.80857,-0.04583,0.58652,1.60154,-0.15857,0.11929,
1403715597862142976,0.79173,-2.02933,1.03218,-0.00057,0.80996,-0.02773,0.58583,1.54979,-0.19171,0.11421,
1403715597962142976,0.94472,-2.05043,1.04432,-0.00640,0.80373,-0.01436,0.59479,1.49031,-0.21987,0.13239,
1403715598062142976,1.09029,-2.07401,1.05551,-0.00846,0.79885,-0.00562,0.60145,1.39930,-0.24189,0.10704,
1403715598162142976,1.22705,-2.09759,1.06248,-0.00448,0.79483,0.00225,0.60681,1.32346,-0.23302,0.03953,
1403715598262142976,1.35498,-2.12035,1.05934,-0.00445,0.78459,0.00400,0.61998,1.21923,-0.22721,-0.08506,
1403715598362142976,1.46846,-2.14242,1.04568,-0.00536,0.76991,0.00267,0.63813,1.08422,-0.21736,-0.16130,
1403715598462142976,1.56785,-2.16378,1.02919,-0.00935,0.74967,-0.00220,0.66174,0.86064,-0.21914,-0.15491,
1403715598562142976,1.63903,-2.18492,1.01308,-0.01392,0.73599,-0.00816,0.67680,0.58103,-0.23879,-0.15962,
1403715598662142976,1.68396,-2.20712,0.99511,-0.01161,0.73881,-0.01040,0.67373,0.31738,-0.24545,-0.19733,
1403715598762142976,1.70765,-2.22921,0.97337,-0.00515,0.75871,-0.01039,0.65133,0.09790,-0.24336,-0.25261,
1403715598862142976,1.71217,-2.24961,0.94614,0.00036,0.78022,-0.00994,0.62542,-0.06127,-0.23051,-0.28030,
1403715598962142976,1.70272,-2.26784,0.91604,0.00594,0.79404,-0.00856,0.60778,-0.14721,-0.20692,-0.31803,
1403715599062142976,1.68741,-2.28460,0.88285,0.00913,0.80017,-0.00747,0.59965,-0.19461,-0.17075,-0.34365,
1403715599162142976,1.66583,-2.29896,0.84793,0.01019,0.80109,-0.00721,0.59841,-0.24418,-0.14496,-0.37717,
1403715599262142976,1.63838,-2.31152,0.80799,0.00338,0.80668,-0.01201,0.59086,-0.29393,-0.11981,-0.42548,
1403715599362142976,1.60738,-2.32407,0.76327,-0.00828,0.81124,-0.02017,0.58431,-0.32718,-0.13076,-0.45955,
1403715599462142976,1.57443,-2.33952,0.71659,-0.02376,0.81151,-0.03041,0.58306,-0.33848,-0.16777,-0.47104,
1403715599562142976,1.53930,-2.36110,0.67010,-0.03521,0.80985,-0.03753,0.58437,-0.35049,-0.24880,-0.45814,
1403715599662142976,1.50251,-2.39189,0.62725,-0.04358,0.80460,-0.04310,0.59065,-0.37710,-0.35266,-0.42200,
1403715599762142976,1.46195,-2.43245,0.58689,-0.03998,0.79847,-0.04124,0.59928,-0.42885,-0.44515,-0.40511,
1403715599862142976,1.41607,-2.48085,0.54605,-0.02552,0.79605,-0.03268,0.60380,-0.49864,-0.52217,-0.41938,
1403715599962142976,1.36273,-2.53510,0.50414,-0.00854,0.80310,-0.02235,0.59536,-0.55561,-0.56047,-0.43107,
1403715600062142976,1.30551,-2.59045,0.46156,0.00657,0.81026,-0.01173,0.58591,-0.58150,-0.54743,-0.42665,
1403715600162142976,1.24718,-2.64222,0.41930,0.02586,0.81369,0.01248,0.58059,-0.59148,-0.47868,-0.41945,
1403715600262142976,1.18974,-2.68361,0.37551,0.03886,0.81472,0.04433,0.57685,-0.57893,-0.34437,-0.42342,
1403715600362142976,1.13190,-2.71109,0.33102,0.03573,0.81454,0.07638,0.57395,-0.58653,-0.17945,-0.43887,
1403715600462142976,1.07321,-2.72154,0.28721,0.01408,0.81726,0.10387,0.56665,-0.59697,-0.01583,-0.45749,
1403715600562142976,1.01520,-2.71520,0.24420,-0.02626,0.82551,0.12254,0.55030,-0.57643,0.12462,-0.42871,
1403715600662142976,0.96237,-2.69552,0.20786,-0.06409,0.82907,0.14517,0.53615,-0.51292,0.23041,-0.32074,
1403715600762142976,0.91665,-2.66706,0.18469,-0.09391,0.82389,0.17505,0.53080,-0.44400,0.30653,-0.17001,
1403715600862142976,0.87926,-2.63208,0.17527,-0.11784,0.81434,0.20781,0.52894,-0.37532,0.37657,-0.03371,
1403715600962142976,0.84753,-2.59154,0.17952,-0.13841,0.80376,0.23755,0.52762,-0.31639,0.44452,0.11765,
1403715601062142976,0.82312,-2.54526,0.19708,-0.15438,0.79266,0.26022,0.52929,-0.25937,0.49434,0.22141,
1403715601162142976,0.80230,-2.49411,0.22573,-0.16239,0.78462,0.27635,0.53070,-0.22730,0.53085,0.34331,
1403715601262142976,0.78218,-2.43732,0.26583,-0.16332,0.77819,0.28752,0.53394,-0.21432,0.58761,0.45503,
1403715601362142976,0.76179,-2.37460,0.31095,-0.16132,0.77297,0.29723,0.53680,-0.22754,0.65211,0.45405,
1403715601462142976,0.74102,-2.30611,0.35245,-0.16515,0.77105,0.29977,0.53698,-0.24519,0.71020,0.39976,
1403715601562142976,0.71965,-2.23108,0.38881,-0.17016,0.77091,0.29819,0.53650,-0.24912,0.77479,0.36354,
1403715601662142976,0.69671,-2.14979,0.42242,-0.17495,0.77216,0.29478,0.53504,-0.25164,0.82578,0.34134,
1403715601762142976,0.67235,-2.06497,0.45604,-0.18061,0.76921,0.29088,0.53952,-0.25841,0.86730,0.34529,
1403715601862142976,0.64732,-1.97714,0.48804,-0.18286,0.76619,0.28697,0.54512,-0.26849,0.88307,0.32417,
1403715601962142976,0.62005,-1.88874,0.51937,-0.18237,0.76103,0.27573,0.55817,-0.28727,0.88050,0.33093,
1403715602062142976,0.58818,-1.80064,0.55033,-0.18160,0.74996,0.25800,0.58140,-0.33985,0.85724,0.27842,
1403715602162142976,0.54926,-1.71760,0.57534,-0.17778,0.74538,0.23699,0.59719,-0.42752,0.79477,0.21759,
1403715602262142976,0.49980,-1.64324,0.59470,-0.17027,0.75174,0.21369,0.60020,-0.53541,0.71227,0.17867,
1403715602362142976,0.44080,-1.57509,0.60920,-0.15278,0.76629,0.19467,0.59292,-0.61776,0.64641,0.13377,
1403715602462142976,0.37506,-1.51322,0.62083,-0.13170,0.78515,0.17593,0.57900,-0.66552,0.59951,0.14110,
1403715602562142976,0.30626,-1.45598,0.63339,-0.11139,0.79912,0.15703,0.56950,-0.68236,0.56744,0.13917,
1403715602662142976,0.23618,-1.40128,0.64061,-0.08724,0.80466,0.13964,0.57045,-0.68837,0.55270,0.04010,
1403715602762142976,0.16527,-1.34726,0.63539,-0.06494,0.80899,0.11944,0.57189,-0.69911,0.56443,-0.12642,
1403715602862142976,0.09424,-1.28989,0.61492,-0.04694,0.81406,0.09686,0.57072,-0.70095,0.59308,-0.25893,
1403715602962142976,0.02442,-1.22784,0.58227,-0.03041,0.81935,0.07484,0.56757,-0.68825,0.62322,-0.37503,
1403715603062142976,-0.04339,-1.16238,0.53999,-0.01501,0.82071,0.05273,0.56870,-0.67576,0.65863,-0.44481,
1403715603162142976,-0.10928,-1.09435,0.49513,0.00054,0.82124,0.02991,0.56979,-0.66453,0.67778,-0.46024,
1403715603262142976,-0.17339,-1.02370,0.44994,0.01444,0.82507,0.00812,0.56479,-0.63733,0.72242,-0.45730,
1403715603362142976,-0.23371,-0.94951,0.40602,0.02623,0.82957,-0.00891,0.55772,-0.59523,0.75969,-0.43203,
1403715603462142976,-0.28869,-0.87140,0.36701,0.02872,0.82968,-0.02509,0.55693,-0.53545,0.80273,-0.37606,
1403715603562142976,-0.33827,-0.79101,0.33323,0.02326,0.82845,-0.04139,0.55805,-0.48528,0.80938,-0.32427,
1403715603662142976,-0.38335,-0.71228,0.30274,0.01273,0.82746,-0.05803,0.55838,-0.44149,0.77767,-0.30940,
1403715603762142976,-0.42284,-0.63942,0.27553,0.00259,0.82346,-0.07181,0.56280,-0.39004,0.70785,-0.23275,
1403715603862142976,-0.45930,-0.57664,0.25781,-0.00726,0.82190,-0.08190,0.56366,-0.36613,0.59488,-0.14011,
1403715603962142976,-0.49243,-0.52671,0.25023,-0.01448,0.83263,-0.08710,0.54675,-0.31480,0.46098,-0.05046,
1403715604062142976,-0.51784,-0.48998,0.25008,-0.00705,0.84167,-0.08081,0.53387,-0.22650,0.33226,0.00542,
1403715604162142976,-0.53459,-0.46264,0.25102,0.01081,0.84242,-0.06803,0.53440,-0.13991,0.25411,-0.01914,
1403715604262142976,-0.54380,-0.44109,0.24862,0.02343,0.83799,-0.05931,0.54194,-0.05950,0.21376,-0.04746,
1403715604362142976,-0.54645,-0.42226,0.24298,0.02896,0.83569,-0.05545,0.54563,-0.00567,0.19947,-0.09884,
1403715604462142976,-0.54213,-0.40400,0.23469,0.03101,0.83606,-0.05443,0.54506,0.07338,0.19468,-0.08912,
1403715604562142976,-0.53115,-0.38721,0.22702,0.03176,0.83047,-0.05387,0.55354,0.12672,0.18431,-0.09104,
1403715604662142976,-0.51575,-0.37061,0.21859,0.03391,0.82324,-0.05240,0.56425,0.15441,0.18125,-0.09176,
1403715604762142976,-0.49921,-0.35232,0.20909,0.03659,0.82008,-0.05077,0.56881,0.16592,0.19259,-0.10099,
1403715604862142976,-0.48186,-0.33265,0.19958,0.03621,0.82008,-0.05107,0.56882,0.17923,0.20466,-0.08312,
1403715604962142976,-0.46352,-0.31213,0.19184,0.03764,0.82162,-0.04960,0.56662,0.17872,0.21070,-0.08103,
1403715605062142976,-0.44363,-0.29071,0.18589,0.03685,0.82374,-0.04945,0.56361,0.21253,0.22081,-0.04037,
1403715605162142976,-0.42135,-0.26804,0.18395,0.03662,0.82231,-0.04801,0.56582,0.23139,0.23208,-0.00933,
1403715605262142976,-0.39724,-0.24490,0.18433,0.03391,0.82048,-0.04756,0.56868,0.25498,0.24129,0.01434,
1403715605362142976,-0.37248,-0.22151,0.18709,0.02626,0.81838,-0.05012,0.57189,0.26140,0.23997,0.00233,
1403715605462142976,-0.34717,-0.19809,0.18331,0.01962,0.81767,-0.05178,0.57302,0.25743,0.21835,-0.09391,
1403715605562142976,-0.32250,-0.17664,0.16972,0.01360,0.81988,-0.05356,0.56986,0.24944,0.19788,-0.18939,
1403715605662142976,-0.29780,-0.15829,0.14877,0.01115,0.82091,-0.05316,0.56847,0.25089,0.16053,-0.22907,
1403715605762142976,-0.27168,-0.14415,0.12767,0.01900,0.81964,-0.04655,0.57066,0.26505,0.12594,-0.19993,
1403715605862142976,-0.24450,-0.13215,0.10947,0.02450,0.81900,-0.04198,0.57173,0.27366,0.11186,-0.16471,
1403715605962142976,-0.21716,-0.12058,0.09414,0.02738,0.81738,-0.03879,0.57413,0.27349,0.11679,-0.16757,
1403715606062142976,-0.18917,-0.10715,0.07338,0.02839,0.81639,-0.03683,0.57563,0.27672,0.12516,-0.24590,
1403715606162142976,-0.16324,-0.09321,0.04783,0.02779,0.81601,-0.03495,0.57632,0.26686,0.15309,-0.29587,
1403715606262142976,-0.13698,-0.07633,0.01984,0.02278,0.81617,-0.03657,0.57621,0.25543,0.17582,-0.25714,
1403715606362142976,-0.11165,-0.05919,-0.00042,0.01537,0.81648,-0.03877,0.57587,0.25502,0.16634,-0.15149,
1403715606462142976,-0.08616,-0.04389,-0.01004,0.01060,0.81609,-0.03989,0.57645,0.25563,0.14730,-0.04496,
1403715606562142976,-0.06085,-0.02971,-0.01291,0.00564,0.81481,-0.04047,0.57828,0.23982,0.13238,-0.02711,
1403715606662142976,-0.03715,-0.01702,-0.01761,-0.00077,0.81360,-0.04134,0.57995,0.22120,0.10972,-0.06247,
1403715606762142976,-0.01568,-0.00824,-0.02541,-0.00947,0.81213,-0.04403,0.58173,0.20752,0.06294,-0.10810,
1403715606862142976,0.00376,-0.00459,-0.03622,-0.01108,0.80780,-0.04243,0.58782,0.18612,0.00673,-0.12461,
1403715606962142976,0.01903,-0.00571,-0.04735,-0.00197,0.80311,-0.03438,0.59484,0.13475,-0.02199,-0.13197,
1403715607062142976,0.02813,-0.00904,-0.06192,0.00895,0.80563,-0.02591,0.59178,0.08086,-0.03191,-0.15971,
1403715607162142976,0.03398,-0.01162,-0.07725,0.01423,0.80895,-0.02089,0.58734,0.05550,-0.01000,-0.15358,
1403715607262142976,0.03795,-0.01176,-0.09125,0.01614,0.81161,-0.01882,0.58368,0.02341,0.00966,-0.12599,
1403715607362142976,0.03842,-0.00968,-0.10181,0.01598,0.81190,-0.01875,0.58328,-0.00377,0.02707,-0.09387,
1403715607462142976,0.03674,-0.00590,-0.10940,0.01727,0.81099,-0.01857,0.58451,-0.02924,0.05291,-0.05970,
1403715607562142976,0.03292,0.00053,-0.11556,0.01857,0.81201,-0.01883,0.58304,-0.05102,0.07286,-0.04400,
1403715607662142976,0.02703,0.00900,-0.11909,0.01948,0.81300,-0.02007,0.58159,-0.06895,0.10414,-0.02190,
1403715607762142976,0.01964,0.02034,-0.12343,0.02046,0.81305,-0.02092,0.58145,-0.08928,0.12175,-0.07465,
1403715607862142976,0.01069,0.03307,-0.13573,0.01686,0.81399,-0.02545,0.58007,-0.09949,0.13641,-0.17970,
1403715607962142976,0.00707,0.04135,-0.14266,0.02271,0.81260,-0.01665,0.58214,0.00015,-0.01897,0.03114,
1403715608062142976,0.00779,0.04076,-0.14304,0.02343,0.81462,-0.01538,0.57932,0.00686,-0.00640,-0.06742,
1403715608162142976,0.00854,0.04111,-0.14504,0.02196,0.81681,-0.01676,0.57624,-0.00633,0.02347,0.01210,
1403715608262142976,0.00743,0.04064,-0.14517,0.02206,0.81491,-0.01668,0.57892,0.00738,0.00569,-0.00927,
1403715608362142976,0.00773,0.04127,-0.14565,0.02173,0.81615,-0.01702,0.57718,-0.00308,-0.01766,-0.00054,
1403715608462142976,0.00741,0.04141,-0.14576,0.02154,0.81596,-0.01714,0.57745,-0.00320,0.01216,-0.00046,
1403715608562142976,0.00739,0.04124,-0.14590,0.02176,0.81573,-0.01712,0.57777,0.00483,-0.00551,0.00386,
1403715608662142976,0.00750,0.04123,-0.14597,0.02182,0.81596,-0.01717,0.57744,-0.00563,0.00312,-0.00370,
1403715608762142976,0.00726,0.04124,-0.14597,0.02182,0.81570,-0.01723,0.57780,-0.00027,-0.00059,-0.00180,
1403715608862142976,0.00752,0.04119,-0.14611,0.02183,0.81602,-0.01739,0.57735,-0.00125,-0.00034,0.00296,
1403715608962142976,0.00733,0.04124,-0.14610,0.02175,0.81582,-0.01744,0.57763,-0.00349,0.00369,-0.00083,
1403715609062142976,0.00742,0.04121,-0.14613,0.02167,0.81592,-0.01758,0.57749,-0.00017,-0.00420,0.00326,
1403715609162142976,0.00742,0.04121,-0.14613,0.02164,0.81600,-0.01767,0.57738,-0.00447,0.00245,0.00287,
1403715609262142976,0.00735,0.04123,-0.14611,0.02173,0.81593,-0.01773,0.57747,-0.00086,-0.00170,0.00036,
1403715609362142976,0.00748,0.04119,-0.14615,0.02177,0.81606,-0.01789,0.57727,-0.00261,-0.00032,0.00194,
