1540823058840684032,-0.00648,0.00970,-0.00190,0.99904,-0.03686,0.00743,-0.02227,0.01878,-0.00439,0.00094,
1540823058940204800,-0.01139,0.02277,-0.00706,0.99842,-0.05076,0.00327,-0.02385,0.03941,-0.00060,0.00253,
1540823059039765504,-0.02235,0.05326,-0.01911,0.99813,-0.05619,0.00130,-0.02422,0.06283,0.00218,0.00427,
1540823059139240960,-0.06897,0.15584,-0.06523,0.99783,-0.06114,-0.00053,-0.02462,0.09770,0.01648,0.00539,
1540823059238764288,-0.36448,0.58254,-0.38241,0.99664,-0.07734,-0.00980,-0.02519,0.04960,0.11111,-0.03041,
1540823059338279424,-0.76905,1.22187,-0.96732,0.99588,-0.08515,-0.01541,-0.02715,-0.02696,0.26455,-0.10135,
1540823062589323776,-0.02006,-0.01985,0.17814,0.99939,-0.02861,0.01547,-0.01267,-0.00004,-0.03534,0.14860,
1540823062721977344,-0.01761,-0.01148,0.19568,0.99931,-0.02941,0.01828,-0.01362,0.01964,0.16266,0.10425,
1540823062821533440,-0.01099,0.00520,0.20310,0.99945,-0.00901,0.02993,-0.01150,0.01877,0.26817,0.10089,
1540823062921145600,-0.00729,0.03051,0.21411,0.99944,0.00277,0.03224,-0.00813,0.02322,0.31745,0.11668,
1540823063020531456,-0.00540,0.05783,0.22104,0.99966,0.00287,0.02599,0.00110,0.01781,0.20394,0.04980,
1540823063120090368,-0.00491,0.06957,0.22504,0.99971,0.00641,0.02169,0.00793,-0.01020,-0.02343,0.01257,
1540823063219660544,-0.00898,0.05764,0.22833,0.99960,-0.00194,0.02623,0.01006,-0.05397,-0.24661,-0.02836,
1540823063319092480,-0.01635,0.02426,0.22497,0.99959,-0.00410,0.02779,0.00617,-0.06879,-0.40029,-0.05704,
1540823063418610944,-0.02260,-0.01781,0.21915,0.99949,-0.00709,0.02968,-0.00891,-0.06152,-0.38293,-0.06433,
1540823063518179840,-0.02471,-0.04549,0.21673,0.99928,-0.00698,0.02898,-0.02354,0.00377,-0.08918,0.00904,
1540823063617686528,-0.02227,-0.04252,0.21911,0.99919,-0.00543,0.02797,-0.02848,0.02454,0.20570,0.01196,
1540823063717166336,-0.01962,-0.01631,0.22327,0.99925,-0.00342,0.02314,-0.03081,0.02178,0.31856,0.02479,
1540823063816684544,-0.01979,0.01362,0.22404,0.99927,-0.00194,0.02466,-0.02913,-0.03408,0.24799,-0.04084,
1540823063916207360,-0.03098,0.02891,0.21969,0.99862,0.00204,0.04343,-0.02939,-0.18872,-0.02701,-0.04169,
1540823064015762432,-0.05410,0.01960,0.21903,0.99738,-0.00240,0.05167,-0.05061,-0.24613,-0.17399,-0.01995,
1540823064115281408,-0.07560,0.00396,0.21473,0.99489,-0.00744,0.06677,-0.07537,-0.10128,-0.09632,-0.05121,
1540823064214761472,-0.07464,-0.00136,0.21103,0.99494,-0.01523,0.06408,-0.07588,0.16256,0.01527,-0.04123,
1540823064314321408,-0.04996,-0.00194,0.20655,0.99638,-0.02346,0.03847,-0.07205,0.39685,0.06959,-0.04512,
1540823064413837312,-0.00332,0.00753,0.20185,0.99798,-0.02402,0.01893,-0.05573,0.54528,0.13501,-0.05322,
1540823064513319936,0.04451,0.01226,0.20145,0.99924,-0.02791,-0.00529,-0.02658,0.49530,0.10347,-0.00103,
1540823064612835584,0.07611,0.02177,0.20122,0.99939,-0.03244,-0.00621,0.01120,0.11376,0.10365,-0.01792,
1540823064712354304,0.07182,0.02958,0.20156,0.99893,-0.02640,-0.00295,0.03776,-0.18374,0.00787,0.01744,
1540823064811875072,0.04650,0.02714,0.20521,0.99951,-0.02068,-0.00284,0.02336,-0.41828,-0.05682,0.02790,
1540823064977739520,-0.02966,0.01893,0.20896,0.99919,-0.02575,0.03005,-0.00763,-0.44084,-0.04016,0.03356,
1540823065143603968,-0.06811,0.01419,0.20445,0.99743,-0.02104,0.05590,-0.03963,0.06655,0.03444,-0.05387,
1540823065243130112,-0.04886,0.01741,0.19944,0.99797,-0.01405,0.05112,-0.03534,0.40054,0.06176,-0.01756,
1540823065342669312,-0.00795,0.02089,0.19923,0.99945,-0.00815,0.02681,-0.01777,0.50872,0.03565,0.01774,
1540823065442185472,0.03138,0.02369,0.20025,0.99986,-0.01273,0.01024,0.00406,0.29471,0.02195,-0.04204,
1540823065541781504,0.04570,0.02550,0.19106,0.99945,-0.01949,0.01007,0.02480,-0.00576,0.00052,-0.16983,
1540823065641201152,0.03674,0.02583,0.17290,0.99963,0.01187,0.01963,0.01442,-0.17018,0.02880,-0.10828,
1540823065740722432,0.01680,0.02767,0.17436,0.99877,0.02923,0.03991,0.00149,-0.20085,0.02576,0.18366,
1540823065840237312,0.00192,0.02925,0.20575,0.99828,0.03195,0.04843,-0.00816,-0.08381,-0.00545,0.45528,
1540823065939755520,-0.00470,0.02369,0.25593,0.99863,0.02476,0.04321,-0.01581,-0.00403,-0.09253,0.56903,
1540823066039274496,-0.00586,0.01145,0.30764,0.99860,0.00795,0.05086,-0.01253,0.03710,-0.14440,0.46744,
1540823066138799104,-0.00044,-0.00114,0.34389,0.99875,-0.02671,0.04149,-0.00815,0.07334,-0.07861,0.21286,
1540823066238312448,0.00480,-0.00587,0.34257,0.99799,-0.05622,0.02882,-0.00486,0.03628,0.01412,-0.28617,
1540823066337874432,0.00570,-0.00275,0.30005,0.99797,-0.05032,0.03804,-0.00848,-0.02168,0.07761,-0.62171,
1540823066437353216,0.00383,0.01125,0.24306,0.99827,-0.00892,0.05789,-0.00601,0.01141,0.17644,-0.46976,
1540823066570114304,0.00486,0.02788,0.20839,0.99775,0.03178,0.05885,-0.00486,0.02749,0.06347,-0.00143,
1540823066702864384,0.00567,0.02503,0.23592,0.99818,0.03308,0.04995,-0.00635,0.02043,-0.12389,0.42329,
1540823066868701696,0.00004,-0.00449,0.30509,0.99915,-0.02184,0.03014,-0.01775,0.00256,-0.22653,0.35206,
1540823067001292288,0.00943,-0.04045,0.32355,0.99682,-0.06532,0.02603,-0.03739,0.19512,-0.20751,-0.04792,
1540823067100925440,0.03522,-0.04814,0.31276,0.99828,-0.05120,0.01227,-0.02581,0.32323,0.11936,-0.16718,
1540823067200380672,0.06043,-0.02155,0.29885,0.99944,-0.02817,0.00113,0.01794,0.23303,0.41699,-0.17352,
1540823067300001536,0.06946,0.02165,0.28547,0.99794,-0.00278,-0.01129,0.06316,-0.00486,0.43954,-0.18503,
1540823067399418368,0.05143,0.05878,0.27111,0.99648,0.02303,-0.00345,0.08050,-0.29249,0.27962,-0.14148,
1540823067498981376,0.01222,0.07525,0.26229,0.99667,0.03686,0.01366,0.07150,-0.46684,-0.00432,-0.05862,
1540823067598454528,-0.03547,0.06392,0.26045,0.99797,0.03644,0.03638,0.03758,-0.43665,-0.27560,0.03220,
1540823067698013440,-0.07330,0.02714,0.26462,0.99812,0.01997,0.05787,-0.00347,-0.26618,-0.47436,0.08940,
1540823067797541632,-0.08523,-0.02156,0.27725,0.99741,-0.00241,0.06058,-0.03868,0.06788,-0.47863,0.17005,
1540823067897012480,-0.06600,-0.05905,0.29171,0.99718,-0.02820,0.04724,-0.05101,0.39348,-0.23301,0.14131,
1540823067996531456,-0.02379,-0.06924,0.30096,0.99833,-0.04285,0.01872,-0.03393,0.54730,0.07082,0.04384,
1540823068096049664,0.02599,-0.05234,0.29942,0.99909,-0.04245,-0.00406,-0.00248,0.46016,0.27082,-0.08310,
1540823068195660288,0.06120,-0.02089,0.29144,0.99909,-0.02725,-0.01941,0.02637,0.21678,0.34996,-0.13701,
1540823068295165440,0.06941,0.01512,0.27843,0.99828,-0.01399,-0.01451,0.05508,-0.08055,0.30384,-0.17504,
1540823068394612480,0.05090,0.03443,0.26234,0.99849,-0.01103,0.00430,0.05371,-0.29251,0.02005,-0.19100,
1540823068494125568,0.01838,0.02930,0.24408,0.99921,-0.00029,0.02958,0.02644,-0.33621,-0.16696,-0.22088,
1540823068593648640,-0.00791,0.02158,0.23148,0.99815,0.02535,0.05435,-0.01042,-0.15934,0.04846,0.03765,
1540823068726413568,-0.01934,0.04207,0.25196,0.99815,0.03004,0.04802,-0.02193,0.01890,0.29477,0.28106,
1540823068859073280,-0.01727,0.07489,0.29457,0.99911,0.02822,0.03072,0.00693,0.07540,0.14686,0.35364,
1540823068958589440,-0.01182,0.07595,0.32912,0.99943,0.00999,0.02587,0.01900,0.02909,-0.14787,0.34315,
1540823069058136064,-0.01245,0.05067,0.36131,0.99941,-0.01218,0.02515,0.02013,-0.03585,-0.40556,0.27964,
1540823069190821376,-0.01823,-0.01172,0.38702,0.99777,-0.06144,0.02568,0.00344,-0.05446,-0.51873,0.03133,
1540823069290277376,-0.02218,-0.05612,0.37676,0.99616,-0.08042,0.03059,-0.01642,0.00039,-0.32097,-0.25564,
1540823069389837568,-0.02049,-0.06976,0.34124,0.99723,-0.06479,0.03008,-0.02075,0.05393,0.04012,-0.46282,
1540823069522488320,-0.01543,-0.04631,0.28283,0.99888,-0.02657,0.02933,-0.02582,0.04036,0.33352,-0.45346,
1540823069622048256,-0.02014,-0.01151,0.25006,0.99878,0.02030,0.03232,-0.03139,0.01206,0.46969,-0.26053,
1540823069721567488,-0.02633,0.03363,0.23886,0.99758,0.05638,0.03469,-0.02143,0.00356,0.44125,0.01857,
1540823069821045504,-0.02859,0.07366,0.25132,0.99637,0.08051,0.02484,-0.01215,0.03647,0.31553,0.23451,
1540823069920565504,-0.02803,0.09677,0.28049,0.99680,0.07813,0.01642,0.00303,0.04029,0.08926,0.35546,
1540823070020194560,-0.02840,0.09084,0.32067,0.99875,0.04191,0.02210,0.01603,0.00751,-0.19708,0.46535,
1540823070119686656,-0.03149,0.06100,0.36275,0.99954,-0.00233,0.02670,0.01448,-0.02113,-0.40419,0.36235,
1540823070219123968,-0.03442,0.01768,0.39180,0.99877,-0.04136,0.02730,0.00220,-0.02427,-0.43999,0.18379,
1540823070351914752,-0.03890,-0.03369,0.39211,0.99703,-0.06895,0.03277,-0.00973,0.00396,-0.26911,-0.18256,
1540823070484507904,-0.03535,-0.05189,0.34948,0.99784,-0.05400,0.03533,-0.01203,0.07258,0.02042,-0.44850,
1540823070584093440,-0.03277,-0.04198,0.30762,0.99894,-0.02170,0.03938,-0.00984,0.05417,0.19457,-0.44415,
1540823070683586816,-0.03463,-0.01830,0.27449,0.99888,0.01846,0.04233,-0.01069,0.01968,0.27463,-0.25085,
1540823070783193600,-0.03504,0.00686,0.25828,0.99871,0.03376,0.03618,-0.01140,0.03253,0.20287,-0.10005,
1540823070882581504,-0.03355,0.01907,0.24996,0.99883,0.03289,0.02985,-0.01937,0.09694,0.07083,-0.05433,
1540823071015275520,-0.02179,0.02736,0.24176,0.99899,0.03546,0.01893,-0.02027,0.05944,0.07520,-0.05165,
1540823071114795520,-0.02737,0.03381,0.23771,0.99872,0.04073,0.02223,-0.02006,-0.17859,0.05901,-0.02658,
1540823071214311680,-0.06013,0.03679,0.23868,0.99755,0.04397,0.03887,-0.03810,-0.44163,0.04638,0.05462,
1540823071313830656,-0.10917,0.03579,0.24999,0.99434,0.04504,0.06969,-0.06637,-0.49918,-0.05125,0.23879,
1540823071413354496,-0.15137,0.02559,0.28416,0.99094,0.03499,0.08256,-0.10002,-0.28978,-0.13368,0.45415,
1540823071546041856,-0.16758,-0.00119,0.34991,0.98840,-0.00916,0.08465,-0.12575,0.13326,-0.23007,0.57442,
1540823071678776832,-0.12811,-0.03382,0.40955,0.98848,-0.07268,0.05854,-0.11917,0.52311,-0.21550,0.31804,
1540823071877822720,-0.01003,-0.05713,0.40236,0.99456,-0.09408,0.02085,-0.03947,0.67434,0.04917,-0.33145,
1540823071977291776,0.03989,-0.03934,0.36746,0.99708,-0.07447,0.01020,0.01344,0.51500,0.32966,-0.42227,
1540823072076852224,0.06622,-0.00033,0.33677,0.99657,-0.04857,0.01253,0.06582,0.21980,0.42044,-0.35607,
1540823072176397824,0.06386,0.03468,0.30882,0.99556,-0.03227,0.01526,0.08708,-0.09979,0.27589,-0.31303,
1540823072275848704,0.03326,0.05415,0.28117,0.99732,-0.01674,0.02153,0.06786,-0.35978,0.13769,-0.30901,
1540823072408540416,-0.03390,0.06239,0.24864,0.99880,0.01831,0.04499,0.00623,-0.54036,-0.02431,-0.14637,
1540823072508098560,-0.08925,0.05098,0.24196,0.99708,0.02959,0.05372,-0.04546,-0.47739,-0.20647,0.00746,
1540823072640750592,-0.13493,0.01064,0.25119,0.99397,0.01409,0.06448,-0.08761,-0.13115,-0.36266,0.13654,
1540823072740269312,-0.13359,-0.02446,0.26773,0.99412,0.00095,0.05768,-0.09164,0.24904,-0.32190,0.24540,
1540823072839789312,-0.10688,-0.05090,0.28795,0.99653,-0.02152,0.03894,-0.07035,0.47983,-0.12643,0.22417,
1540823072972523520,-0.04759,-0.04868,0.31150,0.99879,-0.04179,0.01122,-0.02319,0.52556,0.21904,0.10117,
1540823073138345472,0.00612,0.00470,0.30831,0.99891,-0.03867,-0.00840,0.02479,0.09486,0.36887,-0.16031,
1540823073237864448,0.00047,0.03805,0.29034,0.99905,-0.03090,-0.00666,0.02989,-0.19728,0.24079,-0.25230,
1540823073337464320,-0.02689,0.05365,0.26712,0.99958,-0.02411,0.01426,0.00790,-0.35609,0.03065,-0.23916,
1540823073470078976,-0.07611,0.04666,0.23707,0.99876,-0.01663,0.03436,-0.03181,-0.28661,-0.12166,-0.20088,
1540823073602857472,-0.10053,0.02882,0.21115,0.99699,-0.02199,0.04117,-0.06196,-0.00773,-0.14334,-0.15887,
1540823073735499008,-0.09604,0.01344,0.18910,0.99663,-0.04081,0.03098,-0.06411,0.14445,-0.07338,-0.16357,
1540823073834979584,-0.08907,0.00696,0.17370,0.99726,-0.04641,0.02045,-0.05394,0.18190,-0.02828,-0.15909,
1540823073934498816,-0.08340,0.00213,0.15827,0.99779,-0.04654,0.01567,-0.04484,0.15516,0.00695,-0.16541,
1540823074067274496,-0.06670,0.00520,0.13789,0.99825,-0.04357,0.01213,-0.03805,0.13016,0.06713,-0.14935,
1540823074166709504,-0.05621,0.01122,0.12277,0.99884,-0.03540,0.01173,-0.03050,0.09820,0.06676,-0.15799,
1540823074266227456,-0.04925,0.01687,0.10777,0.99923,-0.02659,0.01212,-0.02621,0.05801,0.03695,-0.14300,
1540823074365791232,-0.04664,0.02074,0.09458,0.99935,-0.02098,0.01309,-0.02605,0.02153,0.04355,-0.13154,
1540823074465307392,-0.04641,0.02416,0.08201,0.99943,-0.01465,0.01528,-0.02638,0.01073,0.04596,-0.12475,
1540823074564826368,-0.04694,0.02868,0.06865,0.99956,0.00065,0.01777,-0.02364,-0.00289,0.04794,-0.12297,
1540823074664304384,-0.04723,0.03190,0.05827,0.99955,0.01004,0.01848,-0.02130,0.00077,0.02169,-0.08982,
1540823074763865600,-0.04767,0.03274,0.05001,0.99934,0.01510,0.02426,-0.02236,-0.00005,0.00353,-0.06485,
1540823074863381504,-0.04765,0.03221,0.04412,0.99926,0.01825,0.02556,-0.02215,-0.00267,-0.00615,-0.04762,
1540823074962860544,-0.04870,0.03095,0.03907,0.99907,0.02362,0.02657,-0.02457,-0.00937,-0.01385,-0.03335,
1540823075062506496,-0.05036,0.03000,0.03538,0.99898,0.02490,0.02780,-0.02540,-0.01383,-0.00168,-0.03327,
1540823075195073280,-0.05202,0.03004,0.02970,0.99883,0.02768,0.03137,-0.02415,-0.01162,-0.00431,-0.04890,
1540823075294591744,-0.05295,0.02943,0.02551,0.99865,0.03055,0.03400,-0.02460,-0.00849,-0.00514,-0.03127,
1540823075460511744,-0.05369,0.02978,0.02009,0.99845,0.03570,0.03440,-0.02525,0.00892,-0.00955,0.01370,
1540823075593202432,-0.05433,0.02902,0.01924,0.99860,0.03223,0.03238,-0.02665,0.00739,-0.00346,0.00918,
1540823075692721408,-0.05418,0.02935,0.01877,0.99877,0.02976,0.02832,-0.02777,0.00137,0.00700,-0.01075,
1540823075825414400,-0.05506,0.03108,0.01659,0.99897,0.02418,0.02718,-0.02707,-0.00596,0.01350,-0.01467,
1540823075924974336,-0.05576,0.03136,0.01601,0.99909,0.02202,0.02634,-0.02517,-0.00646,-0.00386,-0.00218,
1540823076057627648,-0.05578,0.03150,0.01473,0.99920,0.01791,0.02502,-0.02573,0.00125,0.00522,-0.00928,
1540823076157185536,-0.05538,0.03157,0.01391,0.99924,0.01418,0.02384,-0.02748,0.00507,-0.00293,-0.00698,
1540823076256752128,-0.05525,0.03128,0.01340,0.99927,0.01154,0.02344,-0.02802,0.00257,0.00235,-0.00565,
1540823076356231168,-0.05511,0.03165,0.01269,0.99931,0.00937,0.02194,-0.02838,-0.00302,0.00508,0.00038,
1540823076455749120,-0.05508,0.03146,0.01253,0.99930,0.00899,0.02239,-0.02852,0.00079,-0.00341,0.00375,
1540823076588441088,-0.05542,0.03168,0.01240,0.99929,0.00911,0.02266,-0.02872,-0.00215,0.00784,-0.00308,
1540823076688036096,-0.05484,0.03130,0.01209,0.99927,0.00883,0.02287,-0.02946,-0.00916,0.00438,-0.00678,
1540823076787521536,-0.05607,0.03274,0.01200,0.99923,0.01144,0.02476,-0.02815,0.02102,-0.01428,0.00485,
1540823076886998528,-0.05609,0.03241,0.01205,0.99922,0.01166,0.02478,-0.02855,0.00110,0.00645,0.00148,
1540823076986517248,-0.05563,0.03194,0.01211,0.99923,0.01065,0.02428,-0.02894,-0.01203,0.00980,-0.00147,
1540823077086037248,-0.05570,0.03210,0.01205,0.99922,0.01075,0.02454,-0.02904,0.00277,-0.00641,0.00189,
1540823077218728192,-0.05565,0.03206,0.01196,0.99921,0.01095,0.02478,-0.02904,0.00528,-0.00634,0.00143,
1540823077318247168,-0.05581,0.03230,0.01188,0.99919,0.01156,0.02522,-0.02900,0.01055,-0.00947,0.00236,
1540823077417807104,-0.05583,0.03220,0.01182,0.99918,0.01167,0.02552,-0.02912,0.00600,0.00011,0.00238,
1540823077517360128,-0.05568,0.03199,0.01177,0.99918,0.01136,0.02560,-0.02929,0.00024,0.00490,0.00190,
1540823077616851200,-0.05561,0.03203,0.01173,0.99917,0.01148,0.02567,-0.02950,0.00148,-0.00206,0.00159,
1540823077716323072,-0.05573,0.03217,0.01171,0.99915,0.01191,0.02588,-0.02965,0.00516,-0.00715,0.00199,
1540823077815883264,-0.05577,0.03214,0.01163,0.99914,0.01215,0.02617,-0.02979,0.00568,-0.00301,0.00250,
1540823077915436288,-0.05559,0.03202,0.01145,0.99913,0.01174,0.02656,-0.02991,0.00507,0.00166,0.00090,
1540823078014881792,-0.05545,0.03202,0.01129,0.99913,0.01156,0.02640,-0.03011,0.00549,-0.00113,-0.00029,
1540823078114399488,-0.05544,0.03211,0.01119,0.99913,0.01167,0.02641,-0.03012,0.00720,-0.00398,-0.00059,
1540823078213919232,-0.05546,0.03204,0.01107,0.99913,0.01200,0.02637,-0.03016,0.00753,-0.00396,0.00036,
1540823078313440512,-0.05558,0.03193,0.01106,0.99912,0.01198,0.02643,-0.03018,0.00524,-0.00078,0.00153,
1540823078446220800,-0.05570,0.03194,0.01105,0.99912,0.01204,0.02650,-0.03036,0.00536,-0.00150,0.00107,
1540823078545649408,-0.05569,0.03192,0.01101,0.99910,0.01213,0.02667,-0.03054,0.00510,-0.00160,0.00098,
1540823078645168640,-0.05571,0.03195,0.01097,0.99910,0.01227,0.02677,-0.03066,0.00553,-0.00372,0.00110,
1540823078744727040,-0.05572,0.03197,0.01092,0.99909,0.01242,0.02696,-0.03078,0.00574,-0.00422,0.00163,
1540823078844221440,-0.05570,0.03196,0.01087,0.99907,0.01251,0.02712,-0.03096,0.00547,-0.00348,0.00206,
1540823078943805184,-0.05575,0.03188,0.01084,0.99907,0.01257,0.02720,-0.03110,0.00443,-0.00380,0.00251,
1540823079076417792,-0.05577,0.03189,0.01081,0.99905,0.01260,0.02738,-0.03133,0.00623,-0.00376,0.00141,
1540823079175935232,-0.05582,0.03187,0.01076,0.99905,0.01272,0.02738,-0.03152,0.00492,-0.00421,0.00271,
1540823079275454976,-0.05581,0.03188,0.01070,0.99904,0.01284,0.02745,-0.03161,0.00530,-0.00486,0.00278,
1540823079374972160,-0.05585,0.03185,0.01065,0.99904,0.01293,0.02742,-0.03175,0.00499,-0.00501,0.00245,
1540823079474534144,-0.05589,0.03184,0.01063,0.99903,0.01292,0.02751,-0.03198,0.00451,-0.00474,0.00299,
1540823079574053120,-0.05593,0.03181,0.01059,0.99902,0.01293,0.02755,-0.03213,0.00483,-0.00477,0.00276,
1540823079673571072,-0.05594,0.03177,0.01057,0.99901,0.01295,0.02775,-0.03219,0.00545,-0.00499,0.00328,
1540823079773090048,-0.05584,0.03185,0.01049,0.99899,0.01115,0.02857,-0.03293,0.00811,-0.00331,0.00095,
1540823079872608256,-0.05587,0.03184,0.01038,0.99899,0.01080,0.02833,-0.03312,0.00884,-0.00290,0.00061,
1540823079972089600,-0.05587,0.03180,0.01020,0.99901,0.01057,0.02785,-0.03313,0.00839,-0.00297,0.00069,
1540823080071702784,-0.05582,0.03160,0.01003,0.99904,0.01052,0.02749,-0.03259,0.00812,-0.00349,0.00007,
1540823080171166208,-0.05583,0.03141,0.00993,0.99905,0.01075,0.02731,-0.03220,0.00811,-0.00499,0.00048,
1540823080270646784,-0.05590,0.03135,0.00988,0.99906,0.01074,0.02716,-0.03199,0.00753,-0.00450,0.00093,
1540823080370202624,-0.05598,0.03136,0.00984,0.99906,0.01059,0.02704,-0.03218,0.00739,-0.00397,0.00112,
1540823080469768192,-0.05614,0.03142,0.00979,0.99906,0.01049,0.02679,-0.03249,0.00569,-0.00350,0.00131,
1540823080569201408,-0.05633,0.03146,0.00979,0.99906,0.01028,0.02642,-0.03284,0.00420,-0.00326,0.00262,
1540823080668850176,-0.05638,0.03143,0.00976,0.99905,0.01021,0.02637,-0.03304,0.00420,-0.00332,0.00254,
1540823080768249344,-0.05642,0.03139,0.00972,0.99905,0.01021,0.02645,-0.03308,0.00403,-0.00332,0.00215,
1540823080867859200,-0.05642,0.03136,0.00967,0.99905,0.01014,0.02642,-0.03322,0.00457,-0.00334,0.00222,
1540823080967278080,-0.05648,0.03134,0.00963,0.99904,0.01017,0.02642,-0.03335,0.00401,-0.00317,0.00225,
1540823081066798336,-0.05650,0.03129,0.00961,0.99904,0.01021,0.02650,-0.03342,0.00432,-0.00356,0.00232,
1540823081166315264,-0.05651,0.03128,0.00956,0.99903,0.01022,0.02652,-0.03373,0.00366,-0.00312,0.00195,
1540823081265875968,-0.05658,0.03140,0.00963,0.99900,0.00975,0.02733,-0.03413,0.00314,-0.00278,0.00115,
1540823081365355008,-0.05678,0.03149,0.00962,0.99899,0.00918,0.02702,-0.03478,0.00040,0.00451,0.00679,
1540823081464872960,-0.05691,0.03153,0.00959,0.99897,0.00935,0.02688,-0.03523,0.00163,0.00273,0.00767,
1540823081564391168,-0.05699,0.03150,0.00949,0.99897,0.00948,0.02661,-0.03545,0.00585,-0.00365,-0.00178,
1540823081697084160,-0.05707,0.03150,0.00934,0.99899,0.00916,0.02599,-0.03546,0.00377,-0.00252,0.00373,
1540823081796602368,-0.05710,0.03143,0.00931,0.99900,0.00894,0.02605,-0.03534,0.00432,-0.00032,0.00167,
1540823081896161536,-0.05715,0.03135,0.00926,0.99899,0.00867,0.02605,-0.03562,0.00393,0.00211,0.00394,
1540823081995739136,-0.05718,0.03132,0.00921,0.99898,0.00857,0.02586,-0.03609,0.00455,-0.00470,0.00079,
1540823082095160320,-0.05719,0.03140,0.00918,0.99898,0.00896,0.02599,-0.03586,0.00232,-0.00877,-0.00042,
1540823082194816000,-0.05725,0.03134,0.00913,0.99899,0.00902,0.02598,-0.03559,-0.00118,-0.00194,-0.00800,
1540823082294198016,-0.05727,0.03123,0.00913,0.99899,0.00884,0.02606,-0.03562,0.00219,-0.00380,0.00250,
1540823082393788160,-0.05728,0.03114,0.00917,0.99900,0.00883,0.02600,-0.03539,0.00656,-0.00370,0.00103,
1540823082493241344,-0.05729,0.03111,0.00922,0.99899,0.00843,0.02635,-0.03553,-0.00077,0.00257,0.01486,
1540823082592759040,-0.05728,0.03106,0.00924,0.99899,0.00838,0.02649,-0.03531,0.00704,-0.00443,-0.00370,
1540823082692275968,-0.05729,0.03105,0.00925,0.99899,0.00836,0.02604,-0.03558,0.00278,-0.00249,0.00312,
1540823082791874048,-0.05728,0.03105,0.00923,0.99901,0.00841,0.02556,-0.03544,0.00444,-0.00141,-0.00660,
1540823082891311360,-0.05721,0.03132,0.00910,0.99899,0.00962,0.02550,-0.03583,0.00660,-0.00117,-0.00789,
1540823082990831104,-0.05710,0.03129,0.00887,0.99898,0.01092,0.02531,-0.03571,0.00824,-0.00659,-0.00100,
1540823083090352384,-0.05700,0.03103,0.00886,0.99901,0.01145,0.02493,-0.03513,0.01618,-0.00920,0.01599,
1540823083189943040,-0.05689,0.03102,0.00912,0.99901,0.01055,0.02402,-0.03584,-0.00418,0.00219,0.01302,
1540823083289389312,-0.05635,0.03148,0.00963,0.99896,0.01122,0.02381,-0.03731,0.02598,-0.01421,-0.01533,
1540823083388908800,-0.05496,0.03117,0.00994,0.99913,0.00561,0.02177,-0.03515,0.01581,-0.01283,0.02656,
1540823083488426496,-0.05066,0.02945,0.01367,0.99930,0.00033,0.02227,-0.03013,0.04761,-0.01559,0.07389,
1540823083587986432,-0.04860,0.02619,0.02314,0.99942,-0.00303,0.02216,-0.02577,0.06897,-0.03978,0.12567,
1540823083687464192,-0.04248,0.02391,0.03687,0.99954,-0.00474,0.02138,-0.02105,0.07635,-0.02280,0.15450,
1540823083786983168,-0.03651,0.02352,0.05477,0.99955,-0.00593,0.02408,-0.01703,0.07821,0.00128,0.21232,
1540823083886573056,-0.03008,0.02485,0.08008,0.99946,-0.00640,0.02900,-0.01381,0.09687,0.01604,0.27504,
1540823083986113280,-0.02241,0.02579,0.11250,0.99943,-0.00619,0.03152,-0.01008,0.12377,0.01347,0.33249,
1540823084085539072,-0.01512,0.02857,0.15009,0.99939,-0.00751,0.03353,-0.00640,0.12994,0.01776,0.36117,
1540823084185189376,-0.00372,0.03366,0.19322,0.99943,-0.00858,0.03254,-0.00093,0.18821,0.04155,0.40281,
1540823084284581120,0.00365,0.03929,0.23791,0.99931,-0.00989,0.03084,0.01803,0.17067,0.07323,0.43323,
1540823084417311232,0.01844,0.05410,0.30191,0.99771,-0.00844,0.03725,0.05584,0.17766,0.11887,0.50358,
1540823084516834304,0.03048,0.07001,0.35561,0.99478,-0.00551,0.05310,0.08696,0.18780,0.15036,0.55879,
1540823084616308224,0.04511,0.08752,0.42154,0.99076,-0.00499,0.06561,0.11860,0.25339,0.16250,0.68619,
1540823084715867392,0.06690,0.10470,0.49585,0.98602,-0.00335,0.07061,0.15086,0.32647,0.17504,0.75618,
1540823084815387136,0.10024,0.12575,0.57813,0.97942,0.00428,0.08470,0.18314,0.39240,0.20459,0.84803,
1540823084914905344,0.14445,0.14968,0.66929,0.97040,0.01922,0.10929,0.21451,0.55666,0.20828,0.92435,
1540823085014423040,0.20797,0.17268,0.76777,0.96144,0.02628,0.12584,0.24312,0.77695,0.19071,0.96345,
1540823085113993216,0.29177,0.19678,0.87116,0.95165,0.03121,0.14506,0.26898,1.00021,0.20041,0.99985,
1540823085213516288,0.40253,0.22265,0.98019,0.94257,0.03107,0.16168,0.29063,1.28278,0.21759,1.07393,
1540823085312942336,0.54050,0.25324,1.09401,0.93377,0.02847,0.17083,0.31317,1.54191,0.28045,1.09237,
1540823085445636096,0.77064,0.30091,1.24132,0.91860,0.02291,0.18491,0.34852,1.96284,0.36486,1.06455,
1540823085578417408,1.05631,0.36833,1.37877,0.90383,-0.00320,0.17741,0.38938,2.35153,0.51943,0.98383,
1540823085677846784,1.29695,0.43184,1.47639,0.88915,-0.02602,0.16723,0.42516,2.53505,0.67052,0.92221,
1540823085810610432,1.64602,0.54058,1.59351,0.86584,-0.05323,0.15733,0.47194,2.72415,0.94482,0.81144,
1540823085943229440,2.01155,0.68706,1.69751,0.83835,-0.07625,0.14140,0.52092,2.84198,1.22727,0.70724,
1540823086076000512,2.38616,0.88025,1.77039,0.80610,-0.10531,0.11796,0.57026,2.85491,1.55681,0.44791,
1540823086175485184,2.66537,1.05227,1.79979,0.77668,-0.12004,0.10532,0.60932,2.78008,1.79518,0.28900,
1540823086308169216,3.02529,1.31143,1.81559,0.73032,-0.13949,0.07383,0.66463,2.68065,2.09440,0.04547,
1540823086440965376,3.35310,1.60984,1.80386,0.67417,-0.15810,0.04347,0.72015,2.32195,2.33677,-0.14607,
1540823086540363264,3.56604,1.85491,1.78325,0.63062,-0.16930,0.03590,0.75655,2.04739,2.53576,-0.23302,
1540823086673072128,3.81261,2.20795,1.73998,0.57505,-0.17866,0.02674,0.79792,1.64659,2.76248,-0.37281,
1540823086772553216,3.99332,2.50285,1.69262,0.53777,-0.17963,0.02965,0.82320,1.39292,2.93184,-0.48287,
1540823086872116992,4.15478,2.81936,1.64064,0.50041,-0.18392,0.02538,0.84565,1.16868,3.10798,-0.55318,
1540823086971661056,4.28257,3.15464,1.57685,0.45845,-0.19803,0.00287,0.86637,0.87362,3.27622,-0.67533,
1540823087071201024,4.38584,3.51112,1.50272,0.41395,-0.21044,-0.02048,0.88540,0.50934,3.37745,-0.78330,
1540823087170708224,4.43941,3.87027,1.41954,0.36839,-0.21632,-0.03352,0.90353,0.06724,3.41841,-0.82211,
1540823087270188288,4.45106,4.23903,1.33320,0.32159,-0.21340,-0.04239,0.92154,-0.34832,3.43269,-0.81808,
1540823087369752064,4.41461,4.60556,1.24630,0.27522,-0.20199,-0.05586,0.93826,-0.76158,3.41664,-0.82446,
1540823087469227264,4.33406,4.96218,1.16038,0.23049,-0.18613,-0.07123,0.95245,-1.15049,3.31665,-0.79770,
1540823087568749312,4.22010,5.31888,1.07784,0.18496,-0.16702,-0.08969,0.96429,-1.52636,3.18296,-0.72705,
1540823087668264192,4.05125,5.64133,1.00102,0.13931,-0.14376,-0.11484,0.97300,-1.90078,2.98441,-0.71658,
1540823087767838720,3.85012,5.94182,0.92719,0.09587,-0.12236,-0.14037,0.97782,-2.16600,2.66774,-0.63082,
1540823087867309312,3.62635,6.20950,0.86016,0.06024,-0.10929,-0.15898,0.97936,-2.37467,2.31129,-0.56896,
1540823087966781184,3.38178,6.44085,0.80084,0.03537,-0.09845,-0.17319,0.97932,-2.56727,1.91691,-0.48493,
1540823088066300160,3.11941,6.64033,0.74387,0.01695,-0.09356,-0.18207,0.97868,-2.70706,1.49157,-0.45413,
1540823088165891072,2.84062,6.79706,0.69033,0.00876,-0.09680,-0.17510,0.97974,-2.86264,1.10173,-0.39147,
1540823088265337344,2.54271,6.91985,0.64266,0.01014,-0.09416,-0.14599,0.98474,-3.01864,0.69032,-0.32300,
1540823088364856320,2.22793,6.99914,0.60535,0.01656,-0.09222,-0.09305,0.99124,-3.17419,0.40377,-0.20735,
1540823088497587456,1.78990,7.06480,0.58856,0.03051,-0.08826,-0.02358,0.99535,-3.36996,0.32096,0.04501,
1540823088630241280,1.32338,7.13656,0.60983,0.03619,-0.08336,0.00591,0.99584,-3.53787,0.37596,0.36876,
1540823088729759232,0.96292,7.18933,0.65311,0.03910,-0.08206,0.02154,0.99563,-3.67649,0.46200,0.53309,
1540823088829369344,0.59339,7.25677,0.71535,0.04066,-0.08094,0.02269,0.99563,-3.74978,0.56806,0.68597,
1540823088928797184,0.21486,7.33401,0.78346,0.04209,-0.08062,0.01836,0.99569,-3.83514,0.65184,0.69391,
1540823089028318208,-0.16898,7.41475,0.84976,0.04362,-0.08070,0.01248,0.99571,-3.90207,0.71815,0.66302,
1540823089127875072,-0.56006,7.50373,0.91179,0.04441,-0.08067,0.00270,0.99575,-3.96509,0.79948,0.59498,
1540823089227354368,-0.95381,7.59888,0.96968,0.04393,-0.08085,-0.01526,0.99564,-4.03449,0.79600,0.55424,
1540823089326874368,-1.35567,7.68695,1.02332,0.04409,-0.08160,-0.03121,0.99520,-4.09774,0.74790,0.49438,
1540823089426391040,-1.76464,7.76992,1.06653,0.04500,-0.08818,-0.03894,0.99433,-4.14929,0.66523,0.46469,
1540823089525912064,-2.17678,7.84191,1.11191,0.04692,-0.09159,-0.03877,0.99393,-4.21767,0.61217,0.42582,
1540823089625470208,-2.59684,7.90455,1.14706,0.04835,-0.09528,-0.03836,0.99354,-4.26012,0.55734,0.29982,
1540823089725056768,-3.02410,7.96081,1.16729,0.05034,-0.11159,-0.03644,0.99181,-4.35969,0.47517,0.22646,
1540823089824583168,-3.46387,8.00833,1.18731,0.05218,-0.10800,-0.03121,0.99229,-4.48482,0.40074,0.24043,
1540823089924143360,-3.91225,8.05259,1.20591,0.06036,-0.10612,-0.02143,0.99229,-4.58454,0.39212,0.22299,
1540823090056794368,-4.52941,8.11023,1.23687,0.08477,-0.10195,-0.00926,0.99113,-4.74512,0.36001,0.27354,
1540823090189587456,-5.15975,8.16706,1.27162,0.11833,-0.09747,0.01304,0.98809,-4.83887,0.43025,0.30939,
1540823090322274560,-5.80120,8.24321,1.30688,0.16597,-0.09302,0.04171,0.98085,-4.90461,0.54426,0.29634,
1540823090521263616,-6.77176,8.39872,1.35306,0.24103,-0.10068,0.09436,0.96066,-4.92261,0.96981,0.19903,
1540823090653909760,-7.41651,8.55993,1.36741,0.29510,-0.10205,0.09530,0.94521,-4.90835,1.28785,0.13535,
1540823090786601472,-8.05843,8.76560,1.37554,0.35553,-0.10490,0.10309,0.92302,-4.88011,1.61552,0.08092,
1540823090886120192,-8.52891,8.95648,1.37485,0.40725,-0.10453,0.10206,0.90156,-4.83778,1.91965,0.01846,
1540823090985642496,-8.98362,9.17640,1.37057,0.46293,-0.10125,0.10621,0.87417,-4.79625,2.12642,-0.02716,
1540823091118340096,-9.59936,9.49662,1.35518,0.53680,-0.09343,0.13366,0.82780,-4.65908,2.48260,-0.05302,
1540823091251027968,-10.17221,9.86906,1.33486,0.60807,-0.07421,0.16037,0.77397,-4.35887,2.91209,-0.04521,
1540823091350542592,-10.58173,10.18560,1.31624,0.65855,-0.05541,0.18105,0.72832,-4.06919,3.22438,-0.02388,
1540823091450066176,-10.96093,10.52976,1.30501,0.70609,-0.03319,0.20459,0.67711,-3.68054,3.52807,0.03256,
1540823091549685760,-11.30446,10.90241,1.29994,0.75028,-0.00581,0.22853,0.62033,-3.20344,3.78785,0.06657,
1540823091649101824,-11.63380,11.29760,1.29990,0.79193,0.01749,0.24373,0.55959,-2.65608,4.00447,0.11145,
1540823091748618496,-11.88133,11.70629,1.30272,0.83031,0.03319,0.24394,0.49998,-2.06291,4.11599,0.11667,
1540823091881404416,-12.10978,12.26760,1.30910,0.87692,0.04060,0.22278,0.42395,-1.21241,4.17092,0.17553,
1540823092014076160,-12.22998,12.82652,1.32573,0.91651,0.05473,0.20381,0.33980,-0.49281,4.10509,0.26934,
1540823092146764288,-12.24554,13.35972,1.35465,0.94861,0.07395,0.18624,0.24493,0.15966,3.87902,0.33130,
1540823092279513344,-12.18223,13.85156,1.39319,0.97011,0.08853,0.17540,0.14245,0.67353,3.53358,0.33511,
1540823092378944512,-12.09262,14.18855,1.42042,0.97764,0.09573,0.17352,0.07029,1.04076,3.25034,0.39892,
1540823092478507264,-11.95729,14.48434,1.45379,0.97942,0.09831,0.17611,0.00806,1.40001,2.90407,0.47815,
1540823092577983488,-11.78593,14.75051,1.49614,0.97714,0.10141,0.18083,-0.04712,1.77494,2.52915,0.59983,
1540823092677462272,-11.57772,14.97679,1.55126,0.97309,0.10035,0.18226,-0.09908,2.13512,2.16521,0.73249,
1540823092777029376,-11.33476,15.16001,1.61670,0.96557,0.10670,0.18303,-0.15095,2.48220,1.76529,0.84263,
1540823092876501248,-11.05930,15.30653,1.68596,0.95570,0.11808,0.17786,-0.20262,2.79090,1.32752,0.92182,
1540823092976061952,-10.76231,15.40670,1.76288,0.94281,0.12901,0.17094,-0.25543,3.02816,0.87478,0.92530,
1540823093075666176,-10.44879,15.46010,1.84490,0.92709,0.14169,0.15969,-0.30810,3.21593,0.42919,0.92604,
1540823093175056384,-10.12717,15.47320,1.92501,0.90947,0.15620,0.14665,-0.35632,3.28996,0.00619,0.84818,
1540823093274575360,-9.80260,15.44374,1.99698,0.88984,0.16818,0.13548,-0.40192,3.31545,-0.42617,0.73399,
1540823093374094592,-9.48083,15.37235,2.05863,0.86772,0.17893,0.12562,-0.44640,3.27863,-0.85645,0.60545,
1540823093473682432,-9.16739,15.25775,2.11067,0.84396,0.19062,0.11304,-0.48849,3.18987,-1.29122,0.49254,
1540823093573141248,-8.86799,15.10000,2.15570,0.81948,0.20265,0.09390,-0.52779,3.03698,-1.71838,0.42087,
1540823093672651264,-8.59329,14.89750,2.19054,0.79293,0.21835,0.07245,-0.56421,2.81276,-2.12479,0.30200,
1540823093772214528,-8.34102,14.65726,2.21187,0.76657,0.23506,0.05085,-0.59542,2.52721,-2.52617,0.16911,
1540823093871738368,-8.11319,14.38305,2.21928,0.74858,0.23727,0.03713,-0.61802,2.19056,-2.87925,-0.01556,
1540823093971299328,-7.91100,14.08275,2.21086,0.73853,0.22737,0.03944,-0.63349,1.88988,-3.15069,-0.18297,
1540823094070773504,-7.73426,13.75556,2.18668,0.72891,0.22466,0.04422,-0.64519,1.62530,-3.44032,-0.29883,
1540823094170296832,-7.58417,13.39754,2.15164,0.72074,0.21966,0.04574,-0.65589,1.35610,-3.73561,-0.39927,
1540823094269892096,-7.46491,13.01068,2.10286,0.71640,0.21655,0.04588,-0.66164,1.08464,-4.01793,-0.51941,
1540823094369334272,-7.37267,12.59639,2.04487,0.71910,0.20408,0.05442,-0.66203,0.78728,-4.31343,-0.61521,
1540823094468943360,-7.30123,12.15188,1.98249,0.72666,0.18619,0.06589,-0.65799,0.61230,-4.58796,-0.58992,
1540823094568463616,-7.24711,11.68150,1.92317,0.74468,0.16781,0.07714,-0.64136,0.44686,-4.84930,-0.58952,
1540823094667980544,-7.20422,11.18079,1.87044,0.76725,0.14073,0.09151,-0.61899,0.35236,-5.13611,-0.53011,
1540823094767500544,-7.16389,10.65397,1.82374,0.78794,0.11975,0.10320,-0.59511,0.36470,-5.37432,-0.45947,
1540823094900191232,-7.11205,9.91683,1.77222,0.81104,0.10124,0.11060,-0.56545,0.36921,-5.69538,-0.34086,
1540823094999670272,-7.06095,9.33535,1.74641,0.82739,0.07944,0.11486,-0.54399,0.48026,-5.87357,-0.19430,
1540823095132363264,-6.98163,8.54440,1.73109,0.84745,0.06461,0.12155,-0.51271,0.63010,-6.01624,-0.09366,
1540823095231923456,-6.90473,7.93486,1.72503,0.86437,0.04627,0.12535,-0.48478,0.78364,-6.13974,-0.08141,
1540823095331401472,-6.80732,7.31725,1.72028,0.88348,0.02253,0.12710,-0.45034,0.96900,-6.18278,-0.10772,
1540823095431009280,-6.68910,6.69770,1.71341,0.90082,-0.00365,0.13124,-0.41387,1.18155,-6.17937,-0.11976,
1540823095563750912,-6.49756,5.88047,1.70535,0.92066,-0.04760,0.13450,-0.36337,1.49120,-6.05578,-0.10767,
1540823095696388096,-6.25368,5.09274,1.69625,0.93349,-0.09847,0.13872,-0.31568,1.88945,-5.82197,-0.14986,
1540823095828996352,-5.93803,4.36208,1.68729,0.94157,-0.14977,0.13863,-0.26796,2.34620,-5.40564,-0.22749,
1540823095961689600,-5.57605,3.68693,1.65733,0.94604,-0.19160,0.14075,-0.22021,2.78221,-4.83107,-0.35096,
1540823096061206272,-5.28020,3.22014,1.61777,0.95429,-0.18210,0.14434,-0.18799,3.09202,-4.42474,-0.46079,
1540823096193975552,-4.84709,2.64799,1.54742,0.96890,-0.15258,0.13597,-0.13949,3.44082,-3.90629,-0.52624,
1540823096293550336,-4.49921,2.24520,1.49073,0.97674,-0.13817,0.13271,-0.09633,3.65616,-3.62477,-0.52779,
1540823096392977152,-4.13355,1.85972,1.43632,0.98097,-0.13655,0.12836,-0.05077,3.81860,-3.32607,-0.49204,
1540823096492457216,-3.73701,1.52848,1.38405,0.98169,-0.14597,0.12225,-0.00593,4.00786,-3.03102,-0.49697,
1540823096592021248,-3.32565,1.22130,1.33327,0.97902,-0.16417,0.11432,0.03869,4.16125,-2.65476,-0.52539,
1540823096691521792,-2.90302,0.96051,1.27744,0.97703,-0.16029,0.11417,0.08179,4.26035,-2.23144,-0.54845,
1540823096791014656,-2.47182,0.74932,1.22250,0.97393,-0.15390,0.10930,0.12580,4.36667,-1.83906,-0.49606,
1540823096890538240,-2.03060,0.56889,1.17562,0.96868,-0.14964,0.10037,0.17085,4.42442,-1.48417,-0.47339,
1540823096990096384,-1.58399,0.42735,1.13449,0.95804,-0.15960,0.09391,0.21878,4.46741,-1.12507,-0.40188,
1540823097122787584,-0.98539,0.29791,1.08738,0.93692,-0.18384,0.08471,0.28498,4.42925,-0.58703,-0.32303,
1540823097222263808,-0.54315,0.25383,1.05686,0.91879,-0.19439,0.07917,0.33432,4.36589,-0.13627,-0.31452,
1540823097321856512,-0.10730,0.25412,1.03099,0.89895,-0.20173,0.06510,0.38336,4.22723,0.32401,-0.23715,
1540823097421339392,0.31599,0.29670,1.01035,0.87703,-0.20370,0.05328,0.43184,4.06191,0.78002,-0.17102,
1540823097520946432,0.72788,0.37752,0.99446,0.85345,-0.19963,0.04618,0.47921,3.87003,1.17272,-0.09826,
1540823097653558272,1.24982,0.54151,0.98127,0.81451,-0.21044,0.03199,0.53969,3.61057,1.63626,-0.05359,
1540823097753029632,1.61544,0.70628,0.97203,0.77910,-0.22052,0.01793,0.58656,3.32417,1.97741,-0.09180,
1540823097852589824,1.95334,0.90469,0.95824,0.73835,-0.23061,0.00524,0.63375,2.99888,2.29970,-0.11484,
1540823097985312256,2.35888,1.21223,0.92972,0.68205,-0.23301,-0.00374,0.69318,2.51514,2.67064,-0.19193,
1540823098117933568,2.68517,1.57638,0.90335,0.62979,-0.22035,0.00179,0.74485,2.03107,3.01029,-0.20098,
1540823098250624512,2.93015,1.98973,0.88092,0.57537,-0.21500,-0.00351,0.78912,1.52831,3.28092,-0.19292,
1540823098383356672,3.10064,2.43188,0.86655,0.51695,-0.20892,-0.00896,0.83008,0.98043,3.47925,-0.14024,
1540823098516087552,3.20037,2.89756,0.86099,0.45150,-0.20355,-0.02582,0.86836,0.42397,3.62565,-0.11333,
1540823098615568384,3.23587,3.26017,0.85980,0.40055,-0.19244,-0.03693,0.89508,0.00184,3.67558,-0.09105,
1540823098715087616,3.22933,3.62859,0.85243,0.34902,-0.18045,-0.04877,0.91828,-0.34822,3.68182,-0.10481,
1540823098814566400,3.17642,3.99037,0.84960,0.29726,-0.17683,-0.06652,0.93592,-0.69956,3.61852,-0.10476,
1540823098914133504,3.08923,4.34460,0.84591,0.24576,-0.17738,-0.08564,0.94911,-1.05798,3.51621,-0.09873,
1540823099013679360,2.96336,4.68016,0.84381,0.19610,-0.17842,-0.10408,0.95858,-1.42205,3.32298,-0.08277,
1540823099146302720,2.74421,5.09633,0.83790,0.13049,-0.17883,-0.12844,0.96669,-1.89402,2.96818,-0.08716,
1540823099245889536,2.53839,5.37464,0.83138,0.08267,-0.17886,-0.14109,0.97019,-2.25506,2.66777,-0.09014,
1540823099345416192,2.29939,5.61955,0.82323,0.04065,-0.18021,-0.15093,0.97113,-2.56626,2.33209,-0.10855,
1540823099444852480,2.02827,5.82753,0.81446,0.00821,-0.18459,-0.15602,0.97032,-2.89580,1.96352,-0.10303,
1540823099544371456,1.72346,5.99796,0.80300,-0.01051,-0.18505,-0.15098,0.97100,-3.24007,1.66145,-0.15533,
1540823099643889664,1.38529,6.13686,0.78765,-0.01364,-0.18166,-0.13281,0.97426,-3.56952,1.28751,-0.13966,
1540823099743450368,1.01637,6.24815,0.77824,-0.00926,-0.17359,-0.10575,0.97908,-3.87234,1.03837,-0.13210,
1540823099842928384,0.61898,6.33774,0.76876,-0.00208,-0.16355,-0.07662,0.98355,-4.12185,0.83229,-0.05132,
1540823099942447360,0.20012,6.40150,0.76686,0.00753,-0.15468,-0.04927,0.98671,-4.36244,0.69908,-0.00698,
1540823100042006528,-0.24228,6.45877,0.77294,0.01991,-0.14564,-0.02090,0.98892,-4.59353,0.60877,0.07980,
1540823100141486848,-0.70623,6.51621,0.78638,0.03252,-0.13735,0.00859,0.98995,-4.77911,0.61289,0.18990,
1540823100241095424,-1.18991,6.57516,0.81204,0.04135,-0.12841,0.03336,0.99030,-4.93221,0.66886,0.32862,
1540823100340523520,-1.68606,6.64437,0.84921,0.04515,-0.12412,0.04800,0.99008,-5.06811,0.77075,0.42920,
1540823100440043776,-2.19714,6.72574,0.89665,0.04726,-0.12321,0.05684,0.98962,-5.21192,0.92205,0.50578,
1540823100539562752,-2.72204,6.82121,0.94676,0.04837,-0.12212,0.05390,0.98987,-5.34255,1.05415,0.50834,
1540823100639080704,-3.25901,6.93417,0.99462,0.05042,-0.12337,0.04965,0.98983,-5.44900,1.18665,0.44938,
1540823100738661888,-3.80575,7.06431,1.03391,0.05512,-0.12367,0.04181,0.98991,-5.53837,1.31926,0.38152,
1540823100838181120,-4.35889,7.20408,1.06948,0.06481,-0.12260,0.02927,0.98991,-5.61346,1.38831,0.34770,
1540823100937811712,-4.92048,7.35207,1.09858,0.07502,-0.12348,0.01070,0.98945,-5.71860,1.43483,0.28057,
1540823101037324544,-5.49078,7.50413,1.11839,0.08823,-0.12275,-0.00642,0.98849,-5.79689,1.45193,0.15793,
1540823101136949504,-6.07113,7.65359,1.12528,0.10668,-0.12483,-0.01050,0.98637,-5.89474,1.44309,0.01301,
1540823101236491008,-6.65418,7.80967,1.11531,0.13181,-0.12450,-0.00694,0.98340,-5.96694,1.48148,-0.15583,
1540823101369068544,-7.45108,8.01325,1.07859,0.17968,-0.11725,0.01071,0.97665,-6.07189,1.56435,-0.34973,
1540823101468587264,-8.05392,8.17733,1.03902,0.22341,-0.11040,0.03287,0.96789,-6.12846,1.65927,-0.42948,
1540823101601276672,-8.86426,8.41197,0.98169,0.28473,-0.09434,0.06929,0.95143,-6.13966,1.84749,-0.40259,
1540823101700911872,-9.46868,8.60881,0.94356,0.33371,-0.08046,0.09668,0.93425,-6.07217,2.08073,-0.37495,
1540823101800359680,-10.06099,8.83697,0.91506,0.38352,-0.06431,0.12194,0.91318,-5.95214,2.36470,-0.28740,
1540823101933047808,-10.82471,9.18653,0.89009,0.45068,-0.03878,0.14443,0.88007,-5.67232,2.78664,-0.12765,
1540823102032526848,-11.36584,9.48987,0.88749,0.50175,-0.01948,0.16276,0.84934,-5.38026,3.12160,0.00043,
1540823102165217792,-12.03378,9.94339,0.90555,0.57016,0.01014,0.17692,0.80219,-4.83489,3.51623,0.15400,
1540823102297986048,-12.61665,10.44393,0.94101,0.63684,0.03922,0.18867,0.74652,-4.16624,3.81881,0.29683,
1540823102397430016,-12.97899,10.84950,0.99147,0.68295,0.05935,0.19684,0.70093,-3.61321,3.99270,0.40897,
1540823102530249472,-13.38751,11.39717,1.05996,0.74016,0.08232,0.21516,0.63173,-2.80539,4.10415,0.50674,
1540823102629682432,-13.59815,11.80995,1.12010,0.77893,0.09805,0.23171,0.57442,-2.09048,4.16354,0.59627,
1540823102729287680,-13.70909,12.23467,1.17789,0.81525,0.11221,0.24102,0.51447,-1.33340,4.15999,0.62668,
1540823102828718592,-13.79350,12.65038,1.23874,0.85110,0.11858,0.24199,0.45057,-0.59919,4.06268,0.64524,
1540823102961376000,-13.79273,13.17276,1.32136,0.89197,0.11294,0.23979,0.36626,0.28358,3.82143,0.66531,
1540823103094102016,-13.69828,13.66812,1.41123,0.91973,0.09660,0.24470,0.29135,1.09508,3.59688,0.69790,
1540823103226753792,-13.49664,14.12965,1.50278,0.93631,0.09123,0.25216,0.22673,1.85666,3.35962,0.72757,
1540823103359517696,-13.19446,14.55696,1.59298,0.94632,0.09755,0.26199,0.16227,2.58444,3.10110,0.68075,
1540823103492139776,-12.80110,14.94676,1.67128,0.95185,0.10372,0.27128,0.09816,3.27879,2.76481,0.57751,
1540823103691178752,-12.04337,15.43453,1.76966,0.95289,0.13666,0.27077,0.00146,4.25841,2.19674,0.36409,
1540823103857045504,-11.27923,15.73060,1.79819,0.95015,0.18969,0.22931,-0.09307,4.84594,1.49930,-0.00302,
1540823103956550400,-10.78383,15.84679,1.78484,0.94232,0.22044,0.19650,-0.15755,5.05541,0.98999,-0.21090,
1540823104056103424,-10.27827,15.90651,1.75253,0.92852,0.24856,0.16109,-0.22388,5.14658,0.40015,-0.36915,
1540823104188693504,-9.60361,15.88516,1.68960,0.89950,0.28434,0.11309,-0.31187,5.04898,-0.49949,-0.55074,
1540823104288211712,-9.11498,15.79587,1.63043,0.87265,0.30377,0.08077,-0.37374,4.84353,-1.19638,-0.63668,
1540823104387731456,-8.65191,15.64001,1.56057,0.84721,0.30577,0.05307,-0.43118,4.50113,-1.83240,-0.73651,
1540823104487250688,-8.22418,15.42719,1.48891,0.82046,0.30287,0.03673,-0.48349,4.11964,-2.43115,-0.75571,
1540823104586785536,-7.83910,15.15442,1.41584,0.79190,0.30055,0.01858,-0.53123,3.64450,-2.99579,-0.77301,
1540823104686288640,-7.50819,14.82539,1.34280,0.76427,0.29511,0.00716,-0.57336,3.11277,-3.49022,-0.77646,
1540823104785847552,-7.22469,14.45268,1.26996,0.74546,0.28564,0.00869,-0.60218,2.62503,-3.91910,-0.76429,
1540823104885325312,-6.99111,14.03912,1.19772,0.74309,0.27296,0.01622,-0.61077,2.09175,-4.34901,-0.72039,
1540823104984844544,-6.80894,13.57958,1.13186,0.75156,0.24119,0.03518,-0.61298,1.61145,-4.79702,-0.59391,
1540823105084363776,-6.66572,13.07891,1.08409,0.76195,0.20380,0.05966,-0.61183,1.27941,-5.19386,-0.37830,
1540823105217113856,-6.50354,12.35346,1.05875,0.77558,0.17305,0.08158,-0.60157,1.03580,-5.67765,-0.01501,
1540823105316687616,-6.39610,11.76541,1.06992,0.78764,0.14818,0.10057,-0.58953,0.92837,-6.00920,0.25287,
1540823105416207616,-6.30079,11.14786,1.10911,0.80028,0.12562,0.11900,-0.57412,0.92479,-6.32436,0.53625,
1540823105515804416,-6.20486,10.50423,1.17722,0.81480,0.10399,0.13393,-0.55439,0.98749,-6.56057,0.75687,
1540823105615245568,-6.09900,9.83850,1.26077,0.82964,0.08004,0.14910,-0.53204,1.12588,-6.75954,0.93667,
1540823105714763520,-5.97288,9.15557,1.35818,0.84549,0.05551,0.16689,-0.50419,1.30781,-6.90635,1.00751,
1540823105814329600,-5.82401,8.46114,1.45546,0.86370,0.03742,0.18027,-0.46917,1.56214,-6.96887,0.96201,
1540823105913935616,-5.64977,7.76304,1.54583,0.88430,0.02616,0.18890,-0.42621,1.80686,-7.00593,0.83802,
1540823106013321728,-5.44571,7.06770,1.62796,0.90517,0.00735,0.19977,-0.37510,2.07525,-7.02389,0.71022,
1540823106112840704,-5.22085,6.37418,1.69405,0.92476,-0.01728,0.21294,-0.31493,2.35290,-6.94463,0.54464,
1540823106212429568,-4.97098,5.68864,1.74140,0.94096,-0.04176,0.22558,-0.24891,2.65508,-6.84508,0.35695,
1540823106311881472,-4.69425,5.01228,1.76773,0.95177,-0.08066,0.23717,-0.17712,2.94190,-6.70113,0.19629,
1540823106411437824,-4.38276,4.35706,1.77932,0.95580,-0.12651,0.24419,-0.10395,3.35333,-6.38018,0.03714,
1540823106510918400,-4.03353,3.73835,1.77008,0.95599,-0.15341,0.24784,-0.03339,3.70783,-5.98565,-0.16487,
1540823106610434560,-3.64530,3.16175,1.74408,0.95236,-0.17554,0.24625,0.03947,4.07597,-5.54281,-0.31815,
1540823106709994752,-3.22562,2.62379,1.70028,0.94327,-0.19664,0.24237,0.11328,4.43148,-4.99675,-0.48386,
1540823106809515008,-2.76608,2.15717,1.64415,0.93372,-0.19963,0.23064,0.18740,4.74110,-4.32418,-0.55806,
1540823106909032704,-2.28172,1.74971,1.58376,0.91755,-0.20180,0.21528,0.26650,4.96092,-3.71339,-0.59661,
1540823107008558848,-1.77801,1.40859,1.52403,0.89003,-0.22186,0.18892,0.35062,5.12149,-3.02535,-0.59652,
1540823107141281536,-1.10162,1.06824,1.44135,0.83933,-0.24614,0.15718,0.45851,5.04281,-2.05133,-0.59243,
1540823107240792832,-0.60836,0.89594,1.38233,0.79664,-0.25209,0.13860,0.53161,4.82102,-1.35063,-0.54004,
1540823107340318720,-0.13909,0.79451,1.32788,0.75379,-0.24882,0.12906,0.59433,4.56951,-0.68800,-0.51314,
1540823107439837696,0.30423,0.75442,1.27660,0.71586,-0.23362,0.12854,0.64533,4.29420,-0.06758,-0.46420,
1540823107572525824,0.86304,0.78761,1.21950,0.66270,-0.22242,0.11576,0.70566,3.96169,0.68213,-0.36352,
1540823107705258240,1.37627,0.91170,1.17585,0.60572,-0.23035,0.10030,0.75497,3.56108,1.34571,-0.25630,
1540823107837916160,1.82937,1.12173,1.14701,0.55111,-0.24333,0.07524,0.79461,3.02219,1.94818,-0.13214,
1540823107937468416,2.12091,1.32958,1.13886,0.52086,-0.24030,0.06961,0.81616,2.53698,2.37118,-0.00714,
1540823108070048512,2.42156,1.67693,1.15000,0.48562,-0.23165,0.07260,0.83979,1.92159,2.88708,0.19479,
1540823108235915776,2.67308,2.20329,1.20266,0.41892,-0.23088,0.05962,0.87616,1.17934,3.43641,0.39647,
1540823108468217600,2.81256,3.05458,1.31257,0.28265,-0.24553,0.00039,0.92727,0.08031,3.83766,0.46064,
1540823108600817920,2.76485,3.56302,1.37918,0.21320,-0.25840,-0.03529,0.94156,-0.63694,3.88676,0.45654,
1540823108700382720,2.65946,3.93772,1.42882,0.17134,-0.26598,-0.06392,0.94647,-1.21264,3.81056,0.45525,
1540823108799852544,2.50245,4.30093,1.47698,0.13778,-0.27106,-0.08785,0.94859,-1.80435,3.62256,0.44358,
1540823108899371776,2.28584,4.64306,1.52281,0.11089,-0.27408,-0.10537,0.94946,-2.38803,3.38789,0.42090,
1540823108998891776,2.01706,4.96372,1.56277,0.08592,-0.27554,-0.11377,0.95066,-2.95657,3.10992,0.38283,
1540823109131622656,1.57288,5.34532,1.61215,0.04390,-0.27445,-0.12957,0.95182,-3.66868,2.74784,0.32881,
1540823109231188480,1.17867,5.59608,1.64047,0.02130,-0.27548,-0.13987,0.95084,-4.20319,2.37887,0.25596,
1540823109363833600,0.57704,5.88074,1.66885,0.00510,-0.27605,-0.12745,0.95264,-4.84938,1.96121,0.14563,
1540823109463352832,0.07126,6.05530,1.68146,-0.00534,-0.27526,-0.11883,0.95398,-5.30811,1.68126,0.06595,
1540823109562833664,-0.47925,6.20403,1.68780,-0.01240,-0.27110,-0.11170,0.95597,-5.74051,1.41230,-0.04530,
1540823109695604480,-1.27777,6.35732,1.67888,-0.00997,-0.26919,-0.09036,0.95879,-6.28980,1.07763,-0.20070,
1540823109795046656,-1.92224,6.45401,1.65641,-0.00293,-0.26519,-0.06619,0.96192,-6.66859,0.93347,-0.34209,
1540823109894602496,-2.60374,6.53999,1.61693,0.00365,-0.25675,-0.04446,0.96545,-7.02088,0.84439,-0.49941,
1540823109994137088,-3.32024,6.61834,1.56238,0.01728,-0.24208,-0.02654,0.96974,-7.35627,0.80468,-0.58566,
1540823110093655040,-4.07000,6.69395,1.50597,0.04256,-0.22676,0.00326,0.97302,-7.65263,0.77435,-0.61044,
1540823110193232384,-4.84503,6.77073,1.44606,0.08079,-0.21185,0.03920,0.97317,-7.88794,0.85749,-0.68130,
1540823110292756224,-5.64168,6.86260,1.37880,0.12869,-0.19535,0.07751,0.96916,-8.06830,1.03964,-0.75283,
1540823110392310272,-6.45638,6.98012,1.30864,0.18445,-0.17548,0.11880,0.95972,-8.19339,1.28531,-0.77737,
1540823110491829760,-7.27798,7.12498,1.23897,0.24296,-0.15132,0.16393,0.94403,-8.21285,1.64004,-0.74803,
1540823110591308288,-8.09825,7.31411,1.17419,0.30775,-0.12321,0.21017,0.91975,-8.17263,2.14338,-0.66868,
1540823110690927872,-8.90764,7.55955,1.11759,0.37815,-0.08956,0.25417,0.88566,-7.94463,2.72961,-0.62687,
1540823110790528512,-9.68627,7.86713,1.06440,0.44764,-0.05207,0.29226,0.84350,-7.55784,3.39385,-0.55973,
1540823110956403712,-10.85980,8.52428,0.98608,0.56041,0.01882,0.33613,0.75670,-6.44293,4.45233,-0.47521,
1540823111055840000,-11.45904,9.00100,0.95202,0.62058,0.06499,0.34966,0.69885,-5.49865,4.98794,-0.38801,
1540823111155486720,-11.95879,9.52630,0.92581,0.67602,0.10730,0.35825,0.63493,-4.43336,5.37779,-0.33243,
1540823111254985216,-12.34734,10.07784,0.90100,0.72816,0.14416,0.35962,0.56540,-3.26516,5.57596,-0.31484,
1540823111354398208,-12.60152,10.64948,0.88289,0.78297,0.17830,0.34084,0.48888,-2.05834,5.58008,-0.31845,
1540823111487182592,-12.76220,11.38146,0.85493,0.85731,0.18211,0.28829,0.38568,-0.65197,5.18689,-0.30108,
1540823111686116096,-12.72208,12.35031,0.84378,0.92483,0.14380,0.25782,0.23989,0.97666,4.38616,-0.01326,
1540823111785553920,-12.59515,12.77858,0.88580,0.94470,0.12285,0.25437,0.16658,1.66860,4.00601,0.21601,
1540823111918278656,-12.33196,13.29127,0.97303,0.96050,0.09574,0.25205,0.06886,2.53159,3.50370,0.53162,
1540823112050855680,-11.95979,13.73880,1.06652,0.96382,0.05904,0.25945,-0.01568,3.21382,3.10319,0.72283,
1540823112183548672,-11.49225,14.14851,1.16676,0.95812,0.04454,0.26783,-0.09101,3.85511,2.82705,0.71412,
1540823112316176896,-10.94194,14.50505,1.24681,0.94418,0.07792,0.26597,-0.17806,4.37987,2.41300,0.53978,
1540823112415694848,-10.48385,14.74243,1.29450,0.92651,0.10913,0.26141,-0.24766,4.76012,2.03920,0.45511,
1540823112515214080,-9.99267,14.93606,1.33763,0.90434,0.14890,0.24562,-0.31570,5.04468,1.55314,0.41628,
1540823112614679040,-9.47854,15.07050,1.37514,0.87534,0.18694,0.23153,-0.38109,5.21874,0.91687,0.38128,
1540823112714238464,-8.94599,15.14180,1.40828,0.84460,0.21748,0.20875,-0.44246,5.28912,0.22865,0.38018,
1540823112813718016,-8.41181,15.14401,1.44443,0.81091,0.25001,0.18574,-0.49540,5.22175,-0.47303,0.42087,
1540823112913277184,-7.89493,15.06224,1.48519,0.77336,0.28495,0.16135,-0.54285,5.03112,-1.26064,0.48072,
1540823113012830208,-7.40146,14.90676,1.53067,0.73407,0.31570,0.13276,-0.58639,4.66359,-2.01868,0.48396,
1540823113145448192,-6.81793,14.58171,1.58827,0.68203,0.34646,0.10505,-0.63543,3.93825,-2.98686,0.42914,
1540823113311316224,-6.21615,14.00331,1.64700,0.63377,0.35556,0.10406,-0.67903,3.01806,-4.11516,0.37589,
1540823113410831104,-5.92667,13.56342,1.67849,0.60619,0.36562,0.09749,-0.69953,2.42402,-4.74884,0.34893,
1540823113510432256,-5.69743,13.06088,1.70708,0.59542,0.36195,0.09974,-0.71029,1.81045,-5.34330,0.28393,
1540823113609968896,-5.52613,12.49864,1.72540,0.59974,0.35046,0.11110,-0.71074,1.27491,-5.85230,0.14159,
1540823113742748928,-5.37236,11.67275,1.72589,0.61593,0.32286,0.14220,-0.70440,0.76213,-6.49344,-0.06555,
1540823113842242816,-5.30326,11.00079,1.71094,0.63390,0.30039,0.16769,-0.69269,0.48090,-6.97919,-0.21649,
1540823113941823488,-5.26223,10.28049,1.68074,0.65697,0.27191,0.19235,-0.67635,0.25460,-7.45792,-0.38348,
1540823114041304320,-5.23785,9.51227,1.63667,0.68400,0.23437,0.21807,-0.65548,0.14561,-7.96106,-0.48088,
1540823114140822272,-5.21172,8.69127,1.59616,0.71608,0.18405,0.24288,-0.62798,0.23437,-8.45832,-0.40334,
1540823114240381184,-5.17595,7.82514,1.55894,0.75054,0.12331,0.26680,-0.59187,0.44821,-8.90198,-0.30788,
1540823114339901184,-5.11123,6.92060,1.53293,0.78307,0.05050,0.29535,-0.54499,0.85638,-9.24366,-0.18894,
1540823114439455232,-4.99282,5.98760,1.52005,0.81387,-0.02592,0.31766,-0.48583,1.51648,-9.47246,-0.03403,
1540823114538982144,-4.79673,5.04098,1.52555,0.84352,-0.11444,0.32858,-0.40915,2.39139,-9.45410,0.16005,
1540823114638495488,-4.51678,4.11418,1.54724,0.86439,-0.21582,0.33309,-0.30871,3.38440,-9.11789,0.31306,
1540823114737886976,-4.12770,3.24085,1.57707,0.86927,-0.31029,0.32799,-0.20127,4.43527,-8.37276,0.30578,
1540823114837403904,-3.63731,2.45538,1.59893,0.86664,-0.37965,0.30946,-0.09502,5.40394,-7.26185,0.15053,
1540823114937026560,-3.05820,1.79667,1.59888,0.87191,-0.41063,0.26595,0.02045,6.14257,-5.86282,-0.00063,
1540823115069719552,-2.20879,1.14706,1.58053,0.86043,-0.43329,0.19641,0.18260,6.53439,-3.85833,-0.12931,
1540823115169238784,-1.55665,0.83788,1.54302,0.82504,-0.45191,0.15152,0.30352,6.43633,-2.38375,-0.24965,
1540823115268670976,-0.93769,0.66421,1.50157,0.77174,-0.47098,0.11884,0.41045,6.00305,-1.06270,-0.41432,
1540823115368209152,-0.37122,0.62319,1.44193,0.71337,-0.47400,0.09685,0.50700,5.28520,0.20640,-0.60621,
1540823115467730944,0.12196,0.70330,1.35231,0.66626,-0.45080,0.12757,0.58017,4.50710,1.31158,-0.76471,
1540823115600420864,0.68371,0.97360,1.21912,0.60190,-0.38529,0.17015,0.67846,3.66576,2.92229,-0.71801,
1540823115733178624,1.13073,1.45353,1.11015,0.52101,-0.32863,0.15554,0.77224,2.87246,4.18246,-0.40153,
1540823115865766912,1.44296,2.08010,1.07252,0.40950,-0.31651,0.09688,0.85015,1.94384,5.10167,-0.00916,
1540823115998599168,1.61177,2.80317,1.09067,0.28513,-0.31462,0.00960,0.90533,0.86156,5.58353,0.27425,
1540823116097926656,1.62638,3.36158,1.12845,0.19194,-0.31331,-0.07547,0.92698,-0.06068,5.54907,0.47076,
1540823116197572352,1.57465,3.89904,1.17922,0.12049,-0.30959,-0.14225,0.93242,-0.95629,5.17182,0.63895,
1540823116297049088,1.43829,4.38876,1.24430,0.08647,-0.31466,-0.18021,0.92792,-1.79477,4.65648,0.72649,
1540823116429702912,1.14202,4.96219,1.32273,0.06945,-0.31535,-0.17912,0.92933,-2.77896,3.89203,0.62740,
1540823116529173760,0.83013,5.33475,1.37889,0.05436,-0.30180,-0.17327,0.93592,-3.51235,3.42151,0.66242,
1540823116628704256,0.44351,5.64410,1.44699,0.04734,-0.29185,-0.16865,0.94029,-4.19293,2.91203,0.71889,
1540823116728211712,-0.01019,5.90183,1.51873,0.04577,-0.28187,-0.15422,0.94587,-4.75511,2.48128,0.68115,
1540823116827730688,-0.50874,6.12748,1.57706,0.04441,-0.28277,-0.15141,0.94612,-5.18905,2.20246,0.48204,
1540823116927315712,-1.04986,6.31121,1.61520,0.04128,-0.28443,-0.16427,0.94362,-5.58166,1.86573,0.23739,
1540823117059940352,-1.82705,6.50149,1.63324,0.04668,-0.28111,-0.15517,0.94590,-6.07783,1.32992,-0.06040,
1540823117159499776,-2.45393,6.61020,1.61932,0.06041,-0.27355,-0.10726,0.95395,-6.45728,1.05465,-0.27057,
1540823117358538240,-3.79486,6.79767,1.53007,0.09675,-0.24232,-0.00009,0.96536,-7.05378,1.03258,-0.59098,
1540823117491257088,-4.75262,6.94306,1.44847,0.13575,-0.21348,0.01599,0.96734,-7.39602,1.16843,-0.58490,
1540823117590829568,-5.49955,7.06368,1.39300,0.18624,-0.19216,0.04453,0.96250,-7.62924,1.29734,-0.49339,
1540823117690349824,-6.26761,7.20263,1.35051,0.24787,-0.16438,0.08000,0.95139,-7.74912,1.61460,-0.42666,
1540823117790003712,-7.04452,7.37924,1.31593,0.31843,-0.13838,0.11379,0.93086,-7.76366,1.90203,-0.31628,
1540823117889427200,-7.81179,7.58910,1.29102,0.39229,-0.11507,0.15406,0.89952,-7.67150,2.23508,-0.28517,
1540823117988946688,-8.56421,7.83865,1.26410,0.46794,-0.09309,0.19681,0.85652,-7.45674,2.65812,-0.31922,
1540823118121596928,-9.51732,8.24571,1.22789,0.56141,-0.05797,0.23386,0.79168,-6.95601,3.32503,-0.23949,
1540823118221118976,-10.17076,8.61162,1.21168,0.62511,-0.03215,0.24421,0.74065,-6.35292,3.81373,-0.13081,
1540823118320634880,-10.76246,9.01707,1.20937,0.68455,-0.01211,0.22932,0.69185,-5.72909,4.19745,0.02357,
1540823118453328128,-11.47318,9.59308,1.22071,0.75729,0.00675,0.21130,0.61791,-4.96709,4.46089,0.14119,
1540823118552937216,-11.93044,10.04607,1.23976,0.81120,0.02635,0.21392,0.54360,-4.31810,4.57382,0.19714,
1540823118652383232,-12.30592,10.50066,1.26546,0.86176,0.04400,0.21209,0.45875,-3.66473,4.54033,0.21074,
1540823118785055488,-12.70101,11.09199,1.30549,0.91083,0.07682,0.23047,0.33371,-2.79505,4.40233,0.22137,
1540823118984024320,-13.09332,11.90681,1.36221,0.95113,0.06159,0.23008,0.19651,-1.60112,3.95217,0.18029,
1540823119083605248,-13.18433,12.27650,1.38990,0.96000,0.05429,0.23543,0.14149,-0.97026,3.76051,0.18998,
1540823119183064576,-13.22754,12.62551,1.41217,0.96798,0.05202,0.22883,0.08917,-0.41728,3.52148,0.16300,
1540823119315827456,-13.20859,13.05050,1.43577,0.97530,0.03380,0.21576,0.03307,0.22431,3.22794,0.18424,
1540823119415274496,-13.14596,13.34709,1.45461,0.97729,0.02336,0.21061,-0.00201,0.69789,3.03667,0.20355,
1540823119548041984,-13.00705,13.72912,1.48121,0.98033,0.01427,0.19237,-0.04177,1.27098,2.78656,0.25081,
1540823119647525376,-12.85839,13.99838,1.50628,0.98278,0.00535,0.17065,-0.07068,1.62150,2.62274,0.30500,
1540823119746934528,-12.67834,14.25266,1.53570,0.98385,0.00353,0.14890,-0.09923,1.90915,2.50338,0.32110,
1540823119846472960,-12.47519,14.49732,1.56229,0.98183,0.02578,0.13176,-0.13412,2.11257,2.37272,0.27970,
1540823119945963008,-12.25659,14.72428,1.58468,0.97523,0.06127,0.12141,-0.17447,2.24573,2.15519,0.22864,
1540823120045438976,-12.02565,14.92341,1.59913,0.96754,0.07592,0.11969,-0.20925,2.37995,1.86811,0.07837,
1540823120144957952,-11.78309,15.09515,1.59840,0.95928,0.08109,0.11951,-0.24272,2.48181,1.60486,-0.01607,
1540823120244476160,-11.53340,15.23463,1.58632,0.94976,0.08966,0.11781,-0.27575,2.57543,1.31704,-0.10408,
1540823120343996160,-11.27344,15.34580,1.57180,0.93957,0.10301,0.10993,-0.30744,2.68369,0.99973,-0.11674,
1540823120443513856,-11.00773,15.42101,1.55666,0.92880,0.12463,0.09215,-0.33660,2.71047,0.66234,-0.13254,
1540823120576247040,-10.65702,15.46688,1.53330,0.91661,0.14119,0.08098,-0.36516,2.65281,0.16809,-0.17027,
1540823120675798016,-10.40603,15.45312,1.51436,0.90967,0.13825,0.07949,-0.38349,2.57496,-0.14961,-0.21515,
1540823120775245056,-10.16759,15.40618,1.48898,0.90224,0.13498,0.08187,-0.40131,2.50618,-0.47870,-0.27808,
1540823120874764800,-9.93547,15.32945,1.45653,0.89425,0.13176,0.08342,-0.41951,2.44214,-0.78593,-0.32435,
1540823120974288896,-9.70730,15.22741,1.41824,0.88708,0.12781,0.08352,-0.43562,2.37442,-1.07228,-0.36954,
1540823121073918208,-9.48140,15.10044,1.37556,0.88007,0.12131,0.07852,-0.45232,2.32633,-1.34864,-0.43570,
1540823121173410048,-9.25632,14.95305,1.32665,0.87144,0.11438,0.07316,-0.47133,2.25218,-1.57974,-0.51786,
1540823121272929024,-9.03575,14.78370,1.27039,0.86135,0.10847,0.06949,-0.49140,2.21285,-1.79814,-0.58290,
1540823121405539072,-8.74708,14.52651,1.18567,0.84631,0.09870,0.05967,-0.52005,2.12877,-2.06520,-0.67726,
1540823121538303744,-8.46830,14.23813,1.09015,0.82828,0.09401,0.04854,-0.55024,2.04470,-2.30438,-0.75969,
1540823121637743104,-8.26399,14.00126,1.01411,0.81595,0.08697,0.03575,-0.57042,1.98051,-2.45751,-0.75630,
1540823121737262848,-8.07374,13.75017,0.94008,0.80415,0.08101,0.02063,-0.58852,1.85789,-2.56736,-0.73102,
1540823121836782592,-7.89376,13.48710,0.86383,0.79289,0.08021,0.00361,-0.60406,1.70650,-2.69069,-0.77036,
1540823121936302080,-7.72915,13.21389,0.78826,0.78200,0.07528,-0.00962,-0.61864,1.53558,-2.75727,-0.77263,
1540823122035819264,-7.57903,12.93602,0.71810,0.77347,0.07078,-0.02203,-0.62949,1.38690,-2.78003,-0.68877,
1540823122135411200,-7.44496,12.65580,0.65905,0.76765,0.06702,-0.03275,-0.63652,1.18769,-2.79580,-0.56338,
1540823122234857984,-7.32883,12.37564,0.61262,0.76184,0.06444,-0.04017,-0.64330,0.98943,-2.78808,-0.43083,
1540823122334375424,-7.23230,12.09801,0.57938,0.75708,0.06331,-0.04053,-0.64898,0.78351,-2.75289,-0.27752,
1540823122433893888,-7.15493,11.82333,0.55851,0.75436,0.06231,-0.03858,-0.65235,0.61740,-2.75965,-0.17998,
1540823122533453824,-7.09282,11.55065,0.54762,0.75349,0.06089,-0.03656,-0.65361,0.47616,-2.74428,-0.08487,
1540823122633033216,-7.04259,11.27817,0.54477,0.75345,0.06004,-0.03509,-0.65381,0.31217,-2.72688,-0.00873,
1540823122732511232,-7.00806,11.00631,0.55129,0.75186,0.05862,-0.03393,-0.65583,0.17621,-2.72114,0.09591,
1540823122832070400,-6.98622,10.73501,0.56674,0.74916,0.05683,-0.03363,-0.65909,0.04772,-2.69139,0.20546,
1540823122931546624,-6.97326,10.46751,0.59103,0.74648,0.05484,-0.03357,-0.66229,-0.05267,-2.64227,0.29641,
1540823123031064576,-6.97587,10.20209,0.62055,0.74417,0.05416,-0.03407,-0.66492,-0.16940,-2.62352,0.34415,
1540823123163805952,-7.00203,9.85694,0.67069,0.74749,0.05383,-0.03373,-0.66122,-0.33897,-2.54774,0.40144,
1540823123296499456,-7.05031,9.51473,0.72149,0.75840,0.03458,-0.01646,-0.65066,-0.48705,-2.49596,0.42587,
1540823123462364160,-7.12178,9.09840,0.78596,0.77987,0.01078,0.00760,-0.62581,-0.49578,-2.39469,0.40708,
1540823123595054080,-7.17701,8.77284,0.83292,0.79186,-0.00200,0.01903,-0.61041,-0.47176,-2.36303,0.35864,
1540823123694575104,-7.21362,8.53220,0.85978,0.79738,-0.00142,0.02242,-0.60305,-0.42230,-2.33817,0.30912,
1540823123827304960,-7.25751,8.21907,0.89200,0.79991,-0.00090,0.02698,-0.59952,-0.35195,-2.29099,0.26041,
1540823123959999232,-7.28948,7.90753,0.91781,0.80014,0.00098,0.02770,-0.59918,-0.27124,-2.27952,0.20118,
1540823124059524096,-7.31021,7.67834,0.92841,0.80268,0.00520,0.02707,-0.59577,-0.22538,-2.24358,0.11082,
1540823124158995456,-7.32898,7.45283,0.93169,0.80687,0.01322,0.02169,-0.59018,-0.20709,-2.23919,0.02239,
1540823124258514176,-7.35039,7.22680,0.92575,0.81137,0.01661,0.01860,-0.58400,-0.21663,-2.23839,-0.10283,
1540823124358106112,-7.37734,6.99787,0.90608,0.81495,0.01416,0.01996,-0.57901,-0.23586,-2.25032,-0.27592,
1540823124457594112,-7.40127,6.76733,0.86777,0.81840,0.01329,0.02097,-0.57412,-0.22055,-2.25302,-0.48406,
1540823124557070848,-7.42470,6.53118,0.80676,0.82317,0.01170,0.02182,-0.56725,-0.21520,-2.33741,-0.71501,
1540823124656636160,-7.44668,6.28759,0.73274,0.83102,0.00413,0.02656,-0.55560,-0.15997,-2.35573,-0.87622,
1540823124756200960,-7.46109,6.04655,0.64363,0.84010,0.00306,0.02823,-0.54169,-0.11243,-2.37576,-0.97344,
1540823124855672320,-7.47371,5.80330,0.54787,0.84870,-0.00236,0.02964,-0.52804,-0.05905,-2.37506,-1.03333,
1540823124955153152,-7.47865,5.56037,0.45009,0.85730,-0.00666,0.03058,-0.51387,0.01749,-2.36528,-1.02941,
1540823125054710016,-7.47652,5.32119,0.35167,0.86566,-0.01279,0.03066,-0.49954,0.08580,-2.34066,-1.03437,
1540823125187398912,-7.46017,5.00870,0.21590,0.87382,-0.01369,0.03085,-0.48507,0.19505,-2.28975,-1.04709,
1540823125286877952,-7.43636,4.78373,0.11607,0.87905,-0.01871,0.03191,-0.47529,0.29708,-2.23263,-1.02621,
1540823125386395904,-7.40214,4.56570,0.01988,0.88335,-0.01528,0.03381,-0.46725,0.39236,-2.18433,-0.96897,
1540823125485955840,-7.36012,4.35172,-0.06809,0.88720,-0.01198,0.03435,-0.45996,0.47966,-2.12170,-0.91332,
1540823125618648064,-7.29042,4.07683,-0.18349,0.89098,0.00132,0.04659,-0.45164,0.59359,-2.13634,-0.83297,
1540823125718127360,-7.22189,3.86502,-0.24034,0.89542,0.01108,0.02763,-0.44422,0.80119,-2.24454,-0.05654,
1540823125817647104,-7.15761,3.66523,-0.23400,0.90264,0.00371,0.02916,-0.42939,0.57618,-1.99472,0.07767,
1540823125917116416,-7.08925,3.46568,-0.20727,0.90608,0.00412,0.04551,-0.42063,0.75060,-2.03525,0.35278,
1540823126016634112,-7.01271,3.27003,-0.16716,0.90883,0.01037,0.05261,-0.41370,0.82923,-2.01393,0.39675,
1540823126116228352,-6.92832,3.06790,-0.12361,0.91213,0.00792,0.05919,-0.40552,0.94575,-2.05112,0.45146,
1540823126215673344,-6.82867,2.87159,-0.06708,0.91599,0.00536,0.05449,-0.39746,1.06815,-2.02208,0.53178,
1540823126315194368,-6.71965,2.67612,-0.00712,0.91993,0.00731,0.05426,-0.38824,1.17007,-2.01771,0.53440,
1540823126414712320,-6.60039,2.48094,0.05143,0.92451,0.00546,0.05391,-0.37729,1.22208,-2.04398,0.49038,
1540823126514228224,-6.47455,2.29083,0.10817,0.92880,0.00544,0.05273,-0.36678,1.29953,-2.03702,0.44192,
1540823126613790976,-6.33945,2.10219,0.15800,0.93186,0.01187,0.04857,-0.35936,1.38381,-2.01286,0.39643,
1540823126713270528,-6.18412,1.90172,0.19950,0.93353,0.02846,0.03963,-0.35517,1.43142,-2.04144,0.31287,
1540823126812790016,-6.03632,1.72108,0.23955,0.93354,0.04239,0.03124,-0.35457,1.43515,-2.09601,0.25251,
1540823126912306432,-5.89642,1.52751,0.27859,0.93404,0.04183,0.02871,-0.35355,1.42484,-2.12025,0.16093,
1540823127011825664,-5.75612,1.32727,0.30324,0.93720,0.03978,0.02575,-0.34555,1.42777,-2.14380,0.03466,
1540823127111391232,-5.61019,1.13223,0.31952,0.94160,0.03491,0.02095,-0.33427,1.40986,-2.18612,-0.05637,
1540823127210863360,-5.46651,0.93068,0.33268,0.94656,0.02024,0.01618,-0.32147,1.40520,-2.18851,-0.10745,
1540823127310381312,-5.32798,0.71686,0.32697,0.95175,0.00685,0.01017,-0.30663,1.39238,-2.21911,-0.17250,
1540823127409901056,-5.19255,0.49822,0.31294,0.95663,-0.00870,0.00245,-0.29116,1.38742,-2.20116,-0.18417,
1540823127509419264,-5.05551,0.28312,0.29769,0.96073,-0.02439,-0.00293,-0.27638,1.36454,-2.12373,-0.16889,
1540823127608996096,-4.92034,0.07800,0.28580,0.96449,-0.03766,-0.00838,-0.26127,1.33527,-2.00843,-0.12810,
1540823127708555008,-4.79124,-0.11765,0.27775,0.96780,-0.05034,-0.01470,-0.24618,1.30537,-1.90245,-0.11789,
