296976477468,-0.00116,-0.01133,0.01686,0.99893,0.00224,0.04625,0.00020,0.02513,-0.02271,0.16505,
297076028311,0.00173,-0.01489,0.04034,0.99892,-0.00022,0.04634,-0.00413,0.05322,-0.05608,0.30710,
297175539259,0.00741,-0.01977,0.07791,0.99926,-0.01722,0.03246,-0.01169,0.05500,-0.01280,0.41498,
297341337728,0.00631,-0.01441,0.16495,0.99874,0.00628,0.04588,-0.01949,-0.04073,0.08104,0.62472,
297507277707,-0.00445,-0.00502,0.27908,0.99488,0.03349,0.09528,-0.00214,-0.05747,0.00677,0.71108,
297606721415,-0.00856,-0.01128,0.34813,0.99176,0.02737,0.12515,-0.00232,-0.04105,-0.12782,0.66137,
297706283364,-0.00004,-0.03968,0.41351,0.98893,0.01589,0.14740,0.00604,0.04002,-0.19216,0.65404,
297805847471,0.01969,-0.06563,0.47701,0.98635,0.00432,0.16094,0.03457,0.14286,-0.19097,0.60724,
297905366315,0.06330,-0.08678,0.53307,0.98378,0.00087,0.17455,0.04140,0.20535,-0.21696,0.52574,
298004790304,0.10092,-0.10476,0.57010,0.97816,-0.00352,0.19942,0.05848,0.09855,-0.29372,0.44120,
298104308887,0.11194,-0.15856,0.58441,0.97667,0.01028,0.21093,0.03898,0.09754,-0.35910,0.23668,
298203862584,0.11167,-0.22276,0.58238,0.98003,0.01393,0.19595,0.03083,0.04260,-0.44933,-0.02108,
298303384584,0.09926,-0.27176,0.56458,0.98470,-0.00017,0.17273,0.02312,0.08646,-0.43391,-0.26971,
298402967688,0.11764,-0.33110,0.54579,0.98458,-0.01710,0.17074,0.03389,-0.01067,-0.27156,-0.37235,
298502454532,0.12525,-0.38390,0.51995,0.98083,-0.00848,0.19039,0.04055,-0.09643,-0.02654,-0.40176,
298601939584,0.12516,-0.38262,0.50634,0.97211,-0.00229,0.22804,0.05465,-0.05419,0.13634,-0.38005,
298701419793,0.12956,-0.33911,0.51252,0.96385,-0.04619,0.24863,0.08391,0.03148,0.32298,-0.31327,
298800937636,0.11327,-0.28052,0.55104,0.96033,-0.10724,0.22778,0.11995,0.06388,0.40002,-0.21113,
298900495740,0.07726,-0.23020,0.57394,0.96245,-0.09961,0.20550,0.14676,0.00836,0.42161,-0.04345,
298999973636,0.04508,-0.15441,0.61563,0.96074,-0.09786,0.19372,0.17286,0.03579,0.44603,0.18245,
299099493636,0.04376,-0.10484,0.65682,0.96628,-0.07635,0.17161,0.17612,0.04423,0.26706,0.37984,
299199011740,0.04080,-0.06289,0.71893,0.96879,-0.08975,0.14416,0.18059,-0.12315,0.07569,0.51805,
301322235552,0.29607,-0.37531,-0.09831,0.92874,0.07679,0.20624,-0.29834,1.52019,-1.01089,-0.37905,
301421685708,0.46377,-0.45629,-0.13992,0.94129,0.05663,0.18296,-0.27803,1.89264,-0.91417,-0.55808,
301521171396,0.65855,-0.38476,-0.09583,0.95324,-0.01432,0.18257,-0.24041,1.99496,-0.49479,-0.62692,
301687001229,0.95133,-0.28914,-0.14953,0.95225,-0.04792,0.22161,-0.20446,1.91886,-0.13269,-0.93728,
302980740124,-0.14677,0.09875,-0.71843,0.99822,0.00826,0.02312,-0.05438,-0.07955,0.14191,-0.35144,
303080259176,-0.13187,0.09969,-0.75812,0.99832,-0.01862,-0.02400,-0.04935,-0.08757,0.12749,-0.35172,
304938041185,-0.00577,0.00895,-0.01624,0.99919,0.00915,0.03776,-0.01049,-0.00319,-0.00509,0.00043,
305037579393,-0.00504,0.00809,-0.01603,0.99922,0.01320,0.03562,-0.01068,-0.00692,0.00847,-0.00761,
305137014185,-0.00485,0.00847,-0.01542,0.99939,0.01313,0.03092,-0.00956,0.00426,-0.00006,-0.00013,
305236566393,-0.00439,0.00800,-0.01540,0.99952,0.01120,0.02731,-0.00973,0.01314,0.00242,-0.00034,
305336045185,-0.00426,0.00837,-0.01552,0.99966,0.01013,0.02172,-0.00997,-0.00221,-0.00548,0.00273,
305435563342,-0.00414,0.00857,-0.01561,0.99978,0.00898,0.01600,-0.00970,0.00211,-0.00092,0.00053,
305535083133,-0.00403,0.00861,-0.01572,0.99987,0.00812,0.01023,-0.00984,0.00372,0.00434,-0.00043,
305634613185,-0.00389,0.00856,-0.01589,0.99992,0.00722,0.00378,-0.00999,0.00458,0.00925,0.00001,
305734119445,-0.00369,0.00855,-0.01609,0.99992,0.00672,-0.00293,-0.01011,0.00214,0.00853,0.00008,
305833680185,-0.00350,0.00856,-0.01623,0.99989,0.00646,-0.00873,-0.01034,0.00157,0.00447,-0.00117,
305933199185,-0.00337,0.00856,-0.01628,0.99984,0.00582,-0.01328,-0.01049,0.00230,0.00221,-0.00071,
306032677238,-0.00330,0.00852,-0.01634,0.99979,0.00442,-0.01709,-0.01065,0.00324,0.00046,-0.00009,
306132236133,-0.00321,0.00844,-0.01644,0.99973,0.00247,-0.02024,-0.01096,0.00298,0.00128,-0.00002,
306231819133,-0.00315,0.00833,-0.01655,0.99967,0.00026,-0.02291,-0.01128,0.00160,0.00265,-0.00015,
306331300446,-0.00306,0.00824,-0.01662,0.99962,-0.00243,-0.02499,-0.01151,0.00185,0.00348,-0.00038,
306430753133,-0.00299,0.00815,-0.01672,0.99956,-0.00546,-0.02672,-0.01181,0.00138,0.00301,-0.00012,
306530271237,-0.00296,0.00803,-0.01679,0.99950,-0.00835,-0.02814,-0.01214,0.00212,0.00213,0.00002,
306629791341,-0.00291,0.00798,-0.01684,0.99943,-0.01109,-0.02929,-0.01237,0.00199,0.00162,0.00012,
306729405237,-0.00286,0.00793,-0.01685,0.99937,-0.01321,-0.03050,-0.01254,0.00224,0.00153,0.00028,
306828832133,-0.00280,0.00785,-0.01687,0.99931,-0.01476,-0.03161,-0.01268,0.00179,0.00148,0.00038,
306928479758,-0.00277,0.00780,-0.01688,0.99926,-0.01565,-0.03257,-0.01282,0.00176,0.00234,0.00027,
307027868696,-0.00272,0.00759,-0.01685,0.99924,-0.01554,-0.03330,-0.01269,0.00188,0.00078,0.00061,
307127429799,-0.00227,0.00800,-0.01675,0.99910,-0.01781,-0.03677,-0.01170,0.00488,0.00686,0.00064,
307226991289,-0.00224,0.00819,-0.01708,0.99898,-0.01841,-0.03931,-0.01231,0.00481,0.00803,-0.00016,
307326464445,-0.00218,0.00822,-0.01726,0.99894,-0.01877,-0.04011,-0.01265,0.00470,0.00693,-0.00048,
307425984185,-0.00213,0.00823,-0.01737,0.99892,-0.01941,-0.04026,-0.01287,0.00490,0.00718,-0.00057,
307525463237,-0.00210,0.00825,-0.01748,0.99892,-0.01988,-0.03986,-0.01309,0.00497,0.00725,-0.00089,
307624982393,-0.00208,0.00824,-0.01758,0.99893,-0.02034,-0.03928,-0.01326,0.00539,0.00686,-0.00122,
307724503081,-0.00206,0.00824,-0.01765,0.99894,-0.02089,-0.03873,-0.01346,0.00499,0.00728,-0.00068,
307824061342,-0.00203,0.00823,-0.01772,0.99894,-0.02161,-0.03829,-0.01367,0.00519,0.00704,-0.00118,
307923580185,-0.00200,0.00824,-0.01782,0.99894,-0.02247,-0.03777,-0.01388,0.00604,0.00764,-0.00147,
308023059446,-0.00198,0.00822,-0.01791,0.99895,-0.02324,-0.03701,-0.01407,0.00555,0.00753,-0.00162,
308122577289,-0.00202,0.00810,-0.01807,0.99896,-0.02377,-0.03625,-0.01433,0.00510,0.00671,-0.00252,
308222173185,-0.00209,0.00796,-0.01823,0.99897,-0.02423,-0.03553,-0.01459,0.00339,0.00234,-0.00200,
308321694185,-0.00208,0.00792,-0.01836,0.99896,-0.02506,-0.03503,-0.01488,0.00273,0.00163,-0.00279,
308421192446,-0.00208,0.00789,-0.01850,0.99895,-0.02589,-0.03460,-0.01509,0.00378,0.00073,-0.00152,
308520653133,-0.00196,0.00785,-0.01855,0.99896,-0.02656,-0.03394,-0.01512,0.00174,0.00329,-0.00308,
308620211185,-0.00201,0.00780,-0.01863,0.99892,-0.02761,-0.03399,-0.01533,0.00371,0.00043,-0.00057,
308719732445,-0.00199,0.00779,-0.01872,0.99888,-0.02867,-0.03421,-0.01555,0.00400,0.00165,-0.00125,
308819253185,-0.00192,0.00775,-0.01878,0.99887,-0.02921,-0.03394,-0.01575,0.00304,0.00156,-0.00204,
308918728133,-0.00189,0.00774,-0.01886,0.99884,-0.03002,-0.03404,-0.01597,0.00298,0.00119,-0.00049,
309018404477,-0.00188,0.00772,-0.01889,0.99883,-0.03049,-0.03388,-0.01611,0.00202,-0.00003,-0.00022,
309117810915,-0.00189,0.00770,-0.01893,0.99881,-0.03111,-0.03391,-0.01622,0.00181,-0.00008,0.00052,
309217287445,-0.00187,0.00767,-0.01892,0.99877,-0.03150,-0.03448,-0.01635,0.00287,-0.00057,-0.00006,
309316804185,-0.00182,0.00762,-0.01895,0.99874,-0.03178,-0.03525,-0.01655,0.00316,-0.00086,0.00200,
309416363341,-0.00175,0.00757,-0.01894,0.99869,-0.03182,-0.03645,-0.01664,0.00340,0.00302,0.00135,
309549015133,-0.00176,0.00753,-0.01890,0.99865,-0.03155,-0.03765,-0.01665,0.00149,-0.00249,0.00060,
309648551237,-0.00163,0.00754,-0.01894,0.99863,-0.03119,-0.03854,-0.01659,0.00097,-0.00070,-0.00129,
309748053237,-0.00164,0.00750,-0.01891,0.99861,-0.03079,-0.03928,-0.01664,0.00039,0.00329,-0.00023,
309847578133,-0.00160,0.00746,-0.01890,0.99860,-0.03016,-0.04021,-0.01666,0.00422,0.00051,-0.00008,
309947154185,-0.00159,0.00748,-0.01889,0.99858,-0.02951,-0.04118,-0.01658,0.00241,-0.00052,0.00083,
310046632185,-0.00099,0.00759,-0.01852,0.99830,-0.03556,-0.04330,-0.01585,0.00639,0.00032,0.00217,
310146175237,-0.00072,0.00753,-0.01874,0.99803,-0.03844,-0.04688,-0.01600,0.00383,0.00594,0.00052,
310245688080,-0.00075,0.00742,-0.01888,0.99788,-0.04020,-0.04844,-0.01640,0.00458,0.01293,-0.00003,
310345168081,-0.00082,0.00726,-0.01907,0.99785,-0.04112,-0.04836,-0.01634,0.00237,0.00846,-0.00339,
310444686185,-0.00085,0.00721,-0.01921,0.99785,-0.04198,-0.04749,-0.01641,0.00056,0.00889,-0.00272,
310544251342,-0.00087,0.00713,-0.01927,0.99782,-0.04348,-0.04699,-0.01601,0.00407,0.00132,-0.00183,
310643725018,-0.00085,0.00712,-0.01926,0.99778,-0.04438,-0.04692,-0.01616,0.00099,-0.00198,0.01064,
310743378758,-0.00080,0.00707,-0.01920,0.99778,-0.04427,-0.04702,-0.01634,-0.00258,0.00105,0.00370,
310842762342,-0.00085,0.00706,-0.01917,0.99777,-0.04465,-0.04683,-0.01644,0.00230,-0.00221,-0.00531,
310942281549,-0.00081,0.00706,-0.01921,0.99774,-0.04537,-0.04670,-0.01646,0.00130,0.00350,0.00000,
311041800081,-0.00077,0.00705,-0.01926,0.99772,-0.04586,-0.04675,-0.01634,0.00484,0.00286,-0.00257,
311141358185,-0.00073,0.00707,-0.01925,0.99769,-0.04518,-0.04802,-0.01658,0.00409,-0.00080,-0.00165,
311240839133,-0.00078,0.00712,-0.01921,0.99767,-0.04417,-0.04914,-0.01720,-0.00010,0.00191,0.00004,
311340356550,-0.00074,0.00717,-0.01921,0.99765,-0.04319,-0.05032,-0.01740,-0.00106,-0.00032,-0.00556,
311439918498,-0.00075,0.00721,-0.01915,0.99763,-0.04272,-0.05110,-0.01743,0.00638,0.00070,0.00761,
311539438373,-0.00078,0.00730,-0.01909,0.99761,-0.04197,-0.05184,-0.01809,-0.00152,0.00503,-0.00133,
311638918403,-0.00070,0.00737,-0.01906,0.99763,-0.04086,-0.05223,-0.01856,0.00662,-0.00004,0.00225,
311738433081,-0.00050,0.00745,-0.01895,0.99761,-0.03993,-0.05297,-0.01957,-0.00083,0.00141,-0.01033,
311838039550,0.00045,0.00784,-0.01866,0.99757,-0.03885,-0.05344,-0.02192,0.00698,0.00064,0.00617,
311937581550,0.00240,0.00815,-0.01807,0.99751,-0.03772,-0.05336,-0.02634,0.03215,0.00866,0.01208,
312103339393,0.00788,0.00929,-0.01653,0.99703,-0.03893,-0.05323,-0.03966,0.04150,0.00355,0.03536,
312202984133,0.01430,0.01080,-0.01447,0.99700,-0.03547,-0.04322,-0.05353,0.08604,0.01657,0.04360,
312368721695,0.03493,0.00891,-0.00200,0.99535,-0.01145,0.00308,-0.09562,0.24334,-0.04754,0.12551,
312501407946,0.08313,-0.00377,0.01275,0.99123,0.02819,0.03554,-0.12411,0.54696,-0.22611,0.09843,
312634195654,0.17758,-0.04827,0.02856,0.99043,0.04605,0.03895,-0.12413,0.86974,-0.48399,0.14382,
312733617758,0.27306,-0.10129,0.03778,0.99188,0.04171,0.03958,-0.11346,1.05244,-0.68445,0.06500,
312833137654,0.38885,-0.17591,0.04081,0.99383,0.02919,0.03366,-0.10161,1.25717,-0.88870,-0.00743,
312932660602,0.52788,-0.26568,0.04114,0.99552,0.00711,0.02618,-0.09054,1.47142,-1.02037,0.04938,
313032174914,0.68195,-0.36725,0.04978,0.99630,-0.02097,0.01068,-0.08262,1.62208,-1.10017,0.17627,
313131692602,0.85014,-0.47007,0.07025,0.99620,-0.04306,0.00295,-0.07567,1.74217,-1.09808,0.31391,
313264379753,1.09039,-0.60262,0.11003,0.99494,-0.07155,0.00620,-0.07027,1.88445,-1.07275,0.31344,
313397113701,1.35473,-0.72986,0.14167,0.99125,-0.09948,0.03595,-0.07898,2.11777,-0.93723,0.19902,
313496583427,1.58177,-0.81151,0.16117,0.98824,-0.10914,0.05883,-0.08947,2.42105,-0.80707,0.19385,
313662483081,2.02203,-0.91563,0.19028,0.98327,-0.10704,0.08225,-0.12228,2.84708,-0.60010,0.13687,
313828351800,2.54894,-0.97266,0.21801,0.97889,-0.09712,0.08841,-0.15661,3.44939,-0.40437,0.25729,
313961076949,3.03012,-0.99104,0.26353,0.97767,-0.08135,0.08125,-0.17588,3.81680,-0.25742,0.45397,
314126859428,3.69818,-1.00731,0.36276,0.97534,-0.04371,0.08210,-0.20015,4.23226,-0.28297,0.62852,
314259589816,4.26741,-1.01381,0.43918,0.96572,-0.01164,0.10250,-0.23821,4.45153,-0.43786,0.52245,
314359058109,4.70717,-0.97654,0.48916,0.95484,0.00137,0.11625,-0.27344,4.61934,-0.54502,0.48293,
314491826109,5.27211,-0.89154,0.57239,0.93581,0.01920,0.13025,-0.32700,4.79044,-0.70279,0.59428,
314591400057,5.73853,-0.74983,0.62249,0.91458,0.04232,0.14773,-0.37408,4.87117,-0.71909,0.45486,
314690791714,6.08449,-0.50073,0.68917,0.88815,0.05300,0.16167,-0.42690,4.76606,-0.65136,0.30737,
314823481370,6.49439,-0.24011,0.77109,0.85312,0.06263,0.14485,-0.49727,4.48052,-0.74103,0.19222,
342721968526,2.49273,1.15469,-0.43441,0.98729,0.10800,0.09693,0.06481,1.89178,0.38244,-0.58623,
342821621204,2.30615,1.01711,-0.54012,0.98576,0.09606,0.12855,0.05031,1.85971,0.17046,-0.60810,
342954172474,2.54142,1.01914,-0.67166,0.98248,0.11012,0.14741,0.02962,2.05072,-0.02543,-0.62296,
343120040526,2.90723,1.01918,-0.83293,0.97643,0.13465,0.16860,0.00472,2.29062,-0.34516,-0.77407,
343219677526,3.16573,1.03898,-0.97368,0.96683,0.15985,0.19902,-0.00849,2.46043,-0.46131,-0.90778,
343319076682,3.45037,1.08297,-1.07832,0.95726,0.18487,0.22191,-0.01525,2.66067,-0.48419,-0.99175,
344646035683,5.17634,1.59822,-0.92591,0.99227,0.03271,0.11897,-0.01305,4.96062,1.40502,-1.24376,
344745559839,7.57743,2.30006,-1.44212,0.99154,0.04231,0.12151,-0.01725,6.75911,1.83289,-1.83713,
344845075838,9.13270,2.73067,-1.80314,0.99098,0.04582,0.12470,-0.01736,7.65601,2.01182,-2.16504,
344977724474,10.21452,3.01580,-2.10943,0.99151,0.03693,0.12445,-0.00747,7.80542,2.03844,-2.29831,
345077245734,10.58745,3.11234,-2.25118,0.99206,0.03388,0.12110,0.00038,7.45501,1.97318,-2.24932,
345210011578,10.99142,3.22133,-2.40997,0.99271,0.02635,0.11691,0.01270,6.93765,1.85841,-2.16148,
345375801682,11.71175,3.42337,-2.65492,0.99316,0.00816,0.11154,0.03368,6.64335,1.87079,-2.07864,
345475327047,12.27061,3.58937,-2.83281,0.99390,-0.00713,0.09708,0.05182,6.57111,1.96226,-2.06460,
345574839527,12.61657,3.71479,-2.95437,0.99350,-0.02009,0.08519,0.07273,6.26268,2.05505,-2.02378,
345674442526,12.75577,3.80946,-3.00493,0.99226,-0.03017,0.07732,0.09239,5.78493,2.12230,-1.90256,
345773879526,12.21082,3.75127,-2.84842,0.99035,-0.02684,0.06804,0.11775,4.65173,2.05121,-1.54877,
345939823474,12.46696,3.96959,-2.95131,0.98481,-0.02335,0.04962,0.16476,4.06767,2.14936,-1.40648,
346072433474,12.66038,4.16797,-3.03952,0.97778,-0.03078,0.02118,0.20626,3.47615,2.23203,-1.33839,
346172037526,12.84263,4.33997,-3.12058,0.96988,-0.03746,-0.00185,0.24066,3.05439,2.30764,-1.30468,
346304721182,13.10074,4.60600,-3.24904,0.95710,-0.04401,-0.02152,0.28559,2.47119,2.47894,-1.22986,
346470517776,13.51587,5.02495,-3.45559,0.93690,-0.03096,-0.02336,0.34744,1.99189,2.65847,-1.17798,
346636416891,13.87012,5.46882,-3.66680,0.91204,-0.02531,-0.02578,0.40851,1.54439,2.74786,-1.20143,
346901785474,14.24092,6.17952,-4.00185,0.86692,-0.03097,-0.04185,0.49571,0.81250,2.81101,-1.29538,
347034492734,14.45774,6.52034,-4.19810,0.84062,-0.03383,-0.04412,0.53876,0.58431,2.78232,-1.37223,
347167185578,14.55745,6.86217,-4.39655,0.81695,-0.02828,-0.04433,0.57430,0.25161,2.71349,-1.45452,
347299843637,14.96162,7.26865,-4.65881,0.79315,-0.02071,-0.03479,0.60768,0.33456,2.71593,-1.51322,
347498931672,15.33725,7.74973,-4.99707,0.75924,0.00367,-0.02785,0.65021,0.33990,2.45564,-1.52026,
347631625516,15.71256,7.88678,-5.16367,0.73375,0.01703,-0.02294,0.67881,0.63427,2.13367,-1.35472,
347764361672,15.90827,8.12298,-5.30597,0.71023,0.01348,-0.02610,0.70336,0.59653,1.97101,-1.17467,
347897098620,16.08365,8.37133,-5.41481,0.68761,0.01238,-0.02515,0.72554,0.57806,1.88614,-0.80164,
347996535932,16.20632,8.54710,-5.43763,0.67267,0.00976,-0.02621,0.73941,0.51899,1.82758,-0.48790,
348096085879,16.20670,8.68436,-5.39594,0.65839,0.00469,-0.02815,0.75214,0.34552,1.76665,-0.20871,
348195532192,16.19693,8.87197,-5.37763,0.64877,0.00045,-0.02708,0.76050,0.18630,1.77233,-0.05967,
348295055469,16.22984,9.18237,-5.44435,0.63885,-0.00127,-0.02706,0.76885,0.10195,1.84398,-0.07166,
348394686364,16.26123,9.46368,-5.48964,0.62907,-0.00143,-0.02654,0.77690,0.05531,1.89824,-0.08557,
348494208603,16.26184,9.77133,-5.54285,0.61837,-0.00365,-0.02901,0.78534,-0.05836,1.95489,-0.13521,
348593686520,16.23897,10.08045,-5.59318,0.60497,-0.00653,-0.03137,0.79561,-0.13364,2.04353,-0.20125,
348693259416,16.20474,10.38857,-5.63136,0.58988,-0.01581,-0.04001,0.80635,-0.25469,2.17665,-0.17094,
348859079093,16.12843,10.83695,-5.67646,0.55550,-0.02008,-0.05954,0.82914,-0.43373,2.13668,-0.16034,
349024933500,16.01654,11.25906,-5.71449,0.51712,-0.02099,-0.06092,0.85348,-0.60295,2.05838,-0.12384,
349224034495,15.86312,11.71383,-5.75230,0.48181,-0.01340,-0.05366,0.87453,-0.72536,1.95188,-0.20932,
349356688929,15.69749,11.96991,-5.76393,0.46482,-0.01629,-0.05382,0.88362,-0.88258,1.88712,-0.24550,
349456099336,15.50977,12.15620,-5.78266,0.45287,-0.02195,-0.05750,0.88945,-1.06007,1.87224,-0.26425,
349621952572,15.29012,12.46930,-5.83531,0.42874,-0.00994,-0.08195,0.89965,-1.19347,1.78158,-0.30411,
349787816364,15.04630,12.73682,-5.89057,0.40542,0.00679,-0.11331,0.90705,-1.29050,1.46187,-0.34654,
349986843641,14.70673,12.99772,-5.95242,0.38524,0.01131,-0.12048,0.91485,-1.46901,1.00176,-0.21088,
350086353387,14.49991,13.14290,-5.96729,0.38014,0.01154,-0.11572,0.91759,-1.55919,0.85519,-0.11719,
350185871127,14.33235,13.25614,-5.99449,0.37904,0.01885,-0.11324,0.91823,-1.56799,0.70419,-0.07478,
350384902665,13.97501,13.45620,-6.03242,0.37070,0.02883,-0.12205,0.92025,-1.64670,0.47024,0.01183,
350484423602,13.75358,13.66332,-6.06699,0.36580,0.02768,-0.11404,0.92326,-1.66626,0.48922,-0.06745,
350583970234,13.63357,13.81430,-6.13338,0.35815,0.03837,-0.10027,0.92747,-1.48649,0.47481,-0.22094,
350683447316,13.47013,13.89655,-6.18503,0.35298,0.04451,-0.08334,0.93085,-1.45212,0.39047,-0.31556,
350816140004,13.24075,13.97938,-6.23313,0.34738,0.04868,-0.06539,0.93418,-1.39342,0.32938,-0.37443,
350982089212,12.94211,14.06900,-6.30897,0.34509,0.05507,-0.04545,0.93585,-1.27780,0.25954,-0.48333,
351081560213,12.75361,14.12715,-6.36274,0.34557,0.05603,-0.03992,0.93587,-1.22751,0.22351,-0.54848,
351181040951,12.60112,14.15619,-6.42141,0.34516,0.05715,-0.03291,0.93622,-1.16630,0.18265,-0.64244,
351313777004,12.39343,14.19830,-6.50678,0.34613,0.05577,-0.03327,0.93594,-1.09773,0.22234,-0.74869,
351413256149,12.20298,14.24161,-6.57518,0.34961,0.04790,-0.03761,0.93492,-1.10907,0.21228,-0.76284,
351512772108,11.98029,14.29040,-6.64157,0.35337,0.03246,-0.03690,0.93419,-1.16847,0.20557,-0.72268,
351612301056,11.74940,14.32872,-6.69798,0.35926,0.01431,-0.03677,0.93240,-1.30472,0.17226,-0.60862,
351711810056,11.53571,14.35851,-6.75169,0.36220,0.00551,-0.03927,0.93126,-1.38284,0.14690,-0.57158,
351811329790,11.35332,14.37470,-6.80731,0.36161,0.00351,-0.04123,0.93141,-1.42069,0.14653,-0.51177,
351910844384,11.17097,14.39212,-6.86064,0.36052,0.00244,-0.03949,0.93191,-1.48012,0.15210,-0.43148,
352010450901,11.00169,14.40942,-6.91112,0.36094,0.00754,-0.02601,0.93220,-1.46429,0.13298,-0.40876,
352143051016,10.78100,14.42753,-6.97692,0.36043,0.01580,-0.01924,0.93246,-1.38181,0.19087,-0.39820,
352275777636,10.57300,14.45216,-7.03689,0.36023,0.02325,-0.01679,0.93242,-1.31524,0.21952,-0.33335,
352375255583,10.41325,14.47504,-7.08003,0.36060,0.02590,-0.01744,0.93220,-1.29698,0.24199,-0.29248,
352474775687,10.26950,14.50959,-7.12154,0.36184,0.02806,-0.01455,0.93170,-1.22851,0.26793,-0.32417,
352574334687,10.12505,14.54758,-7.17108,0.36432,0.02303,-0.01198,0.93091,-1.19135,0.32670,-0.33158,
352673812844,9.99375,14.59316,-7.22040,0.36587,0.01984,-0.01586,0.93032,-1.12898,0.36500,-0.38262,
352773371739,9.86090,14.63839,-7.27484,0.36673,0.01807,-0.02315,0.92987,-1.08221,0.39256,-0.39189,
352872850687,9.72012,14.68647,-7.33210,0.36692,0.01229,-0.03563,0.92949,-1.04303,0.36810,-0.43500,
352972475531,9.57120,14.73492,-7.39273,0.36694,0.00942,-0.04325,0.92919,-1.08237,0.33608,-0.41034,
353071970948,9.43145,14.77899,-7.43990,0.36599,0.00695,-0.04724,0.92939,-1.09029,0.30531,-0.36215,
353171407583,9.29756,14.81487,-7.48151,0.36358,0.00804,-0.05245,0.93005,-1.07751,0.24275,-0.34343,
353270928583,9.16389,14.84715,-7.52586,0.36025,0.00990,-0.05109,0.93140,-1.10552,0.21017,-0.30378,
353370446635,9.03566,14.87571,-7.56340,0.35810,0.01118,-0.04967,0.93230,-1.05485,0.17816,-0.27804,
353469964635,8.91640,14.89748,-7.59696,0.35511,0.01226,-0.04812,0.93351,-1.01523,0.14658,-0.26132,
353569607104,8.80065,14.91374,-7.62921,0.35263,0.01320,-0.04754,0.93446,-0.99800,0.08782,-0.26314,
353669112521,8.67816,14.92869,-7.65961,0.35063,0.01366,-0.04660,0.93525,-0.94706,0.04006,-0.28547,
353768602791,8.56405,14.93833,-7.68716,0.34907,0.01630,-0.03727,0.93621,-0.96421,0.03781,-0.24043,
353868091312,8.45093,14.94406,-7.71107,0.34713,0.02245,-0.02539,0.93721,-0.96380,-0.01696,-0.22231,
353967645792,8.34427,14.94631,-7.73576,0.34641,0.02990,-0.00845,0.93757,-0.86419,-0.01058,-0.22309,
354166699000,8.18919,14.95357,-7.78426,0.34570,0.04347,0.01523,0.93721,-0.58058,0.08138,-0.25400,
354332548531,8.08774,14.97799,-7.82347,0.34697,0.04233,0.01711,0.93676,-0.38922,0.20985,-0.19665,
354465154739,8.02572,15.00775,-7.84798,0.34536,0.02963,0.01453,0.93789,-0.27894,0.25740,-0.17414,
354597847739,7.95795,15.04637,-7.86814,0.34268,0.01764,0.01166,0.93921,-0.23360,0.32229,-0.13264,
354697366479,7.83685,15.08956,-7.85574,0.34346,0.00440,0.00795,0.93912,-0.34167,0.36965,-0.06174,
354863305687,7.67586,15.14553,-7.85732,0.34490,-0.00276,0.00164,0.93864,-0.47044,0.36733,0.00346,
354995997687,7.54776,15.21318,-7.86487,0.34605,-0.00030,-0.00479,0.93820,-0.56248,0.43041,0.04918,
355128614584,7.40626,15.28212,-7.87425,0.34864,0.00299,-0.01653,0.93711,-0.60056,0.43272,0.04406,
355228133635,7.27334,15.34264,-7.89536,0.35162,0.00178,-0.02375,0.93584,-0.65518,0.44148,-0.01579,
355327696688,7.13149,15.39792,-7.92324,0.35284,0.00425,-0.02960,0.93520,-0.71499,0.43245,-0.08038,
355427171895,7.01178,15.45941,-7.94135,0.35401,0.00542,-0.04226,0.93427,-0.75708,0.43079,-0.11519,
355559904948,6.89208,15.51736,-7.96411,0.35384,0.00730,-0.05525,0.93364,-0.73117,0.31863,-0.19056,
355659381636,6.80502,15.55706,-7.98294,0.35275,0.00815,-0.05455,0.93409,-0.71994,0.26245,-0.21108,
355758901792,6.73555,15.58083,-7.99956,0.35119,0.00772,-0.05111,0.93487,-0.66720,0.19481,-0.22695,
355924768364,6.61777,15.61054,-8.03380,0.34626,-0.00056,-0.04639,0.93699,-0.64392,0.11303,-0.27545,
356057457791,6.52862,15.62337,-8.05977,0.34260,-0.00329,-0.04344,0.93847,-0.63356,0.06642,-0.29919,
356156978635,6.45924,15.62005,-8.07421,0.33942,0.00164,-0.04341,0.93963,-0.63814,-0.01099,-0.32396,
356289669156,6.37632,15.60483,-8.10707,0.33605,0.00647,-0.02197,0.94157,-0.63087,-0.02232,-0.30813,
356422465635,6.29237,15.59086,-8.13619,0.33389,0.01436,-0.00038,0.94250,-0.57027,-0.00658,-0.30695,
356588294896,6.19860,15.58411,-8.17677,0.33293,0.01470,0.00414,0.94283,-0.45738,0.09145,-0.27644,
356687820885,6.13452,15.57562,-8.19476,0.33431,0.00748,0.00124,0.94243,-0.45523,0.09749,-0.25014,
356787264688,6.05305,15.57066,-8.20969,0.33757,-0.00462,-0.00223,0.94129,-0.50778,0.12259,-0.22631,
356953260843,5.92031,15.58165,-8.24406,0.34186,-0.02399,-0.00156,0.93944,-0.59769,0.17643,-0.22580,
357052647531,5.82316,15.59889,-8.27701,0.34436,-0.03448,-0.00595,0.93818,-0.69882,0.27006,-0.20243,
357185386844,5.69212,15.64065,-8.30800,0.34315,-0.03707,-0.01822,0.93837,-0.84368,0.32988,-0.12319,
357284907479,5.57359,15.67079,-8.32783,0.34015,-0.03710,-0.03030,0.93915,-0.95555,0.34608,-0.06784,
357384378531,5.45523,15.69804,-8.34549,0.33903,-0.03207,-0.04405,0.93920,-1.03830,0.33548,-0.01788,
357483896583,5.33644,15.72409,-8.35254,0.33915,-0.02766,-0.05307,0.93883,-1.13701,0.28229,0.04074,
357583415531,5.21224,15.74453,-8.35842,0.34193,-0.02519,-0.05140,0.93798,-1.23141,0.26272,0.09320,
357682936583,5.08696,15.76319,-8.35770,0.34492,-0.01972,-0.05310,0.93692,-1.25058,0.22087,0.13068,
357782459135,4.96184,15.77566,-8.35498,0.34946,-0.01466,-0.05357,0.93530,-1.23965,0.15839,0.14155,
357881973688,4.83473,15.78051,-8.35880,0.35322,-0.01362,-0.05291,0.93394,-1.23874,0.11376,0.12833,
357981492260,4.70977,15.79242,-8.36933,0.35652,-0.01262,-0.05329,0.93268,-1.24075,0.09201,0.10703,
358081014583,4.58707,15.80803,-8.39595,0.36026,-0.01326,-0.05025,0.93140,-1.24441,0.12267,0.07561,
358180533635,4.46925,15.81625,-8.43664,0.36117,-0.00673,-0.04912,0.93118,-1.20666,0.05660,-0.02683,
358280053354,4.35064,15.81060,-8.45241,0.36074,-0.00582,-0.04656,0.93148,-1.19890,0.00490,-0.05125,
358412741635,4.19253,15.80570,-8.46603,0.35878,-0.00778,-0.02969,0.93292,-1.20264,-0.02067,-0.09323,
358545569948,4.03522,15.79599,-8.48501,0.35623,0.00088,-0.01565,0.93427,-1.16220,-0.02103,-0.15302,
358678126635,3.87974,15.79174,-8.51125,0.35263,0.00722,-0.00355,0.93573,-1.08399,0.00235,-0.21434,
358777739583,3.76709,15.79118,-8.53351,0.35137,0.00922,0.00214,0.93619,-1.05517,0.04160,-0.22762,
358976685979,3.55750,15.81293,-8.57919,0.35166,0.01105,0.00353,0.93605,-0.95418,0.20239,-0.23344,
359109467583,3.41845,15.84685,-8.61068,0.35194,0.01217,-0.01043,0.93588,-0.98120,0.28390,-0.23447,
359208896635,3.32475,15.87336,-8.63993,0.35221,0.02251,-0.02644,0.93528,-0.87838,0.24980,-0.30083,
359374852531,3.17471,15.90713,-8.69748,0.35150,0.03096,-0.04599,0.93455,-0.83994,0.17413,-0.29462,
359507454208,3.05449,15.93006,-8.74987,0.35021,0.03723,-0.05390,0.93438,-0.73338,0.07088,-0.34509,
359641591583,2.94543,15.95683,-8.80121,0.35054,0.03490,-0.05491,0.93428,-0.67690,0.02780,-0.29632,
359739663583,2.86005,15.97997,-8.83442,0.34875,0.03466,-0.05417,0.93501,-0.64212,-0.03120,-0.26485,
359839224927,2.80803,16.01213,-8.87024,0.34807,0.03534,-0.04663,0.93564,-0.56054,-0.01652,-0.21455,
359938692012,2.77000,16.04136,-8.90878,0.34676,0.03550,-0.03988,0.93643,-0.45631,0.02219,-0.21317,
360038250429,2.71516,16.07420,-8.95474,0.34335,0.03979,-0.03393,0.93775,-0.36846,0.08367,-0.20847,
360137776220,2.66472,16.08921,-8.98513,0.34328,0.02923,-0.02894,0.93833,-0.29203,0.05434,-0.22940,
360237249637,2.62779,16.09779,-9.01406,0.34370,0.01641,-0.02147,0.93869,-0.23579,0.03264,-0.25004,
360336767376,2.59764,16.10751,-9.03958,0.34245,0.01084,-0.01975,0.93927,-0.18555,0.07832,-0.22660,
360469464200,2.56294,16.12270,-9.06737,0.34325,0.00144,-0.01693,0.93909,-0.16905,0.12003,-0.19239,
360569021272,2.53754,16.13237,-9.08324,0.34383,-0.00755,-0.01516,0.93888,-0.18238,0.14237,-0.17326,
360701672064,2.50238,16.14714,-9.10280,0.34381,-0.01314,-0.01518,0.93883,-0.20535,0.18645,-0.17155,
360801191169,2.46616,16.15357,-9.11167,0.34313,-0.01533,-0.01873,0.93898,-0.25031,0.18961,-0.10939,
360967057220,2.40084,16.16166,-9.10915,0.34255,-0.01488,-0.02276,0.93911,-0.31764,0.15627,0.03266,
361099747064,2.33054,16.15302,-9.09356,0.34088,-0.01535,-0.02788,0.93957,-0.39224,0.10874,0.14833,
361199355168,2.27252,16.14055,-9.08174,0.33973,-0.01520,-0.02947,0.93994,-0.44502,0.07589,0.17981,
361331997168,2.19698,16.13982,-9.06305,0.33882,-0.02034,-0.02603,0.94027,-0.50156,0.11226,0.19948,
361431572637,2.13006,16.13488,-9.05508,0.33706,-0.02566,-0.02639,0.94076,-0.55394,0.10462,0.14164,
361530998220,2.05945,16.13311,-9.05229,0.33606,-0.02727,-0.02581,0.94109,-0.58885,0.12319,0.07657,
361630515377,1.97854,16.11086,-9.06352,0.33648,-0.02446,-0.02624,0.94101,-0.62068,0.06211,-0.01463,
361730035064,1.90140,16.08346,-9.05976,0.33660,-0.02276,-0.02677,0.94099,-0.64429,0.00477,-0.08466,
361829553168,1.82512,16.05932,-9.08018,0.33874,-0.02293,-0.02615,0.94024,-0.69240,0.01375,-0.10946,
361929072637,1.72395,16.03170,-9.11443,0.34027,-0.02602,-0.02945,0.93951,-0.77376,-0.01209,-0.14991,
362061835064,1.58564,16.01489,-9.14841,0.34164,-0.02779,-0.03071,0.93892,-0.83936,-0.01151,-0.19475,
362227673272,1.43182,16.00277,-9.18655,0.34415,-0.02553,-0.03024,0.93808,-0.92310,0.03987,-0.18092,
362360401064,1.30918,16.00515,-9.20976,0.34267,-0.02210,-0.03147,0.93867,-0.95782,0.03484,-0.16022,
362493012116,1.18121,16.01078,-9.22705,0.33967,-0.02135,-0.03047,0.93981,-0.96231,0.05700,-0.08827,
362592532116,1.08721,16.01612,-9.22556,0.34739,-0.03160,-0.06556,0.93489,-0.87046,-0.14992,0.14067,
362692051116,0.97925,15.99879,-9.21817,0.35885,-0.02460,-0.04312,0.93207,-0.85505,-0.10511,0.02912,
362791571480,0.86841,15.98675,-9.21609,0.35986,-0.02511,-0.04238,0.93171,-0.97843,-0.17217,-0.01863,
362891130366,0.77840,15.97130,-9.22407,0.35531,-0.01812,-0.04456,0.93351,-0.94375,-0.18613,-0.19878,
362990649116,0.68572,15.95376,-9.26398,0.35950,-0.01635,-0.04408,0.93196,-0.88868,-0.10870,-0.69192,
363090169564,0.60592,15.92066,-9.29910,0.35192,0.01914,-0.07260,0.93301,-0.03941,-0.37566,0.26285,
363189644898,0.58076,15.85429,-9.31057,0.38865,0.00223,-0.06966,0.91875,-0.34272,-0.62510,-0.38541,
363322339054,0.57442,15.74534,-9.34347,0.42967,0.03610,-0.07090,0.89947,0.06274,-1.07619,0.09836,
363455034168,0.61892,15.60209,-9.38014,0.45096,0.04152,-0.07036,0.88880,0.21701,-1.17890,-0.11579,
363587799674,0.66528,15.44434,-9.40955,0.44984,0.03841,-0.06859,0.88964,0.33483,-1.21896,-0.16937,
363687240362,0.66765,15.30740,-9.42641,0.44898,0.03810,-0.07045,0.88994,0.34404,-1.29707,-0.20479,
363819931310,0.75689,15.15112,-9.45155,0.44839,0.04051,-0.06733,0.89038,0.45412,-1.33441,-0.18724,
363919452872,0.80471,15.01881,-9.46887,0.44822,0.04113,-0.06696,0.89046,0.49767,-1.36522,-0.17071,
364018968247,0.85706,14.88198,-9.48589,0.44805,0.04166,-0.06649,0.89056,0.54776,-1.40424,-0.17132,
364151747727,0.93470,14.69238,-9.50833,0.44744,0.04244,-0.06555,0.89090,0.62365,-1.46836,-0.17301,
364251287987,0.99895,14.54562,-9.52461,0.44725,0.04314,-0.06513,0.89099,0.67289,-1.50787,-0.16364,
364383877351,1.09316,14.34333,-9.54588,0.44689,0.04380,-0.06415,0.89121,0.75022,-1.55808,-0.16118,
364516564362,1.19730,14.13386,-9.56642,0.44651,0.04459,-0.06358,0.89140,0.82158,-1.59868,-0.14835,
364649257362,1.31158,13.91720,-9.58623,0.44618,0.04569,-0.06317,0.89154,0.89895,-1.65516,-0.14602,
364748775862,1.40411,13.74968,-9.60083,0.44587,0.04628,-0.06257,0.89171,0.96019,-1.69478,-0.14259,
364914680883,1.57264,13.46188,-9.62448,0.44534,0.04741,-0.06174,0.89197,1.06966,-1.77427,-0.14246,
365014197466,1.68145,13.28378,-9.63825,0.44509,0.04808,-0.06136,0.89208,1.13349,-1.81347,-0.13874,
365113769414,1.79728,13.10176,-9.65174,0.44479,0.04875,-0.06090,0.89223,1.19978,-1.85007,-0.13527,
365213194414,1.91960,12.91610,-9.66502,0.44449,0.04938,-0.06044,0.89238,1.26749,-1.88559,-0.13237,
365312756883,2.04892,12.72632,-9.67807,0.44420,0.04999,-0.05994,0.89252,1.33650,-1.92059,-0.12880,
365412326331,2.18519,12.53268,-9.69092,0.44388,0.05058,-0.05941,0.89268,1.40771,-1.95701,-0.12698,
365511792258,2.32833,12.33543,-9.70359,0.44356,0.05120,-0.05888,0.89284,1.48052,-1.99448,-0.12477,
365611402622,2.47883,12.13412,-9.71606,0.44325,0.05181,-0.05836,0.89299,1.55552,-2.03251,-0.12309,
365710789414,2.63616,11.92948,-9.72826,0.44294,0.05245,-0.05790,0.89314,1.63137,-2.07154,-0.12113,
365810308415,2.80118,11.72085,-9.74020,0.44264,0.05309,-0.05740,0.89328,1.70869,-2.11076,-0.11994,
365909830352,2.97365,11.50843,-9.75192,0.44232,0.05376,-0.05698,0.89343,1.78794,-2.14926,-0.11851,
366009346466,3.15347,11.29220,-9.76348,0.44202,0.05444,-0.05655,0.89356,1.86725,-2.18576,-0.11738,
366108911710,3.34102,11.07203,-9.77489,0.44171,0.05511,-0.05613,0.89370,1.94712,-2.22155,-0.11584,
366241562345,3.61613,10.77842,-9.79027,0.44134,0.05598,-0.05530,0.89389,2.06475,-2.26528,-0.11408,
366374304067,3.89690,10.47447,-9.80526,0.44092,0.05685,-0.05470,0.89407,2.17793,-2.30772,-0.11206,
366540244088,4.27486,10.08854,-9.82391,0.44042,0.05806,-0.05399,0.89429,2.32825,-2.36649,-0.11150,
366639716714,4.48109,9.83650,-9.83419,0.44012,0.05855,-0.05374,0.89441,2.40289,-2.40614,-0.10931,
366739215279,4.71288,9.58938,-9.84472,0.43981,0.05915,-0.05332,0.89455,2.48811,-2.44191,-0.10788,
366838726331,4.95686,9.33988,-9.85527,0.43950,0.05975,-0.05287,0.89469,2.57644,-2.47727,-0.10709,
366938324482,5.21095,9.08682,-9.86576,0.43919,0.06034,-0.05244,0.89483,2.66747,-2.51271,-0.10556,
367104118689,5.72442,8.69580,-9.88498,0.43869,0.06169,-0.05134,0.89505,2.85636,-2.55586,-0.10817,
367203644943,5.95589,8.40486,-9.89433,0.43836,0.06213,-0.05124,0.89518,2.92905,-2.60379,-0.10708,
367336378457,6.37978,8.07334,-9.90909,0.43794,0.06305,-0.05041,0.89537,3.07396,-2.63875,-0.10752,
367435868561,6.67286,7.79820,-9.91934,0.43764,0.06366,-0.05006,0.89550,3.16828,-2.67552,-0.10824,
367535440284,6.98101,7.52224,-9.92976,0.43732,0.06424,-0.04970,0.89563,3.26609,-2.71011,-0.10778,
367634916024,7.29863,7.24253,-9.94017,0.43703,0.06485,-0.04931,0.89575,3.36487,-2.74447,-0.10766,
367734425799,7.62703,6.95935,-9.95062,0.43672,0.06545,-0.04893,0.89588,3.46593,-2.77926,-0.10737,
367833975442,8.00266,6.69775,-9.96203,0.43644,0.06618,-0.04836,0.89599,3.58401,-2.80201,-0.10935,
367966626337,8.48085,6.31464,-9.97652,0.43605,0.06700,-0.04778,0.89615,3.72670,-2.84699,-0.10968,
368066181405,8.84990,6.02405,-9.98737,0.43575,0.06764,-0.04739,0.89627,3.83515,-2.87912,-0.11130,
368165700197,9.22540,5.72646,-9.99821,0.43545,0.06825,-0.04699,0.89639,3.94280,-2.91183,-0.11191,
368265167149,9.60730,5.42220,-10.00905,0.43512,0.06885,-0.04659,0.89653,4.04895,-2.94803,-0.11297,
368364680357,9.99923,5.11320,-10.02011,0.43476,0.06942,-0.04582,0.89670,4.15107,-2.96644,-0.10779,
368464201669,10.44109,4.83133,-10.03200,0.43466,0.07021,-0.04537,0.89670,4.27214,-2.98974,-0.09947,
368563714335,10.95453,4.58416,-10.03717,0.43522,0.07832,-0.04899,0.89557,4.42651,-3.01425,-0.01065,
368663231887,11.29253,4.20469,-10.03265,0.44493,0.12039,-0.06513,0.88504,4.42350,-2.94399,0.15301,
368762746070,11.40830,3.84986,-10.05544,0.46749,0.15975,-0.08265,0.86551,4.43319,-2.95220,0.23947,
368862369174,11.98198,3.66480,-9.96944,0.51024,0.15249,-0.08426,0.84220,4.69518,-3.02968,0.41281,
368961826435,12.46830,3.34832,-9.92242,0.55817,0.13120,-0.07469,0.81587,4.81395,-3.07808,0.66167,
369061344279,12.95458,3.04132,-9.84672,0.60210,0.12751,-0.07340,0.78475,4.96154,-3.09657,0.84292,
369193997330,13.62296,2.62804,-9.72713,0.65781,0.11244,-0.07370,0.74108,5.11046,-3.12206,0.92590,
369326690434,14.30917,2.21325,-9.61035,0.71641,0.10145,-0.07464,0.68622,5.23240,-3.13955,0.77455,
369459392851,15.01148,1.79360,-9.52905,0.76506,0.09293,-0.08158,0.63198,5.34588,-3.17696,0.47297,
369558899434,15.54922,1.47636,-9.48656,0.79436,0.10406,-0.08473,0.59244,5.46631,-3.21012,0.38839,
369724757073,16.70354,0.26739,-9.48784,0.81841,0.14621,-0.14593,0.53621,5.84821,-4.13484,0.11836,
