1413394888605760512,0.12707,0.17887,0.25148,-0.00475,0.81743,0.02449,0.57548,0.16585,0.30276,0.05456,
1413394888705760512,0.16120,0.21845,0.34376,-0.00458,0.81941,0.01774,0.57292,0.31006,0.30471,-0.02637,
1413394888805760256,0.21029,0.25592,0.37433,-0.01106,0.81466,0.01305,0.57969,0.36434,0.30373,-0.01413,
1413394888905760512,0.24965,0.27812,0.37008,-0.01824,0.81017,0.00981,0.58583,0.37697,0.26944,0.00737,
1413394889005760512,0.29806,0.30158,0.37376,-0.02323,0.80776,0.00765,0.58900,0.37118,0.22962,0.03519,
1413394889105760512,0.34469,0.32156,0.38136,-0.02688,0.80597,0.00568,0.59132,0.36849,0.19145,0.05390,
1413394889205760512,0.38846,0.33872,0.38784,-0.02267,0.80244,0.00970,0.59622,0.34897,0.14357,0.11974,
1413394889305760256,0.42891,0.35516,0.40255,-0.01879,0.78380,0.01267,0.62060,0.29014,0.12408,0.19608,
1413394889405760512,0.45750,0.36994,0.42414,-0.01640,0.75194,0.01494,0.65886,0.13557,0.11298,0.24411,
1413394889505760512,0.46481,0.38310,0.44553,-0.01336,0.72861,0.01731,0.68458,-0.08857,0.09984,0.19449,
1413394889605760512,0.44625,0.39459,0.45992,-0.01000,0.74735,0.01891,0.66409,-0.33233,0.09907,0.13758,
1413394889705760512,0.40895,0.40620,0.47380,-0.00727,0.78740,0.01883,0.61611,-0.48849,0.10081,0.15559,
1413394889805760256,0.36404,0.41948,0.48957,-0.00526,0.82671,0.01801,0.56231,-0.50920,0.12310,0.17130,
1413394889905760512,0.32415,0.43366,0.50743,-0.00521,0.85459,0.01525,0.51905,-0.40412,0.13340,0.16832,
1413394890005760512,0.30083,0.44948,0.52189,-0.00566,0.87370,0.01246,0.48628,-0.21613,0.13549,0.08211,
1413394890105760512,0.30122,0.46643,0.52884,-0.00780,0.88575,0.00858,0.46403,0.02380,0.14466,0.01833,
1413394890205760512,0.33040,0.48196,0.53554,-0.01268,0.87605,0.00346,0.48203,0.32504,0.14509,0.04440,
1413394890305760256,0.38589,0.48978,0.53560,-0.02395,0.84980,-0.00433,0.52654,0.55109,0.10891,-0.04533,
1413394890405760512,0.45557,0.49167,0.52737,-0.03539,0.81567,-0.01018,0.57735,0.63944,0.04785,-0.08304,
1413394890505760512,0.51955,0.49093,0.51642,-0.04135,0.78030,-0.00979,0.62396,0.58364,-0.03343,-0.12263,
1413394890605760512,0.57112,0.48256,0.50198,-0.03969,0.75104,-0.00542,0.65904,0.41776,-0.09224,-0.10710,
1413394890705760512,0.60139,0.46750,0.48685,-0.03127,0.73342,0.00377,0.67905,0.17570,-0.16423,-0.09431,
1413394890805760256,0.60405,0.44659,0.46622,-0.02151,0.74142,0.01331,0.67056,-0.09576,-0.20600,-0.15698,
1413394890905760512,0.58282,0.42267,0.44149,-0.01820,0.77746,0.01751,0.62843,-0.28445,-0.22105,-0.18448,
1413394891005760512,0.55183,0.39635,0.41944,-0.01285,0.81946,0.02135,0.57259,-0.34012,-0.22224,-0.14783,
1413394891105760512,0.52165,0.37062,0.40347,-0.00871,0.85055,0.02376,0.52529,-0.25596,-0.21239,-0.11941,
1413394891205760512,0.50634,0.34650,0.39078,-0.00705,0.86871,0.02381,0.49469,-0.06796,-0.19355,-0.10673,
1413394891305760256,0.51687,0.32368,0.38098,-0.00455,0.87636,0.02518,0.48097,0.18663,-0.16938,-0.06373,
1413394891405760512,0.55730,0.30534,0.37957,0.00057,0.86936,0.02932,0.49330,0.45943,-0.13591,0.01388,
1413394891505760512,0.63187,0.29502,0.38843,0.00271,0.85088,0.03037,0.52447,0.67118,-0.08879,0.05558,
1413394891605760512,0.71576,0.28233,0.39232,0.00452,0.83064,0.03320,0.55581,0.78358,-0.04564,0.03675,
1413394891705760512,0.80411,0.27462,0.39637,0.00611,0.81759,0.03568,0.57467,0.82548,-0.01628,0.04168,
1413394891805760256,0.89083,0.27190,0.40284,0.00597,0.81156,0.03735,0.58304,0.82434,0.03031,0.11100,
1413394891905760512,0.97252,0.27499,0.42529,0.00768,0.79749,0.04013,0.60195,0.79223,0.09047,0.28488,
1413394892005760512,1.04724,0.28536,0.45863,0.00818,0.77957,0.04215,0.62484,0.71248,0.15233,0.32975,
1413394892105760512,1.11511,0.30171,0.49395,0.00416,0.76671,0.04807,0.64017,0.58550,0.21221,0.32452,
1413394892205760512,1.17166,0.32421,0.52854,-0.00418,0.76189,0.06219,0.64471,0.45286,0.29466,0.33315,
1413394892305760256,1.21911,0.35263,0.55968,-0.01886,0.75989,0.08108,0.64470,0.32400,0.33937,0.24192,
1413394892405760512,1.25924,0.38486,0.57638,-0.03655,0.75900,0.10339,0.64179,0.22258,0.37001,0.06150,
1413394892505760512,1.28309,0.42161,0.57768,-0.05787,0.75741,0.12801,0.63765,0.09401,0.40416,-0.04312,
1413394892605760512,1.29501,0.46251,0.57455,-0.08096,0.75993,0.15594,0.62581,-0.03532,0.43614,-0.02683,
1413394892705760512,1.29436,0.50689,0.57471,-0.10569,0.76412,0.18687,0.60830,-0.13116,0.46353,0.03140,
1413394892805760256,1.28124,0.55495,0.57960,-0.13072,0.76599,0.22057,0.58951,-0.19984,0.49276,0.08248,
1413394892905760512,1.26452,0.60424,0.58790,-0.15374,0.76498,0.25403,0.57152,-0.24454,0.50276,0.09459,
1413394893005760512,1.24188,0.65438,0.59635,-0.17099,0.76565,0.28670,0.54986,-0.25171,0.53332,0.10784,
1413394893105760512,1.21770,0.70888,0.60737,-0.18326,0.75956,0.31959,0.53605,-0.23574,0.58530,0.13998,
1413394893205760512,1.19429,0.76959,0.61933,-0.19545,0.74984,0.35115,0.52558,-0.23556,0.65722,0.12762,
1413394893305760256,1.17163,0.83708,0.63329,-0.21064,0.73857,0.37350,0.52023,-0.21690,0.72585,0.16660,
1413394893405760512,1.14781,0.91059,0.65018,-0.22141,0.72239,0.38897,0.52709,-0.21743,0.78463,0.17499,
1413394893505760512,1.11894,0.98860,0.66519,-0.22369,0.70663,0.40360,0.53642,-0.26656,0.84034,0.12710,
1413394893605760512,1.08270,1.06976,0.67102,-0.22153,0.69379,0.41500,0.54530,-0.34017,0.87890,0.00969,
1413394893705760512,1.03317,1.15396,0.66667,-0.21210,0.68030,0.42428,0.55874,-0.45872,0.91963,-0.06030,
1413394893805760256,0.96969,1.24001,0.65303,-0.20662,0.67144,0.42609,0.57002,-0.60862,0.97069,-0.11480,
1413394893905760512,0.88902,1.32140,0.63344,-0.21041,0.67065,0.42184,0.57272,-0.79189,0.99526,-0.15836,
1413394894005760512,0.78839,1.40341,0.61479,-0.22443,0.66812,0.41916,0.57232,-0.99172,1.01169,-0.17553,
1413394894105760512,0.67014,1.47758,0.59525,-0.24518,0.66125,0.42206,0.56964,-1.17046,0.97599,-0.22659,
1413394894205760512,0.53499,1.53917,0.57154,-0.27987,0.65898,0.42521,0.55372,-1.32875,0.89357,-0.27746,
1413394894305760256,0.38891,1.59153,0.54634,-0.31582,0.65763,0.43378,0.52878,-1.42195,0.78838,-0.30648,
1413394894405760512,0.23945,1.63401,0.52020,-0.34344,0.65140,0.44952,0.50562,-1.46483,0.66432,-0.31452,
1413394894505760512,0.09302,1.66997,0.48974,-0.36069,0.64405,0.47067,0.48330,-1.44851,0.55336,-0.35061,
1413394894605760512,-0.04924,1.70099,0.45538,-0.37393,0.63391,0.49171,0.46536,-1.42150,0.46141,-0.37913,
1413394894705760512,-0.18617,1.72836,0.42009,-0.38515,0.61911,0.51016,0.45617,-1.37746,0.38731,-0.38978,
1413394894805760256,-0.32041,1.75108,0.38318,-0.38834,0.60611,0.52656,0.45228,-1.34793,0.32759,-0.39603,
1413394894905760512,-0.44851,1.76536,0.34869,-0.39107,0.60054,0.53869,0.44298,-1.32151,0.25340,-0.37828,
1413394895005760512,-0.57318,1.77707,0.31626,-0.39807,0.60403,0.54162,0.42819,-1.28855,0.22112,-0.36009,
1413394895105760512,-0.69358,1.78375,0.28639,-0.40144,0.60859,0.54240,0.41745,-1.22849,0.17292,-0.31948,
1413394895205760512,-0.81062,1.79221,0.26089,-0.40084,0.61341,0.54213,0.41128,-1.15680,0.12934,-0.23831,
1413394895305760256,-0.92167,1.80000,0.24256,-0.39885,0.61464,0.53942,0.41492,-1.08249,0.10900,-0.16524,
1413394895405760512,-1.02637,1.80720,0.22896,-0.38226,0.60655,0.54589,0.43357,-1.03309,0.11543,-0.13045,
1413394895505760512,-1.13070,1.81785,0.22474,-0.36724,0.60294,0.55027,0.44588,-1.05597,0.10350,0.03678,
1413394895605760512,-1.23709,1.82539,0.23475,-0.35968,0.60493,0.54993,0.44973,-1.09239,0.08387,0.14176,
1413394895705760512,-1.34879,1.83665,0.25882,-0.36276,0.61320,0.54399,0.44324,-1.14687,0.10370,0.30302,
1413394895805760256,-1.45768,1.84928,0.29709,-0.36757,0.61966,0.53895,0.43639,-1.14485,0.12019,0.35942,
1413394895905760512,-1.55799,1.86352,0.33436,-0.37138,0.62144,0.53646,0.43370,-1.12073,0.13155,0.25249,
1413394896005760512,-1.65548,1.87987,0.35851,-0.37405,0.62014,0.53609,0.43372,-1.07781,0.14381,0.14515,
1413394896105760512,-1.75138,1.89839,0.36920,-0.37596,0.61922,0.53692,0.43236,-1.04627,0.16459,0.02552,
1413394896205760512,-1.85177,1.92179,0.36779,-0.37607,0.61917,0.53797,0.43102,-1.01956,0.20106,-0.08511,
1413394896305760256,-1.95016,1.94732,0.35574,-0.39093,0.62697,0.52880,0.41767,-0.96443,0.20744,-0.16715,
1413394896405760512,-2.04440,1.97270,0.34161,-0.40780,0.63790,0.51678,0.39965,-0.87783,0.22499,-0.15128,
1413394896505760512,-2.12757,1.99859,0.32890,-0.42137,0.64680,0.50642,0.38424,-0.73342,0.23815,-0.18930,
1413394896605760512,-2.19289,2.02331,0.30926,-0.43643,0.65640,0.49379,0.36722,-0.54249,0.23944,-0.27231,
1413394896705760512,-2.23879,2.04741,0.28225,-0.45301,0.66533,0.47897,0.35030,-0.31453,0.24354,-0.35669,
1413394896805760256,-2.25891,2.06769,0.24717,-0.46779,0.67352,0.46422,0.33473,-0.04005,0.21891,-0.40673,
1413394896905760512,-2.24422,2.08291,0.21058,-0.47816,0.67443,0.45289,0.33375,0.33924,0.16795,-0.38348,
1413394897005760512,-2.19326,2.09015,0.17870,-0.48525,0.67562,0.44627,0.33002,0.69297,0.08607,-0.34529,
1413394897105760512,-2.10331,2.09583,0.15203,-0.48491,0.67791,0.44563,0.32668,1.10411,0.03835,-0.24327,
1413394897205760512,-1.97442,2.09028,0.13637,-0.47772,0.67438,0.45262,0.33486,1.47988,-0.00336,-0.17204,
1413394897305760256,-1.81103,2.08385,0.12728,-0.45073,0.66059,0.47800,0.36328,1.78232,-0.03909,-0.07370,
1413394897405760512,-1.62424,2.07631,0.12312,-0.41877,0.63909,0.50532,0.40105,1.93176,-0.05962,-0.02697,
1413394897505760512,-1.42850,2.06668,0.12208,-0.39827,0.62230,0.52245,0.42563,1.97787,-0.08421,-0.00130,
1413394897605760512,-1.23188,2.05504,0.12349,-0.38733,0.61456,0.53172,0.43539,1.95313,-0.09525,0.02573,
1413394897705760512,-1.03810,2.04343,0.13068,-0.38710,0.60850,0.53314,0.44232,1.91524,-0.11767,0.09548,
1413394897805760256,-0.84726,2.02996,0.14253,-0.38931,0.60259,0.53286,0.44875,1.86681,-0.14951,0.13528,
1413394897905760512,-0.66024,2.01353,0.15950,-0.39296,0.59812,0.53145,0.45321,1.82122,-0.18973,0.18147,
1413394898005760512,-0.47599,1.99254,0.18021,-0.39454,0.59480,0.53094,0.45679,1.76465,-0.24198,0.20589,
1413394898105760512,-0.29750,1.96594,0.20306,-0.38966,0.59473,0.53498,0.45636,1.69669,-0.28598,0.23933,
1413394898205760512,-0.12645,1.93553,0.22939,-0.38281,0.59126,0.54195,0.45842,1.62098,-0.32329,0.26719,
1413394898305760256,0.03547,1.90189,0.25887,-0.37173,0.58044,0.55272,0.46842,1.50222,-0.34868,0.28180,
1413394898405760512,0.18218,1.86480,0.28976,-0.36131,0.56527,0.56845,0.47622,1.34197,-0.36598,0.28756,
1413394898505760512,0.30848,1.82619,0.32092,-0.35755,0.55009,0.58725,0.47402,1.13062,-0.38355,0.30246,
1413394898605760512,0.41260,1.78537,0.35235,-0.35706,0.53413,0.60819,0.46618,0.92067,-0.39430,0.31993,
1413394898705760512,0.49486,1.74495,0.38504,-0.35727,0.52377,0.62456,0.45601,0.71134,-0.39543,0.31259,
1413394898805760256,0.55586,1.70711,0.41806,-0.35642,0.52321,0.63681,0.44010,0.50535,-0.37516,0.33275,
1413394898905760512,0.59834,1.67137,0.45415,-0.34854,0.51580,0.64907,0.43724,0.30337,-0.33011,0.37928,
1413394899005760512,0.61725,1.64132,0.49043,-0.33786,0.50890,0.65881,0.43914,0.08287,-0.27896,0.34349,
1413394899105760512,0.61101,1.61702,0.51872,-0.33266,0.51445,0.66296,0.43031,-0.14810,-0.22444,0.22735,
1413394899205760512,0.58483,1.60069,0.53668,-0.33008,0.52174,0.66480,0.42055,-0.35891,-0.13629,0.12412,
1413394899305760256,0.53732,1.59464,0.54475,-0.32937,0.52101,0.66582,0.42041,-0.57118,-0.04256,0.04761,
1413394899405760512,0.46976,1.59689,0.54258,-0.34478,0.52766,0.65754,0.41273,-0.76404,0.02874,-0.07919,
1413394899505760512,0.38494,1.60484,0.53021,-0.37075,0.53767,0.64753,0.39264,-0.91055,0.10769,-0.17122,
1413394899605760512,0.29018,1.62311,0.50940,-0.38991,0.53390,0.64943,0.37571,-1.00579,0.19904,-0.21260,
1413394899705760512,0.18684,1.64815,0.48748,-0.40296,0.51929,0.66155,0.36098,-1.08602,0.28792,-0.17882,
1413394899805760256,0.07527,1.68024,0.46833,-0.41758,0.49741,0.67680,0.34663,-1.17035,0.36150,-0.13334,
1413394899905760512,-0.04377,1.71896,0.45066,-0.43756,0.47022,0.68944,0.33482,-1.23367,0.40651,-0.11326,
1413394900005760512,-0.16818,1.76431,0.43651,-0.46330,0.44701,0.69699,0.31582,-1.27309,0.44566,-0.00843,
1413394900105760512,-0.29572,1.81229,0.43665,-0.48752,0.42201,0.70329,0.29936,-1.28625,0.46284,0.12400,
1413394900205760512,-0.42346,1.85830,0.44611,0.51180,-0.39867,-0.70645,-0.28292,-1.26818,0.45837,0.14102,
1413394900305760256,-0.54763,1.90188,0.45201,0.52859,-0.37523,-0.71164,-0.27087,-1.22468,0.43651,0.05090,
1413394900405760512,-0.66847,1.94007,0.45108,0.54074,-0.34784,-0.71835,-0.26566,-1.17520,0.39265,-0.02682,
1413394900505760512,-0.78494,1.97098,0.44297,0.53911,-0.31663,-0.73353,-0.26652,-1.14596,0.32679,-0.11950,
1413394900605760512,-0.90069,1.99416,0.43019,0.53420,-0.28597,-0.74842,-0.26966,-1.14675,0.24269,-0.16384,
1413394900705760512,-1.01953,2.00878,0.41471,0.53384,-0.25448,-0.75866,-0.27329,-1.19427,0.11886,-0.14732,
1413394900805760256,-1.14421,2.00760,0.40628,0.53516,-0.22620,-0.76855,-0.26791,-1.26620,-0.08479,-0.03370,
1413394900905760512,-1.27603,1.98664,0.41300,0.54038,-0.20327,-0.77719,-0.25028,-1.36301,-0.27372,0.13127,
1413394901005760512,-1.41471,1.94644,0.43793,0.54936,-0.17555,-0.78326,-0.23216,-1.44168,-0.45588,0.30801,
1413394901105760512,-1.55627,1.88556,0.47134,0.56176,-0.14740,-0.78642,-0.21033,-1.47164,-0.63579,0.30031,
1413394901205760512,-1.69813,1.80823,0.49895,0.58073,-0.12532,-0.78449,-0.17784,-1.43758,-0.78854,0.21522,
1413394901305760256,-1.83535,1.71745,0.51763,0.60084,-0.11269,-0.77981,-0.13483,-1.37370,-0.91469,0.12423,
1413394901405760512,-1.96394,1.61891,0.52977,0.61943,-0.10479,-0.77297,-0.08861,-1.28336,-0.96017,0.07856,
1413394901505760512,-2.07980,1.51818,0.53599,0.63748,-0.09283,-0.76300,-0.05325,-1.13103,-0.95092,-0.01870,
1413394901605760512,-2.18122,1.42028,0.53161,0.63873,-0.07596,-0.76515,-0.02827,-0.97561,-0.93290,-0.14582,
1413394901705760512,-2.26543,1.32407,0.51648,0.62571,-0.04829,-0.77841,-0.01504,-0.82832,-0.91063,-0.22827,
1413394901805760256,-2.33432,1.22893,0.49915,0.61672,-0.00938,-0.78707,-0.00988,-0.69218,-0.90030,-0.17434,
1413394901905760512,-2.39019,1.13083,0.48940,0.61616,0.03438,-0.78687,-0.00181,-0.57871,-0.93879,-0.09131,
1413394902005760512,-2.42665,1.02667,0.49054,0.61657,0.07399,-0.78369,0.01407,-0.44280,-0.98755,-0.02752,
1413394902105760512,-2.45052,0.91965,0.49829,0.61516,0.10662,-0.78035,0.03551,-0.30665,-1.04636,0.05047,
1413394902205760512,-2.47018,0.81108,0.50392,0.61495,0.13384,-0.77493,0.05838,-0.18892,-1.08048,-0.00352,
1413394902305760256,-2.48040,0.69914,0.50187,0.61943,0.15881,-0.76464,0.08009,-0.07306,-1.10422,-0.05470,
1413394902405760512,-2.47970,0.58577,0.49426,0.62873,0.18071,-0.74993,0.09820,0.07665,-1.10727,-0.10089,
1413394902505760512,-2.46662,0.47230,0.48201,0.62650,0.18793,-0.74509,0.13045,0.24186,-1.08349,-0.10728,
1413394902605760512,-2.43970,0.36242,0.47208,0.61731,0.18105,-0.74657,0.16966,0.38484,-1.00298,-0.10935,
1413394902705760512,-2.40381,0.26172,0.46437,0.60017,0.16935,-0.75494,0.20295,0.43500,-0.86287,-0.06237,
1413394902805760256,-2.36576,0.17367,0.45828,0.58355,0.15908,-0.76437,0.22340,0.45207,-0.68871,-0.04333,
1413394902905760512,-2.32615,0.10215,0.45395,0.57126,0.15944,-0.77430,0.22068,0.44343,-0.50032,-0.05267,
1413394903055760384,-2.26281,0.03057,0.43515,0.56297,0.16073,-0.78541,0.20092,0.41614,-0.27381,-0.21313,
1413394903255760384,-2.18378,-0.00661,0.36472,0.52843,0.13474,-0.81902,0.17836,0.33261,-0.04983,-0.46703,
1413394903455760384,-2.13926,-0.00825,0.28137,0.54321,0.11185,-0.82168,0.13138,0.11278,0.10920,-0.32472,
1413394903605760512,-2.13200,0.00791,0.25118,0.56848,0.10185,-0.80937,0.10665,0.01775,0.16769,-0.12418,
1413394903705760512,-2.13262,0.02299,0.25197,0.57766,0.10047,-0.80472,0.09295,0.00837,0.19102,0.04657,
1413394903805760256,-2.13798,0.04344,0.26984,0.58133,0.10276,-0.80310,0.08079,0.02513,0.19280,0.18752,
1413394903905760512,-2.14176,0.06384,0.29553,0.58151,0.11138,-0.80346,0.06230,0.03782,0.18531,0.18795,
1413394904005760512,-2.14102,0.08202,0.31210,0.57952,0.10631,-0.80645,0.04998,0.05768,0.15366,0.07674,
1413394904105760512,-2.13967,0.09705,0.31792,0.57118,0.08091,-0.81531,0.04976,0.05805,0.13706,-0.01424,
1413394904205760512,-2.13929,0.11162,0.31462,0.55921,0.04804,-0.82632,0.04650,0.02349,0.14448,-0.09564,
1413394904305760256,-2.14603,0.12838,0.30296,0.54562,0.01562,-0.83728,0.03197,-0.05269,0.18170,-0.17985,
1413394904405760512,-2.15988,0.14949,0.28373,0.53503,-0.01899,-0.84456,0.00981,-0.14727,0.21411,-0.24666,
1413394904505760512,-2.18474,0.17292,0.26019,0.53276,-0.05250,-0.84438,-0.02060,-0.26711,0.25734,-0.22291,
1413394904605760512,-2.21696,0.19876,0.24009,0.54535,-0.08761,-0.83199,-0.05215,-0.33473,0.26110,-0.17973,
1413394904705760512,-2.25518,0.22509,0.22451,0.55972,-0.12441,-0.81533,-0.08049,-0.40407,0.27426,-0.13064,
1413394904805760256,-2.29737,0.25266,0.21173,0.56807,-0.15818,-0.80008,-0.11022,-0.40678,0.26539,-0.10263,
1413394904905760512,-2.33874,0.27861,0.20297,0.57557,-0.19104,-0.78263,-0.14039,-0.38921,0.24542,-0.05019,
1413394905005760512,-2.37618,0.30193,0.19857,0.59009,-0.22236,-0.75735,-0.16964,-0.32634,0.20165,-0.00366,
1413394905105760512,-2.40496,0.31963,0.19754,0.60488,-0.25386,-0.72929,-0.19445,-0.21753,0.12660,0.01883,
1413394905205760512,-2.42082,0.32937,0.19575,0.60204,-0.28952,-0.71499,-0.20621,-0.07403,0.03402,-0.04064,
1413394905305760256,-2.42361,0.33132,0.18845,0.56670,-0.33004,-0.72772,-0.20088,0.03023,-0.02083,-0.09238,
1413394905405760512,-2.41922,0.33208,0.17935,0.50936,-0.36566,-0.75690,-0.18426,0.06620,0.02006,-0.07796,
1413394905505760512,-2.41615,0.34418,0.17421,-0.45517,0.38764,0.78290,0.17214,0.00869,0.20617,-0.01654,
1413394905605760512,-2.42328,0.37902,0.17553,-0.42092,0.39539,0.79834,0.17070,-0.14271,0.48795,0.09338,
1413394905705760512,-2.45060,0.44398,0.19186,-0.44128,0.37736,0.78894,0.20111,-0.34199,0.73101,0.21716,
1413394905805760256,-2.49450,0.52525,0.21702,-0.49891,0.35100,0.75587,0.23781,-0.43559,0.81610,0.27658,
1413394905905760512,-2.53829,0.60553,0.24470,0.56208,-0.32283,-0.71284,-0.26775,-0.42498,0.73635,0.27291,
1413394906005760512,-2.57542,0.67154,0.27231,0.61015,-0.30236,-0.67580,-0.28212,-0.31629,0.55090,0.26409,
1413394906105760512,-2.59740,0.71577,0.29983,0.64474,-0.29387,-0.64818,-0.27894,-0.11122,0.32040,0.27550,
1413394906205760512,-2.59614,0.73780,0.32962,0.65422,-0.30706,-0.64174,-0.25668,0.15109,0.10569,0.30171,
1413394906305760256,-2.56868,0.74096,0.35806,0.62238,-0.33661,-0.66812,-0.23010,0.41152,-0.03741,0.26673,
1413394906405760512,-2.51994,0.73118,0.38209,0.57244,-0.36748,-0.70010,-0.21710,0.58408,-0.07978,0.18539,
1413394906505760512,-2.45751,0.72495,0.39619,0.50655,-0.39245,-0.73486,-0.22219,0.66575,-0.02596,0.12285,
1413394906605760512,-2.39295,0.72736,0.40310,-0.45037,0.41668,0.75485,0.23181,0.61784,0.09991,0.06687,
1413394906705760512,-2.33667,0.74456,0.40623,-0.42881,0.43256,0.75056,0.25626,0.48466,0.25974,0.06138,
1413394906805760256,-2.29317,0.77494,0.41024,-0.45421,0.43547,0.71777,0.29810,0.38324,0.36581,0.04536,
1413394906905760512,-2.25813,0.80890,0.40962,-0.49721,0.42620,0.67210,0.34556,0.32281,0.32608,0.01482,
1413394907005760512,-2.22728,0.83269,0.40920,0.54016,-0.41049,-0.62479,-0.38648,0.29941,0.13131,0.01506,
1413394907105760512,-2.19448,0.83126,0.41167,0.57750,-0.39809,-0.58398,-0.40863,0.36114,-0.16737,0.03258,
1413394907205760512,-2.15532,0.79563,0.41247,0.57795,-0.40963,-0.58140,-0.40018,0.45540,-0.52620,-0.04451,
1413394907305760256,-2.10792,0.73028,0.40368,0.54322,-0.44177,-0.61202,-0.36767,0.54184,-0.78573,-0.06210,
1413394907405760512,-2.06874,0.64993,0.37930,-0.49549,0.48774,0.64692,0.31321,0.57802,-0.88760,-0.14020,
1413394907505760512,-2.00883,0.56592,0.35940,-0.46209,0.54268,0.65700,0.24558,0.66050,-0.78596,-0.19525,
1413394907605760512,-1.93564,0.49942,0.33633,-0.43422,0.58339,0.65459,0.20643,0.79558,-0.52088,-0.20700,
1413394907705760512,-1.84636,0.46702,0.31492,-0.41329,0.59339,0.65411,0.22188,0.94576,-0.13452,-0.14312,
1413394907805760256,-1.74746,0.47204,0.30039,-0.42028,0.56350,0.64741,0.29442,0.98775,0.10806,-0.13616,
1413394907905760512,-1.65176,0.48826,0.28013,-0.44711,0.51950,0.62658,0.37096,0.94014,0.14593,-0.23824,
1413394908005760512,-1.56233,0.49402,0.24904,-0.47384,0.48549,0.60388,0.41846,0.88262,0.02775,-0.32397,
1413394908105760512,-1.47614,0.49280,0.20921,-0.48183,0.47360,0.59943,0.42922,0.82910,-0.13473,-0.45001,
1413394908205760512,-1.39452,0.47436,0.16036,-0.45335,0.49241,0.62384,0.40353,0.76958,-0.27053,-0.50193,
1413394908305760256,-1.31605,0.45194,0.11269,-0.41088,0.51477,0.65668,0.36737,0.69181,-0.29269,-0.46205,
1413394908405760512,-1.25064,0.42951,0.07168,-0.37797,0.53443,0.67929,0.33180,0.58420,-0.18534,-0.34739,
1413394908505760512,-1.19737,0.42699,0.04598,-0.36424,0.55167,0.68773,0.30002,0.47122,0.05156,-0.17103,
1413394908605760512,-1.15178,0.45585,0.04906,-0.38001,0.54108,0.68365,0.30895,0.38329,0.37086,0.14745,
1413394908705760512,-1.12167,0.51194,0.08000,-0.42672,0.50601,0.66168,0.35220,0.30829,0.44196,0.32895,
1413394908805760256,-1.12272,0.57554,0.12956,-0.47408,0.46789,0.63273,0.39494,0.21858,0.35691,0.42482,
1413394908905760512,-1.11471,0.61820,0.18363,0.51410,-0.43995,-0.60457,-0.42028,0.18316,0.13386,0.52624,
1413394909005760512,-1.10435,0.63653,0.24503,0.54813,-0.42862,-0.58115,-0.42201,0.18532,-0.10919,0.59087,
1413394909105760512,-1.09008,0.63575,0.30194,0.54219,-0.44759,-0.59218,-0.39371,0.23195,-0.30475,0.54811,
1413394909205760512,-1.07306,0.61755,0.35165,0.50530,-0.48248,-0.62116,-0.35504,0.30903,-0.43461,0.44954,
1413394909305760256,-1.04170,0.58643,0.39164,-0.45444,0.51983,0.64671,0.32409,0.36719,-0.44248,0.37488,
1413394909405760512,-1.00463,0.57422,0.42344,-0.42223,0.55478,0.64802,0.30661,0.39480,-0.30056,0.33498,
1413394909505760512,-0.96611,0.58024,0.45087,-0.41799,0.57678,0.62644,0.31653,0.42700,-0.10416,0.32013,
1413394909605760512,-0.92573,0.60021,0.47872,-0.43695,0.58650,0.59031,0.34150,0.47622,0.03434,0.33371,
1413394909705760512,-0.88000,0.62988,0.50897,-0.45697,0.58466,0.55778,0.37180,0.55924,0.09007,0.37000,
1413394909805760256,-0.82448,0.64987,0.54315,-0.47310,0.56500,0.53301,0.41575,0.63176,0.02874,0.42430,
1413394909905760512,-0.76275,0.65703,0.57905,-0.48458,0.54254,0.51551,0.45286,0.65793,-0.12327,0.37204,
1413394910005760512,-0.69460,0.64633,0.60416,-0.46519,0.54212,0.52950,0.45752,0.67778,-0.31529,0.29121,
1413394910105760512,-0.62937,0.61616,0.61589,-0.42516,0.56090,0.56071,0.43616,0.64679,-0.40206,0.18269,
1413394910205760512,-0.57198,0.58028,0.61563,-0.38884,0.58646,0.58703,0.40033,0.59480,-0.39768,0.07832,
1413394910305760256,-0.52030,0.54929,0.60836,-0.35979,0.60780,0.60677,0.36464,0.55298,-0.28181,0.00264,
1413394910405760512,-0.47105,0.53379,0.59580,-0.34335,0.62096,0.61792,0.33867,0.52468,-0.10453,-0.11428,
1413394910505760512,-0.42221,0.53848,0.57924,-0.34255,0.61990,0.62108,0.33563,0.50393,0.17207,-0.08741,
1413394910605760512,-0.37011,0.56536,0.56867,-0.37592,0.59277,0.60624,0.37387,0.48696,0.35771,-0.07240,
1413394910705760512,-0.32381,0.60302,0.55958,-0.42775,0.55559,0.57515,0.42137,0.44884,0.37366,-0.08378,
1413394910805760256,-0.27764,0.63037,0.54907,-0.47335,0.52761,0.54374,0.44935,0.43089,0.21562,-0.12292,
1413394910905760512,-0.23083,0.63717,0.53482,0.50130,-0.51464,-0.52499,-0.45632,0.45252,-0.01825,-0.14050,
1413394911005760512,-0.18255,0.61919,0.51930,0.51754,-0.51400,-0.51686,-0.44813,0.49189,-0.28532,-0.19332,
1413394911105760512,-0.12680,0.57623,0.49659,-0.49215,0.53294,0.54224,0.42397,0.57493,-0.52769,-0.26229,
1413394911205760512,-0.06397,0.51678,0.46940,-0.43676,0.55769,0.58477,0.39530,0.61184,-0.62395,-0.28763,
1413394911305760256,0.00033,0.45381,0.43946,-0.38948,0.57922,0.61493,0.36699,0.61260,-0.58015,-0.33297,
1413394911405760512,0.06446,0.40479,0.40500,-0.35652,0.59465,0.63088,0.34825,0.57636,-0.40464,-0.35418,
1413394911505760512,0.12384,0.37590,0.36565,-0.34200,0.60123,0.63599,0.34216,0.52775,-0.19280,-0.40882,
1413394911605760512,0.17616,0.37026,0.32436,-0.35373,0.59693,0.62434,0.35881,0.47352,0.02769,-0.39270,
1413394911705760512,0.22175,0.38582,0.28666,-0.39094,0.57665,0.59503,0.40072,0.41506,0.15915,-0.31054,
1413394911805760256,0.26053,0.40167,0.25682,-0.43212,0.54837,0.56096,0.44485,0.36468,0.07353,-0.21275,
1413394911905760512,0.29568,0.40064,0.23447,-0.45733,0.52894,0.53643,0.47256,0.29263,-0.14026,-0.14068,
1413394912005760512,0.32590,0.37862,0.21654,-0.44495,0.53818,0.54235,0.46716,0.24979,-0.31517,-0.13044,
1413394912105760512,0.34864,0.34270,0.20665,-0.40718,0.56953,0.56722,0.43371,0.18757,-0.42284,-0.03630,
1413394912205760512,0.36544,0.30434,0.20242,-0.36714,0.60013,0.58551,0.40279,0.14658,-0.40058,0.00139,
1413394912305760256,0.37687,0.27424,0.20657,-0.33813,0.62236,0.58875,0.38949,0.09957,-0.25364,0.06724,
1413394912405760512,0.38433,0.26089,0.21465,-0.32181,0.64096,0.57828,0.38885,0.07151,-0.04824,0.08026,
1413394912505760512,0.38768,0.27507,0.23157,-0.31884,0.65775,0.55528,0.39670,0.05083,0.16128,0.15425,
1413394912605760512,0.38272,0.31390,0.25733,-0.33037,0.66708,0.52165,0.41682,0.04844,0.31326,0.21149,
1413394912705760512,0.38648,0.35358,0.28121,-0.34398,0.67331,0.48554,0.43884,0.07298,0.39389,0.24004,
1413394912805760256,0.39566,0.39767,0.30629,-0.34903,0.68098,0.45733,0.45309,0.10023,0.42084,0.23315,
1413394912905760512,0.40759,0.44183,0.33071,-0.34625,0.68611,0.44284,0.46179,0.13946,0.42611,0.23988,
1413394913005760512,0.42283,0.48534,0.35477,-0.32929,0.68518,0.44400,0.47430,0.15274,0.42809,0.24045,
1413394913105760512,0.43845,0.52839,0.37892,-0.31544,0.68198,0.44741,0.48501,0.13442,0.43713,0.24926,
1413394913205760512,0.44933,0.57327,0.40354,-0.31124,0.67723,0.45329,0.48889,0.07983,0.46116,0.25818,
1413394913305760256,0.45322,0.61943,0.43008,-0.31953,0.66589,0.46430,0.48880,0.00027,0.47773,0.28317,
1413394913405760512,0.45177,0.66783,0.45778,-0.33629,0.64655,0.48122,0.48714,-0.07408,0.48810,0.25748,
1413394913505760512,0.44233,0.71366,0.47682,-0.35179,0.62188,0.50803,0.48105,-0.14149,0.45635,0.14656,
1413394913605760512,0.42547,0.75744,0.48378,-0.36159,0.59081,0.54256,0.47521,-0.23970,0.42172,0.04477,
1413394913705760512,0.39665,0.79537,0.47575,-0.36949,0.56058,0.57925,0.46227,-0.34915,0.37939,-0.10696,
1413394913805760256,0.35665,0.82807,0.45155,-0.38214,0.53900,0.61255,0.43386,-0.46935,0.35125,-0.25205,
1413394913905760512,0.30504,0.86178,0.41539,-0.40375,0.52345,0.63655,0.39723,-0.56612,0.35658,-0.35147,
1413394914005760512,0.24531,0.90061,0.37250,-0.42984,0.50573,0.65338,0.36411,-0.61841,0.36546,-0.42633,
1413394914105760512,0.18062,0.94312,0.32540,-0.45049,0.48106,0.67031,0.34106,-0.67204,0.39055,-0.41352,
1413394914205760512,0.11229,0.98866,0.28736,-0.46418,0.44730,0.69028,0.32858,-0.71486,0.41360,-0.26435,
1413394914305760256,0.03826,1.03371,0.26516,-0.47505,0.41137,0.71051,0.31669,-0.77914,0.40366,-0.12049,
1413394914405760512,-0.04370,1.07752,0.25865,-0.48473,0.37566,0.72863,0.30498,-0.87177,0.37606,0.04056,
1413394914505760512,-0.13504,1.11795,0.26705,-0.49477,0.34407,0.74262,0.29214,-0.97191,0.36548,0.18573,
1413394914605760512,-0.23584,1.15265,0.28172,0.50673,-0.32780,-0.75032,-0.26979,-1.02632,0.29955,0.14866,
1413394914705760512,-0.34237,1.18334,0.28817,0.51949,-0.31815,-0.75396,-0.24588,-1.06936,0.27067,0.04686,
1413394914805760256,-0.45184,1.20859,0.28540,0.53044,-0.30770,-0.75727,-0.22471,-1.09762,0.24077,-0.05572,
1413394914905760512,-0.56216,1.22986,0.27328,0.53636,-0.29051,-0.76285,-0.21444,-1.10442,0.21809,-0.15205,
1413394915005760512,-0.67104,1.24411,0.24906,0.54213,-0.26653,-0.76817,-0.21206,-1.11041,0.15535,-0.28069,
1413394915105760512,-0.77847,1.24538,0.21864,0.54894,-0.23344,-0.77361,-0.21378,-1.13195,0.04429,-0.28887,
1413394915205760512,-0.88785,1.23569,0.18993,0.55017,-0.19655,-0.78353,-0.21157,-1.16791,-0.08065,-0.24639,
1413394915305760256,-1.00059,1.21201,0.16533,0.55276,-0.15890,-0.79227,-0.20376,-1.18359,-0.25883,-0.21939,
1413394915405760512,-1.11502,1.17105,0.14413,0.55920,-0.12330,-0.79707,-0.19177,-1.21780,-0.45188,-0.17837,
1413394915505760512,-1.23321,1.11201,0.12720,0.56793,-0.08951,-0.79887,-0.17677,-1.22608,-0.66228,-0.14383,
1413394915605760512,-1.35426,1.03300,0.11377,0.58688,-0.06532,-0.79491,-0.13937,-1.21751,-0.86652,-0.12704,
1413394915705760512,-1.47123,0.93593,0.10153,0.60684,-0.04743,-0.78892,-0.08430,-1.14720,-1.02324,-0.11935,
1413394915805760256,-1.57985,0.82922,0.09290,0.62338,-0.01979,-0.78075,-0.03792,-1.01621,-1.08662,-0.05786,
1413394915905760512,-1.67644,0.71937,0.08980,0.63974,0.01461,-0.76845,-0.00262,-0.86561,-1.11034,-0.02542,
1413394916005760512,-1.75820,0.60952,0.08950,0.64606,0.04753,-0.76133,0.02691,-0.69336,-1.10625,-0.02164,
1413394916105760512,-1.81834,0.50000,0.09327,0.64773,0.07455,-0.75627,0.05422,-0.50319,-1.08141,0.02706,
1413394916205760512,-1.86293,0.39314,0.09554,0.63222,0.09919,-0.76477,0.07471,-0.31991,-1.04694,0.00927,
1413394916305760256,-1.89371,0.28765,0.09704,0.60656,0.12360,-0.78004,0.09141,-0.21944,-1.03841,0.03811,
1413394916405760512,-1.91567,0.18408,0.09882,0.58321,0.13845,-0.79099,0.12262,-0.16107,-1.01284,-0.00676,
1413394916505760512,-1.93217,0.08449,0.09304,0.56134,0.14429,-0.79749,0.16763,-0.15823,-0.94755,-0.09102,
1413394916605760512,-1.95318,-0.00958,0.07922,0.55062,0.14481,-0.79167,0.22161,-0.21123,-0.84520,-0.18122,
1413394916705760512,-1.97640,-0.08412,0.05462,0.53923,0.15848,-0.78241,0.26822,-0.26979,-0.66067,-0.29688,
1413394916855760640,-2.02390,-0.15748,-0.00203,0.51721,0.22349,-0.77338,0.29056,-0.39402,-0.35197,-0.45811,
1413394917055760384,-2.12165,-0.21066,-0.11045,-0.49348,-0.33445,0.75171,-0.28204,-0.57171,-0.15324,-0.54896,
1413394917255760384,-2.24149,-0.25111,-0.21784,-0.46674,-0.43778,0.71636,-0.27809,-0.63120,-0.23489,-0.48542,
1413394917455760384,-2.36830,-0.31863,-0.31070,-0.44450,-0.49375,0.68797,-0.29211,-0.63621,-0.44262,-0.42924,
1413394917655760640,-2.49712,-0.43902,-0.38615,-0.46213,-0.51837,0.65599,-0.29563,-0.59070,-0.74435,-0.32447,
1413394917855760640,-2.59964,-0.61321,-0.42178,-0.48777,-0.53034,0.63277,-0.28359,-0.34857,-0.97851,-0.07875,
1413394918055760384,-2.63117,-0.82568,-0.43269,-0.48848,-0.55094,0.61469,-0.28286,0.03254,-1.16739,-0.16320,
1413394918255760384,-2.59094,-1.06672,-0.46602,-0.44128,-0.54661,0.62230,-0.34529,0.28293,-1.28320,-0.18079,
1413394918455760384,-2.53250,-1.32471,-0.49536,-0.37647,-0.54230,0.63233,-0.40538,0.22691,-1.35194,-0.12841,
1413394918655760640,-2.51059,-1.59978,-0.50949,-0.36138,-0.57157,0.59878,-0.42915,-0.00437,-1.42875,-0.05105,
1413394918855760640,-2.52146,-1.88055,-0.51145,0.38081,0.61571,-0.53975,0.42961,-0.09003,-1.42695,0.04973,
1413394919055760384,-2.53102,-2.15256,-0.47627,0.39426,0.62695,-0.48860,0.46126,0.03016,-1.27535,0.33052,
1413394919255760384,-2.52129,-2.37303,-0.37485,0.37216,0.63426,-0.44993,0.50673,0.06412,-0.95380,0.63557,
1413394919455760384,-2.51032,-2.52388,-0.23643,0.37074,0.66081,-0.38365,0.52791,0.05975,-0.57522,0.70866,
1413394919655760640,-2.48463,-2.59083,-0.10797,0.32810,0.71663,-0.34858,0.50723,0.16321,-0.19654,0.53891,
1413394919855760640,-2.43454,-2.61903,-0.01953,0.23693,0.75542,-0.34583,0.50359,0.29708,-0.10457,0.33981,
1413394920055760384,-2.36360,-2.66734,0.03486,0.17228,0.78900,-0.30352,0.50565,0.41351,-0.22218,0.15229,
1413394920255760384,-2.26681,-2.73279,0.04075,0.12471,0.81902,-0.23526,0.50824,0.55074,-0.36610,-0.07921,
1413394920455760384,-2.14042,-2.81913,0.01198,0.11455,0.82814,-0.15155,0.52734,0.73640,-0.42370,-0.10298,
1413394920655760640,-1.98176,-2.89631,-0.01397,0.12656,0.82656,-0.08271,0.54216,0.88516,-0.29521,-0.03873,
1413394920855760640,-1.79717,-2.92796,-0.04126,0.12417,0.83069,-0.06437,0.53888,0.99912,-0.00758,-0.09924,
1413394921055760384,-1.57466,-2.91385,-0.06978,0.10349,0.83299,-0.08632,0.53662,1.17169,0.19740,-0.22262,
1413394921255760384,-1.32104,-2.87632,-0.12296,0.07017,0.81792,-0.13083,0.55584,1.26481,0.23053,-0.38573,
1413394921455760384,-1.05409,-2.85586,-0.21947,0.00699,0.80944,-0.20091,0.55172,1.28366,-0.00762,-0.57036,
1413394921655760640,-0.79851,-2.90359,-0.33807,0.05396,0.81456,-0.18669,0.54656,1.29396,-0.41352,-0.56831,
1413394921855760640,-0.54463,-2.98951,-0.44912,0.12010,0.80200,-0.13786,0.56865,1.32350,-0.40284,-0.47610,
1413394922055760384,-0.29159,-3.05351,-0.53018,0.07773,0.77520,-0.11354,0.61655,1.19129,-0.27524,-0.25437,
1413394922255760384,-0.08612,-3.10647,-0.55241,0.03924,0.79222,-0.05730,0.60627,0.91087,-0.24388,0.04302,
1413394922455760384,0.08996,-3.15471,-0.50945,0.04248,0.81831,0.00998,0.57311,0.86701,-0.15508,0.48617,
1413394922655760640,0.27638,-3.17530,-0.40442,0.00458,0.82369,0.01606,0.56679,0.89527,-0.02059,0.61119,
1413394922855760640,0.48154,-3.18348,-0.29700,-0.01923,0.83436,0.01078,0.55078,0.97407,-0.01910,0.61036,
1413394923055760384,0.68239,-3.18875,-0.18723,-0.01973,0.84272,0.01100,0.53788,1.10595,-0.03925,0.47958,
1413394923255760384,0.90789,-3.19167,-0.10432,0.00370,0.83354,0.02441,0.55191,1.25535,-0.00782,0.45863,
1413394923455760384,1.15418,-3.17614,-0.02789,-0.00207,0.83153,0.02706,0.55481,1.29515,0.14165,0.42292,
1413394923655760640,1.42090,-3.13845,0.04333,-0.02788,0.83751,0.05537,0.54289,1.42591,0.22938,0.38310,
1413394923855760640,1.71145,-3.08448,0.08940,-0.04575,0.81990,0.11556,0.55885,1.47589,0.34678,0.15174,
1413394924055760384,1.99847,-3.00325,0.09184,-0.08105,0.80211,0.17074,0.56647,1.41582,0.48126,-0.04577,
1413394924255760384,2.25960,-2.89551,0.08358,-0.14361,0.79053,0.21169,0.55645,1.30867,0.57698,-0.00647,
1413394924455760384,2.51110,-2.77963,0.08729,-0.20168,0.77608,0.25726,0.53930,1.28823,0.55467,0.05252,
1413394924655760640,2.76170,-2.67114,0.09883,-0.23206,0.75063,0.31983,0.52953,1.24829,0.53278,0.09418,
1413394924855760640,3.00997,-2.56212,0.12298,-0.25157,0.70808,0.38788,0.53375,1.14336,0.55035,0.16312,
1413394924955760384,3.12546,-2.50714,0.13709,-0.25631,0.68233,0.41694,0.54304,1.03780,0.54425,0.18835,
1413394925055760384,3.22832,-2.45258,0.15410,-0.25515,0.66054,0.43914,0.55294,0.87768,0.53525,0.18060,
1413394925155760640,3.30903,-2.39800,0.16875,-0.25418,0.65564,0.45814,0.54372,0.66589,0.56221,0.17531,
1413394925255760384,3.35921,-2.34023,0.18714,-0.25005,0.65131,0.47907,0.53270,0.46511,0.59792,0.19094,
1413394925355760640,3.39020,-2.27702,0.20677,-0.24722,0.64509,0.49529,0.52672,0.28057,0.66732,0.14014,
1413394925455760384,3.39478,-2.20807,0.21541,-0.25539,0.64502,0.49853,0.51980,0.09213,0.74360,0.02996,
1413394925555760384,3.38813,-2.13179,0.21372,-0.26713,0.64849,0.49561,0.51232,-0.06768,0.81407,-0.07637,
1413394925655760640,3.36384,-2.05121,0.20360,-0.27834,0.65124,0.49323,0.50512,-0.21592,0.85239,-0.17035,
1413394925755760384,3.33511,-1.96359,0.18941,-0.30077,0.66161,0.48061,0.49074,-0.32228,0.89467,-0.16890,
1413394925855760640,3.30019,-1.87383,0.17687,-0.31712,0.67061,0.46923,0.47910,-0.37215,0.92094,-0.13733,
1413394925955760384,3.26214,-1.78132,0.16644,-0.32610,0.67412,0.46557,0.47166,-0.38194,0.93416,-0.10517,
1413394926055760384,3.22249,-1.68512,0.15887,-0.32485,0.67040,0.47348,0.46994,-0.39544,0.96303,-0.09347,
1413394926155760640,3.18322,-1.58603,0.15122,-0.31698,0.66414,0.48555,0.47189,-0.41286,0.97481,-0.08934,
1413394926255760384,3.14187,-1.48337,0.14520,-0.30974,0.65908,0.49582,0.47312,-0.45733,1.01540,-0.07418,
1413394926355760640,3.09440,-1.37889,0.13866,-0.31266,0.66332,0.49707,0.46386,-0.50738,1.06180,-0.08321,
1413394926455760384,3.04322,-1.26768,0.13285,-0.31633,0.66823,0.49759,0.45366,-0.53111,1.13702,-0.05757,
1413394926555760384,2.99018,-1.14728,0.12935,-0.32770,0.66583,0.50111,0.44516,-0.55448,1.21664,-0.03535,
1413394926655760640,2.93513,-1.02082,0.12774,-0.35090,0.65774,0.50785,0.43166,-0.55904,1.27417,-0.02400,
1413394926755760384,2.88157,-0.89068,0.12652,-0.38580,0.64798,0.51415,0.40857,-0.52677,1.29934,-0.00566,
1413394926855760640,2.83382,-0.76108,0.12786,-0.42269,0.63749,0.52128,0.37843,-0.42545,1.29309,0.00684,
1413394926955760384,2.79984,-0.63231,0.12788,-0.45019,0.62384,0.53295,0.35231,-0.26238,1.29737,-0.03778,
1413394927055760384,2.78593,-0.50281,0.12081,-0.46212,0.60628,0.54929,0.34228,-0.06327,1.32169,-0.11073,
1413394927155760640,2.78809,-0.37498,0.10423,-0.45201,0.57934,0.57610,0.35800,0.07916,1.30735,-0.19616,
1413394927255760384,2.80396,-0.25165,0.08568,-0.43922,0.55460,0.59797,0.37675,0.15380,1.30827,-0.11810,
1413394927355760640,2.82589,-0.13492,0.07646,-0.42868,0.54190,0.61203,0.38470,0.16137,1.26977,0.00420,
1413394927455760384,2.84505,-0.01580,0.07864,-0.42535,0.54077,0.61772,0.38088,0.14003,1.27085,0.12024,
1413394927555760384,2.85810,0.11031,0.09512,-0.42409,0.54503,0.61938,0.37344,0.10719,1.25914,0.25103,
1413394927655760640,2.86656,0.23039,0.12725,-0.42592,0.54688,0.61835,0.37034,0.08135,1.25215,0.32395,
1413394927755760384,2.87345,0.35746,0.16325,-0.42843,0.54507,0.61940,0.36836,0.06472,1.27424,0.34842,
1413394927855760640,2.87873,0.48383,0.19364,-0.42913,0.53889,0.62167,0.37279,0.04774,1.28130,0.24950,
1413394927955760384,2.88200,0.60571,0.21093,-0.42926,0.53750,0.62325,0.37201,0.01996,1.28647,0.13945,
1413394928055760384,2.88313,0.72785,0.21907,-0.43080,0.53335,0.62347,0.37581,0.00567,1.27356,0.04916,
1413394928155760640,2.88165,0.84785,0.22214,-0.43067,0.52103,0.62441,0.39137,-0.03261,1.25686,-0.01548,
1413394928255760384,2.87575,0.96634,0.22030,-0.43550,0.50739,0.62091,0.40911,-0.10496,1.21434,-0.02373,
1413394928355760640,2.86330,1.07464,0.21945,-0.44108,0.49855,0.61556,0.42188,-0.18226,1.10873,-0.00150,
1413394928455760384,2.84231,1.16855,0.21968,-0.44730,0.50423,0.61040,0.41603,-0.25054,0.97679,-0.00199,
1413394928555760384,2.81663,1.25376,0.22140,-0.45308,0.51705,0.60540,0.40109,-0.28650,0.87243,0.02469,
1413394928655760640,2.78903,1.33760,0.22412,-0.45439,0.52667,0.60289,0.39074,-0.29448,0.81253,0.04832,
1413394928755760384,2.76129,1.41547,0.22968,-0.45252,0.53127,0.60223,0.38769,-0.28953,0.75906,0.05135,
1413394928855760640,2.73152,1.48654,0.23283,-0.44758,0.53122,0.60371,0.39117,-0.28166,0.71575,-0.01571,
1413394928955760384,2.70139,1.55125,0.22635,-0.44094,0.52834,0.60663,0.39804,-0.30412,0.68911,-0.12768,
1413394929055760384,2.66862,1.61240,0.20967,-0.44066,0.52830,0.60551,0.40009,-0.33993,0.61323,-0.18853,
1413394929155760640,2.63421,1.66422,0.18899,-0.44832,0.52508,0.59914,0.40538,-0.36630,0.55068,-0.17904,
1413394929255760384,2.59890,1.71879,0.16987,-0.45831,0.52421,0.59151,0.40653,-0.37234,0.47083,-0.15690,
1413394929355760640,2.56404,1.75586,0.15395,-0.46936,0.52744,0.58354,0.40123,-0.35185,0.36722,-0.13716,
1413394929455760384,2.53163,1.78775,0.14462,-0.47126,0.53286,0.58209,0.39389,-0.31587,0.28392,-0.09552,
1413394929555760384,2.50383,1.81135,0.13648,-0.46128,0.54344,0.58950,0.37997,-0.26399,0.22241,-0.08467,
1413394929655760640,2.47962,1.83123,0.13018,-0.44740,0.55139,0.59875,0.37054,-0.21687,0.20723,-0.03962,
1413394929755760384,2.46219,1.84951,0.12951,-0.43672,0.55138,0.60566,0.37206,-0.19602,0.22264,-0.05422,
1413394929855760640,2.44640,1.86501,0.12465,-0.43326,0.54838,0.60749,0.37751,-0.18641,0.23294,-0.13137,
1413394929955760384,2.42864,1.88257,0.10840,-0.43949,0.54320,0.60236,0.38594,-0.19200,0.21803,-0.20534,
1413394930055760384,2.41443,1.89329,0.08307,-0.44750,0.53550,0.59602,0.39716,-0.18503,0.15164,-0.31044,
1413394930155760640,2.40308,1.89868,0.05007,-0.45388,0.52814,0.59076,0.40751,-0.17341,0.08175,-0.29896,
1413394930255760384,2.38721,1.90292,0.02122,-0.46380,0.52009,0.58294,0.41783,-0.19044,-0.01699,-0.24331,
1413394930355760640,2.37016,1.89733,-0.00356,-0.47727,0.52266,0.57312,0.41300,-0.17202,-0.13370,-0.23799,
1413394930455760384,2.35675,1.87874,-0.03075,-0.46428,0.54455,0.58345,0.38404,-0.12798,-0.22118,-0.27380,
1413394930555760384,2.34960,1.85422,-0.06127,-0.43414,0.57382,0.60364,0.34332,-0.07255,-0.23335,-0.36776,
1413394930655760640,2.34775,1.83318,-0.10129,-0.40254,0.59893,0.62066,0.30663,-0.00132,-0.14222,-0.45836,
1413394930755760384,2.35163,1.83262,-0.14414,-0.37985,0.59907,0.63457,0.30682,0.04584,0.12303,-0.41482,
1413394930855760640,2.35791,1.85774,-0.18427,-0.38692,0.57820,0.63195,0.34149,0.04819,0.32420,-0.37707,
1413394930955760384,2.36373,1.89848,-0.21816,-0.41426,0.55218,0.61462,0.38176,0.01526,0.42480,-0.31027,
1413394931055760384,2.36432,1.94236,-0.24350,-0.43992,0.53178,0.59565,0.41095,-0.02702,0.41088,-0.18669,
1413394931155760640,2.36170,1.97807,-0.25787,-0.45141,0.52234,0.58577,0.42457,-0.05122,0.29173,-0.08901,
1413394931255760384,2.35517,2.00135,-0.25409,-0.45769,0.51864,0.57952,0.43093,-0.09430,0.16462,0.09087,
1413394931355760640,2.34376,2.01317,-0.22833,-0.46622,0.51360,0.57086,0.43927,-0.12327,0.06272,0.32531,
1413394931455760384,2.32919,2.00917,-0.19298,-0.46320,0.51963,0.57182,0.43412,-0.14094,-0.09218,0.29486,
1413394931555760384,2.31260,1.99313,-0.16728,-0.43951,0.53651,0.58785,0.41643,-0.16260,-0.19636,0.19411,
1413394931655760640,2.29504,1.97188,-0.15264,-0.42014,0.54454,0.60281,0.40444,-0.19941,-0.22261,0.12075,
1413394931755760384,2.26936,1.94511,-0.14405,-0.40599,0.53596,0.62173,0.40171,-0.27591,-0.21831,0.06864,
1413394931855760640,2.23498,1.91754,-0.14196,-0.40119,0.51636,0.64303,0.39866,-0.39540,-0.20891,-0.01070,
1413394931955760384,2.18877,1.88965,-0.14561,-0.41521,0.49908,0.65889,0.37998,-0.52828,-0.18033,-0.03810,
1413394932055760384,2.13131,1.86268,-0.14387,-0.44509,0.47610,0.66878,0.35772,-0.62543,-0.18578,0.08774,
1413394932155760640,2.06812,1.83430,-0.12576,-0.48286,0.44789,0.67483,0.33293,-0.67877,-0.21027,0.22637,
1413394932255760384,2.00249,1.80478,-0.09319,0.51864,-0.42194,-0.68008,-0.30079,-0.66597,-0.23646,0.34994,
1413394932355760640,1.94012,1.77418,-0.05248,0.54886,-0.39063,-0.68651,-0.27360,-0.59983,-0.26163,0.42780,
1413394932455760384,1.88559,1.74211,-0.01258,0.57224,-0.35298,-0.69399,-0.25751,-0.50342,-0.31491,0.35709,
1413394932555760384,1.83963,1.70439,0.01673,0.58936,-0.31565,-0.70235,-0.24436,-0.38827,-0.39181,0.24242,
1413394932655760640,1.80331,1.65756,0.03021,0.59826,-0.28211,-0.71405,-0.22942,-0.28459,-0.48157,0.10281,
1413394932755760384,1.77932,1.60539,0.03593,0.59705,-0.25437,-0.73122,-0.21012,-0.19116,-0.56899,0.08092,
1413394932855760640,1.76440,1.54601,0.04210,0.58319,-0.23495,-0.75529,-0.18500,-0.10954,-0.62698,0.08907,
1413394932955760384,1.75430,1.48251,0.04833,0.56771,-0.21927,-0.77715,-0.16019,-0.07721,-0.64669,0.06499,
1413394933055760384,1.74617,1.42084,0.05008,0.55910,-0.20312,-0.79195,-0.13774,-0.09498,-0.63026,0.00187,
1413394933155760640,1.73556,1.36094,0.04372,0.55725,-0.18226,-0.80119,-0.11975,-0.12436,-0.61294,-0.08018,
1413394933255760384,1.72210,1.30515,0.02885,0.56340,-0.15977,-0.80406,-0.10268,-0.13574,-0.59644,-0.18586,
1413394933355760640,1.70751,1.25101,0.00339,0.57097,-0.13523,-0.80477,-0.08971,-0.14324,-0.56641,-0.29440,
1413394933455760384,1.69265,1.19648,-0.03199,0.57767,-0.11285,-0.80476,-0.07701,-0.13640,-0.55822,-0.41531,
1413394933555760384,1.67783,1.13872,-0.07680,0.58240,-0.09277,-0.80510,-0.06342,-0.14301,-0.56011,-0.48773,
1413394933655760640,1.66285,1.08080,-0.12249,0.59081,-0.07246,-0.80204,-0.04911,-0.13199,-0.55507,-0.44167,
1413394933755760384,1.65074,1.02609,-0.16343,0.60302,-0.05339,-0.79514,-0.03572,-0.09481,-0.54685,-0.39029,
1413394933855760640,1.64467,0.97255,-0.20144,0.60923,-0.03878,-0.79164,-0.02534,-0.02988,-0.54125,-0.36604,
1413394933955760384,1.64479,0.91948,-0.23883,0.59998,-0.02280,-0.79955,-0.01515,0.03399,-0.54296,-0.36001,
1413394934055760384,1.64841,0.86500,-0.27246,0.58715,-0.00435,-0.80946,-0.00132,0.04688,-0.55373,-0.31272,
1413394934155760640,1.64977,0.80837,-0.29731,0.59171,0.01657,-0.80584,0.01520,0.02358,-0.56159,-0.23955,
1413394934255760384,1.65341,0.75390,-0.32453,0.60059,0.04015,-0.79785,0.03332,0.05411,-0.56087,-0.33592,
1413394934355760640,1.66229,0.69797,-0.36467,0.59758,0.06630,-0.79726,0.05362,0.09512,-0.55614,-0.46250,
1413394934455760384,1.67657,0.64195,-0.41630,0.58584,0.08735,-0.80183,0.07896,0.13714,-0.53424,-0.57599,
1413394934555760384,1.69233,0.59040,-0.47783,0.57746,0.10624,-0.80403,0.09370,0.12194,-0.49693,-0.65900,
1413394934655760640,1.70951,0.54093,-0.54014,0.57330,0.12453,-0.80383,0.09842,0.12360,-0.46135,-0.57429,
1413394934755760384,1.72954,0.49427,-0.59096,0.57271,0.13410,-0.80182,0.10541,0.18347,-0.42820,-0.46216,
1413394934855760640,1.75211,0.45225,-0.62547,0.57483,0.13850,-0.79889,0.11029,0.18850,-0.39516,-0.29725,
1413394934955760384,1.77194,0.41333,-0.64147,0.57601,0.14018,-0.79739,0.11284,0.17840,-0.37926,-0.10742,
1413394935055760384,1.78974,0.37958,-0.63841,0.58111,0.13815,-0.79367,0.11536,0.17302,-0.35349,0.03785,
1413394935155760640,1.80464,0.34961,-0.62647,0.58806,0.12906,-0.78991,0.11647,0.17707,-0.30676,0.03988,
1413394935255760384,1.82473,0.32003,-0.62288,0.59495,0.11782,-0.78723,0.11149,0.21516,-0.25808,-0.02699,
1413394935355760640,1.84741,0.29488,-0.62995,0.60401,0.10968,-0.78255,0.10369,0.25416,-0.21563,-0.11670,
1413394935455760384,1.87452,0.27301,-0.64879,0.60839,0.10475,-0.78098,0.09462,0.29866,-0.18718,-0.23838,
1413394935555760384,1.90361,0.25071,-0.68030,0.60117,0.10192,-0.78802,0.08508,0.35127,-0.17669,-0.33206,
1413394935655760640,1.94189,0.23200,-0.71262,0.59347,0.09924,-0.79495,0.07745,0.40146,-0.16697,-0.29642,
1413394935755760384,1.98237,0.21243,-0.73373,0.59166,0.09652,-0.79716,0.07186,0.43198,-0.16527,-0.15477,
1413394935855760640,2.02290,0.19445,-0.73817,0.59397,0.09359,-0.79600,0.06946,0.42413,-0.17740,0.01815,
1413394935955760384,2.06798,0.17854,-0.73715,0.59045,0.09082,-0.79910,0.06760,0.45855,-0.18380,-0.04959,
1413394936055760384,2.11508,0.16231,-0.74744,0.57611,0.09446,-0.80915,0.06669,0.48575,-0.19420,-0.19917,
1413394936205760512,2.18580,0.12996,-0.78517,0.54979,0.11862,-0.82300,0.07956,0.43076,-0.24876,-0.28909,
1413394936305760256,2.22908,0.10329,-0.81318,0.55322,0.14929,-0.81357,0.09879,0.40811,-0.30194,-0.30450,
1413394936505760512,2.31004,0.03630,-0.86491,0.56506,0.23717,-0.77526,0.15304,0.41267,-0.36301,-0.22257,
1413394936705760512,2.40097,-0.04213,-0.90225,0.54358,0.32567,-0.74627,0.20381,0.48135,-0.42086,-0.15318,
1413394936905760512,2.50472,-0.13004,-0.92730,0.51685,0.38689,-0.72338,0.24475,0.54588,-0.48072,-0.09702,
1413394937105760512,2.62225,-0.23526,-0.94968,-0.48475,-0.44850,0.69849,-0.27562,0.59413,-0.58568,-0.09687,
1413394937255760384,2.71398,-0.33001,-0.96690,-0.46116,-0.48609,0.67852,-0.30110,0.60744,-0.67083,-0.11204,
1413394937355760640,2.77188,-0.40152,-0.97603,-0.44321,-0.49838,0.67314,-0.31947,0.58615,-0.74530,-0.09175,
1413394937555760384,2.88031,-0.55960,-0.99021,-0.43355,-0.50809,0.66187,-0.34031,0.49561,-0.84698,-0.10101,
1413394937755760384,2.96795,-0.73684,-0.99842,-0.43764,-0.50278,0.65770,-0.35089,0.43245,-0.91525,-0.07030,
1413394937955760384,3.02350,-0.92035,-0.99508,-0.43838,-0.48083,0.67274,-0.35220,0.28687,-0.95849,-0.00168,
1413394938155760640,3.01744,-1.10690,-0.96541,-0.42681,-0.44883,0.70351,-0.34850,0.05442,-1.00163,0.22268,
1413394938355760640,2.99458,-1.30658,-0.87689,-0.44477,-0.42673,0.71627,-0.32716,-0.26032,-1.03265,0.60416,
1413394938555760384,2.93298,-1.52857,-0.74756,-0.48373,-0.40207,0.71819,-0.29756,-0.39546,-1.04516,0.61228,
1413394938755760384,2.85812,-1.75143,-0.65386,-0.49825,-0.36778,0.74396,-0.25101,-0.43426,-1.05770,0.35867,
1413394938955760384,2.77053,-1.97089,-0.60008,0.50222,0.28987,-0.78021,0.23456,-0.50389,-1.06371,0.17061,
1413394939155760640,2.65577,-2.16485,-0.58629,0.52217,0.18648,-0.80094,0.22596,-0.67000,-0.88504,-0.02364,
1413394939355760640,2.50581,-2.32213,-0.60550,0.54411,0.13045,-0.81030,0.17422,-0.80691,-0.66259,-0.13865,
1413394939555760384,2.33949,-2.43310,-0.60821,0.56448,0.13371,-0.80774,0.10508,-0.85717,-0.54925,0.14122,
1413394939755760384,2.16809,-2.53738,-0.56011,0.56813,0.09573,-0.80933,0.11420,-0.85685,-0.48708,0.34018,
1413394939955760384,1.99437,-2.60733,-0.49900,0.55797,0.05565,-0.82085,0.10853,-0.91573,-0.25975,0.23574,
1413394940155760640,1.80360,-2.64948,-0.47858,0.54549,0.04665,-0.83506,0.05418,-0.98399,-0.17841,-0.02013,
1413394940355760640,1.58874,-2.68486,-0.50143,0.56337,-0.00805,-0.82578,0.02533,-1.08312,-0.11412,-0.23659,
1413394940555760384,1.36461,-2.70471,-0.54651,0.57555,-0.06648,-0.81479,-0.02107,-1.08799,-0.01341,-0.24643,
1413394940755760384,1.13896,-2.71519,-0.57254,0.56904,-0.09215,-0.81166,-0.09436,-1.09364,-0.08009,-0.08308,
1413394940955760384,0.90937,-2.74829,-0.54962,0.56738,-0.12677,-0.80820,-0.09395,-1.13227,-0.20979,0.19258,
1413394941055760384,0.79513,-2.77020,-0.51982,0.56080,-0.15348,-0.81011,-0.07531,-1.13504,-0.18617,0.23205,
1413394941205760512,0.61964,-2.78792,-0.47524,0.54563,-0.19308,-0.81378,-0.05272,-1.14429,-0.03195,0.28663,
1413394941405760512,0.37901,-2.76215,-0.40371,0.52861,-0.20755,-0.82111,-0.05722,-1.21227,0.28051,0.36894,
1413394941605760512,0.11834,-2.68488,-0.31794,0.52684,-0.16804,-0.82477,-0.11812,-1.35430,0.44184,0.43305,
1413394941755760384,-0.09866,-2.62104,-0.25473,0.53611,-0.16508,-0.81536,-0.14329,-1.47765,0.39823,0.41490,
1413394941855760640,-0.26361,-2.58248,-0.21596,0.54712,-0.18263,-0.80558,-0.13549,-1.52731,0.35808,0.36857,
1413394941955760384,-0.41653,-2.54610,-0.18063,0.55781,-0.21613,-0.79457,-0.10386,-1.53132,0.36587,0.35805,
1413394942055760384,-0.56373,-2.50256,-0.14368,0.56408,-0.24900,-0.78417,-0.06988,-1.49105,0.48423,0.39165,
1413394942155760640,-0.71113,-2.43989,-0.10221,0.56726,-0.27980,-0.77356,-0.03914,-1.39547,0.70188,0.43127,
1413394942255760384,-0.83573,-2.35273,-0.05668,0.56727,-0.30706,-0.76379,-0.02314,-1.23786,0.99484,0.49391,
1413394942355760640,-0.94309,-2.23615,-0.00628,0.56408,-0.33108,-0.75605,-0.02412,-1.05120,1.31463,0.54074,
1413394942455760384,-1.04589,-2.08829,0.04985,0.56083,-0.34976,-0.74910,-0.04458,-0.90757,1.62752,0.54760,
1413394942555760384,-1.12777,-1.91446,0.09559,0.55933,-0.36890,-0.73854,-0.07493,-0.75746,1.83417,0.38036,
1413394942655760640,-1.19254,-1.72131,0.12394,0.55736,-0.38996,-0.72481,-0.10927,-0.60624,2.00560,0.20017,
1413394942755760384,-1.24723,-1.51222,0.13744,0.55576,-0.40256,-0.70954,-0.16011,-0.45808,2.12214,0.04818,
1413394942855760640,-1.28345,-1.29965,0.13558,0.55424,-0.39698,-0.69230,-0.23655,-0.33188,2.13287,-0.12045,
1413394942955760384,-1.31395,-1.09000,0.11301,0.54950,-0.38561,-0.67096,-0.31492,-0.26431,2.02307,-0.33449,
1413394943055760384,-1.33624,-0.89894,0.06968,0.54139,-0.38681,-0.64737,-0.37174,-0.24521,1.83457,-0.49813,
1413394943155760640,-1.36024,-0.72874,0.01478,0.53001,-0.40013,-0.62404,-0.41177,-0.24788,1.58083,-0.58717,
1413394943255760384,-1.38651,-0.58560,-0.04881,0.51675,-0.41905,-0.60096,-0.44296,-0.26435,1.27853,-0.67428,
1413394943355760640,-1.41426,-0.47197,-0.11473,0.50210,-0.44285,-0.57919,-0.46509,-0.31055,0.94019,-0.63812,
1413394943455760384,-1.44680,-0.39350,-0.17121,-0.48117,0.46786,0.56333,0.48192,-0.36782,0.57467,-0.52495,
1413394943555760384,-1.48906,-0.34646,-0.21524,-0.45442,0.49509,0.55342,0.49205,-0.46597,0.27948,-0.40773,
1413394943655760640,-1.54422,-0.32319,-0.25011,-0.42533,0.52820,0.55207,0.48510,-0.58720,0.05218,-0.34244,
1413394943755760384,-1.60868,-0.31940,-0.28129,-0.40815,0.56116,0.54708,0.46820,-0.67066,-0.08007,-0.33645,
1413394943855760640,-1.68001,-0.32423,-0.31420,-0.40853,0.58438,0.53525,0.45289,-0.72085,-0.12541,-0.37196,
1413394943955760384,-1.75463,-0.33439,-0.35298,-0.41608,0.60256,0.52318,0.43598,-0.72804,-0.19129,-0.43585,
1413394944055760384,-1.82641,-0.35060,-0.39030,-0.41188,0.60976,0.52301,0.43013,-0.68027,-0.22384,-0.38956,
1413394944155760640,-1.89166,-0.37945,-0.41743,-0.40418,0.61047,0.52743,0.43102,-0.63329,-0.26589,-0.29320,
1413394944255760384,-1.95402,-0.41052,-0.43797,-0.39776,0.61487,0.52831,0.42967,-0.59556,-0.29225,-0.20943,
1413394944355760640,-2.01134,-0.44243,-0.44638,-0.38621,0.62416,0.53140,0.42293,-0.54588,-0.26210,-0.01509,
1413394944455760384,-2.06388,-0.46907,-0.43824,-0.36640,0.63505,0.53701,0.41724,-0.49806,-0.20723,0.09886,
1413394944555760384,-2.11319,-0.49064,-0.43176,-0.34839,0.65298,0.53100,0.41265,-0.45281,-0.13737,0.02215,
1413394944655760640,-2.15945,-0.50706,-0.43850,-0.33122,0.68011,0.51385,0.40460,-0.40323,-0.05662,-0.10532,
1413394944755760384,-2.19782,-0.51294,-0.45684,-0.30878,0.70952,0.49226,0.39865,-0.30972,0.05495,-0.19833,
1413394944855760640,-2.22361,-0.50549,-0.48281,-0.28687,0.73659,0.46441,0.39933,-0.20036,0.20473,-0.25523,
1413394944955760384,-2.23591,-0.48153,-0.51313,-0.26684,0.75840,0.43108,0.40963,-0.04572,0.36070,-0.30503,
1413394945055760384,-2.23250,-0.43948,-0.54532,-0.24634,0.77050,0.39671,0.43389,0.09463,0.51733,-0.31142,
1413394945155760640,-2.21770,-0.38341,-0.58052,-0.22237,0.77669,0.36334,0.46399,0.20219,0.64603,-0.33249,
1413394945255760384,-2.19355,-0.31511,-0.61572,-0.19958,0.78067,0.32885,0.49252,0.28578,0.75210,-0.30487,
1413394945355760640,-2.16240,-0.23625,-0.64636,-0.17666,0.78123,0.29443,0.52132,0.32271,0.83540,-0.24783,
1413394945455760384,-2.12952,-0.15033,-0.67181,-0.16463,0.77564,0.25178,0.55487,0.30528,0.88210,-0.24646,
1413394945555760384,-2.09915,-0.06315,-0.69626,-0.16868,0.77951,0.19629,0.57042,0.27164,0.84718,-0.25077,
1413394945655760640,-2.07116,0.01721,-0.71812,-0.16745,0.78703,0.14219,0.57647,0.26196,0.76603,-0.23005,
1413394945755760384,-2.04422,0.08598,-0.73685,-0.15782,0.79551,0.09131,0.57786,0.25613,0.63179,-0.19571,
1413394945855760640,-2.01648,0.13855,-0.75316,-0.13953,0.80208,0.04223,0.57915,0.29017,0.46228,-0.17116,
1413394945955760384,-1.99050,0.17181,-0.76997,-0.11602,0.80566,-0.00767,0.58086,0.25658,0.24898,-0.13674,
1413394946055760384,-1.96702,0.18200,-0.78117,-0.07330,0.80743,-0.04655,0.58354,0.24342,0.04036,-0.08738,
1413394946205760512,-1.93527,0.17251,-0.79210,-0.00283,0.80372,-0.10224,0.58616,0.17415,-0.16011,-0.03151,
1413394946355760640,-1.91525,0.14168,-0.80430,0.04690,0.79167,-0.17299,0.58406,0.08887,-0.28381,-0.06832,
1413394946555760384,-1.91335,0.06251,-0.81683,0.10182,0.76810,-0.27134,0.57099,-0.06743,-0.47781,-0.02107,
1413394946755760384,-1.94756,-0.05296,-0.82232,0.19927,0.73176,-0.33688,0.55797,-0.22237,-0.61708,-0.00873,
1413394946955760384,-2.00742,-0.17381,-0.82429,0.28568,0.68661,-0.40713,0.53028,-0.33510,-0.57492,0.02798,
1413394947155760640,-2.07916,-0.27660,-0.80848,0.35583,0.63757,-0.47908,0.48721,-0.38261,-0.44720,0.20061,
1413394947355760640,-2.15240,-0.35221,-0.73471,0.40817,0.58838,-0.54219,0.43959,-0.34064,-0.32986,0.56074,
1413394947555760384,-2.20648,-0.40647,-0.60751,-0.43317,-0.55527,0.57576,-0.41538,-0.23551,-0.20545,0.64819,
1413394947755760384,-2.23705,-0.44699,-0.50596,-0.40134,-0.57491,0.60884,-0.37110,-0.14934,-0.22230,0.39272,
1413394947955760384,-2.24896,-0.51627,-0.42595,0.36461,0.61176,-0.60033,0.36389,-0.06569,-0.50537,0.51981,
1413394948155760640,-2.24728,-0.63791,-0.31550,0.33102,0.65155,-0.57172,0.37289,-0.00223,-0.80755,0.49386,
1413394948355760640,-2.23601,-0.82778,-0.22542,0.35771,0.65404,-0.51915,0.41804,0.08976,-1.07658,0.41169,
1413394948555760384,-2.21301,-1.03153,-0.15550,0.41465,0.60695,-0.45829,0.49965,0.12432,-0.89568,0.32588,
1413394948755760384,-2.18971,-1.15813,-0.09101,0.43937,0.57600,-0.43403,0.53553,0.09017,-0.33006,0.36895,
1413394948955760384,-2.17000,-1.17330,-0.02280,0.40629,0.61307,-0.47243,0.48568,0.09626,0.11620,0.32788,
1413394949155760640,-2.13716,-1.11943,0.00971,0.34652,0.66832,-0.52600,0.39573,0.16758,0.23968,0.05515,
1413394949355760640,-2.07512,-1.09095,0.00125,0.31473,0.68923,-0.55173,0.34856,0.36985,-0.12532,-0.10205,
1413394949555760384,-1.97616,-1.16732,-0.00838,0.34593,0.66827,-0.53690,0.38143,0.58762,-0.60515,0.04117,
1413394949755760384,-1.84250,-1.29624,0.01094,0.41438,0.60701,-0.48820,0.47063,0.69501,-0.55707,0.08603,
1413394949955760384,-1.69687,-1.36843,0.01998,0.40468,0.58672,-0.48511,0.50662,0.69948,-0.20800,0.02868,
1413394950155760640,-1.56823,-1.37748,0.02650,0.35063,0.59683,-0.48754,0.53213,0.53926,0.09915,-0.00210,
1413394950355760640,-1.48862,-1.35339,0.02570,0.28776,0.66305,-0.50125,0.47572,0.25747,0.11257,0.02037,
1413394950555760384,-1.43659,-1.35994,0.04396,0.28492,0.71551,-0.49125,0.40686,0.28640,-0.18920,0.10145,
1413394950755760384,-1.35164,-1.43830,0.08461,0.31737,0.70646,-0.46317,0.43089,0.53280,-0.52065,0.26563,
1413394950955760384,-1.22434,-1.53304,0.14506,0.36769,0.65084,-0.39274,0.53569,0.63606,-0.36299,0.28310,
1413394951155760640,-1.10839,-1.55143,0.20114,0.36143,0.62637,-0.33651,0.60315,0.50681,0.21142,0.25427,
1413394951355760640,-1.03561,-1.45430,0.24682,0.27270,0.69159,-0.34938,0.57032,0.22258,0.66765,0.19903,
1413394951555760384,-1.00079,-1.32432,0.29449,0.18980,0.78068,-0.38456,0.45456,0.18370,0.56632,0.31026,
1413394951755760384,-0.94006,-1.26313,0.37168,0.16015,0.80829,-0.40529,0.39593,0.49953,-0.03954,0.48465,
1413394951955760384,-0.79135,-1.34582,0.49549,0.22591,0.76735,-0.37215,0.47079,0.85866,-0.56699,0.63607,
1413394952155760640,-0.60931,-1.46134,0.61350,0.28161,0.69917,-0.33613,0.56469,0.84979,-0.50079,0.42256,
1413394952355760640,-0.44185,-1.53328,0.65566,0.25624,0.70950,-0.34942,0.55575,0.74141,-0.28309,0.04172,
1413394952555760384,-0.29856,-1.59003,0.66139,0.19819,0.74681,-0.35890,0.52362,0.63508,-0.31100,0.13436,
1413394952755760384,-0.15903,-1.68561,0.70295,0.21485,0.76245,-0.32195,0.51852,0.67217,-0.47652,0.34637,
1413394952955760384,-0.02607,-1.79386,0.76791,0.24339,0.71922,-0.28227,0.58635,0.64777,-0.39690,0.18983,
1413394953155760640,0.06896,-1.84637,0.78323,0.25924,0.68148,-0.26109,0.63263,0.36954,-0.06599,0.04662,
1413394953355760640,0.08680,-1.80239,0.83146,0.26934,0.65871,-0.25308,0.65537,-0.10883,0.49136,0.45720,
1413394953555760384,0.01479,-1.65018,0.89137,0.24632,0.71605,-0.28334,0.58849,-0.43227,0.86339,-0.02294,
1413394953755760384,-0.09879,-1.45260,0.81601,0.20709,0.79404,-0.32136,0.47259,-0.40914,0.89907,-0.76768,
1413394953955760384,-0.13755,-1.29719,0.62933,0.19882,0.81010,-0.32957,0.44226,-0.06870,0.66736,-0.98948,
1413394954155760640,-0.12584,-1.17590,0.43821,0.23503,0.76012,-0.29837,0.52721,0.17009,0.55518,-0.89924,
1413394954355760640,-0.10927,-1.04441,0.26217,0.26183,0.70576,-0.26699,0.60171,0.07945,0.78473,-0.79788,
1413394954555760384,-0.13635,-0.84527,0.12589,0.23620,0.72432,-0.28663,0.58087,-0.16621,1.11143,-0.56370,
1413394954755760384,-0.17766,-0.61787,0.01124,0.17136,0.79112,-0.34710,0.47359,-0.16473,1.04267,-0.57432,
1413394954955760384,-0.18848,-0.45269,-0.10051,0.18631,0.79368,-0.35295,0.45911,0.09227,0.61275,-0.58390,
1413394955155760640,-0.15330,-0.33768,-0.21554,0.23255,0.74999,-0.29838,0.54258,0.24171,0.56669,-0.59114,
1413394955355760640,-0.11587,-0.20511,-0.32102,0.20872,0.73581,-0.24954,0.59392,0.14420,0.78218,-0.48249,
1413394955555760384,-0.11993,-0.05194,-0.39694,0.08491,0.79534,-0.27192,0.53505,-0.03672,0.66263,-0.19993,
1413394955755760384,-0.11550,0.01641,-0.40711,0.08700,0.84144,-0.24594,0.47320,0.17849,0.09527,0.09758,
1413394955905760512,-0.06560,0.01020,-0.38336,0.13247,0.83127,-0.21311,0.49600,0.45171,-0.09659,0.19184,
1413394956005760512,-0.01285,-0.00999,-0.35885,0.15046,0.80884,-0.20294,0.53100,0.57325,-0.13076,0.24075,
1413394956205760512,0.10915,-0.06327,-0.30507,0.16377,0.75246,-0.18168,0.61153,0.52826,-0.00225,0.24990,
1413394956405760512,0.19598,-0.07173,-0.26543,0.11923,0.74177,-0.15753,0.64090,0.25249,0.19413,0.12269,
1413394956605760512,0.23594,-0.04154,-0.26630,0.06984,0.80134,-0.11877,0.58213,0.03481,0.21109,-0.11289,
1413394956705760512,0.24937,-0.03287,-0.27704,0.05711,0.83837,-0.10108,0.53260,0.06691,0.17220,-0.09811,
1413394956805760256,0.26644,-0.02448,-0.28433,0.04860,0.86138,-0.08885,0.49776,0.23243,0.12702,-0.01429,
1413394956905760512,0.29772,-0.02313,-0.28390,0.04729,0.85907,-0.07719,0.50379,0.43782,0.07723,0.07849,
1413394957005760512,0.35575,-0.02599,-0.27621,0.04858,0.84647,-0.06924,0.52568,0.59650,0.05355,0.12195,
1413394957105760512,0.42904,-0.02755,-0.27359,0.04957,0.82498,-0.06491,0.55923,0.68522,0.04752,0.15648,
1413394957205760512,0.50134,-0.02606,-0.25811,0.04858,0.79618,-0.06382,0.59973,0.66935,0.05315,0.18778,
1413394957305760256,0.56603,-0.02038,-0.24006,0.04428,0.76608,-0.06433,0.63799,0.55009,0.07426,0.22041,
1413394957405760512,0.61580,-0.01310,-0.21494,0.03863,0.73669,-0.06629,0.67186,0.33534,0.09037,0.21580,
1413394957505760512,0.64267,-0.00419,-0.19359,0.03185,0.73513,-0.06976,0.67358,0.09454,0.10190,0.17348,
1413394957605760512,0.63250,0.00559,-0.17915,0.02202,0.76662,-0.07088,0.63779,-0.14643,0.10227,0.14803,
1413394957705760512,0.61137,0.01528,-0.16571,0.01732,0.80653,-0.06390,0.58748,-0.23940,0.08543,0.07987,
1413394957805760256,0.58778,0.01826,-0.15797,0.01051,0.84107,-0.05391,0.53813,-0.19763,0.05670,0.02645,
1413394957905760512,0.57821,0.02010,-0.15142,0.00001,0.85156,-0.04289,0.52250,-0.05747,0.02728,0.03074,
1413394958005760512,0.58393,0.01688,-0.14545,-0.01659,0.84206,-0.02955,0.53832,0.08397,-0.01302,0.01368,
1413394958105760512,0.60299,0.00937,-0.13981,-0.03592,0.81475,-0.01153,0.57858,0.14389,-0.06553,0.02660,
1413394958205760512,0.61991,-0.00312,-0.13743,-0.05538,0.77957,0.01151,0.62376,0.08162,-0.11503,0.00919,
1413394958305760256,0.62120,-0.01977,-0.13417,-0.07119,0.75045,0.03858,0.65594,-0.07100,-0.18561,0.04009,
1413394958405760512,0.60308,-0.04349,-0.12998,-0.08440,0.74201,0.06567,0.66181,-0.28577,-0.25829,0.00340,
1413394958505760512,0.56554,-0.07395,-0.13205,-0.09234,0.77720,0.09391,0.61532,-0.45630,-0.32132,-0.04594,
1413394958605760512,0.51750,-0.10834,-0.13419,-0.09746,0.82257,0.11977,0.54730,-0.49744,-0.34764,-0.02915,
1413394958705760512,0.47430,-0.14286,-0.13196,-0.10214,0.85534,0.14165,0.48774,-0.35643,-0.32620,0.03354,
1413394958805760256,0.45183,-0.17336,-0.12664,-0.10530,0.86705,0.16316,0.45882,-0.11399,-0.24822,0.09287,
1413394958905760512,0.45792,-0.19571,-0.11631,-0.10515,0.86074,0.18772,0.46134,0.16971,-0.14741,0.16162,
1413394959005760512,0.48800,-0.20628,-0.09946,-0.10718,0.83294,0.21361,0.49909,0.34917,-0.03101,0.20024,
1413394959105760512,0.52930,-0.20330,-0.07953,-0.12337,0.79686,0.22868,0.54544,0.40361,0.09122,0.20813,
1413394959205760512,0.56908,-0.19482,-0.05803,-0.15347,0.75925,0.23263,0.58810,0.33752,0.12694,0.22715,
1413394959305760256,0.59775,-0.18733,-0.03546,-0.18408,0.72287,0.23584,0.62286,0.19763,0.08152,0.23051,
1413394959405760512,0.60967,-0.18594,-0.01856,-0.19838,0.72197,0.24918,0.61425,0.03540,-0.00383,0.13822,
1413394959505760512,0.60697,-0.19151,-0.00597,-0.19586,0.75669,0.27290,0.56089,-0.08120,-0.06609,0.10881,
1413394959605760512,0.59978,-0.19677,0.00685,-0.18610,0.79412,0.29905,0.49529,-0.06201,-0.01347,0.13339,
1413394959705760512,0.60258,-0.19518,0.02446,-0.17976,0.81435,0.32243,0.44784,0.06316,0.09569,0.18230,
1413394959805760256,0.61936,-0.17753,0.04500,-0.17636,0.80723,0.35080,0.44071,0.24815,0.29182,0.20200,
1413394959905760512,0.65076,-0.13952,0.06374,-0.18681,0.77548,0.37572,0.47178,0.33380,0.48279,0.14612,
1413394960005760512,0.68810,-0.08374,0.07472,-0.22654,0.73568,0.37941,0.51332,0.33626,0.60920,0.07230,
1413394960105760512,0.72134,-0.02177,0.07781,-0.27500,0.69100,0.37898,0.55070,0.26240,0.60359,-0.00468,
1413394960205760512,0.74590,0.03488,0.07604,-0.31058,0.65968,0.38944,0.56276,0.15596,0.50809,-0.03429,
1413394960305760256,0.75896,0.07984,0.07371,-0.33185,0.64806,0.41336,0.54683,0.03776,0.36787,-0.04399,
1413394960405760512,0.76097,0.11016,0.06566,-0.33818,0.65172,0.44889,0.50932,-0.03164,0.25546,-0.12739,
1413394960505760512,0.75504,0.13238,0.04455,-0.33182,0.66265,0.49086,0.45810,-0.06550,0.21154,-0.26207,
1413394960605760512,0.74983,0.15785,0.01348,-0.32230,0.67074,0.53066,0.40575,-0.04595,0.28958,-0.33112,
1413394960705760512,0.74714,0.19727,-0.02108,-0.31688,0.66612,0.56349,0.37196,-0.00979,0.47061,-0.29619,
1413394960805760256,0.74982,0.26136,-0.04597,-0.33312,0.63705,0.58144,0.38096,0.01857,0.70809,-0.17292,
1413394960905760512,0.75201,0.33917,-0.05990,-0.37400,0.59994,0.57526,0.41142,0.01004,0.80914,-0.12553,
1413394961005760512,0.75117,0.42044,-0.07075,-0.41370,0.56915,0.55862,0.43917,-0.00698,0.77819,-0.07982,
1413394961105760512,0.74979,0.49417,-0.08282,-0.43637,0.55322,0.54688,0.45215,-0.02976,0.67306,-0.12498,
1413394961205760512,0.74746,0.55696,-0.09967,-0.43067,0.55928,0.55206,0.44380,-0.03966,0.54403,-0.17933,
1413394961305760256,0.74261,0.60880,-0.12015,-0.39931,0.58157,0.57579,0.41328,-0.06260,0.47660,-0.23661,
1413394961405760512,0.73560,0.66192,-0.13987,-0.36507,0.60222,0.59862,0.38172,-0.08051,0.53241,-0.18790,
1413394961505760512,0.72554,0.72533,-0.15162,-0.34510,0.59598,0.61259,0.38788,-0.12548,0.69650,-0.09801,
1413394961605760512,0.70596,0.80263,-0.15493,-0.35324,0.57405,0.60925,0.41773,-0.22935,0.81148,-0.04006,
1413394961705760512,0.67690,0.88632,-0.15648,-0.39035,0.55590,0.58477,0.44345,-0.33545,0.81918,-0.02661,
1413394961805760256,0.64086,0.96531,-0.15826,-0.43178,0.54184,0.55345,0.46225,-0.39624,0.71747,-0.04239,
1413394961905760512,0.60005,1.03088,-0.16166,-0.45610,0.53939,0.53229,0.46658,-0.42616,0.55031,-0.05046,
1413394962005760512,0.55718,1.07921,-0.16371,-0.46065,0.54827,0.52679,0.45792,-0.42179,0.36357,-0.06285,
1413394962105760512,0.51522,1.11186,-0.16514,-0.43687,0.57038,0.54370,0.43383,-0.41109,0.22517,-0.06305,
1413394962205760512,0.47469,1.13461,-0.16562,-0.40619,0.58738,0.56381,0.41486,-0.39542,0.18102,-0.02046,
1413394962305760256,0.43445,1.15566,-0.16213,-0.38667,0.59558,0.57499,0.40638,-0.40719,0.20771,0.04155,
1413394962405760512,0.39171,1.18160,-0.14979,-0.39487,0.58388,0.56725,0.42590,-0.44247,0.26511,0.17663,
1413394962505760512,0.34581,1.20633,-0.12857,-0.42819,0.55633,0.54119,0.46289,-0.47834,0.19698,0.21661,
1413394962605760512,0.29701,1.21552,-0.10780,-0.45595,0.53716,0.51879,0.48418,-0.51186,0.00792,0.17479,
1413394962705760512,0.24559,1.20629,-0.09428,-0.45429,0.54639,0.52250,0.47124,-0.53226,-0.19692,0.08104,
1413394962805760256,0.19312,1.17808,-0.08686,-0.43161,0.57332,0.54361,0.43532,-0.53064,-0.32376,0.03769,
1413394962905760512,0.14034,1.14539,-0.08489,-0.40479,0.58998,0.56963,0.40446,-0.52089,-0.33143,0.01674,
1413394963005760512,0.09004,1.11196,-0.08381,-0.39940,0.58272,0.58235,0.40222,-0.51768,-0.28589,0.03055,
1413394963105760512,0.04132,1.08229,-0.08450,-0.42525,0.55505,0.57130,0.42976,-0.52362,-0.27507,-0.01489,
1413394963205760512,-0.00644,1.04439,-0.09773,-0.45585,0.53056,0.55343,0.45214,-0.52702,-0.39878,-0.16979,
1413394963305760256,-0.05620,0.99362,-0.12763,-0.45772,0.52946,0.55575,0.44868,-0.52803,-0.53892,-0.36500,
1413394963405760512,-0.10663,0.93092,-0.17282,-0.42701,0.54972,0.58102,0.42176,-0.53424,-0.64037,-0.48421,
1413394963505760512,-0.15805,0.86126,-0.22222,-0.39064,0.57296,0.60665,0.38870,-0.54698,-0.64620,-0.53654,
1413394963605760512,-0.21072,0.79490,-0.26912,-0.36758,0.58573,0.62008,0.37054,-0.57036,-0.52312,-0.44296,
1413394963705760512,-0.26436,0.74501,-0.30419,-0.38207,0.57624,0.60958,0.38778,-0.59645,-0.37924,-0.33327,
1413394963805760256,-0.31952,0.70246,-0.33202,-0.41875,0.55213,0.58316,0.42394,-0.63410,-0.36839,-0.26989,
1413394963905760512,-0.37929,0.65387,-0.36414,-0.44813,0.54134,0.55941,0.43954,-0.64692,-0.46686,-0.35971,
1413394964005760512,-0.44267,0.59540,-0.40482,-0.43605,0.55899,0.56639,0.42023,-0.63314,-0.55659,-0.42593,
1413394964105760512,-0.50586,0.53526,-0.44668,-0.39916,0.58467,0.58949,0.38901,-0.63307,-0.56701,-0.40198,
1413394964205760512,-0.57162,0.48002,-0.48266,-0.36760,0.60145,0.60657,0.36769,-0.63212,-0.44305,-0.27590,
1413394964305760256,-0.63647,0.44291,-0.50245,-0.36966,0.59300,0.60416,0.38301,-0.66000,-0.26775,-0.11143,
1413394964405760512,-0.70484,0.41847,-0.51056,-0.40444,0.57068,0.58073,0.41654,-0.69090,-0.20485,-0.02363,
1413394964505760512,-0.77633,0.39208,-0.51739,-0.44411,0.55144,0.55179,0.44069,-0.69304,-0.28772,-0.05829,
1413394964605760512,-0.84687,0.35612,-0.52996,-0.45333,0.56124,0.54686,0.42478,-0.67792,-0.40442,-0.12626,
1413394964705760512,-0.91190,0.31406,-0.54262,-0.43105,0.59085,0.56461,0.38250,-0.62503,-0.45121,-0.11423,
1413394964805760256,-0.97013,0.27249,-0.54916,-0.40055,0.61847,0.58401,0.34058,-0.53362,-0.38066,-0.06521,
1413394964905760512,-1.01905,0.24441,-0.54977,-0.38137,0.63783,0.59234,0.31122,-0.42623,-0.18808,0.01492,
1413394965005760512,-1.05535,0.24122,-0.54016,-0.38296,0.64590,0.58655,0.30352,-0.28164,0.10600,0.16412,
1413394965105760512,-1.08213,0.26099,-0.51772,-0.40519,0.62031,0.57460,0.34767,-0.17072,0.30376,0.27826,
1413394965205760512,-1.10755,0.28717,-0.48936,-0.44221,0.57913,0.55836,0.39660,-0.14508,0.32248,0.30122,
1413394965305760256,-1.12925,0.31104,-0.46107,-0.46598,0.54413,0.55715,0.41997,-0.13926,0.22772,0.24845,
1413394965405760512,-1.14673,0.32673,-0.43898,-0.45964,0.52740,0.58481,0.41058,-0.14285,0.11020,0.18603,
1413394965505760512,-1.16353,0.33360,-0.41867,-0.45451,0.51505,0.61387,0.38898,-0.16830,0.04840,0.23160,
1413394965605760512,-1.18104,0.33494,-0.39215,-0.47508,0.49441,0.62630,0.37095,-0.19899,-0.00806,0.30920,
1413394965705760512,-1.19663,0.32791,-0.35914,0.51533,-0.46248,-0.62697,-0.35701,-0.16458,-0.10225,0.30923,
1413394965805760256,-1.20967,0.31029,-0.33634,0.52853,-0.43332,-0.64750,-0.33710,-0.10103,-0.22395,0.14671,
1413394965905760512,-1.21679,0.28122,-0.32754,0.52083,-0.40919,-0.67992,-0.31466,-0.06104,-0.30365,0.06030,
1413394966005760512,-1.22221,0.24584,-0.32140,0.53929,-0.37696,-0.68903,-0.30382,-0.03873,-0.37723,0.05627,
1413394966105760512,-1.22021,0.20154,-0.32005,0.57378,-0.34447,-0.68194,-0.29509,0.02714,-0.50309,-0.05183,
1413394966205760512,-1.20755,0.14422,-0.33337,0.56640,-0.32991,-0.70547,-0.26956,0.10921,-0.62321,-0.19670,
1413394966305760256,-1.18947,0.07531,-0.35738,0.52868,-0.32783,-0.74843,-0.22995,0.15356,-0.69618,-0.29738,
1413394966405760512,-1.17220,0.00378,-0.38628,-0.47889,0.32709,0.79289,0.18710,0.10587,-0.65207,-0.30379,
1413394966505760512,-1.16648,-0.05628,-0.40975,-0.45599,0.31682,0.81633,0.15908,-0.06511,-0.47591,-0.15196,
1413394966605760512,-1.17881,-0.09650,-0.41848,-0.48943,0.29214,0.80625,0.15833,-0.22138,-0.29109,-0.04314,
1413394966705760512,-1.20286,-0.12342,-0.41894,0.54708,-0.26042,-0.77736,-0.16909,-0.26763,-0.24912,-0.01075,
1413394966805760256,-1.22499,-0.15052,-0.42176,0.59388,-0.23223,-0.75117,-0.17066,-0.21166,-0.28397,-0.04120,
1413394966905760512,-1.23952,-0.18332,-0.43069,0.60496,-0.21250,-0.75059,-0.15966,-0.10859,-0.34629,-0.12065,
1413394967005760512,-1.24674,-0.21896,-0.44323,0.57622,-0.19649,-0.78049,-0.14211,-0.04873,-0.37811,-0.11449,
1413394967105760512,-1.25254,-0.25683,-0.45449,0.53535,-0.18105,-0.81596,-0.12180,-0.05987,-0.38955,-0.07411,
1413394967205760512,-1.26423,-0.29402,-0.45478,0.52571,-0.15951,-0.82874,-0.10667,-0.18082,-0.35731,0.06825,
1413394967305760256,-1.28827,-0.32892,-0.44230,0.55886,-0.13385,-0.81265,-0.09671,-0.27955,-0.34120,0.17168,
1413394967405760512,-1.31563,-0.36707,-0.42308,0.61111,-0.10745,-0.77926,-0.08806,-0.25006,-0.36735,0.22615,
1413394967505760512,-1.33319,-0.41088,-0.40406,0.64075,-0.08818,-0.75957,-0.06866,-0.10922,-0.42290,0.15531,
1413394967605760512,-1.33465,-0.45827,-0.39102,0.61892,-0.07251,-0.78087,-0.04384,0.04634,-0.45467,0.11549,
1413394967705760512,-1.32541,-0.50189,-0.38048,0.57090,-0.05244,-0.81893,-0.02607,0.09360,-0.44555,0.16122,
1413394967805760256,-1.31777,-0.54235,-0.35573,0.55806,-0.03001,-0.82920,-0.00992,0.04145,-0.41789,0.28806,
1413394967905760512,-1.31264,-0.57754,-0.32320,0.58073,-0.00295,-0.81407,0.00501,0.00317,-0.42274,0.35288,
1413394968005760512,-1.30728,-0.61713,-0.28584,0.60914,0.02540,-0.79232,0.02325,0.05142,-0.42546,0.34355,
1413394968105760512,-1.29324,-0.65314,-0.25949,0.59942,0.05226,-0.79765,0.04156,0.14591,-0.40261,0.16613,
1413394968205760512,-1.27324,-0.69512,-0.24913,0.56569,0.07277,-0.81955,0.05510,0.15861,-0.38945,0.04416,
1413394968305760256,-1.25657,-0.73404,-0.24646,0.54957,0.08814,-0.82828,0.06444,0.10793,-0.39220,0.00058,
1413394968405760512,-1.24615,-0.76773,-0.25028,0.55046,0.10398,-0.82502,0.07431,0.05534,-0.39608,-0.07698,
1413394968505760512,-1.24218,-0.80473,-0.25953,0.55379,0.11813,-0.81961,0.08724,0.00476,-0.40475,-0.09679,
1413394968605760512,-1.24452,-0.84326,-0.27020,0.54469,0.13071,-0.82279,0.09617,-0.05591,-0.39421,-0.09659,
1413394968705760512,-1.25643,-0.87767,-0.27786,0.53690,0.14440,-0.82583,0.09428,-0.14089,-0.39964,-0.05903,
1413394968805760256,-1.27382,-0.92149,-0.28290,0.54374,0.15917,-0.81983,0.08300,-0.21051,-0.44910,-0.03279,
1413394968905760512,-1.29896,-0.97032,-0.28544,0.55229,0.16068,-0.81335,0.08724,-0.25787,-0.52222,-0.00633,
1413394969005760512,-1.32706,-1.02520,-0.28357,0.56399,0.15867,-0.80353,0.10527,-0.26856,-0.56974,0.01069,
1413394969155760640,-1.36929,-1.11215,-0.28447,0.57626,0.16564,-0.78943,0.13149,-0.27191,-0.56978,-0.09629,
1413394969355760640,-1.41823,-1.21744,-0.33832,0.59146,0.17705,-0.77220,0.15012,-0.19618,-0.47569,-0.38906,
1413394969555760384,-1.44078,-1.29518,-0.42797,0.59968,0.19483,-0.76419,0.13579,-0.02375,-0.36682,-0.46912,
1413394969755760384,-1.42754,-1.36962,-0.51346,0.57391,0.22214,-0.78305,0.09015,0.13237,-0.44902,-0.37881,
1413394969955760384,-1.39430,-1.48560,-0.57677,0.55370,0.21580,-0.79913,0.09083,0.20663,-0.69112,-0.23108,
1413394970155760640,-1.36168,-1.64006,-0.58491,0.53568,0.19439,-0.81391,0.11317,0.10811,-0.85642,0.09352,
1413394970355760640,-1.35459,-1.80927,-0.54454,0.57089,0.17462,-0.78965,0.14157,0.01115,-0.88874,0.09602,
1413394970555760384,-1.35091,-1.96746,-0.54044,0.59786,0.14219,-0.76591,0.18903,0.08869,-0.68648,-0.14333,
1413394970755760384,-1.32944,-2.06642,-0.57392,0.60000,0.12658,-0.76160,0.20961,0.13980,-0.28896,-0.17898,
1413394970955760384,-1.29430,-2.08760,-0.60373,0.57812,0.17409,-0.78544,0.13622,0.22165,-0.02394,-0.03473,
1413394971155760640,-1.24562,-2.09617,-0.58183,0.54977,0.18873,-0.80718,0.10295,0.24032,-0.10003,0.19539,
1413394971355760640,-1.21154,-2.12772,-0.55260,0.50115,0.18574,-0.83963,0.09681,0.07363,-0.25394,0.04542,
1413394971555760384,-1.23608,-2.19728,-0.54244,-0.47395,-0.17383,0.85666,-0.10624,-0.32759,-0.47303,0.08315,
1413394971755760384,-1.34481,-2.29365,-0.50977,0.52322,0.14066,-0.82832,0.14263,-0.68234,-0.47843,0.18082,
1413394971955760384,-1.49668,-2.36350,-0.47490,0.58514,0.09968,-0.79054,0.15075,-0.77031,-0.24702,0.14701,
1413394972155760640,-1.63919,-2.37810,-0.46599,0.62299,0.04861,-0.77178,0.11781,-0.62529,0.05535,-0.05321,
1413394972355760640,-1.74155,-2.33102,-0.49300,0.63595,-0.02491,-0.76873,0.06318,-0.36821,0.35648,-0.19559,
1413394972555760384,-1.78823,-2.22981,-0.54375,0.61004,-0.11326,-0.78424,-0.00184,-0.09907,0.60238,-0.27928,
1413394972755760384,-1.79749,-2.08700,-0.58558,0.56879,-0.18542,-0.79513,-0.09932,-0.01072,0.77418,-0.11803,
1413394972955760384,-1.80489,-1.93420,-0.60271,0.54691,-0.24839,-0.77447,-0.19849,-0.03477,0.71820,-0.06337,
1413394973055760384,-1.81277,-1.86384,-0.60889,0.53616,-0.28924,-0.75904,-0.22962,-0.06184,0.66395,-0.07218,
1413394973155760640,-1.82164,-1.79904,-0.61686,0.52437,-0.33371,-0.74171,-0.25207,-0.09530,0.60619,-0.08744,
1413394973255760384,-1.83013,-1.73923,-0.62353,0.51112,-0.38045,-0.72276,-0.26767,-0.10568,0.58509,-0.07456,
1413394973355760640,-1.84067,-1.68004,-0.62873,-0.49739,0.42335,0.70125,0.28571,-0.10532,0.57949,-0.04753,
1413394973455760384,-1.84972,-1.62071,-0.63162,-0.48366,0.46189,0.67680,0.30770,-0.10429,0.59523,-0.02675,
1413394973555760384,-1.85535,-1.55995,-0.63267,-0.46786,0.49889,0.65069,0.32987,-0.08244,0.61791,-0.00512,
1413394973655760640,-1.86070,-1.49774,-0.63237,-0.44676,0.53326,0.62539,0.35345,-0.05694,0.62567,0.01525,
1413394973755760384,-1.86497,-1.43324,-0.62904,-0.42750,0.56209,0.59596,0.38226,-0.04428,0.63976,0.05254,
1413394973855760640,-1.87037,-1.36786,-0.62502,-0.41018,0.59121,0.56264,0.40701,-0.04256,0.63280,0.05335,
1413394973955760384,-1.87229,-1.30672,-0.62018,-0.39094,0.62054,0.52915,0.42673,-0.03097,0.61671,0.06871,
1413394974055760384,-1.87289,-1.24646,-0.61298,-0.37154,0.64731,0.49461,0.44532,0.00047,0.57300,0.07736,
1413394974155760640,-1.87248,-1.18871,-0.60458,-0.35338,0.67260,0.45792,0.46156,0.02180,0.55356,0.09433,
1413394974255760384,-1.86606,-1.13120,-0.59673,-0.33630,0.69665,0.41902,0.47541,0.06276,0.52813,0.09873,
1413394974355760640,-1.85712,-1.07977,-0.58600,-0.31687,0.72079,0.38046,0.48508,0.11823,0.48656,0.12658,
1413394974455760384,-1.84123,-1.02925,-0.57426,-0.29630,0.74285,0.34237,0.49312,0.18605,0.44747,0.15339,
1413394974555760384,-1.81822,-0.98389,-0.56141,-0.27472,0.76030,0.30488,0.50350,0.26737,0.38959,0.17693,
1413394974655760640,-1.78618,-0.94237,-0.54641,-0.25178,0.76709,0.27039,0.52448,0.34395,0.34005,0.18562,
1413394974755760384,-1.74915,-0.90811,-0.53303,-0.22492,0.77351,0.24130,0.54117,0.38025,0.26915,0.14754,
1413394974855760640,-1.70869,-0.88123,-0.52393,-0.19630,0.78231,0.21693,0.54991,0.39807,0.21469,0.09903,
1413394974955760384,-1.67034,-0.86450,-0.52541,-0.16492,0.79032,0.19714,0.55618,0.39722,0.18200,-0.03378,
1413394975055760384,-1.63449,-0.85422,-0.54075,-0.13983,0.79294,0.17797,0.56570,0.37691,0.15675,-0.15829,
1413394975155760640,-1.60304,-0.84682,-0.56729,-0.12138,0.78819,0.15905,0.58201,0.33423,0.13653,-0.27159,
1413394975255760384,-1.57576,-0.83885,-0.60302,-0.10928,0.78472,0.13904,0.59409,0.27469,0.11829,-0.38051,
1413394975355760640,-1.55214,-0.83035,-0.64258,-0.09655,0.78479,0.12203,0.59991,0.19802,0.09399,-0.39248,
1413394975455760384,-1.53219,-0.82076,-0.68078,-0.08054,0.79077,0.10958,0.59682,0.14835,0.08585,-0.38725,
1413394975555760384,-1.51717,-0.81094,-0.71634,-0.06486,0.79983,0.10077,0.58814,0.08920,0.09701,-0.34735,
1413394975655760640,-1.50556,-0.79815,-0.74811,-0.05478,0.80849,0.09488,0.57822,0.07630,0.14333,-0.28489,
1413394975805760256,-1.49038,-0.77121,-0.78441,-0.04797,0.81640,0.09004,0.56841,0.09544,0.21029,-0.20405,
1413394975955760384,-1.47053,-0.73412,-0.80248,-0.04706,0.80889,0.08992,0.57913,0.12253,0.27459,-0.07692,
1413394976155760640,-1.44758,-0.67345,-0.81409,-0.05132,0.79248,0.09128,0.60084,0.04806,0.32373,-0.08888,
1413394976355760640,-1.44913,-0.60391,-0.82767,-0.05007,0.79028,0.09636,0.60305,-0.07098,0.36111,-0.05968,
1413394976505760512,-1.46598,-0.54542,-0.83604,-0.05395,0.77499,0.09580,0.62233,-0.20564,0.38346,-0.04307,
1413394976705760512,-1.53296,-0.46775,-0.84120,-0.07254,0.76296,0.08464,0.63677,-0.48924,0.36908,-0.03879,
1413394976805760256,-1.58934,-0.43303,-0.84277,-0.08617,0.77822,0.07514,0.61749,-0.60942,0.30999,-0.03411,
1413394976905760512,-1.65524,-0.40523,-0.84438,-0.09811,0.80805,0.06520,0.57722,-0.66050,0.23420,-0.03684,
1413394977005760512,-1.72073,-0.38574,-0.84379,-0.10152,0.84055,0.05624,0.52915,-0.59883,0.14806,0.01653,
1413394977155760640,-1.79023,-0.37400,-0.83109,-0.10317,0.87518,0.03790,0.47114,-0.30589,-0.00166,0.10421,
1413394977305760256,-1.79436,-0.38357,-0.79997,-0.08308,0.89139,0.03784,0.44395,0.23078,-0.14821,0.28119,
1413394977505760512,-1.68580,-0.41207,-0.72281,-0.02854,0.88602,0.07363,0.45686,0.83920,-0.09453,0.44673,
1413394977705760512,-1.46026,-0.41076,-0.62791,-0.01818,0.88170,0.07807,0.46494,1.39314,0.09330,0.52282,
1413394977905760512,-1.13548,-0.37152,-0.51539,-0.01631,0.85483,0.08129,0.51224,1.78954,0.29374,0.58382,
1413394978105760512,-0.76351,-0.29624,-0.40414,-0.01325,0.81859,0.08405,0.56804,1.87193,0.45577,0.51659,
1413394978205760512,-0.57591,-0.24734,-0.35823,-0.01027,0.81067,0.08632,0.57902,1.84897,0.53589,0.39073,
1413394978305760256,-0.39106,-0.19104,-0.32524,-0.00851,0.80762,0.08819,0.58301,1.80880,0.61719,0.27699,
1413394978405760512,-0.21130,-0.12893,-0.30336,-0.00846,0.80664,0.08951,0.58417,1.75180,0.69543,0.15424,
1413394978505760512,-0.03482,-0.06123,-0.29374,-0.01346,0.80698,0.08916,0.58366,1.70381,0.76242,0.04979,
1413394978605760512,0.13894,0.01603,-0.28869,-0.02328,0.80770,0.08531,0.58293,1.66770,0.83488,0.05173,
1413394978705760512,0.31000,0.09852,-0.28011,-0.03907,0.80936,0.07667,0.58097,1.62998,0.87488,0.09065,
1413394978805760256,0.47419,0.18354,-0.26716,-0.05325,0.80984,0.06797,0.58026,1.59694,0.87616,0.12519,
1413394978905760512,0.63428,0.26837,-0.25226,-0.06084,0.80951,0.06205,0.58064,1.56513,0.85704,0.13807,
1413394979005760512,0.79104,0.35167,-0.23941,-0.06411,0.80443,0.05686,0.58783,1.54363,0.82504,0.06906,
1413394979105760512,0.94215,0.43119,-0.23453,-0.06568,0.79306,0.05176,0.60337,1.47364,0.78034,-0.03341,
1413394979205760512,1.08380,0.50673,-0.24161,-0.07466,0.77659,0.04216,0.62414,1.36128,0.72505,-0.10984,
1413394979305760256,1.21358,0.57536,-0.25686,-0.08709,0.76035,0.03274,0.64281,1.23240,0.63377,-0.17535,
1413394979405760512,1.32798,0.63246,-0.27221,-0.10256,0.74275,0.02339,0.66125,1.03171,0.50624,-0.12949,
1413394979505760512,1.41890,0.67407,-0.27902,-0.11440,0.72161,0.01855,0.68253,0.75648,0.31779,-0.01676,
1413394979605760512,1.47814,0.69646,-0.27459,-0.11558,0.70276,0.02224,0.70163,0.44589,0.12180,0.09225,
1413394979705760512,1.50599,0.70045,-0.25769,-0.10840,0.69865,0.03246,0.70646,0.08841,-0.06454,0.19111,
1413394979805760256,1.49305,0.68554,-0.23317,-0.08273,0.72271,0.05199,0.68421,-0.27582,-0.22065,0.27899,
1413394979905760512,1.45279,0.65912,-0.20012,-0.04401,0.76146,0.07445,0.64241,-0.50752,-0.27196,0.36340,
1413394980005760512,1.39162,0.63341,-0.16223,-0.01864,0.78738,0.08506,0.61029,-0.62837,-0.21930,0.37263,
1413394980105760512,1.31687,0.61298,-0.12978,-0.00792,0.79513,0.08669,0.60015,-0.68865,-0.13318,0.31279,
1413394980205760512,1.23430,0.60375,-0.10513,-0.00646,0.78887,0.08337,0.60884,-0.76719,-0.04043,0.21800,
1413394980305760256,1.13897,0.60286,-0.09540,-0.01353,0.78046,0.07566,0.62047,-0.85130,0.04645,0.11227,
1413394980405760512,1.04223,0.61417,-0.09733,-0.01830,0.77970,0.06953,0.62201,-0.95718,0.11174,0.00515,
1413394980505760512,0.94202,0.63247,-0.10347,-0.02367,0.78884,0.06298,0.61091,-1.03445,0.17678,-0.01595,
1413394980605760512,0.83500,0.65185,-0.10369,-0.03405,0.80027,0.05379,0.59625,-1.08114,0.20874,0.01908,
1413394980705760512,0.72206,0.67374,-0.10203,-0.04251,0.80736,0.04734,0.58663,-1.08712,0.21303,0.06670,
1413394980805760256,0.60669,0.69264,-0.09403,-0.04710,0.81119,0.04564,0.58109,-1.07629,0.20396,0.10568,
1413394980905760512,0.49735,0.71022,-0.08408,-0.05030,0.81285,0.04498,0.57855,-1.05654,0.18752,0.10802,
1413394981005760512,0.39157,0.72988,-0.07712,-0.05283,0.81459,0.04356,0.57598,-1.01386,0.17558,0.02050,
1413394981105760512,0.29255,0.74581,-0.07926,-0.05906,0.81582,0.03964,0.57391,-0.96496,0.15261,-0.07840,
1413394981205760512,0.19585,0.75750,-0.09133,-0.06531,0.81766,0.03556,0.57088,-0.92478,0.10863,-0.17927,
1413394981305760256,0.10491,0.76048,-0.11348,-0.06734,0.81900,0.03321,0.56886,-0.86760,0.04493,-0.25499,
1413394981405760512,0.02019,0.75604,-0.13701,-0.05664,0.81930,0.03850,0.56925,-0.81815,-0.01787,-0.22023,
1413394981505760512,-0.05711,0.74742,-0.15768,-0.04379,0.81917,0.04331,0.57023,-0.76449,-0.03934,-0.17721,
1413394981605760512,-0.12787,0.73815,-0.17580,-0.03896,0.82089,0.04265,0.56816,-0.71627,-0.04359,-0.17209,
1413394981705760512,-0.19573,0.72906,-0.19420,-0.03446,0.82656,0.03946,0.56040,-0.66354,-0.05239,-0.18615,
1413394981805760256,-0.25752,0.71977,-0.21340,-0.03271,0.83185,0.02761,0.55335,-0.59653,-0.05642,-0.17804,
1413394981905760512,-0.31351,0.70944,-0.23022,-0.03178,0.83418,0.01076,0.55047,-0.51262,-0.09070,-0.16577,
1413394982005760512,-0.35886,0.69492,-0.24385,-0.02983,0.83442,-0.00995,0.55023,-0.43342,-0.13626,-0.13006,
1413394982105760512,-0.39168,0.67515,-0.25264,-0.02835,0.83151,-0.03618,0.55361,-0.33535,-0.21322,-0.09259,
1413394982205760512,-0.41619,0.64786,-0.25722,-0.02639,0.82554,-0.06579,0.55988,-0.25737,-0.30622,-0.06189,
1413394982305760256,-0.43611,0.61029,-0.25828,-0.02062,0.81987,-0.09743,0.56382,-0.20531,-0.43267,-0.02499,
1413394982405760512,-0.45681,0.55884,-0.25613,-0.00773,0.81478,-0.12705,0.56562,-0.18861,-0.59114,0.02867,
1413394982505760512,-0.47914,0.49163,-0.24926,0.00690,0.80791,-0.15809,0.56766,-0.17743,-0.74920,0.08855,
1413394982605760512,-0.50296,0.40844,-0.23757,0.02343,0.80084,-0.18860,0.56793,-0.20451,-0.90013,0.12829,
1413394982705760512,-0.52911,0.31011,-0.22168,0.04498,0.79383,-0.21412,0.56742,-0.23140,-1.04931,0.16990,
1413394982805760256,-0.55487,0.19734,-0.20358,0.06900,0.78642,-0.23730,0.56610,-0.25946,-1.18627,0.17854,
1413394982905760512,-0.58142,0.07250,-0.18473,0.09390,0.77902,-0.25870,0.56337,-0.28029,-1.30360,0.20552,
1413394983105760512,-0.64198,-0.20394,-0.14256,0.14341,0.76862,-0.28197,0.55601,-0.31193,-1.43490,0.22594,
1413394983305760256,-0.70634,-0.49670,-0.09719,0.17013,0.76313,-0.28510,0.55444,-0.31731,-1.47249,0.23024,
1413394983505760512,-0.77097,-0.79028,-0.05247,0.19646,0.76968,-0.26527,0.54647,-0.31255,-1.43277,0.21124,
1413394983705760512,-0.82576,-1.06568,-0.03424,0.21387,0.77563,-0.24322,0.54175,-0.23130,-1.30489,-0.00303,
1413394983905760512,-0.85962,-1.30739,-0.06585,0.22003,0.77674,-0.23308,0.54215,-0.13195,-1.12124,-0.25311,
1413394984105760512,-0.87059,-1.51012,-0.13331,0.21334,0.77836,-0.22727,0.54496,-0.01272,-0.90247,-0.36526,
1413394984305760256,-0.85731,-1.68125,-0.20132,0.20030,0.78669,-0.21245,0.54394,0.08804,-0.71826,-0.33683,
1413394984505760512,-0.81937,-1.82021,-0.25686,0.18745,0.79947,-0.20210,0.53373,0.24557,-0.55669,-0.27003,
1413394984705760512,-0.74942,-1.92063,-0.29778,0.16708,0.81010,-0.17640,0.53358,0.41629,-0.39631,-0.19977,
1413394984905760512,-0.64339,-1.99153,-0.32639,0.13547,0.81855,-0.14267,0.53969,0.61063,-0.27010,-0.11570,
1413394985105760512,-0.50700,-2.03668,-0.33719,0.10855,0.82007,-0.09970,0.55295,0.73576,-0.16238,-0.02108,
1413394985305760256,-0.34880,-2.05563,-0.32716,0.08847,0.82377,-0.08038,0.55419,0.83837,-0.02080,0.15528,
1413394985505760512,-0.17016,-2.06012,-0.27022,0.03163,0.82640,-0.10612,0.55209,0.96200,-0.05856,0.46473,
1413394985705760512,0.02962,-2.08976,-0.16011,0.05195,0.82563,-0.08503,0.55534,1.02893,-0.17899,0.53787,
1413394985905760512,0.24035,-2.12116,-0.08340,0.08224,0.82535,-0.06148,0.55521,1.09201,-0.11095,0.22711,
1413394986105760512,0.46458,-2.12790,-0.05547,0.08834,0.82361,-0.06063,0.55694,1.14949,0.03194,0.13290,
1413394986305760256,0.70372,-2.10588,-0.02721,0.05402,0.82092,-0.09081,0.56118,1.21446,0.12321,0.19726,
1413394986505760512,0.95657,-2.09078,0.01903,0.04340,0.81935,-0.10187,0.56250,1.24690,0.04847,0.30110,
1413394986705760512,1.21316,-2.08612,0.07969,0.07834,0.82235,-0.07781,0.55816,1.29728,0.04844,0.30432,
1413394986905760512,1.48477,-2.06817,0.13639,0.08798,0.81789,-0.07191,0.56404,1.36635,0.19234,0.28924,
1413394987105760512,1.75669,-2.02701,0.17030,0.05653,0.80953,-0.09719,0.57621,1.31868,0.24873,0.02476,
1413394987305760256,2.02350,-1.99000,0.16417,0.05443,0.80321,-0.10116,0.58451,1.25931,0.18099,-0.10165,
1413394987505760512,2.28225,-1.95572,0.15178,0.09901,0.79558,-0.07058,0.59352,1.17651,0.26756,-0.05441,
1413394987705760512,2.51919,-1.88458,0.15772,0.11270,0.78416,-0.06010,0.60728,1.05713,0.49624,0.01740,
1413394987905760512,2.72080,-1.76015,0.18211,0.11567,0.77275,-0.05904,0.62128,0.85694,0.77801,0.11611,
1413394988105760512,2.87271,-1.58056,0.22682,0.10896,0.76199,-0.06594,0.63494,0.59853,1.03503,0.18158,
1413394988305760256,2.96142,-1.35815,0.27528,0.07134,0.76173,-0.10007,0.63614,0.29825,1.15115,0.18288,
1413394988505760512,2.98809,-1.13658,0.31137,0.04894,0.76177,-0.16739,0.62394,-0.00773,1.02029,0.02898,
1413394988705760512,2.95502,-0.95462,0.32047,0.09407,0.75792,-0.23065,0.60292,-0.28252,0.82416,-0.06677,
1413394988905760512,2.86681,-0.80027,0.30929,0.15763,0.74752,-0.25801,0.59144,-0.45724,0.76176,-0.18399,
1413394989105760512,2.74624,-0.64323,0.27651,0.19567,0.74835,-0.26248,0.57688,-0.58560,0.82520,-0.17791,
1413394989305760256,2.60152,-0.47146,0.25409,0.19845,0.75609,-0.26655,0.56383,-0.62058,0.89763,-0.11418,
1413394989505760512,2.43891,-0.29606,0.24249,0.18116,0.75914,-0.27253,0.56269,-0.66570,0.92067,-0.14535,
1413394989705760512,2.27137,-0.12359,0.20811,0.15870,0.76436,-0.27274,0.56231,-0.71184,0.88540,-0.32479,
1413394989905760512,2.11340,0.03677,0.13038,0.10837,0.78447,-0.24531,0.55919,-0.69974,0.77592,-0.48870,
1413394990105760512,1.96510,0.16647,0.02980,0.07351,0.81092,-0.16124,0.55767,-0.66796,0.62069,-0.59054,
1413394990205760512,1.89028,0.21527,-0.03054,0.05749,0.82054,-0.10940,0.55808,-0.63026,0.58274,-0.65486,
1413394990355760640,1.79813,0.28773,-0.12420,0.03158,0.82876,-0.03227,0.55777,-0.55773,0.56264,-0.64959,
1413394990455760384,1.74952,0.32744,-0.18738,0.01241,0.83213,0.00706,0.55439,-0.49825,0.55189,-0.62068,
1413394990555760384,1.70935,0.35701,-0.24523,-0.00785,0.83352,0.03074,0.55157,-0.41790,0.54276,-0.57535,
1413394990655760640,1.66432,0.40873,-0.29624,-0.02315,0.83496,0.04310,0.54813,-0.34579,0.55662,-0.53262,
1413394990755760384,1.62004,0.47368,-0.34300,-0.03052,0.83472,0.04941,0.54761,-0.25996,0.57671,-0.50961,
1413394990855760640,1.58727,0.53977,-0.38641,-0.03277,0.83473,0.05152,0.54726,-0.16857,0.59463,-0.46066,
1413394990955760384,1.56578,0.60212,-0.42590,-0.03232,0.83445,0.05012,0.54785,-0.09681,0.60414,-0.41298,
1413394991055760384,1.55202,0.66601,-0.46330,-0.02851,0.83398,0.04788,0.54897,-0.01613,0.62593,-0.35800,
1413394991155760640,1.55181,0.73180,-0.49901,-0.03139,0.83252,0.03904,0.55173,0.06195,0.64035,-0.32315,
1413394991255760384,1.56271,0.79405,-0.53021,-0.03183,0.83191,0.02842,0.55326,0.13059,0.62421,-0.29924,
1413394991355760640,1.57820,0.85326,-0.55634,-0.02739,0.83208,0.01215,0.55385,0.19018,0.58885,-0.27104,
1413394991455760384,1.59880,0.91167,-0.57981,-0.01751,0.83175,-0.00937,0.55480,0.25848,0.56610,-0.22947,
1413394991555760384,1.63126,0.96211,-0.59796,-0.00317,0.83024,-0.03359,0.55639,0.29821,0.50856,-0.21626,
1413394991655760640,1.67013,1.00697,-0.61543,0.01579,0.82620,-0.05583,0.56039,0.36031,0.46688,-0.16495,
1413394991755760384,1.71419,1.04651,-0.62679,0.03720,0.81631,-0.07380,0.57167,0.40692,0.43888,-0.12867,
1413394991855760640,1.75827,1.08639,-0.63956,0.04895,0.80419,-0.08999,0.58548,0.40989,0.42555,-0.11935,
1413394991955760384,1.80050,1.12472,-0.65130,0.05322,0.79551,-0.10360,0.59464,0.38817,0.41050,-0.12372,
1413394992055760384,1.83635,1.16136,-0.66463,0.05309,0.79219,-0.12047,0.59591,0.33229,0.37803,-0.13902,
1413394992155760640,1.86468,1.19285,-0.67722,0.05021,0.79248,-0.14143,0.59115,0.26460,0.31074,-0.12105,
1413394992255760384,1.88734,1.21771,-0.68432,0.05335,0.79521,-0.16099,0.58214,0.21803,0.21772,-0.06789,
1413394992355760640,1.90239,1.22982,-0.68678,0.06822,0.79559,-0.17544,0.57585,0.17833,0.11632,-0.02319,
1413394992455760384,1.91522,1.23195,-0.68580,0.09348,0.79437,-0.18426,0.57122,0.15567,0.03947,0.02524,
1413394992555760384,1.92696,1.23015,-0.68263,0.12548,0.79465,-0.18384,0.56480,0.15188,0.01835,0.03535,
1413394992655760640,1.94060,1.23062,-0.67811,0.14146,0.79064,-0.18752,0.56543,0.16231,0.04547,0.04738,
1413394992755760384,1.95437,1.23472,-0.67288,0.14181,0.78435,-0.19794,0.57053,0.15751,0.06230,0.04455,
1413394992855760640,1.96764,1.24027,-0.66808,0.13672,0.77922,-0.21466,0.57275,0.13331,0.06072,0.03547,
1413394992955760384,1.97898,1.24572,-0.66381,0.13320,0.77642,-0.22889,0.57187,0.10533,0.04526,0.01577,
1413394993055760384,1.98885,1.24766,-0.66736,0.13551,0.77592,-0.23550,0.56932,0.08850,0.01547,-0.08679,
1413394993155760640,1.99691,1.24714,-0.68305,0.14436,0.77766,-0.23431,0.56525,0.07450,-0.00639,-0.19592,
1413394993255760384,2.00291,1.24608,-0.70674,0.15337,0.78006,-0.22985,0.56139,0.06045,-0.01354,-0.28360,
1413394993355760640,2.00632,1.24511,-0.73742,0.16373,0.78213,-0.22255,0.55852,0.06224,0.00439,-0.31155,
1413394993455760384,2.01036,1.24283,-0.77022,0.17146,0.78400,-0.21555,0.55632,0.07383,0.02992,-0.29947,
1413394993555760384,2.01617,1.24549,-0.80099,0.17500,0.78504,-0.21028,0.55575,0.08757,0.07688,-0.29192,
1413394993655760640,2.02542,1.25055,-0.83207,0.17280,0.78498,-0.21143,0.55609,0.10346,0.11189,-0.29341,
1413394993755760384,2.03562,1.26271,-0.86344,0.16877,0.78099,-0.22313,0.55837,0.10685,0.13624,-0.34814,
1413394993855760640,2.04664,1.27491,-0.90260,0.16799,0.77536,-0.24377,0.55783,0.09439,0.13239,-0.43459,
1413394993955760384,2.05779,1.28019,-0.95190,0.16995,0.76695,-0.27125,0.55617,0.07732,0.10468,-0.49855,
1413394994055760384,2.06703,1.27930,-1.00179,0.17590,0.75594,-0.30141,0.55387,0.03401,0.05352,-0.47632,
1413394994155760640,2.07096,1.27729,-1.04353,0.19098,0.74432,-0.32828,0.54932,-0.02873,0.00940,-0.33402,
1413394994305760256,2.06298,1.26985,-1.08133,0.22820,0.72683,-0.36185,0.53732,-0.12661,-0.01938,-0.22293,
1413394994505760512,2.03974,1.25872,-1.09875,0.28507,0.71397,-0.38816,0.50824,-0.10908,-0.00994,-0.04020,
1413394994705760512,2.03344,1.25686,-1.07546,0.31442,0.70442,-0.39991,0.49498,0.00688,0.06882,0.13978,
1413394994905760512,2.05449,1.27378,-1.02635,0.32058,0.69410,-0.40497,0.50146,0.13312,0.17395,0.15600,
1413394995105760512,2.09731,1.30292,-1.01759,0.30285,0.68690,-0.41405,0.51480,0.17244,0.25872,-0.21979,
1413394995305760256,2.13758,1.33317,-1.08100,0.27121,0.69676,-0.42990,0.50612,0.12935,0.22152,-0.42396,
1413394995505760512,2.15922,1.35786,-1.16678,0.26602,0.71272,-0.43085,0.48541,0.10496,0.07987,-0.41860,
1413394995705760512,2.18260,1.35395,-1.24502,0.27513,0.70871,-0.42431,0.49192,0.14492,-0.06600,-0.32821,
1413394995905760512,2.20734,1.33314,-1.30079,0.28274,0.69437,-0.41924,0.51200,0.11739,-0.08587,-0.29210,
1413394996105760512,2.21574,1.33235,-1.32433,0.29628,0.68738,-0.41339,0.51850,-0.03442,0.04343,0.15867,
1413394996305760256,2.21478,1.34460,-1.33685,0.29794,0.69084,-0.40530,0.51934,-0.00249,0.01165,0.14209,
1413394996505760512,2.21495,1.34097,-1.34093,0.29739,0.69560,-0.40542,0.51316,0.00635,0.00419,-0.02236,
1413394996705760512,2.21739,1.34114,-1.34038,0.29675,0.69430,-0.40568,0.51507,0.01050,0.00525,0.01536,
1413394996905760512,2.21904,1.33775,-1.34237,0.29687,0.69371,-0.40542,0.51602,0.02115,0.00282,0.00482,
1413394997105760512,2.22055,1.33606,-1.34283,0.29662,0.69363,-0.40538,0.51629,0.02135,-0.00287,0.00608,
1413394997305760256,2.22273,1.33382,-1.34291,0.29621,0.69379,-0.40541,0.51629,0.02683,-0.00464,0.00561,
1413394997505760512,2.22488,1.33133,-1.34283,0.29616,0.69384,-0.40535,0.51630,0.02588,-0.00558,0.00663,
1413394997705760512,2.22629,1.32806,-1.34308,0.29598,0.69395,-0.40530,0.51630,0.02664,-0.00384,0.00672,
1413394997905760512,2.22831,1.32396,-1.34302,0.29589,0.69394,-0.40531,0.51635,0.02849,-0.00494,0.00868,
1413394998105760512,2.23023,1.31921,-1.34290,0.29572,0.69394,-0.40529,0.51647,0.03247,-0.01223,0.00470,
1413394998305760256,2.22967,1.31142,-1.34291,0.29555,0.69386,-0.40516,0.51678,0.03392,-0.01299,0.00530,
