1413394889305760256,0.50050,0.29938,0.14338,0.01206,0.78327,-0.02487,0.62106,0.37180,0.15621,0.16330,
1413394889405760512,0.53173,0.31006,0.16479,0.01611,0.75119,-0.02101,0.65956,0.21319,0.15394,0.21182,
1413394889505760512,0.55273,0.32337,0.18880,0.01972,0.72791,-0.01726,0.68517,-0.00159,0.15497,0.16538,
1413394889605760512,0.53793,0.33159,0.20522,0.02146,0.74664,-0.01630,0.66468,-0.24574,0.16421,0.11238,
1413394889705760512,0.49835,0.34050,0.22214,0.02160,0.78657,-0.01805,0.61687,-0.41111,0.16874,0.13719,
1413394889805760256,0.45140,0.35364,0.24208,0.02083,0.82582,-0.02048,0.56317,-0.43921,0.18374,0.16022,
1413394889905760512,0.41090,0.36955,0.26449,0.01889,0.85364,-0.02460,0.51994,-0.33947,0.17938,0.16409,
1413394890005760512,0.38656,0.38518,0.28243,0.01674,0.87269,-0.02823,0.48718,-0.15790,0.15798,0.08159,
1413394890105760512,0.38644,0.39945,0.29239,0.01337,0.88465,-0.03264,0.46492,0.07758,0.13860,0.02021,
1413394890205760512,0.41470,0.40956,0.30067,0.00916,0.87479,-0.03735,0.48298,0.37244,0.10559,0.04613,
1413394890305760256,0.46889,0.41156,0.30276,-0.00006,0.84826,-0.04411,0.52774,0.59069,0.04762,-0.04285,
1413394890405760512,0.53665,0.40950,0.29688,-0.00869,0.81391,-0.04901,0.57886,0.66965,-0.01840,-0.07859,
1413394890505760512,0.60516,0.40223,0.28802,-0.01216,0.77882,-0.04747,0.62534,0.61367,-0.09685,-0.11664,
1413394890605760512,0.66141,0.38903,0.27582,-0.00872,0.75010,-0.04196,0.65993,0.45118,-0.14138,-0.09912,
1413394890705760512,0.69655,0.37091,0.26422,0.00059,0.73332,-0.03203,0.67913,0.21254,-0.19248,-0.08207,
1413394890805760256,0.70478,0.34949,0.24980,0.00963,0.74218,-0.02289,0.66974,-0.05052,-0.21169,-0.13612,
1413394890905760512,0.68852,0.32586,0.22821,0.01043,0.77862,-0.02035,0.62708,-0.23140,-0.21533,-0.16221,
1413394891005760512,0.65828,0.30153,0.20744,0.01274,0.82076,-0.01841,0.57083,-0.28652,-0.21615,-0.12894,
1413394891105760512,0.62778,0.27832,0.19050,0.01451,0.85187,-0.01740,0.52327,-0.20439,-0.21589,-0.10739,
1413394891205760512,0.61021,0.25399,0.17626,0.01459,0.86998,-0.01809,0.49253,-0.02001,-0.21813,-0.10102,
1413394891305760256,0.61684,0.22942,0.16533,0.01633,0.87766,-0.01701,0.47870,0.22772,-0.21922,-0.06416,
1413394891405760512,0.65740,0.20577,0.16456,0.02189,0.87101,-0.01252,0.49062,0.50195,-0.21440,0.01120,
1413394891505760512,0.72379,0.18954,0.17141,0.02548,0.85252,-0.01044,0.52197,0.69989,-0.18484,0.04695,
1413394891605760512,0.80214,0.17444,0.17981,0.02943,0.83247,-0.00730,0.55324,0.80875,-0.14343,0.03411,
1413394891705760512,0.88548,0.16047,0.18770,0.03203,0.81953,-0.00420,0.57213,0.84641,-0.11436,0.04331,
1413394891805760256,0.97037,0.15075,0.19615,0.03262,0.81360,-0.00259,0.58050,0.84846,-0.06608,0.11333,
1413394891905760512,1.05444,0.14635,0.21842,0.03536,0.79977,0.00079,0.59926,0.82614,-0.00229,0.28555,
1413394892005760512,1.13258,0.14746,0.25288,0.03663,0.78204,0.00378,0.62213,0.75597,0.06251,0.33132,
1413394892105760512,1.20389,0.15553,0.28818,0.03294,0.76948,0.01032,0.63774,0.63680,0.12969,0.32519,
1413394892205760512,1.26310,0.17092,0.32228,0.02443,0.76525,0.02463,0.64279,0.51211,0.22055,0.33247,
1413394892305760256,1.31200,0.19277,0.35334,0.00938,0.76403,0.04356,0.64364,0.38455,0.27387,0.24057,
1413394892405760512,1.35001,0.21986,0.37055,-0.00872,0.76396,0.06582,0.64183,0.27715,0.31297,0.06052,
1413394892505760512,1.37485,0.25189,0.37279,-0.03043,0.76332,0.09042,0.63894,0.14833,0.35674,-0.04274,
1413394892605760512,1.38714,0.28720,0.37092,-0.05444,0.76685,0.11824,0.62849,0.01788,0.39463,-0.02439,
1413394892705760512,1.38777,0.32695,0.37254,-0.08022,0.77217,0.14896,0.61247,-0.07827,0.42582,0.03570,
1413394892805760256,1.37857,0.37029,0.37938,-0.10637,0.77535,0.18263,0.59512,-0.14373,0.45520,0.08864,
1413394892905760512,1.36306,0.41579,0.38981,-0.13034,0.77561,0.21618,0.57854,-0.19096,0.46571,0.10195,
1413394893005760512,1.34415,0.46316,0.40013,-0.14840,0.77766,0.24863,0.55804,-0.19573,0.49556,0.11629,
1413394893105760512,1.32354,0.51419,0.41329,-0.16098,0.77308,0.28144,0.54519,-0.17628,0.54405,0.14985,
1413394893205760512,1.29860,0.56981,0.42528,-0.17321,0.76473,0.31294,0.53597,-0.18015,0.61252,0.13501,
1413394893305760256,1.27846,0.63309,0.43946,-0.18812,0.75453,0.33520,0.53191,-0.16095,0.67771,0.17244,
1413394893405760512,1.26115,0.70416,0.45776,-0.19783,0.73932,0.35069,0.53971,-0.15569,0.73820,0.18155,
1413394893505760512,1.24050,0.78110,0.47433,-0.19861,0.72473,0.36506,0.54959,-0.19663,0.80283,0.13482,
1413394893605760512,1.21611,0.86374,0.48182,-0.19487,0.71306,0.37609,0.55868,-0.25874,0.85608,0.01836,
1413394893705760512,1.18226,0.95173,0.47990,-0.18347,0.70081,0.38502,0.57181,-0.35962,0.91746,-0.04936,
1413394893805760256,1.13248,1.04317,0.47110,-0.17606,0.69274,0.38625,0.58303,-0.49381,0.99230,-0.09816,
1413394893905760512,1.06236,1.13518,0.45794,-0.17826,0.69233,0.38094,0.58633,-0.66843,1.04921,-0.13470,
1413394894005760512,0.97435,1.23025,0.44369,-0.19093,0.69016,0.37751,0.58712,-0.85782,1.10109,-0.14815,
1413394894105760512,0.86543,1.32116,0.42755,-0.21068,0.68386,0.38000,0.58613,-1.03638,1.09970,-0.19768,
1413394894205760512,0.74052,1.40455,0.40669,-0.24526,0.68217,0.38261,0.57280,-1.19773,1.05345,-0.24778,
1413394894305760256,0.60027,1.47827,0.38411,-0.28208,0.68159,0.39073,0.55064,-1.30358,0.97143,-0.27732,
1413394894405760512,0.45501,1.54764,0.36047,-0.31047,0.67665,0.40633,0.52976,-1.36429,0.87014,-0.28606,
1413394894505760512,0.31100,1.60880,0.33259,-0.32885,0.67086,0.42760,0.50888,-1.36653,0.77037,-0.32289,
1413394894605760512,0.17120,1.66180,0.29936,-0.34342,0.66209,0.44929,0.49178,-1.35484,0.68195,-0.35522,
1413394894705760512,0.04129,1.69756,0.26442,-0.35621,0.64804,0.46933,0.48258,-1.31563,0.59158,-0.37181,
1413394894805760256,-0.08333,1.72653,0.22871,-0.36077,0.63557,0.48737,0.47787,-1.28498,0.51648,-0.38133,
1413394894905760512,-0.20274,1.75112,0.19513,-0.36484,0.63039,0.50064,0.46783,-1.26051,0.43606,-0.36590,
1413394895005760512,-0.32066,1.77381,0.16339,-0.37327,0.63374,0.50401,0.45278,-1.22805,0.39821,-0.35004,
1413394895105760512,-0.43993,1.79235,0.13491,-0.37764,0.63816,0.50484,0.44191,-1.17715,0.34125,-0.31005,
1413394895205760512,-0.55630,1.81104,0.11190,-0.37780,0.64273,0.50459,0.43537,-1.11373,0.28527,-0.22731,
1413394895305760256,-0.66518,1.82953,0.09578,-0.37594,0.64363,0.50211,0.43851,-1.04261,0.25388,-0.15327,
1413394895405760512,-0.76721,1.84876,0.08391,-0.35849,0.63589,0.50920,0.45591,-0.99214,0.25471,-0.11791,
1413394895505760512,-0.87293,1.87097,0.07999,-0.34307,0.63241,0.51392,0.46717,-1.01997,0.24185,0.04727,
1413394895605760512,-0.97721,1.89188,0.08981,-0.33547,0.63437,0.51358,0.47039,-1.05786,0.22579,0.14870,
1413394895705760512,-1.08154,1.91455,0.11551,-0.33928,0.64213,0.50752,0.46365,-1.10345,0.24921,0.30925,
1413394895805760256,-1.17876,1.93654,0.15610,-0.34491,0.64807,0.50261,0.45654,-1.09052,0.26270,0.36578,
1413394895905760512,-1.26330,1.95828,0.19542,-0.34929,0.64947,0.50056,0.45346,-1.05426,0.26983,0.25780,
1413394896005760512,-1.35602,1.98479,0.21979,-0.35231,0.64795,0.50060,0.45324,-1.01180,0.27772,0.14831,
1413394896105760512,-1.45061,2.01361,0.23026,-0.35452,0.64691,0.50175,0.45174,-0.98322,0.29527,0.02740,
1413394896205760512,-1.54425,2.04484,0.22974,-0.35503,0.64672,0.50316,0.45005,-0.95196,0.32514,-0.08213,
1413394896305760256,-1.63890,2.07807,0.21988,-0.37079,0.65383,0.49381,0.43724,-0.89954,0.32212,-0.16096,
1413394896405760512,-1.72925,2.11313,0.20774,-0.38867,0.66404,0.48134,0.41988,-0.81341,0.33046,-0.14404,
1413394896505760512,-1.80699,2.14805,0.19650,-0.40301,0.67239,0.47053,0.40507,-0.66883,0.32946,-0.18218,
1413394896605760512,-1.87034,2.18205,0.17870,-0.41880,0.68139,0.45727,0.38887,-0.48339,0.31463,-0.26486,
1413394896705760512,-1.91646,2.21338,0.15352,-0.43610,0.68960,0.44181,0.37292,-0.26313,0.29838,-0.34908,
1413394896805760256,-1.93705,2.23767,0.11966,-0.45154,0.69706,0.42646,0.35826,0.00147,0.24781,-0.40005,
1413394896905760512,-1.92579,2.25328,0.08447,-0.46174,0.69750,0.41479,0.35811,0.36623,0.15852,-0.37716,
1413394897005760512,-1.87645,2.25606,0.05340,-0.46882,0.69847,0.40781,0.35501,0.70733,0.03890,-0.34025,
1413394897105760512,-1.78557,2.25466,0.02549,-0.46844,0.70089,0.40690,0.35178,1.11238,-0.05123,-0.24270,
1413394897205760512,-1.66056,2.23576,0.00976,-0.46059,0.69796,0.41371,0.35993,1.47937,-0.13581,-0.17383,
1413394897305760256,-1.49927,2.21175,0.00181,-0.43194,0.68584,0.43958,0.38707,1.77684,-0.20613,-0.07427,
1413394897405760512,-1.31481,2.18223,-0.00129,-0.39785,0.66610,0.46786,0.42324,1.92360,-0.24678,-0.02615,
1413394897505760512,-1.12054,2.15296,-0.00183,-0.37587,0.65053,0.48576,0.44673,1.96845,-0.27467,0.00044,
1413394897605760512,-0.92516,2.12332,0.00000,-0.36433,0.64349,0.49537,0.45585,1.94469,-0.27866,0.02851,
1413394897705760512,-0.73301,2.09277,0.00673,-0.36375,0.63754,0.49707,0.46277,1.90488,-0.29574,0.09747,
1413394897805760256,-0.54548,2.06052,0.01832,-0.36562,0.63160,0.49709,0.46936,1.84978,-0.32191,0.13675,
1413394897905760512,-0.36352,2.02578,0.03491,-0.36903,0.62700,0.49590,0.47410,1.79480,-0.35683,0.18241,
1413394898005760512,-0.18727,1.98707,0.05589,-0.37037,0.62357,0.49559,0.47789,1.72519,-0.40198,0.20705,
1413394898105760512,-0.01873,1.94423,0.07869,-0.36544,0.62368,0.49962,0.47734,1.64409,-0.43667,0.24018,
1413394898205760512,0.14098,1.89814,0.10429,-0.35842,0.62055,0.50678,0.47919,1.55599,-0.46498,0.26661,
1413394898305760256,0.29135,1.84944,0.13371,-0.34679,0.61031,0.51812,0.48869,1.42819,-0.47714,0.28205,
1413394898405760512,0.42734,1.79909,0.16436,-0.33594,0.59603,0.53465,0.49603,1.26285,-0.47600,0.28820,
1413394898505760512,0.54471,1.74857,0.19510,-0.33235,0.58188,0.55423,0.49375,1.05003,-0.47107,0.30332,
1413394898605760512,0.64192,1.69846,0.22654,-0.33237,0.56705,0.57602,0.48598,0.84280,-0.45900,0.32114,
1413394898705760512,0.71932,1.65160,0.25926,-0.33324,0.55756,0.59297,0.47588,0.63920,-0.43678,0.31386,
1413394898805760256,0.77728,1.60667,0.29262,-0.33354,0.55757,0.60524,0.45996,0.44302,-0.39875,0.33392,
1413394898905760512,0.81274,1.56939,0.32887,-0.32567,0.55098,0.61780,0.45681,0.24631,-0.32958,0.38096,
1413394899005760512,0.83019,1.53685,0.36501,-0.31507,0.54454,0.62795,0.45814,0.03813,-0.25878,0.34419,
1413394899105760512,0.82458,1.51010,0.39329,-0.31062,0.55023,0.63174,0.44907,-0.17920,-0.18645,0.22761,
1413394899205760512,0.79744,1.49524,0.41132,-0.30861,0.55759,0.63314,0.43930,-0.37711,-0.07957,0.12400,
1413394899305760256,0.75133,1.49017,0.41982,-0.30798,0.55684,0.63415,0.43924,-0.57506,0.02938,0.04775,
1413394899405760512,0.68547,1.49631,0.41912,-0.32371,0.56303,0.62541,0.43252,-0.75720,0.11780,-0.07625,
1413394899505760512,0.60303,1.51433,0.40740,-0.35076,0.57246,0.61481,0.41384,-0.89161,0.21390,-0.16751,
1413394899605760512,0.51035,1.54068,0.38807,-0.37077,0.56877,0.61688,0.39811,-0.97696,0.31268,-0.20715,
1413394899705760512,0.41019,1.57555,0.36811,-0.38452,0.55484,0.62980,0.38424,-1.04722,0.40834,-0.17085,
1413394899805760256,0.30247,1.62011,0.35169,-0.39978,0.53381,0.64633,0.37077,-1.12363,0.49185,-0.12156,
1413394899905760512,0.18778,1.67108,0.33804,-0.42030,0.50730,0.66054,0.36012,-1.18285,0.54298,-0.09621,
1413394900005760512,0.06730,1.72722,0.32959,-0.44692,0.48450,0.66940,0.34268,-1.22111,0.58277,0.01661,
1413394900105760512,-0.05553,1.78572,0.33535,-0.47194,0.45985,0.67708,0.32766,-1.23382,0.59777,0.15532,
1413394900205760512,-0.17781,1.84563,0.34727,-0.49704,0.43669,0.68159,0.31256,-1.21725,0.59296,0.17231,
1413394900305760256,-0.29740,1.90433,0.35350,0.51442,-0.41358,-0.68807,-0.30147,-1.17913,0.56961,0.07849,
1413394900405760512,-0.41207,1.95845,0.35261,0.52685,-0.38657,-0.69633,-0.29683,-1.13378,0.52514,-0.00258,
1413394900505760512,-0.52268,2.00567,0.34450,0.52519,-0.35628,-0.71327,-0.29746,-1.10947,0.46209,-0.09866,
1413394900605760512,-0.63332,2.04457,0.33071,0.52014,-0.32652,-0.72987,-0.30020,-1.11707,0.38216,-0.14866,
1413394900705760512,-0.74815,2.07454,0.31503,0.51958,-0.29567,-0.74189,-0.30367,-1.17570,0.26660,-0.13497,
1413394900805760256,-0.87027,2.08803,0.30721,0.52126,-0.26796,-0.75336,-0.29823,-1.26673,0.07159,-0.02317,
1413394900905760512,-1.00251,2.08324,0.31483,0.52748,-0.24554,-0.76329,-0.28083,-1.38233,-0.10571,0.14115,
1413394901005760512,-1.14434,2.05846,0.34121,0.53745,-0.21820,-0.77086,-0.26326,-1.48052,-0.28075,0.31836,
1413394901105760512,-1.29308,2.01564,0.37557,0.55096,-0.19038,-0.77557,-0.24227,-1.53381,-0.45508,0.30999,
1413394901205760512,-1.44427,1.95687,0.40383,0.57162,-0.16829,-0.77487,-0.21094,-1.52090,-0.60919,0.22411,
1413394901305760256,-1.59113,1.88431,0.42368,0.59408,-0.15541,-0.77093,-0.16907,-1.47318,-0.74016,0.13382,
1413394901405760512,-1.73056,1.80269,0.43655,0.61520,-0.14711,-0.76454,-0.12394,-1.39056,-0.79546,0.08788,
1413394901505760512,-1.85958,1.71929,0.44268,0.63512,-0.13468,-0.75528,-0.08968,-1.24309,-0.80068,-0.01057,
1413394901605760512,-1.97250,1.63568,0.43769,0.63774,-0.11797,-0.75840,-0.06479,-1.08888,-0.79979,-0.14005,
1413394901705760512,-2.07138,1.55443,0.42269,0.62540,-0.09118,-0.77329,-0.05085,-0.94630,-0.79042,-0.22250,
1413394901805760256,-2.15350,1.47152,0.40629,0.61665,-0.05288,-0.78416,-0.04524,-0.81334,-0.79422,-0.16764,
1413394901905760512,-2.21806,1.38338,0.39748,0.61658,-0.00910,-0.78637,-0.03701,-0.70115,-0.84511,-0.08467,
1413394902005760512,-2.27086,1.29020,0.39662,0.61773,0.03066,-0.78551,-0.02105,-0.57835,-0.90390,-0.02480,
1413394902105760512,-2.30522,1.18869,0.40413,0.61751,0.06347,-0.78400,0.00047,-0.44770,-0.97947,0.05256,
1413394902205760512,-2.32592,1.08272,0.41162,0.61875,0.09128,-0.77990,0.02375,-0.31915,-1.03088,-0.00002,
1413394902305760256,-2.33836,0.97353,0.41181,0.62452,0.11747,-0.77075,0.04599,-0.19268,-1.06938,-0.04928,
1413394902405760512,-2.34375,0.86393,0.40574,0.63474,0.14086,-0.75704,0.06443,-0.03631,-1.08744,-0.09412,
1413394902505760512,-2.33860,0.75201,0.39538,0.63416,0.14887,-0.75246,0.09739,0.13571,-1.08150,-0.09958,
1413394902605760512,-2.31933,0.64279,0.38688,0.62697,0.14240,-0.75346,0.13757,0.29149,-1.01602,-0.10215,
1413394902705760512,-2.28649,0.54088,0.38155,0.61158,0.13072,-0.76108,0.17216,0.36542,-0.88335,-0.05433,
1413394902805760256,-2.25244,0.45075,0.37686,0.59609,0.12012,-0.76992,0.19358,0.40545,-0.71481,-0.03475,
1413394902905760512,-2.22016,0.37697,0.37272,0.58368,0.11982,-0.77994,0.19143,0.41263,-0.52820,-0.04477,
1413394903055760384,-2.16635,0.29955,0.35477,0.57432,0.12020,-0.79129,0.17193,0.39851,-0.30380,-0.20408,
1413394903255760384,-2.09394,0.24948,0.28496,0.53872,0.09205,-0.82372,0.15094,0.33032,-0.08378,-0.45930,
1413394903455760384,-2.05180,0.24266,0.20223,0.55096,0.06886,-0.82523,0.10339,0.12292,0.09602,-0.31962,
1413394903605760512,-2.04454,0.25631,0.17114,0.57487,0.05938,-0.81240,0.07749,0.03240,0.16390,-0.12413,
1413394903705760512,-2.04728,0.27117,0.17028,0.58327,0.05828,-0.80770,0.06346,0.02158,0.19048,0.04120,
1413394903805760256,-2.05160,0.29121,0.18701,0.58629,0.06074,-0.80619,0.05126,0.03973,0.19149,0.17890,
1413394903905760512,-2.05669,0.31116,0.21321,0.58548,0.06945,-0.80704,0.03286,0.04881,0.18088,0.18088,
1413394904005760512,-2.05728,0.32906,0.22995,0.58281,0.06434,-0.80979,0.02075,0.06301,0.14643,0.07085,
1413394904105760512,-2.05634,0.34443,0.23586,0.57447,0.03858,-0.81734,0.02112,0.06153,0.13003,-0.02009,
1413394904205760512,-2.05539,0.35875,0.23267,0.56236,0.00522,-0.82667,0.01864,0.02856,0.13990,-0.10174,
1413394904305760256,-2.05975,0.37606,0.22104,0.54804,-0.02769,-0.83598,0.00502,-0.04128,0.18389,-0.18626,
1413394904405760512,-2.07005,0.39813,0.20203,0.53632,-0.06267,-0.84153,-0.01639,-0.12939,0.22478,-0.25274,
1413394904505760512,-2.09112,0.42370,0.17959,0.53245,-0.09609,-0.83970,-0.04651,-0.24199,0.28112,-0.22570,
1413394904605760512,-2.12053,0.45279,0.15980,0.54334,-0.13051,-0.82558,-0.07850,-0.30975,0.29476,-0.18079,
1413394904705760512,-2.15649,0.48256,0.14480,0.55617,-0.16652,-0.80709,-0.10748,-0.37935,0.31649,-0.13012,
1413394904805760256,-2.19587,0.51445,0.13264,0.56295,-0.19954,-0.79016,-0.13752,-0.38361,0.31014,-0.09998,
1413394904905760512,-2.23469,0.54536,0.12470,0.56888,-0.23153,-0.77108,-0.16796,-0.36877,0.29242,-0.04526,
1413394905005760512,-2.26931,0.57316,0.12109,0.58186,-0.26164,-0.74418,-0.19792,-0.30975,0.24595,0.00355,
1413394905105760512,-2.29589,0.59420,0.12098,0.59530,-0.29179,-0.71452,-0.22348,-0.20824,0.16278,0.02804,
1413394905205760512,-2.31024,0.60529,0.12021,0.59178,-0.32678,-0.69837,-0.23514,-0.07419,0.05651,-0.03044,
1413394905305760256,-2.31221,0.60741,0.11384,0.55673,-0.36791,-0.70901,-0.22803,0.02500,-0.00784,-0.08186,
1413394905405760512,-2.30596,0.60914,0.10542,0.50040,-0.40492,-0.73635,-0.20837,0.06855,0.03328,-0.06826,
1413394905505760512,-2.30178,0.62162,0.10064,-0.44690,0.42817,0.76126,0.19348,0.02995,0.22659,-0.00857,
1413394905605760512,-2.30546,0.65859,0.10212,-0.41277,0.43670,0.77635,0.19026,-0.09168,0.52604,0.09935,
1413394905705760512,-2.32461,0.72650,0.11844,-0.43155,0.41843,0.76778,0.22182,-0.26175,0.78961,0.22137,
1413394905805760256,-2.36007,0.81312,0.14468,-0.48714,0.39061,0.73601,0.26155,-0.34583,0.88673,0.28172,
1413394905905760512,-2.39938,0.90026,0.17311,0.54847,-0.36049,-0.69447,-0.29486,-0.35018,0.81045,0.27937,
1413394906005760512,-2.43107,0.97340,0.20119,0.59566,-0.33825,-0.65849,-0.31173,-0.26270,0.62021,0.27134,
1413394906105760512,-2.44911,1.02359,0.22931,0.63033,-0.32842,-0.63127,-0.31035,-0.08241,0.37488,0.28389,
1413394906205760512,-2.44472,1.04930,0.26005,0.64099,-0.34117,-0.62411,-0.28849,0.15894,0.13879,0.31143,
1413394906305760256,-2.41841,1.05401,0.28922,0.61052,-0.37202,-0.64895,-0.26024,0.40167,-0.02620,0.27713,
1413394906405760512,-2.37547,1.04447,0.31502,0.56117,-0.40455,-0.67939,-0.24467,0.56290,-0.08153,0.19724,
1413394906505760512,-2.31631,1.03484,0.33228,-0.49505,0.43126,0.71293,0.24631,0.64696,-0.03509,0.13750,
1413394906605760512,-2.25339,1.03637,0.34142,-0.43843,0.45646,0.73176,0.25287,0.61206,0.10074,0.08186,
1413394906705760512,-2.19624,1.05359,0.34607,-0.41562,0.47213,0.72672,0.27610,0.49784,0.27889,0.07569,
1413394906805760256,-2.14763,1.08084,0.35055,-0.43878,0.47353,0.69370,0.31940,0.41311,0.39348,0.05815,
1413394906905760512,-2.10629,1.11175,0.35155,-0.47914,0.46226,0.64831,0.36938,0.35486,0.35794,0.02855,
1413394907005760512,-2.07042,1.13487,0.35303,0.51964,-0.44456,-0.60154,-0.41290,0.31644,0.16720,0.03070,
1413394907105760512,-2.03809,1.13378,0.35781,0.55540,-0.43048,-0.56110,-0.43748,0.34724,-0.13450,0.05080,
1413394907205760512,-2.00225,1.09701,0.35627,0.55658,-0.44144,-0.55815,-0.42873,0.40515,-0.50170,-0.02885,
1413394907305760256,-1.96365,1.02407,0.34709,0.52342,-0.47528,-0.58678,-0.39476,0.46133,-0.77633,-0.04700,
1413394907405760512,-1.93175,0.93701,0.32778,-0.47866,0.52298,0.61903,0.33791,0.48869,-0.88804,-0.11939,
1413394907505760512,-1.88755,0.84777,0.30731,-0.44870,0.57844,0.62598,0.26874,0.57319,-0.79774,-0.17828,
1413394907605760512,-1.82431,0.77529,0.28620,-0.42291,0.61894,0.62130,0.22816,0.73446,-0.54941,-0.19109,
1413394907705760512,-1.74251,0.73513,0.26621,-0.40108,0.62899,0.62023,0.24254,0.92299,-0.18213,-0.12939,
1413394907805760256,-1.64971,0.72996,0.25246,-0.40395,0.59907,0.61507,0.31564,0.98533,0.05183,-0.12448,
1413394907905760512,-1.55555,0.73714,0.23349,-0.42643,0.55427,0.59657,0.39376,0.94117,0.09381,-0.22642,
1413394908005760512,-1.46314,0.74046,0.20487,-0.45075,0.51894,0.57600,0.44244,0.87683,-0.01036,-0.30985,
1413394908105760512,-1.37756,0.73280,0.16674,-0.45736,0.50789,0.57128,0.45444,0.80910,-0.16571,-0.43464,
1413394908205760512,-1.29989,0.71199,0.11972,-0.43042,0.52801,0.59460,0.42708,0.73518,-0.28915,-0.48532,
1413394908305760256,-1.23091,0.68383,0.07193,-0.38970,0.55259,0.62573,0.38891,0.64891,-0.30284,-0.44799,
1413394908405760512,-1.17010,0.65956,0.03237,-0.35888,0.57348,0.64714,0.35147,0.55518,-0.18097,-0.33362,
1413394908505760512,-1.11857,0.65931,0.00794,-0.34700,0.59115,0.65458,0.31884,0.47213,0.07366,-0.15791,
1413394908605760512,-1.07470,0.69120,0.01049,-0.36215,0.58045,0.65107,0.32867,0.41881,0.40675,0.15696,
1413394908705760512,-1.03836,0.74303,0.03851,-0.40636,0.54424,0.63108,0.37472,0.35508,0.47890,0.33314,
1413394908805760256,-1.02165,0.80125,0.07947,-0.45151,0.50442,0.60428,0.42017,0.27151,0.39179,0.41867,
1413394908905760512,-1.00802,0.84100,0.12636,-0.48992,0.47503,0.57759,0.44801,0.21238,0.16765,0.51351,
1413394909005760512,-0.99106,0.85040,0.18148,0.52364,-0.46254,-0.55449,-0.45211,0.19213,-0.08717,0.57328,
1413394909105760512,-0.96889,0.83600,0.23247,0.51926,-0.48226,-0.56399,-0.42392,0.22444,-0.30377,0.52616,
1413394909205760512,-0.96543,0.83195,0.27863,-0.48436,0.51900,0.59097,0.38313,0.27002,-0.42330,0.42642,
1413394909305760256,-0.94748,0.82316,0.31393,-0.43523,0.55785,0.61455,0.34887,0.31562,-0.40959,0.34939,
1413394909405760512,-0.92484,0.81919,0.34590,-0.40384,0.59292,0.61381,0.32953,0.34506,-0.26280,0.31173,
1413394909505760512,-0.89145,0.81185,0.37592,-0.39897,0.61363,0.59081,0.33946,0.39530,-0.08886,0.30120,
1413394909605760512,-0.85081,0.82378,0.40445,-0.41643,0.62123,0.55407,0.36559,0.46197,0.03449,0.31686,
1413394909705760512,-0.80242,0.84383,0.43603,-0.43467,0.61751,0.52157,0.39713,0.55442,0.07098,0.35646,
1413394909805760256,-0.74522,0.85424,0.47221,-0.44815,0.59654,0.49787,0.44207,0.62295,-0.00414,0.41512,
1413394909905760512,-0.68049,0.85380,0.50999,-0.45745,0.57316,0.48165,0.47983,0.63740,-0.16040,0.36709,
1413394910005760512,-0.61411,0.83617,0.53742,-0.43754,0.57392,0.49528,0.48361,0.63588,-0.35423,0.29093,
1413394910105760512,-0.55252,0.79848,0.55310,-0.39882,0.59461,0.52520,0.45995,0.59618,-0.43808,0.18923,
1413394910205760512,-0.49753,0.75411,0.55968,-0.36482,0.62162,0.54996,0.42195,0.54950,-0.43098,0.09370,
1413394910305760256,-0.44905,0.71522,0.55605,-0.33805,0.64406,0.56835,0.38457,0.52472,-0.31505,0.02071,
1413394910405760512,-0.40260,0.69250,0.54440,-0.32323,0.65787,0.57861,0.35770,0.51848,-0.13933,-0.09780,
1413394910505760512,-0.35523,0.69198,0.52782,-0.32259,0.65705,0.58175,0.35466,0.53099,0.13759,-0.07328,
1413394910605760512,-0.30513,0.71212,0.51610,-0.35340,0.62924,0.56839,0.39509,0.53144,0.32184,-0.06147,
1413394910705760512,-0.25491,0.74653,0.50862,-0.40216,0.59036,0.53952,0.44571,0.49693,0.34469,-0.07186,
1413394910805760256,-0.20967,0.76792,0.49825,-0.44580,0.56063,0.50971,0.47661,0.45641,0.18854,-0.11142,
1413394910905760512,-0.16514,0.77041,0.48422,-0.47315,0.54661,0.49167,0.48539,0.44784,-0.04566,-0.12899,
1413394911005760512,-0.12296,0.74971,0.46839,-0.48958,0.54566,0.48339,0.47844,0.45139,-0.31316,-0.18280,
1413394911105760512,-0.07561,0.70312,0.44643,-0.46556,0.56626,0.50741,0.45292,0.50157,-0.56267,-0.25206,
1413394911205760512,-0.02387,0.63818,0.42030,-0.41200,0.59365,0.54829,0.42097,0.52367,-0.66332,-0.27733,
1413394911305760256,0.02929,0.57016,0.39180,-0.36656,0.61700,0.57706,0.38980,0.52850,-0.61976,-0.32196,
1413394911405760512,0.08348,0.51486,0.35907,-0.33483,0.63341,0.59198,0.36910,0.51262,-0.44269,-0.34265,
1413394911505760512,0.13665,0.47963,0.32205,-0.32073,0.64030,0.59665,0.36215,0.49046,-0.22786,-0.39621,
1413394911605760512,0.18677,0.46698,0.28343,-0.33139,0.63531,0.58523,0.37957,0.46499,-0.00540,-0.37850,
1413394911705760512,0.23108,0.47625,0.24784,-0.36575,0.61335,0.55706,0.42393,0.42177,0.12904,-0.29588,
1413394911805760256,0.27138,0.48651,0.22088,-0.40412,0.58295,0.52482,0.47056,0.36408,0.04835,-0.19588,
1413394911905760512,0.30375,0.47986,0.20138,-0.42752,0.56200,0.50151,0.49986,0.26578,-0.15782,-0.12244,
1413394912005760512,0.32764,0.45447,0.18575,-0.41545,0.57159,0.50685,0.49375,0.19996,-0.32690,-0.11199,
1413394912105760512,0.34357,0.41646,0.17769,-0.37990,0.60441,0.52974,0.45797,0.12536,-0.42645,-0.01797,
1413394912205760512,0.35610,0.37356,0.17671,-0.34205,0.63597,0.54619,0.42453,0.09224,-0.40392,0.02239,
1413394912305760256,0.36503,0.33913,0.18222,-0.31404,0.65830,0.54809,0.40942,0.06796,-0.25697,0.08730,
1413394912405760512,0.37297,0.32120,0.19103,-0.29791,0.67615,0.53650,0.40771,0.07048,-0.05503,0.09863,
1413394912505760512,0.37936,0.32830,0.20794,-0.29455,0.69143,0.51242,0.41543,0.07838,0.14529,0.16927,
1413394912605760512,0.38566,0.35559,0.23107,-0.30510,0.69852,0.47822,0.43622,0.10472,0.28035,0.22089,
1413394912705760512,0.39465,0.39401,0.25611,-0.31722,0.70252,0.44178,0.45898,0.13999,0.35960,0.24900,
1413394912805760256,0.40911,0.43898,0.28253,-0.32117,0.70853,0.41310,0.47348,0.17025,0.38904,0.24200,
1413394912905760512,0.42485,0.48859,0.30692,-0.31748,0.71294,0.39819,0.48204,0.20721,0.40136,0.24627,
1413394913005760512,0.44434,0.53335,0.33257,-0.29958,0.71217,0.39937,0.49352,0.21922,0.40709,0.24817,
1413394913105760512,0.46563,0.57946,0.35794,-0.28508,0.70921,0.40308,0.50326,0.20403,0.42529,0.25802,
1413394913205760512,0.48298,0.62313,0.38383,-0.28069,0.70485,0.40926,0.50686,0.15497,0.45632,0.26801,
1413394913305760256,0.49486,0.66956,0.41157,-0.28901,0.69422,0.42097,0.50726,0.08119,0.48404,0.29405,
1413394913405760512,0.50052,0.71877,0.44112,-0.30581,0.67600,0.43906,0.50669,0.00909,0.50517,0.27005,
1413394913505760512,0.49678,0.76763,0.46134,-0.32159,0.65309,0.46735,0.50163,-0.06354,0.48540,0.15968,
1413394913605760512,0.48550,0.81481,0.47014,-0.33170,0.62428,0.50375,0.49648,-0.16671,0.46539,0.05941,
1413394913705760512,0.46234,0.85930,0.46609,-0.34037,0.59646,0.54228,0.48407,-0.28054,0.44110,-0.08811,
1413394913805760256,0.42622,0.89962,0.44470,-0.35470,0.57708,0.57682,0.45656,-0.40505,0.43144,-0.23108,
1413394913905760512,0.38021,0.93965,0.40999,-0.37869,0.56297,0.60175,0.42137,-0.49962,0.44662,-0.33070,
1413394914005760512,0.32794,0.98300,0.36785,-0.40705,0.54611,0.61969,0.38994,-0.54762,0.45541,-0.40695,
1413394914105760512,0.27062,1.02899,0.32290,-0.42931,0.52231,0.63817,0.36827,-0.59593,0.47865,-0.39381,
1413394914205760512,0.21035,1.07725,0.28653,-0.44393,0.48961,0.66026,0.35673,-0.63420,0.49784,-0.24467,
1413394914305760256,0.14511,1.12654,0.26493,-0.45564,0.45482,0.68272,0.34559,-0.69736,0.48894,-0.10245,
1413394914405760512,0.07191,1.17632,0.26002,-0.46607,0.42021,0.70304,0.33457,-0.79164,0.46910,0.05925,
1413394914505760512,-0.01154,1.22378,0.27062,-0.47687,0.38950,0.71895,0.32248,-0.89224,0.46700,0.20520,
1413394914605760512,-0.10527,1.26828,0.28732,-0.49017,0.37374,0.72764,0.30098,-0.95452,0.40769,0.16838,
1413394914705760512,-0.20584,1.31009,0.29575,0.50433,-0.36436,-0.73187,-0.27795,-1.00173,0.38438,0.06661,
1413394914805760256,-0.30995,1.34744,0.29484,0.51656,-0.35415,-0.73582,-0.25750,-1.03378,0.35943,-0.03579,
1413394914905760512,-0.41517,1.38209,0.28427,0.52308,-0.33739,-0.74247,-0.24760,-1.04328,0.34050,-0.13182,
1413394915005760512,-0.52034,1.41151,0.26094,0.52894,-0.31387,-0.74927,-0.24556,-1.05797,0.28393,-0.26131,
1413394915105760512,-0.62789,1.43076,0.23115,0.53549,-0.28139,-0.75678,-0.24770,-1.09657,0.18543,-0.26971,
1413394915205760512,-0.73779,1.43605,0.20407,0.53682,-0.24530,-0.76897,-0.24563,-1.14974,0.06805,-0.22629,
1413394915305760256,-0.85160,1.42631,0.18225,0.53991,-0.20833,-0.78002,-0.23804,-1.18761,-0.10706,-0.19722,
1413394915405760512,-0.96910,1.39983,0.16409,0.54710,-0.17313,-0.78702,-0.22650,-1.24563,-0.29424,-0.15390,
1413394915505760512,-1.09195,1.35521,0.14989,0.55675,-0.13955,-0.79093,-0.21210,-1.27974,-0.50272,-0.11873,
1413394915605760512,-1.21864,1.28966,0.13910,0.57803,-0.11512,-0.78845,-0.17602,-1.29467,-0.70957,-0.10182,
1413394915705760512,-1.34397,1.20791,0.12937,0.60141,-0.09683,-0.78357,-0.12226,-1.24286,-0.87373,-0.09403,
1413394915805760256,-1.46057,1.11494,0.12298,0.62087,-0.06861,-0.77711,-0.07694,-1.11677,-0.95402,-0.03359,
1413394915905760512,-1.56591,1.01680,0.12252,0.63941,-0.03344,-0.76695,-0.04273,-0.96734,-0.99768,-0.00134,
1413394916005760512,-1.65621,0.91711,0.12368,0.64760,-0.00006,-0.76186,-0.01363,-0.79217,-1.01626,-0.00040,
1413394916105760512,-1.73092,0.81738,0.12604,0.65091,0.02717,-0.75855,0.01348,-0.60473,-1.01326,0.04178,
1413394916205760512,-1.78747,0.71747,0.12911,0.63669,0.05123,-0.76862,0.03493,-0.41990,-1.00087,0.02238,
1413394916305760256,-1.83143,0.61798,0.13176,0.61206,0.07467,-0.78547,0.05331,-0.32246,-1.00167,0.05169,
1413394916405760512,-1.86772,0.51937,0.13372,0.59064,0.08886,-0.79741,0.08599,-0.26604,-0.98177,0.00576,
1413394916505760512,-1.89738,0.42425,0.12774,0.57155,0.09438,-0.80431,0.13237,-0.25837,-0.91560,-0.08042,
1413394916605760512,-1.92878,0.33631,0.11430,0.56412,0.09546,-0.79852,0.18716,-0.29911,-0.80279,-0.17170,
1413394916705760512,-1.96235,0.26535,0.09020,0.55565,0.10963,-0.79016,0.23426,-0.33677,-0.61517,-0.28775,
1413394916855760640,-2.02027,0.19855,0.03485,0.53497,0.17505,-0.78527,0.25790,-0.42736,-0.29417,-0.44734,
1413394917055760384,-2.12591,0.16370,-0.07063,0.51044,0.28751,-0.77045,0.25137,-0.58802,-0.06732,-0.53458,
1413394917255760384,-2.25491,0.14227,-0.17556,-0.48332,-0.39293,0.74154,-0.24926,-0.66627,-0.13842,-0.47009,
1413394917455760384,-2.39122,0.09121,-0.26819,-0.46204,-0.45039,0.71675,-0.26445,-0.69563,-0.34737,-0.41861,
1413394917655760640,-2.53218,-0.01101,-0.34437,-0.47991,-0.47696,0.68630,-0.26682,-0.68103,-0.65399,-0.31878,
1413394917855760640,-2.65272,-0.16918,-0.38257,0.50477,0.49037,-0.66379,0.25324,-0.46385,-0.91635,-0.07970,
1413394918055760384,-2.71380,-0.37828,-0.39392,0.50536,0.51184,-0.64729,0.25228,-0.11507,-1.15864,-0.16597,
1413394918255760384,-2.70238,-0.62432,-0.42735,-0.46208,-0.50698,0.65477,-0.31738,0.11906,-1.31203,-0.18482,
1413394918455760384,-2.67738,-0.89228,-0.45657,-0.40113,-0.50196,0.66467,-0.38124,0.05411,-1.38186,-0.13395,
1413394918655760640,-2.69122,-1.17496,-0.47262,-0.38758,-0.53313,0.63316,-0.40579,-0.18493,-1.43865,-0.05908,
1413394918855760640,-2.74304,-1.46338,-0.47654,0.40692,0.58071,-0.57726,0.40492,-0.27703,-1.43789,0.04065,
1413394919055760384,-2.78901,-1.74268,-0.44074,0.42227,0.59511,-0.52699,0.43568,-0.13983,-1.30983,0.32499,
1413394919255760384,-2.80674,-1.97336,-0.34292,0.40305,0.60481,-0.48890,0.48243,-0.06332,-1.00122,0.62903,
1413394919455760384,-2.81755,-2.13535,-0.20611,0.40292,0.63547,-0.42445,0.50367,-0.01845,-0.63034,0.70320,
1413394919655760640,-2.80159,-2.21750,-0.07953,0.35899,0.69339,-0.39294,0.48574,0.13223,-0.27311,0.53410,
1413394919855760640,-2.75930,-2.25374,0.00938,0.26764,0.73224,-0.39249,0.48800,0.27295,-0.19429,0.33586,
1413394920055760384,-2.69282,-2.29997,0.06248,0.20341,0.76833,-0.35229,0.49416,0.37864,-0.31152,0.14725,
1413394920255760384,-2.60308,-2.37437,0.07017,0.15613,0.80255,-0.28597,0.49976,0.50075,-0.46532,-0.08146,
1413394920455760384,-2.48589,-2.47456,0.05017,0.14718,0.81689,-0.20292,0.51947,0.68272,-0.54069,-0.09764,
1413394920655760640,-2.33656,-2.58711,0.02761,0.16007,0.81963,-0.13422,0.53345,0.85137,-0.43923,-0.02914,
1413394920855760640,-2.15341,-2.63866,0.00547,0.15759,0.82491,-0.11616,0.53028,1.00762,-0.15891,-0.08361,
1413394921055760384,-1.92940,-2.64884,-0.03350,0.13681,0.82579,-0.13807,0.52942,1.20302,0.03245,-0.21841,
1413394921255760384,-1.67058,-2.65403,-0.07991,0.10457,0.80797,-0.18139,0.55077,1.29859,0.05245,-0.37957,
1413394921455760384,-1.40392,-2.66982,-0.16944,0.04118,0.79511,-0.25067,0.55070,1.28436,-0.18151,-0.56222,
1413394921655760640,-1.15331,-2.75364,-0.28277,0.08772,0.80109,-0.23685,0.54264,1.24611,-0.58624,-0.55833,
1413394921855760640,-0.90416,-2.87280,-0.39209,0.15515,0.79160,-0.18747,0.56050,1.28305,-0.57949,-0.46587,
1413394922055760384,-0.65979,-2.96933,-0.47304,0.11573,0.76635,-0.16150,0.61092,1.16835,-0.43764,-0.24453,
1413394922255760384,-0.45960,-3.04851,-0.49648,0.07668,0.78686,-0.10642,0.60303,0.89715,-0.37048,0.05435,
1413394922455760384,-0.28879,-3.11544,-0.45273,0.07785,0.81714,-0.04089,0.56969,0.86742,-0.27344,0.50142,
1413394922655760640,-0.11305,-3.15452,-0.33740,0.03961,0.82289,-0.03519,0.56572,0.90940,-0.13906,0.63564,
1413394922855760640,0.08721,-3.18838,-0.21391,0.01477,0.83322,-0.04116,0.55122,0.98708,-0.14691,0.64540,
1413394923055760384,0.29856,-3.22107,-0.09303,0.01339,0.84166,-0.04151,0.53824,1.12677,-0.18550,0.51896,
1413394923255760384,0.53780,-3.25299,0.00054,0.03765,0.83341,-0.02771,0.55067,1.29110,-0.17408,0.50135,
1413394923455760384,0.80620,-3.27173,0.08882,0.03210,0.83165,-0.02514,0.55380,1.36418,-0.03318,0.46963,
1413394923655760640,1.09503,-3.26745,0.17014,0.00566,0.83945,0.00263,0.54340,1.51718,0.03938,0.43096,
1413394923855760640,1.40737,-3.25044,0.22611,-0.01117,0.82570,0.06375,0.56038,1.59099,0.15128,0.20090,
1413394924055760384,1.72746,-3.20685,0.23576,-0.04583,0.81151,0.11977,0.57010,1.56172,0.29470,0.00389,
1413394924255760384,2.03570,-3.13536,0.22743,-0.10884,0.80258,0.16124,0.56393,1.48440,0.40476,0.03788,
1413394924455760384,2.31995,-3.05120,0.22640,-0.16793,0.79099,0.20761,0.55049,1.46495,0.38746,0.08625,
1413394924655760640,2.59766,-2.97267,0.24429,-0.19893,0.76947,0.27168,0.54271,1.42176,0.37358,0.12703,
1413394924855760640,2.87333,-2.89335,0.27502,-0.21820,0.73123,0.34228,0.54820,1.31889,0.40696,0.19615,
1413394924955760384,3.00144,-2.85396,0.28920,-0.22240,0.70731,0.37295,0.55781,1.21113,0.41423,0.22033,
1413394925055760384,3.11484,-2.81440,0.30600,-0.22071,0.68689,0.39653,0.56766,1.04770,0.42396,0.21072,
1413394925155760640,3.20349,-2.76969,0.32221,-0.22032,0.68314,0.41584,0.55844,0.83504,0.47838,0.20544,
1413394925255760384,3.25663,-2.71544,0.34173,-0.21677,0.68011,0.43699,0.54726,0.63026,0.54314,0.22031,
1413394925355760640,3.27221,-2.65372,0.35893,-0.21398,0.67491,0.45346,0.54138,0.42903,0.64016,0.16521,
1413394925455760384,3.27266,-2.58619,0.36642,-0.22239,0.67505,0.45658,0.53516,0.23487,0.73948,0.05107,
1413394925555760384,3.25465,-2.51120,0.35971,-0.23436,0.67828,0.45333,0.52868,0.06022,0.82886,-0.06267,
1413394925655760640,3.24223,-2.42840,0.34767,-0.24608,0.68084,0.45082,0.52217,-0.08391,0.88401,-0.16007,
1413394925755760384,3.22312,-2.33828,0.33157,-0.26941,0.69037,0.43757,0.50925,-0.18874,0.93798,-0.16238,
1413394925855760640,3.20022,-2.24211,0.31948,-0.28644,0.69866,0.42560,0.49869,-0.23653,0.97264,-0.13132,
1413394925955760384,3.17458,-2.14200,0.30813,-0.29581,0.70198,0.42169,0.49183,-0.24637,0.99022,-0.10135,
1413394926055760384,3.14620,-2.04057,0.29972,-0.29465,0.69878,0.42978,0.49008,-0.25993,1.02079,-0.09110,
1413394926155760640,3.11894,-1.93691,0.29119,-0.28668,0.69329,0.44220,0.49155,-0.27839,1.03425,-0.08859,
1413394926255760384,3.08970,-1.82982,0.28324,-0.27929,0.68893,0.45266,0.49242,-0.32150,1.07972,-0.07560,
1413394926355760640,3.05571,-1.71836,0.27569,-0.28277,0.69328,0.45361,0.48337,-0.36635,1.13410,-0.08482,
1413394926455760384,3.01787,-1.60147,0.26976,-0.28707,0.69824,0.45374,0.47347,-0.38246,1.21093,-0.05859,
1413394926555760384,2.97873,-1.47584,0.26618,-0.29897,0.69609,0.45734,0.46575,-0.39780,1.29132,-0.03628,
1413394926655760640,2.93859,-1.34326,0.26451,-0.32298,0.68845,0.46454,0.45378,-0.39695,1.34806,-0.02521,
1413394926755760384,2.89968,-1.20692,0.26323,-0.35924,0.67912,0.47140,0.43304,-0.36503,1.36814,-0.00727,
1413394926855760640,2.86724,-1.07054,0.26377,-0.39796,0.66912,0.47916,0.40536,-0.26721,1.34964,0.00392,
1413394926955760384,2.84736,-0.93730,0.26178,-0.42703,0.65625,0.49164,0.38114,-0.10847,1.33302,-0.04326,
1413394927055760384,2.84697,-0.80552,0.25349,-0.43951,0.63982,0.50902,0.37197,0.08859,1.33243,-0.11692,
1413394927155760640,2.86574,-0.67729,0.23621,-0.42847,0.61464,0.53754,0.38688,0.23018,1.30160,-0.20160,
1413394927255760384,2.89605,-0.55393,0.21631,-0.41449,0.59140,0.56093,0.40473,0.30398,1.29594,-0.12340,
1413394927355760640,2.93353,-0.44295,0.20534,-0.40366,0.57953,0.57585,0.41183,0.30967,1.25326,-0.00172,
1413394927455760384,2.96851,-0.33027,0.20816,-0.40080,0.57865,0.58166,0.40767,0.29158,1.25237,0.11682,
1413394927555760384,2.99958,-0.21433,0.22521,-0.40035,0.58280,0.58316,0.39999,0.26249,1.23483,0.24869,
1413394927655760640,3.02466,-0.09508,0.25838,-0.40244,0.58457,0.58205,0.39690,0.23910,1.23283,0.32328,
1413394927755760384,3.04903,0.02359,0.29581,-0.40527,0.58269,0.58328,0.39498,0.22778,1.24904,0.35017,
1413394927855760640,3.07031,0.14297,0.32784,-0.40579,0.57659,0.58597,0.39940,0.21196,1.25294,0.25369,
1413394927955760384,3.08941,0.26089,0.34844,-0.40605,0.57527,0.58766,0.39856,0.18613,1.25987,0.14727,
1413394928055760384,3.10566,0.37955,0.35899,-0.40739,0.57114,0.58813,0.40241,0.17065,1.24768,0.05926,
1413394928155760640,3.11984,0.50007,0.36409,-0.40626,0.55896,0.58979,0.41792,0.13152,1.23830,-0.00439,
1413394928255760384,3.12956,0.61824,0.36450,-0.40998,0.54516,0.58712,0.43591,0.05543,1.20568,-0.01103,
1413394928355760640,3.13057,0.72684,0.36628,-0.41469,0.53607,0.58226,0.44903,-0.03519,1.11078,0.01391,
1413394928455760384,3.12159,0.82262,0.36837,-0.42126,0.54143,0.57673,0.44359,-0.12001,0.98846,0.01465,
1413394928555760384,3.10572,0.90787,0.37298,-0.42795,0.55392,0.57089,0.42909,-0.17080,0.88640,0.04353,
1413394928655760640,3.08698,0.98786,0.37995,-0.42990,0.56338,0.56768,0.41896,-0.18918,0.82105,0.07045,
1413394928755760384,3.06700,1.06322,0.38828,-0.42818,0.56797,0.56666,0.41590,-0.19402,0.76307,0.07362,
1413394928855760640,3.04691,1.13449,0.39343,-0.42312,0.56801,0.56816,0.41897,-0.18944,0.71809,0.00681,
1413394928955760384,3.02602,1.20490,0.38906,-0.41606,0.56536,0.57129,0.42531,-0.21278,0.70005,-0.10675,
1413394929055760384,3.00122,1.26764,0.37648,-0.41568,0.56526,0.57018,0.42730,-0.25702,0.62945,-0.16395,
1413394929155760640,2.97437,1.32868,0.35912,-0.42295,0.56171,0.56404,0.43296,-0.28922,0.57859,-0.15409,
1413394929255760384,2.94356,1.37985,0.34486,-0.43279,0.56039,0.55638,0.43485,-0.30900,0.49416,-0.12896,
1413394929355760640,2.91311,1.42380,0.33412,-0.44411,0.56315,0.54821,0.43021,-0.30139,0.39326,-0.10765,
1413394929455760384,2.88434,1.45778,0.32776,-0.44650,0.56847,0.54641,0.42299,-0.27593,0.30519,-0.06730,
1413394929555760384,2.85988,1.48333,0.32334,-0.43749,0.57945,0.55323,0.40838,-0.23020,0.23786,-0.05584,
1413394929655760640,2.84066,1.50188,0.32128,-0.42441,0.58788,0.56206,0.39794,-0.18050,0.21387,-0.00942,
1413394929755760384,2.82533,1.52098,0.32045,-0.41367,0.58835,0.56894,0.39879,-0.15789,0.22649,-0.02760,
1413394929855760640,2.81180,1.54050,0.31416,-0.40990,0.58550,0.57096,0.40395,-0.14556,0.23840,-0.10988,
1413394929955760384,2.79843,1.56019,0.29993,-0.41568,0.57993,0.56625,0.41261,-0.14921,0.22558,-0.18425,
1413394930055760384,2.78576,1.57720,0.27602,-0.42290,0.57194,0.56037,0.42429,-0.15067,0.16406,-0.28956,
1413394930155760640,2.77272,1.58956,0.24648,-0.42840,0.56441,0.55548,0.43515,-0.15261,0.09866,-0.27543,
1413394930255760384,2.75826,1.59731,0.22091,-0.43764,0.55592,0.54818,0.44599,-0.18020,0.00588,-0.21861,
1413394930355760640,2.74117,1.59371,0.19968,-0.45136,0.55787,0.53821,0.44202,-0.17679,-0.11185,-0.21187,
1413394930455760384,2.72544,1.57882,0.17601,-0.44018,0.58042,0.54717,0.41226,-0.14394,-0.20009,-0.24647,
1413394930555760384,2.71394,1.55827,0.14740,-0.41257,0.61107,0.56537,0.36978,-0.09265,-0.21506,-0.34016,
1413394930655760640,2.70804,1.54102,0.10827,-0.38326,0.63737,0.58065,0.33123,-0.01226,-0.12961,-0.43217,
1413394930755760384,2.71051,1.54212,0.06676,-0.36052,0.63856,0.59441,0.33006,0.06607,0.12931,-0.38970,
1413394930855760640,2.71828,1.56695,0.02933,-0.36527,0.61771,0.59296,0.36524,0.09213,0.32805,-0.35186,
1413394930955760384,2.72654,1.60641,-0.00264,-0.38982,0.59077,0.57713,0.40737,0.06931,0.42934,-0.28571,
1413394931055760384,2.73156,1.64923,-0.02706,-0.41351,0.56925,0.55938,0.43825,0.02610,0.41802,-0.16370,
1413394931155760640,2.73233,1.68426,-0.04089,-0.42403,0.55927,0.54998,0.45270,-0.01341,0.30015,-0.06764,
1413394931255760384,2.72810,1.70723,-0.03765,-0.42990,0.55518,0.54389,0.45951,-0.07137,0.17661,0.10965,
1413394931355760640,2.71929,1.71999,-0.01199,-0.43802,0.54951,0.53562,0.46827,-0.10907,0.07782,0.34180,
1413394931455760384,2.70733,1.71716,0.02573,-0.43559,0.55547,0.53631,0.46269,-0.13861,-0.07410,0.31271,
1413394931555760384,2.69153,1.70133,0.05385,-0.41328,0.57329,0.55130,0.44341,-0.16818,-0.17663,0.21313,
1413394931655760640,2.67287,1.68263,0.07082,-0.39474,0.58228,0.56576,0.43017,-0.20625,-0.19677,0.14074,
1413394931755760384,2.64878,1.65681,0.08453,-0.38101,0.57488,0.58523,0.42644,-0.27336,-0.18539,0.09313,
1413394931855760640,2.61476,1.63061,0.09111,-0.37653,0.55667,0.60773,0.42310,-0.38592,-0.16386,0.01682,
1413394931955760384,2.56865,1.61075,0.09060,-0.39171,0.54045,0.62467,0.40530,-0.51144,-0.11395,-0.00951,
1413394932055760384,2.51104,1.59282,0.09425,-0.42291,0.51813,0.63598,0.38499,-0.60647,-0.10416,0.11577,
1413394932155760640,2.44445,1.57405,0.11261,-0.46204,0.49047,0.64368,0.36282,-0.66457,-0.11952,0.25228,
1413394932255760384,2.37536,1.55604,0.14471,-0.49966,0.46502,0.65045,0.33318,-0.65694,-0.14379,0.37276,
1413394932355760640,2.31036,1.53488,0.18575,0.53149,-0.43428,-0.65876,-0.30815,-0.59502,-0.17649,0.44853,
1413394932455760384,2.25330,1.51053,0.22619,0.55576,-0.39733,-0.66854,-0.29379,-0.50714,-0.24133,0.37651,
1413394932555760384,2.20509,1.47762,0.25667,0.57369,-0.36060,-0.67925,-0.28190,-0.40295,-0.33512,0.26063,
1413394932655760640,2.16561,1.43337,0.27271,0.58354,-0.32785,-0.69308,-0.26764,-0.31136,-0.44033,0.12294,
1413394932755760384,2.13680,1.37989,0.27975,0.58359,-0.30124,-0.71199,-0.24847,-0.23047,-0.54614,0.10010,
1413394932855760640,2.11521,1.31858,0.28714,0.57138,-0.28346,-0.73728,-0.22270,-0.15901,-0.61996,0.10753,
1413394932955760384,2.09757,1.25111,0.29563,0.55753,-0.26928,-0.76012,-0.19714,-0.13172,-0.65054,0.08418,
1413394933055760384,2.07981,1.18410,0.30032,0.55031,-0.25427,-0.77593,-0.17448,-0.15290,-0.63941,0.02301,
1413394933155760640,2.06200,1.11824,0.29733,0.54960,-0.23414,-0.78650,-0.15663,-0.18202,-0.62622,-0.05686,
1413394933255760384,2.04433,1.05562,0.28530,0.55686,-0.21184,-0.79082,-0.14014,-0.19040,-0.61711,-0.16171,
1413394933355760640,2.02793,0.99561,0.26194,0.56531,-0.18727,-0.79313,-0.12772,-0.19034,-0.59349,-0.27065,
1413394933455760384,2.01078,0.93763,0.22853,0.57283,-0.16480,-0.79460,-0.11544,-0.17976,-0.58942,-0.39260,
1413394933555760384,1.99193,0.88164,0.18481,0.57844,-0.14457,-0.79632,-0.10192,-0.18447,-0.58615,-0.46730,
1413394933655760640,1.97417,0.82612,0.14032,0.58781,-0.12373,-0.79465,-0.08779,-0.16889,-0.57801,-0.42332,
1413394933755760384,1.96005,0.77321,0.10008,0.60087,-0.10389,-0.78902,-0.07487,-0.12678,-0.57100,-0.37433,
1413394933855760640,1.95083,0.72067,0.06350,0.60772,-0.08893,-0.78650,-0.06471,-0.06060,-0.57020,-0.35093,
1413394933955760384,1.94711,0.66602,0.02730,0.59911,-0.07346,-0.79546,-0.05394,0.00246,-0.57959,-0.34600,
1413394934055760384,1.94704,0.60867,-0.00562,0.58717,-0.05566,-0.80659,-0.03933,0.01431,-0.59236,-0.30038,
1413394934155760640,1.94546,0.54902,-0.03013,0.59276,-0.03444,-0.80431,-0.02308,-0.00788,-0.59750,-0.22940,
1413394934255760384,1.94442,0.49145,-0.05717,0.60267,-0.01037,-0.79790,-0.00560,0.01976,-0.60097,-0.32722,
1413394934355760640,1.94713,0.43363,-0.09712,0.60085,0.01583,-0.79907,0.01485,0.05673,-0.60026,-0.45483,
1413394934455760384,1.95489,0.37693,-0.14931,0.59066,0.03671,-0.80504,0.04107,0.09747,-0.57876,-0.57138,
1413394934555760384,1.96440,0.32462,-0.21148,0.58315,0.05556,-0.80849,0.05646,0.08366,-0.53615,-0.65719,
1413394934655760640,1.97380,0.27630,-0.27415,0.57918,0.07397,-0.80949,0.06165,0.08442,-0.49503,-0.57516,
1413394934755760384,1.98581,0.23162,-0.32490,0.57892,0.08387,-0.80812,0.06901,0.14246,-0.46167,-0.46517,
1413394934855760640,2.00016,0.18678,-0.36051,0.58124,0.08846,-0.80553,0.07381,0.14563,-0.42853,-0.30243,
1413394934955760384,2.01261,0.14409,-0.37966,0.58253,0.09027,-0.80417,0.07630,0.13396,-0.41238,-0.11718,
1413394935055760384,2.02376,0.10809,-0.37665,0.58774,0.08851,-0.80035,0.07852,0.12938,-0.38659,0.02880,
1413394935155760640,2.03351,0.07914,-0.36429,0.59475,0.07984,-0.79598,0.07946,0.13939,-0.33616,0.03210,
1413394935255760384,2.04691,0.05164,-0.35753,0.60127,0.06892,-0.79260,0.07428,0.17962,-0.28739,-0.02957,
1413394935355760640,2.06587,0.02479,-0.36258,0.60981,0.06108,-0.78743,0.06600,0.22315,-0.24942,-0.11595,
1413394935455760384,2.08873,-0.00114,-0.38016,0.61357,0.05616,-0.78560,0.05658,0.26875,-0.22878,-0.23623,
1413394935555760384,2.11736,-0.02528,-0.40916,0.60584,0.05297,-0.79239,0.04766,0.32636,-0.22228,-0.32710,
1413394935655760640,2.15317,-0.04806,-0.44106,0.59769,0.04989,-0.79914,0.04061,0.37776,-0.21772,-0.29189,
1413394935755760384,2.19211,-0.07225,-0.46137,0.59559,0.04702,-0.80114,0.03514,0.41040,-0.22001,-0.15138,
1413394935855760640,2.23089,-0.09406,-0.46542,0.59774,0.04414,-0.79981,0.03259,0.40171,-0.23066,0.02095,
1413394935955760384,2.27379,-0.11537,-0.46463,0.59411,0.04119,-0.80273,0.03103,0.43474,-0.24064,-0.04786,
1413394936055760384,2.32081,-0.13786,-0.47573,0.57978,0.04420,-0.81298,0.03105,0.46141,-0.25448,-0.19870,
1413394936205760512,2.38656,-0.17935,-0.51444,0.55430,0.06745,-0.82833,0.04553,0.39884,-0.30269,-0.29090,
1413394936305760256,2.42810,-0.21110,-0.54486,0.55893,0.09866,-0.82079,0.06461,0.37121,-0.35006,-0.30922,
1413394936505760512,2.50166,-0.28640,-0.59850,0.57410,0.18875,-0.78794,0.11803,0.36979,-0.40926,-0.22930,
1413394936705760512,2.58304,-0.37456,-0.63653,0.55577,0.27886,-0.76450,0.16999,0.43052,-0.47483,-0.15914,
1413394936905760512,2.67533,-0.47423,-0.66058,0.53158,0.34139,-0.74548,0.21246,0.48629,-0.54465,-0.09956,
1413394937105760512,2.77766,-0.59172,-0.68144,0.50140,0.40445,-0.72449,0.24524,0.51961,-0.65644,-0.09598,
1413394937255760384,2.85732,-0.69612,-0.69857,-0.47939,-0.44322,0.70688,-0.27217,0.52224,-0.74305,-0.11046,
1413394937355760640,2.91041,-0.77335,-0.70854,-0.46263,-0.45589,0.70219,-0.29167,0.49720,-0.81281,-0.09209,
1413394937555760384,2.99961,-0.94447,-0.72368,-0.45423,-0.46627,0.69155,-0.31308,0.39538,-0.90435,-0.10402,
1413394937755760384,3.07105,-1.13199,-0.73557,-0.45898,-0.46125,0.68702,-0.32342,0.33018,-0.96487,-0.07999,
1413394937955760384,3.11889,-1.32608,-0.73906,-0.45989,-0.43840,0.70066,-0.32463,0.19373,-0.99322,-0.02061,
1413394938155760640,3.09316,-1.52381,-0.71248,-0.44813,-0.40440,0.72957,-0.32152,-0.04109,-1.01696,0.19740,
1413394938355760640,3.02546,-1.71402,-0.61632,-0.46434,-0.38175,0.74090,-0.29953,-0.37881,-1.00513,0.58646,
1413394938555760384,2.92672,-1.91067,-0.48484,0.50116,0.35728,-0.74114,0.26814,-0.52643,-0.98665,0.59866,
1413394938755760384,2.82187,-2.11128,-0.39310,0.51271,0.32156,-0.76476,0.22107,-0.57188,-0.98628,0.34605,
1413394938955760384,2.70451,-2.31381,-0.34140,0.51553,0.24161,-0.79627,0.20448,-0.64695,-0.98309,0.15860,
1413394939155760640,2.56187,-2.49591,-0.32583,0.53479,0.13712,-0.81076,0.19457,-0.79561,-0.79306,-0.03097,
1413394939355760640,2.39312,-2.63354,-0.33961,0.55356,0.08055,-0.81674,0.14149,-0.90444,-0.55803,-0.14036,
1413394939555760384,2.20749,-2.73436,-0.33832,0.56968,0.08393,-0.81447,0.07115,-0.94649,-0.44643,0.14344,
1413394939755760384,2.01732,-2.83205,-0.28950,0.57387,0.04586,-0.81375,0.07983,-0.94220,-0.39461,0.34299,
1413394939955760384,1.82981,-2.88692,-0.22343,0.56336,0.00507,-0.82281,0.07476,-0.97642,-0.16322,0.24078,
1413394940155760640,1.63458,-2.89664,-0.20148,0.54763,-0.00486,-0.83643,0.02140,-1.03208,-0.06368,-0.01551,
1413394940355760640,1.41774,-2.89916,-0.22304,0.56374,-0.05905,-0.82380,-0.00843,-1.11945,0.02020,-0.23408,
1413394940555760384,1.19237,-2.88592,-0.26977,0.57303,-0.11684,-0.80927,-0.05542,-1.11067,0.12938,-0.24926,
1413394940755760384,0.95966,-2.87074,-0.29506,0.56203,-0.14235,-0.80463,-0.12820,-1.12718,0.06629,-0.08889,
1413394940955760384,0.71756,-2.87628,-0.27300,0.56036,-0.17680,-0.79901,-0.12774,-1.18520,-0.05507,0.18223,
1413394941055760384,0.59760,-2.88205,-0.24360,0.55489,-0.20361,-0.79928,-0.10861,-1.18677,-0.02617,0.21759,
1413394941205760512,0.42324,-2.87519,-0.19831,0.54111,-0.24339,-0.80044,-0.08512,-1.17504,0.13128,0.27020,
1413394941405760512,0.18686,-2.81676,-0.12733,0.52383,-0.25843,-0.80681,-0.08875,-1.20321,0.45052,0.35362,
1413394941605760512,-0.06796,-2.70909,-0.03895,0.51831,-0.21946,-0.81289,-0.14971,-1.32600,0.62595,0.42291,
1413394941755760384,-0.28779,-2.61810,0.02626,0.52594,-0.21599,-0.80371,-0.17544,-1.46093,0.60008,0.40849,
1413394941855760640,-0.44795,-2.56087,0.06730,0.53741,-0.23298,-0.79280,-0.16843,-1.51371,0.56586,0.36621,
1413394941955760384,-0.60527,-2.50421,0.10449,0.54999,-0.26576,-0.77971,-0.13758,-1.52222,0.57549,0.35842,
1413394942055760384,-0.75103,-2.44185,0.14301,0.55834,-0.29797,-0.76722,-0.10417,-1.46885,0.68684,0.39295,
1413394942155760640,-0.87987,-2.36591,0.18545,0.56353,-0.32819,-0.75449,-0.07399,-1.33554,0.88361,0.43245,
1413394942255760384,-0.99470,-2.26488,0.23302,0.56453,-0.35483,-0.74298,-0.05818,-1.14259,1.15211,0.49691,
1413394942355760640,-1.08657,-2.13701,0.28628,0.56131,-0.37831,-0.73370,-0.05906,-0.91535,1.44400,0.54615,
1413394942455760384,-1.16879,-1.97705,0.34333,0.55684,-0.39643,-0.72561,-0.07913,-0.72873,1.73982,0.55286,
1413394942555760384,-1.22815,-1.79485,0.39072,0.55348,-0.41486,-0.71385,-0.10940,-0.55136,1.92460,0.38707,
1413394942655760640,-1.27003,-1.59581,0.42127,0.54933,-0.43506,-0.69880,-0.14364,-0.38008,2.07446,0.20925,
1413394942755760384,-1.29713,-1.38307,0.43560,0.54456,-0.44671,-0.68275,-0.19430,-0.21410,2.17101,0.05679,
1413394942855760640,-1.30908,-1.16544,0.43489,0.53826,-0.44003,-0.66599,-0.27040,-0.08813,2.17048,-0.11160,
1413394942955760384,-1.31368,-0.95291,0.41325,0.52865,-0.42735,-0.64546,-0.34826,-0.03279,2.05505,-0.32517,
1413394943055760384,-1.31287,-0.75829,0.37105,0.51702,-0.42708,-0.62191,-0.40437,-0.03583,1.86960,-0.48785,
1413394943155760640,-1.31481,-0.58570,0.31669,0.50322,-0.43890,-0.59783,-0.44355,-0.06652,1.61968,-0.57649,
1413394943255760384,-1.32138,-0.44139,0.25266,-0.48811,0.45630,0.57362,0.47380,-0.11590,1.32092,-0.66469,
1413394943355760640,-1.33408,-0.32751,0.18573,-0.47211,0.47869,0.55040,0.49501,-0.20167,0.98836,-0.63050,
1413394943455760384,-1.35610,-0.24767,0.12865,-0.45018,0.50264,0.53299,0.51050,-0.30159,0.63079,-0.51838,
1413394943555760384,-1.39205,-0.19695,0.08433,-0.42288,0.52919,0.52139,0.51892,-0.43312,0.34891,-0.40206,
1413394943655760640,-1.44423,-0.16966,0.04963,-0.39432,0.56212,0.51793,0.51018,-0.57988,0.13491,-0.33758,
1413394943755760384,-1.50759,-0.15966,0.01954,-0.37828,0.59468,0.51084,0.49224,-0.67671,0.01188,-0.33149,
1413394943855760640,-1.57985,-0.15469,-0.01275,-0.37960,0.61714,0.49755,0.47696,-0.73116,-0.02537,-0.36753,
1413394943955760384,-1.65454,-0.15351,-0.04951,-0.38825,0.63449,0.48442,0.46047,-0.74367,-0.08709,-0.42983,
1413394944055760384,-1.72709,-0.16183,-0.08734,-0.38434,0.64177,0.48355,0.45451,-0.69756,-0.12752,-0.38648,
1413394944155760640,-1.79464,-0.17752,-0.11733,-0.37675,0.64262,0.48816,0.45476,-0.65259,-0.16928,-0.29462,
1413394944255760384,-1.85966,-0.20146,-0.13709,-0.37013,0.64736,0.48828,0.45334,-0.61765,-0.20161,-0.20925,
1413394944355760640,-1.92001,-0.22528,-0.14464,-0.35882,0.65702,0.49049,0.44608,-0.56342,-0.17712,-0.01356,
1413394944455760384,-1.97358,-0.24873,-0.13368,-0.33911,0.66859,0.49477,0.43954,-0.50659,-0.13456,0.10338,
1413394944555760384,-2.02398,-0.26549,-0.12501,-0.32135,0.68616,0.48747,0.43392,-0.45143,-0.07280,0.02901,
1413394944655760640,-2.07186,-0.27586,-0.13063,-0.30464,0.71216,0.46856,0.42482,-0.39258,0.00283,-0.09721,
1413394944755760384,-2.11085,-0.27758,-0.14856,-0.28257,0.74014,0.44505,0.41748,-0.28625,0.10148,-0.19081,
1413394944855760640,-2.13679,-0.26609,-0.17443,-0.26050,0.76541,0.41538,0.41682,-0.16119,0.23784,-0.24860,
1413394944955760384,-2.14766,-0.23878,-0.20524,-0.23965,0.78508,0.38057,0.42589,0.00902,0.37545,-0.30032,
1413394945055760384,-2.14318,-0.19695,-0.23846,-0.21738,0.79499,0.34526,0.44892,0.16259,0.51236,-0.30909,
1413394945155760640,-2.12337,-0.14257,-0.27451,-0.19141,0.79899,0.31150,0.47743,0.28471,0.62581,-0.33155,
1413394945255760384,-2.09211,-0.07783,-0.31082,-0.16676,0.80071,0.27680,0.50441,0.38119,0.71991,-0.30444,
1413394945355760640,-2.05166,-0.00302,-0.34202,-0.14198,0.79902,0.24242,0.53164,0.42952,0.79809,-0.24741,
1413394945455760384,-2.00867,0.07911,-0.36787,-0.12774,0.79065,0.20021,0.56433,0.41862,0.84737,-0.24603,
1413394945555760384,-1.96758,0.16340,-0.39300,-0.13070,0.79087,0.14455,0.58013,0.38098,0.81856,-0.25152,
1413394945655760640,-1.92912,0.24176,-0.41632,-0.12904,0.79482,0.09005,0.58609,0.36152,0.74153,-0.23416,
1413394945755760384,-1.89348,0.30858,-0.43527,-0.11926,0.79994,0.03875,0.58683,0.33888,0.61248,-0.20018,
1413394945855760640,-1.85747,0.35924,-0.45154,-0.10094,0.80330,-0.01056,0.58687,0.35470,0.44213,-0.17490,
1413394945955760384,-1.82549,0.39143,-0.46783,-0.07740,0.80362,-0.06049,0.58698,0.29810,0.23707,-0.13825,
1413394946055760384,-1.79822,0.40317,-0.47974,-0.03455,0.80286,-0.09932,0.58682,0.26227,0.03682,-0.08869,
1413394946205760512,-1.76577,0.39208,-0.48953,0.03584,0.79551,-0.15459,0.58480,0.17129,-0.15537,-0.02936,
1413394946355760640,-1.74777,0.35775,-0.49824,0.08513,0.77889,-0.22431,0.57945,0.07408,-0.27486,-0.06010,
1413394946555760384,-1.75028,0.27971,-0.50626,0.13898,0.74901,-0.32080,0.56282,-0.09956,-0.45136,-0.00733,
1413394946755760384,-1.79271,0.16899,-0.50790,0.23527,0.70853,-0.38374,0.54348,-0.26612,-0.57472,0.00896,
1413394946955760384,-1.86456,0.05648,-0.50780,0.31963,0.65886,-0.45093,0.51030,-0.37440,-0.52303,0.04504,
1413394947155760640,-1.94720,-0.03503,-0.49254,0.38683,0.60513,-0.51958,0.46284,-0.40911,-0.39165,0.21414,
1413394947355760640,-2.03086,-0.10043,-0.41921,-0.43589,-0.55187,0.57938,-0.41202,-0.35916,-0.28275,0.57159,
1413394947555760384,-2.09505,-0.14748,-0.29299,-0.45915,-0.51661,0.61077,-0.38634,-0.24756,-0.17498,0.65582,
1413394947755760384,-2.13299,-0.18417,-0.19348,-0.42438,-0.53406,0.64507,-0.34434,-0.17203,-0.20475,0.39754,
1413394947955760384,-2.15698,-0.25194,-0.11562,-0.38714,-0.57141,0.63896,-0.33964,-0.13274,-0.49939,0.52273,
1413394948155760640,-2.17389,-0.38235,-0.00879,0.35396,0.61314,-0.61289,0.35092,-0.11521,-0.81759,0.49351,
1413394948355760640,-2.19027,-0.57307,0.08107,0.38353,0.61896,-0.56063,0.39431,-0.06232,-1.09691,0.41079,
1413394948555760384,-2.19382,-0.77875,0.14960,0.44570,0.57584,-0.49694,0.47202,-0.00433,-0.92304,0.32528,
1413394948755760384,-2.18675,-0.90950,0.21345,0.47275,0.54648,-0.47079,0.50619,0.03513,-0.35971,0.36861,
1413394948955760384,-2.16795,-0.92845,0.28366,0.43656,0.58093,-0.51155,0.45853,0.09987,0.08143,0.32990,
1413394949155760640,-2.11977,-0.87834,0.31004,0.37122,0.63244,-0.56874,0.37249,0.19425,0.19513,0.05321,
1413394949355760640,-2.05491,-0.86323,0.29769,0.33638,0.65164,-0.59579,0.32750,0.34587,-0.19671,-0.10637,
1413394949555760384,-1.97046,-0.95656,0.28505,0.36961,0.63170,-0.57960,0.35835,0.49466,-0.70260,0.03480,
1413394949755760384,-1.86093,-1.10483,0.30103,0.44371,0.57369,-0.52706,0.44296,0.60154,-0.66932,0.07790,
1413394949955760384,-1.72956,-1.19582,0.30856,0.43635,0.55361,-0.52264,0.47954,0.64788,-0.32331,0.02105,
1413394950155760640,-1.60760,-1.22515,0.31338,0.38403,0.56350,-0.52570,0.50857,0.52536,0.00067,-0.01038,
1413394950355760640,-1.52777,-1.20751,0.31654,0.31766,0.62866,-0.54364,0.45643,0.24646,0.05455,0.01417,
1413394950555760384,-1.48272,-1.21312,0.33084,0.31047,0.68157,-0.53718,0.38795,0.23268,-0.24139,0.09171,
1413394950755760384,-1.41299,-1.29421,0.36393,0.34519,0.67348,-0.50967,0.40928,0.43078,-0.59598,0.25205,
1413394950955760384,-1.30900,-1.41021,0.42156,0.40229,0.62269,-0.43564,0.51053,0.54815,-0.45810,0.26960,
1413394951155760640,-1.19224,-1.43713,0.47643,0.40080,0.60192,-0.37794,0.57811,0.50285,0.13375,0.24164,
1413394951355760640,-1.11335,-1.35515,0.52138,0.30998,0.66618,-0.39511,0.55136,0.27915,0.61975,0.18804,
1413394951555760384,-1.06652,-1.22871,0.56512,0.21950,0.75279,-0.43614,0.44148,0.22569,0.52607,0.29769,
1413394951755760384,-1.00701,-1.17706,0.63643,0.18593,0.77900,-0.45864,0.38503,0.45364,-0.11711,0.46985,
1413394951955760384,-0.88455,-1.27266,0.75060,0.25648,0.74036,-0.42271,0.45541,0.73242,-0.68327,0.61732,
1413394952155760640,-0.73970,-1.40834,0.86089,0.31808,0.67474,-0.38203,0.54553,0.72268,-0.61523,0.40199,
1413394952355760640,-0.59936,-1.49171,0.90126,0.29209,0.68417,-0.39586,0.53842,0.63716,-0.37977,0.02303,
1413394952555760384,-0.47035,-1.55558,0.90578,0.23212,0.72077,-0.40777,0.51023,0.52878,-0.38705,0.11678,
1413394952755760384,-0.36353,-1.64528,0.95992,0.24853,0.73875,-0.37190,0.50416,0.53512,-0.54191,0.33914,
1413394952955760384,-0.25670,-1.75287,1.02223,0.28212,0.69790,-0.32991,0.56965,0.52234,-0.44882,0.18157,
1413394953155760640,-0.17165,-1.80903,1.03901,0.30162,0.66139,-0.30674,0.61441,0.29736,-0.08004,0.04038,
1413394953355760640,-0.16100,-1.75921,1.09474,0.31323,0.63918,-0.29722,0.63639,-0.10492,0.53902,0.45584,
1413394953555760384,-0.21754,-1.60547,1.15438,0.28566,0.69447,-0.33136,0.57123,-0.37163,0.94248,-0.02482,
1413394953755760384,-0.31169,-1.39994,1.07685,0.23857,0.76988,-0.37464,0.45827,-0.34120,0.96657,-0.77106,
1413394953955760384,-0.34892,-1.23201,0.88960,0.22819,0.78538,-0.38390,0.42865,-0.04226,0.69251,-0.99293,
1413394954155760640,-0.31656,-1.11452,0.70755,0.27033,0.73746,-0.34967,0.51069,0.18847,0.54590,-0.89702,
1413394954355760640,-0.27143,-0.98991,0.53813,0.30245,0.68526,-0.31497,0.58287,0.14314,0.78108,-0.79209,
1413394954555760384,-0.22890,-0.81709,0.41421,0.27572,0.70251,-0.33621,0.56340,-0.02249,1.11902,-0.55147,
1413394954755760384,-0.23493,-0.59637,0.30204,0.20347,0.76504,-0.40112,0.46088,-0.02850,1.04286,-0.56227,
1413394954955760384,-0.22120,-0.43691,0.19149,0.21738,0.76720,-0.40721,0.44535,0.16926,0.57775,-0.57294,
1413394955155760640,-0.16556,-0.32709,0.08008,0.26978,0.72708,-0.35036,0.52518,0.31435,0.51201,-0.57899,
1413394955355760640,-0.10177,-0.19503,-0.01628,0.25041,0.71595,-0.30149,0.57776,0.25282,0.74331,-0.46592,
1413394955555760384,-0.07504,-0.04448,-0.08513,0.12296,0.77368,-0.32831,0.52775,0.06543,0.65004,-0.18003,
1413394955755760384,-0.06911,0.03258,-0.09149,0.12061,0.82149,-0.30570,0.46599,0.19144,0.06396,0.11746,
1413394955905760512,-0.02299,0.02517,-0.06560,0.16763,0.81368,-0.27226,0.48549,0.43261,-0.16194,0.21080,
1413394956005760512,0.02901,-0.00415,-0.03716,0.18809,0.79202,-0.26054,0.51909,0.54989,-0.21457,0.26071,
1413394956205760512,0.15264,-0.06262,0.02161,0.20795,0.73704,-0.23600,0.59820,0.53012,-0.07144,0.27099,
1413394956405760512,0.24251,-0.07436,0.07193,0.16595,0.72804,-0.21129,0.63070,0.28816,0.16963,0.14838,
1413394956605760512,0.27711,-0.04231,0.07163,0.11232,0.79025,-0.17688,0.57585,0.06641,0.22203,-0.09082,
1413394956705760512,0.28266,-0.02224,0.06287,0.09608,0.82845,-0.16188,0.52748,0.08556,0.18820,-0.07674,
1413394956805760256,0.29736,-0.00347,0.05929,0.08521,0.85228,-0.15145,0.49338,0.24017,0.12838,0.00750,
1413394956905760512,0.32626,0.00721,0.06468,0.08461,0.85075,-0.13989,0.49949,0.43492,0.05893,0.10201,
1413394957005760512,0.39156,-0.01751,0.07319,0.08735,0.83881,-0.13105,0.52114,0.59546,-0.00178,0.14514,
1413394957105760512,0.47750,-0.06315,0.07608,0.09025,0.81781,-0.12510,0.55442,0.69295,-0.05517,0.17950,
1413394957205760512,0.55089,-0.07520,0.09158,0.09217,0.78917,-0.12189,0.59487,0.67916,-0.05000,0.20836,
1413394957305760256,0.61548,-0.07914,0.11166,0.09068,0.75908,-0.12020,0.63334,0.56314,-0.01156,0.24099,
1413394957405760512,0.66145,-0.07910,0.13528,0.08745,0.72959,-0.11994,0.66758,0.34823,0.03595,0.23432,
1413394957505760512,0.68318,-0.07429,0.15662,0.08054,0.72776,-0.12302,0.66989,0.10456,0.08251,0.19036,
1413394957605760512,0.67776,-0.06394,0.17321,0.06822,0.75913,-0.12650,0.63487,-0.12943,0.11767,0.16483,
1413394957705760512,0.65939,-0.05237,0.18772,0.05985,0.79948,-0.12244,0.58503,-0.22249,0.11335,0.09562,
1413394957805760256,0.63804,-0.04438,0.19515,0.04960,0.83467,-0.11507,0.53631,-0.18363,0.08244,0.03914,
1413394957905760512,0.63017,-0.04118,0.19883,0.03806,0.84594,-0.10488,0.52147,-0.04835,0.03410,0.03767,
1413394958005760512,0.63665,-0.04371,0.20089,0.02278,0.83743,-0.09095,0.53844,0.08651,-0.02335,0.01447,
1413394958105760512,0.65317,-0.05253,0.20284,0.00652,0.81146,-0.07100,0.58004,0.13533,-0.08143,0.02209,
1413394958205760512,0.66922,-0.06581,0.20491,-0.00947,0.77803,-0.04552,0.62651,0.06697,-0.11860,0.00560,
1413394958305760256,0.67115,-0.08329,0.20768,-0.02294,0.75099,-0.01637,0.65971,-0.09105,-0.16769,0.03665,
1413394958405760512,0.65334,-0.10559,0.21034,-0.03579,0.74457,0.01131,0.66648,-0.31080,-0.21057,-0.00174,
1413394958505760512,0.61720,-0.13232,0.20889,-0.04715,0.78180,0.03686,0.62066,-0.48331,-0.25110,-0.04972,
1413394958605760512,0.56679,-0.16004,0.20729,-0.05728,0.82895,0.05938,0.55320,-0.52670,-0.27204,-0.03146,
1413394958705760512,0.52068,-0.18918,0.20798,-0.06636,0.86325,0.07887,0.49415,-0.38383,-0.27256,0.02935,
1413394958805760256,0.49283,-0.21616,0.21654,-0.07163,0.87646,0.09951,0.46559,-0.13598,-0.22994,0.09268,
1413394958905760512,0.49505,-0.23862,0.23106,-0.07129,0.87194,0.12445,0.46813,0.15700,-0.17025,0.16629,
1413394959005760512,0.52511,-0.25269,0.25148,-0.07051,0.84611,0.15224,0.50591,0.35277,-0.07966,0.20885,
1413394959105760512,0.56341,-0.25592,0.27457,-0.08333,0.81112,0.17000,0.55339,0.41865,0.03314,0.21888,
1413394959205760512,0.60295,-0.25266,0.29838,-0.11025,0.77385,0.17670,0.59814,0.35632,0.07909,0.23891,
1413394959305760256,0.63254,-0.24824,0.32412,-0.13813,0.73780,0.18247,0.63504,0.21107,0.05602,0.24455,
1413394959405760512,0.64467,-0.24772,0.34415,-0.15300,0.73789,0.19583,0.62750,0.03776,-0.00403,0.15415,
1413394959505760512,0.64047,-0.25018,0.35742,-0.15425,0.77431,0.21684,0.57414,-0.08806,-0.04557,0.12333,
1413394959605760512,0.63172,-0.25412,0.37043,-0.14936,0.81357,0.24020,0.50804,-0.06308,0.00305,0.14600,
1413394959705760512,0.63436,-0.25371,0.38772,-0.14657,0.83543,0.26210,0.46030,0.07470,0.09058,0.19204,
1413394959805760256,0.65495,-0.23842,0.40764,-0.14373,0.83039,0.29095,0.45292,0.28763,0.25734,0.20957,
1413394959905760512,0.69412,-0.20463,0.42625,-0.15193,0.80055,0.31813,0.48460,0.40370,0.43412,0.15282,
1413394960005760512,0.73849,-0.15441,0.43675,-0.18853,0.76109,0.32472,0.52892,0.42304,0.55908,0.07771,
1413394960105760512,0.78034,-0.09898,0.44094,-0.23424,0.71643,0.32759,0.56969,0.34916,0.56234,0.00143,
1413394960205760512,0.81020,-0.04701,0.43911,-0.26878,0.68593,0.34028,0.58435,0.22613,0.48306,-0.02866,
1413394960305760256,0.82721,-0.00458,0.43667,-0.29099,0.67615,0.36487,0.57011,0.08522,0.36232,-0.03854,
1413394960405760512,0.83292,0.02592,0.42872,-0.29993,0.68246,0.39996,0.53321,-0.00066,0.26272,-0.12189,
1413394960505760512,0.83086,0.04863,0.40808,-0.29740,0.69644,0.44108,0.48164,-0.03921,0.22362,-0.25668,
1413394960605760512,0.83051,0.07382,0.37651,-0.29181,0.70741,0.48022,0.42872,-0.00705,0.29608,-0.32677,
1413394960705760512,0.83460,0.11264,0.34317,-0.28895,0.70518,0.51333,0.39461,0.05668,0.46802,-0.29078,
1413394960805760256,0.84833,0.17412,0.32110,-0.30461,0.67743,0.53337,0.40476,0.12116,0.69522,-0.16461,
1413394960905760512,0.86067,0.25044,0.30849,-0.34312,0.63994,0.52988,0.43814,0.12513,0.79642,-0.11576,
1413394961005760512,0.87180,0.33077,0.29945,-0.38074,0.60798,0.51552,0.46866,0.10390,0.76783,-0.06839,
1413394961105760512,0.87877,0.40288,0.28844,-0.40233,0.59127,0.50488,0.48334,0.06260,0.66642,-0.11303,
1413394961205760512,0.88624,0.46332,0.27213,-0.39741,0.59759,0.50971,0.47450,0.03518,0.53842,-0.16735,
1413394961305760256,0.88873,0.51311,0.25264,-0.36847,0.62149,0.53183,0.44174,0.00288,0.47278,-0.22511,
1413394961405760512,0.88967,0.56402,0.23494,-0.33678,0.64365,0.55323,0.40772,-0.00547,0.52714,-0.17646,
1413394961505760512,0.88863,0.62668,0.22553,-0.31651,0.63841,0.56765,0.41235,-0.02462,0.69467,-0.08549,
1413394961605760512,0.87985,0.70392,0.22415,-0.32257,0.61627,0.56588,0.44265,-0.10894,0.82116,-0.02738,
1413394961705760512,0.86213,0.78856,0.22339,-0.35775,0.59638,0.54272,0.47096,-0.21351,0.84193,-0.01494,
1413394961805760256,0.83678,0.87009,0.22213,-0.39770,0.58009,0.51244,0.49268,-0.28926,0.74903,-0.03179,
1413394961905760512,0.80418,0.93838,0.21821,-0.42159,0.57614,0.49144,0.49881,-0.34530,0.58610,-0.04226,
1413394962005760512,0.76856,0.98950,0.21572,-0.42677,0.58459,0.48531,0.49051,-0.36897,0.39851,-0.05695,
1413394962105760512,0.73227,1.02529,0.21401,-0.40488,0.60782,0.50065,0.46474,-0.37820,0.25860,-0.05934,
1413394962205760512,0.69634,1.05190,0.21539,-0.37576,0.62617,0.51961,0.44353,-0.36763,0.21245,-0.01527,
1413394962305760256,0.66040,1.07740,0.22297,-0.35697,0.63514,0.53026,0.43358,-0.37334,0.24164,0.05127,
1413394962405760512,0.62311,1.10447,0.23944,-0.36383,0.62286,0.52339,0.45359,-0.39754,0.29962,0.19024,
1413394962505760512,0.58110,1.13032,0.26388,-0.39441,0.59348,0.49931,0.49286,-0.44285,0.23401,0.23306,
1413394962605760512,0.53399,1.14486,0.28581,-0.42053,0.57277,0.47832,0.51605,-0.50316,0.05304,0.19105,
1413394962705760512,0.48161,1.14133,0.30097,-0.41979,0.58225,0.48137,0.50303,-0.55330,-0.14568,0.09772,
1413394962805760256,0.42515,1.12167,0.30952,-0.39969,0.61069,0.50052,0.46560,-0.57082,-0.26775,0.05375,
1413394962905760512,0.36780,1.09278,0.31479,-0.37519,0.62917,0.52530,0.43294,-0.56313,-0.27940,0.03465,
1413394963005760512,0.31249,1.06270,0.31822,-0.36995,0.62282,0.53852,0.43038,-0.55508,-0.23719,0.04889,
1413394963105760512,0.25862,1.03600,0.32088,-0.39367,0.59439,0.52947,0.45977,-0.56176,-0.22713,0.00568,
1413394963205760512,0.20406,1.00230,0.31139,-0.42247,0.56867,0.51338,0.48433,-0.58557,-0.34828,-0.14587,
1413394963305760256,0.14724,0.95561,0.28471,-0.42459,0.56772,0.51580,0.48100,-0.60663,-0.48732,-0.33936,
1413394963405760512,0.08810,0.89884,0.24124,-0.39590,0.58976,0.53962,0.45195,-0.62751,-0.58568,-0.45942,
1413394963505760512,0.02769,0.83869,0.19110,-0.36199,0.61479,0.56363,0.41631,-0.64023,-0.58473,-0.51607,
1413394963605760512,-0.03241,0.78375,0.14227,-0.34034,0.62842,0.57631,0.39640,-0.64399,-0.45325,-0.42770,
1413394963705760512,-0.09363,0.74582,0.10618,-0.35341,0.61832,0.56646,0.41462,-0.65044,-0.30035,-0.32105,
1413394963805760256,-0.15579,0.71593,0.07738,-0.38721,0.59248,0.54178,0.45333,-0.68855,-0.27669,-0.25944,
1413394963905760512,-0.22149,0.67770,0.04548,-0.41539,0.58001,0.51889,0.47094,-0.71434,-0.36965,-0.34996,
1413394964005760512,-0.29179,0.63408,0.00466,-0.40470,0.59819,0.52464,0.45071,-0.71162,-0.45308,-0.41746,
1413394964105760512,-0.36307,0.58714,-0.03696,-0.37018,0.62549,0.54587,0.41684,-0.71193,-0.45917,-0.39409,
1413394964205760512,-0.43363,0.54472,-0.07167,-0.34037,0.64332,0.56190,0.39314,-0.68930,-0.33359,-0.26737,
1413394964305760256,-0.50249,0.52111,-0.09080,-0.34135,0.63469,0.56017,0.40848,-0.69054,-0.15217,-0.10284,
1413394964405760512,-0.57218,0.50982,-0.09791,-0.37372,0.61073,0.53845,0.44432,-0.70967,-0.08334,-0.01475,
1413394964505760512,-0.64621,0.49556,-0.10316,-0.41159,0.58946,0.51096,0.47122,-0.72271,-0.16477,-0.04847,
1413394964605760512,-0.72255,0.46896,-0.11575,-0.42196,0.59885,0.50529,0.45608,-0.72570,-0.28652,-0.11830,
1413394964705760512,-0.79280,0.43611,-0.12752,-0.40280,0.62963,0.52088,0.41232,-0.67976,-0.34272,-0.10650,
1413394964805760256,-0.85645,0.40433,-0.13417,-0.37539,0.65854,0.53826,0.36834,-0.57929,-0.28614,-0.05938,
1413394964905760512,-0.90917,0.38401,-0.13367,-0.35838,0.67845,0.54518,0.33771,-0.44575,-0.11178,0.02143,
1413394965005760512,-0.94599,0.38556,-0.12421,-0.36057,0.68606,0.53880,0.33017,-0.26095,0.15596,0.16883,
1413394965105760512,-0.96769,0.40975,-0.10101,-0.37964,0.65967,0.52871,0.37573,-0.11996,0.33601,0.28342,
1413394965205760512,-0.98517,0.44226,-0.07307,-0.41315,0.61745,0.51548,0.42701,-0.08606,0.35455,0.30517,
1413394965305760256,-1.00280,0.47053,-0.04584,-0.43521,0.58247,0.51674,0.45199,-0.09304,0.26046,0.25043,
1413394965405760512,-1.01639,0.48914,-0.02414,-0.42960,0.56775,0.54551,0.44218,-0.11164,0.14378,0.18722,
1413394965505760512,-1.03252,0.49758,-0.00370,-0.42601,0.55751,0.57532,0.42037,-0.14701,0.08334,0.23255,
1413394965605760512,-1.05077,0.50065,0.02323,-0.44775,0.53783,0.58913,0.40397,-0.18812,0.02920,0.31016,
1413394965705760512,-1.06857,0.49552,0.05631,-0.48882,0.50603,0.59204,0.39304,-0.17085,-0.07023,0.30973,
1413394965805760256,-1.08472,0.48008,0.07976,0.50338,-0.47842,-0.61459,-0.37417,-0.12675,-0.19968,0.14801,
1413394965905760512,-1.09639,0.45439,0.08859,-0.49726,0.45671,0.64866,0.35126,-0.09997,-0.28206,0.06178,
1413394966005760512,-1.10650,0.42144,0.09546,0.51642,-0.42523,-0.66005,-0.34179,-0.08902,-0.35708,0.05884,
1413394966105760512,-1.11140,0.37671,0.09808,0.55142,-0.39231,-0.65529,-0.33560,-0.04338,-0.49258,-0.04793,
1413394966205760512,-1.10961,0.31842,0.08527,0.54579,-0.37959,-0.67977,-0.30975,0.01601,-0.62364,-0.19291,
1413394966305760256,-1.10323,0.24626,0.06156,0.51099,-0.38066,-0.72273,-0.26766,0.04703,-0.70504,-0.29353,
1413394966405760512,-1.09720,0.17226,0.03237,-0.46442,0.38317,0.76713,0.22140,0.00534,-0.65631,-0.30084,
1413394966505760512,-1.09965,0.11092,0.00904,-0.44366,0.37457,0.79125,0.19180,-0.13714,-0.45947,-0.14927,
1413394966605760512,-1.11766,0.07274,0.00078,-0.47707,0.34920,0.78296,0.19346,-0.26503,-0.25504,-0.04015,
1413394966705760512,-1.14572,0.04940,0.00095,0.53380,-0.31545,-0.75641,-0.20831,-0.30475,-0.20737,-0.00732,
1413394966805760256,-1.17372,0.02584,-0.00053,0.58028,-0.28556,-0.73227,-0.21333,-0.25720,-0.24964,-0.03643,
1413394966905760512,-1.19342,-0.00472,-0.00816,0.59213,-0.26582,-0.73312,-0.20314,-0.16423,-0.32650,-0.11443,
1413394967005760512,-1.20611,-0.03995,-0.02007,0.56477,-0.25200,-0.76410,-0.18356,-0.10903,-0.36827,-0.10810,
1413394967105760512,-1.21701,-0.07749,-0.02996,0.52551,-0.23909,-0.80061,-0.16030,-0.12041,-0.37891,-0.06670,
1413394967205760512,-1.23311,-0.11293,-0.03047,0.51704,-0.21841,-0.81493,-0.14445,-0.23329,-0.33054,0.07428,
1413394967305760256,-1.26115,-0.14416,-0.01792,0.55084,-0.19159,-0.80071,-0.13685,-0.32734,-0.30112,0.17728,
1413394967405760512,-1.29257,-0.17745,0.00216,0.60357,-0.16282,-0.76928,-0.13190,-0.30065,-0.33080,0.23269,
1413394967505760512,-1.31472,-0.22087,0.02171,0.63455,-0.14215,-0.75099,-0.11468,-0.16719,-0.40914,0.16153,
1413394967605760512,-1.32217,-0.26633,0.03595,0.61455,-0.12804,-0.77339,-0.08828,-0.01734,-0.46057,0.12255,
1413394967705760512,-1.31954,-0.31061,0.04897,0.56792,-0.11077,-0.81283,-0.06710,0.02935,-0.45711,0.17091,
1413394967805760256,-1.31778,-0.35362,0.07443,0.55626,-0.08921,-0.82468,-0.05019,-0.01885,-0.42541,0.29620,
1413394967905760512,-1.32045,-0.39183,0.10633,0.57987,-0.06128,-0.81155,-0.03713,-0.06097,-0.42812,0.35825,
1413394968005760512,-1.32318,-0.43216,0.14302,0.60946,-0.03147,-0.79192,-0.02103,-0.01668,-0.43810,0.34690,
1413394968105760512,-1.31469,-0.47064,0.17084,0.60106,-0.00506,-0.79918,-0.00203,0.07921,-0.42877,0.17104,
1413394968205760512,-1.30224,-0.51325,0.18153,0.56836,0.01379,-0.82255,0.01395,0.09143,-0.41480,0.04914,
1413394968305760256,-1.29299,-0.55396,0.18503,0.55292,0.02847,-0.83239,0.02443,0.03887,-0.41016,0.00635,
1413394968405760512,-1.29165,-0.58945,0.17973,0.55447,0.04442,-0.83032,0.03408,-0.01826,-0.40901,-0.07357,
1413394968505760512,-1.29599,-0.62630,0.16915,0.55867,0.05905,-0.82596,0.04684,-0.07170,-0.40942,-0.09575,
1413394968605760512,-1.30386,-0.66356,0.15748,0.55025,0.07155,-0.83000,0.05657,-0.12779,-0.38898,-0.09712,
1413394968705760512,-1.32035,-0.69690,0.14966,0.54240,0.08504,-0.83397,0.05533,-0.20972,-0.38329,-0.06069,
1413394968805760256,-1.34379,-0.73748,0.14537,0.54844,0.10022,-0.82902,0.04360,-0.28395,-0.42147,-0.03218,
1413394968905760512,-1.37561,-0.78257,0.14342,0.55731,0.10226,-0.82263,0.04729,-0.33936,-0.48639,-0.00458,
1413394969005760512,-1.41077,-0.83350,0.14568,0.57029,0.10104,-0.81265,0.06454,-0.35472,-0.53184,0.01213,
1413394969155760640,-1.46483,-0.91439,0.14463,0.58442,0.10907,-0.79905,0.08988,-0.35630,-0.53175,-0.09615,
1413394969355760640,-1.52955,-1.01287,0.09158,0.60091,0.12161,-0.78267,0.10747,-0.26903,-0.44907,-0.38689,
1413394969555760384,-1.56508,-1.08749,0.00314,0.60807,0.13991,-0.77594,0.09269,-0.08448,-0.36545,-0.46406,
1413394969755760384,-1.56175,-1.16240,-0.08050,0.57919,0.16581,-0.79664,0.04914,0.06184,-0.46575,-0.37193,
1413394969955760384,-1.54133,-1.28051,-0.14328,0.55921,0.15838,-0.81214,0.05135,0.10887,-0.71292,-0.22731,
1413394970155760640,-1.52885,-1.43938,-0.15323,0.54289,0.13596,-0.82533,0.07492,-0.00723,-0.86268,0.09190,
1413394970355760640,-1.54225,-1.61184,-0.12063,0.58013,0.11792,-0.79962,0.10073,-0.10013,-0.88151,0.08322,
1413394970555760384,-1.55474,-1.76731,-0.11774,0.61046,0.08723,-0.77354,0.14617,0.01100,-0.69083,-0.15533,
1413394970755760384,-1.54296,-1.86794,-0.14957,0.61404,0.07195,-0.76816,0.16645,0.11900,-0.30801,-0.18722,
1413394970955760384,-1.50993,-1.89664,-0.17712,0.58696,0.11762,-0.79541,0.09473,0.23525,-0.06080,-0.03618,
1413394971155760640,-1.46704,-1.91022,-0.15119,0.55620,0.13074,-0.81822,0.06370,0.23537,-0.13580,0.19904,
1413394971355760640,-1.44198,-1.94284,-0.11922,0.50721,0.12559,-0.85042,0.06122,0.04360,-0.26085,0.04899,
1413394971555760384,-1.48102,-2.00722,-0.10782,-0.48068,-0.11263,0.86659,-0.07259,-0.38888,-0.42217,0.08547,
1413394971755760384,-1.60686,-2.08674,-0.07520,0.53234,0.08163,-0.83597,0.10538,-0.74389,-0.38078,0.18192,
1413394971955760384,-1.77238,-2.13466,-0.03868,0.59459,0.04346,-0.79541,0.10910,-0.80313,-0.14255,0.15132,
1413394972155760640,-1.92071,-2.12920,-0.02788,0.62996,-0.00616,-0.77311,0.07358,-0.62106,0.13527,-0.04679,
1413394972355760640,-2.01421,-2.07163,-0.05329,0.63907,-0.07940,-0.76482,0.01809,-0.32090,0.39398,-0.18943,
1413394972555760384,-2.05053,-1.96831,-0.10692,0.60862,-0.16869,-0.77401,-0.04500,-0.02073,0.59661,-0.27926,
1413394972755760384,-2.03783,-1.82414,-0.15121,0.56069,-0.24130,-0.77978,-0.13907,0.09645,0.75886,-0.12249,
1413394972955760384,-2.02263,-1.66758,-0.17027,0.53189,-0.30262,-0.75481,-0.23618,0.06710,0.71543,-0.06914,
1413394973055760384,-2.02057,-1.59494,-0.18028,0.51896,-0.34228,-0.73657,-0.26643,0.03316,0.66756,-0.08203,
1413394973155760640,-2.02102,-1.52798,-0.18966,0.50559,-0.38538,-0.71620,-0.28796,-0.00941,0.61654,-0.09747,
1413394973255760384,-2.02338,-1.46541,-0.19853,-0.49121,0.43064,0.69408,0.30253,-0.02537,0.60022,-0.08645,
1413394973355760640,-2.03192,-1.40403,-0.20392,-0.47615,0.47185,0.66971,0.31958,-0.03325,0.59614,-0.05943,
1413394973455760384,-2.03691,-1.34302,-0.20639,-0.46084,0.50856,0.64265,0.34058,-0.03361,0.61323,-0.03658,
1413394973555760384,-2.03339,-1.28041,-0.20603,-0.44354,0.54360,0.61406,0.36153,-0.00717,0.63493,-0.01187,
1413394973655760640,-2.03027,-1.21676,-0.20609,-0.42086,0.57610,0.58644,0.38351,0.02067,0.64129,0.00938,
1413394973755760384,-2.02355,-1.15196,-0.20328,-0.39969,0.60276,0.55511,0.41083,0.03954,0.65437,0.04784,
1413394973855760640,-2.02056,-1.08552,-0.20019,-0.38065,0.62949,0.51984,0.43430,0.04125,0.64852,0.04861,
1413394973955760384,-2.01466,-1.02220,-0.19481,-0.36007,0.65639,0.48442,0.45260,0.05128,0.63400,0.06620,
1413394974055760384,-2.00690,-0.96136,-0.18649,-0.33939,0.68067,0.44807,0.46982,0.07760,0.58687,0.07769,
1413394974155760640,-1.99820,-0.90313,-0.17734,-0.32011,0.70335,0.40967,0.48477,0.09778,0.56472,0.09646,
1413394974255760384,-1.98552,-0.84695,-0.16737,-0.30200,0.72464,0.36905,0.49749,0.13389,0.53270,0.10399,
1413394974355760640,-1.96991,-0.79290,-0.15621,-0.28187,0.74602,0.32889,0.50580,0.18332,0.48755,0.13206,
1413394974455760384,-1.94799,-0.74300,-0.14397,-0.26073,0.76534,0.28927,0.51244,0.24491,0.43977,0.15957,
1413394974555760384,-1.91995,-0.69911,-0.12900,-0.23842,0.78010,0.25058,0.52136,0.31693,0.37146,0.18619,
1413394974655760640,-1.88382,-0.66475,-0.11174,-0.21405,0.78441,0.21556,0.54077,0.38542,0.30638,0.19825,
1413394974755760384,-1.84362,-0.64245,-0.09568,-0.18618,0.78872,0.18598,0.55558,0.41219,0.22119,0.16344,
1413394974855760640,-1.80151,-0.62905,-0.08361,-0.15711,0.79574,0.16095,0.56232,0.42240,0.15495,0.11813,
1413394974955760384,-1.76049,-0.62125,-0.08234,-0.12550,0.80234,0.14069,0.56631,0.42116,0.11869,-0.01260,
1413394975055760384,-1.72177,-0.61602,-0.09510,-0.09981,0.80365,0.12140,0.57397,0.40200,0.09849,-0.13555,
1413394975155760640,-1.68829,-0.61524,-0.12059,-0.08028,0.79761,0.10287,0.58889,0.36021,0.08314,-0.25003,
1413394975255760384,-1.66045,-0.61438,-0.15653,-0.06731,0.79275,0.08307,0.60010,0.29882,0.07106,-0.36258,
1413394975355760640,-1.63735,-0.61145,-0.19725,-0.05401,0.79161,0.06596,0.60504,0.21695,0.05797,-0.37897,
1413394975455760384,-1.61769,-0.60617,-0.23667,-0.03813,0.79668,0.05298,0.60087,0.16428,0.05657,-0.37776,
1413394975555760384,-1.60315,-0.59900,-0.27256,-0.02295,0.80507,0.04342,0.59114,0.10412,0.07687,-0.34016,
1413394975655760640,-1.59077,-0.58778,-0.30463,-0.01344,0.81328,0.03679,0.58055,0.09619,0.12652,-0.27917,
1413394975805760256,-1.57172,-0.56122,-0.34048,-0.00710,0.82083,0.03126,0.57027,0.12510,0.19481,-0.19912,
1413394975955760384,-1.54784,-0.52571,-0.35850,-0.00523,0.81334,0.03157,0.58090,0.16029,0.25774,-0.07368,
1413394976155760640,-1.52044,-0.46761,-0.36994,-0.00777,0.79704,0.03396,0.60291,0.08911,0.31884,-0.08762,
1413394976355760640,-1.51330,-0.39749,-0.38257,-0.00633,0.79523,0.03911,0.60502,-0.02221,0.37293,-0.05750,
1413394976505760512,-1.52507,-0.33745,-0.38864,-0.00881,0.77993,0.03962,0.62455,-0.15415,0.41302,-0.03932,
1413394976705760512,-1.58097,-0.24983,-0.39436,-0.02629,0.76715,0.02933,0.64025,-0.43483,0.44059,-0.03847,
1413394976805760256,-1.63128,-0.20620,-0.39735,-0.04123,0.78172,0.01869,0.62199,-0.56041,0.40014,-0.03702,
1413394976905760512,-1.69090,-0.16807,-0.39998,-0.05605,0.81077,0.00666,0.58264,-0.61857,0.33379,-0.04120,
1413394977005760512,-1.75058,-0.13739,-0.40032,-0.06291,0.84254,-0.00458,0.53492,-0.56650,0.24166,0.01176,
1413394977155760640,-1.81526,-0.11318,-0.38922,-0.06873,0.87574,-0.02535,0.47719,-0.29553,0.05321,0.09794,
1413394977305760256,-1.81975,-0.12136,-0.35926,-0.05069,0.89189,-0.02650,0.44863,0.21524,-0.17018,0.27354,
1413394977505760512,-1.71805,-0.16400,-0.28332,0.00459,0.88907,0.00961,0.45764,0.82154,-0.20594,0.43885,
1413394977705760512,-1.49914,-0.19603,-0.18794,0.01537,0.88503,0.01443,0.46506,1.39110,-0.10359,0.51722,
1413394977905760512,-1.17435,-0.20475,-0.07545,0.02057,0.85843,0.01959,0.51214,1.81102,0.03590,0.57921,
1413394978105760512,-0.79735,-0.18423,0.03641,0.02757,0.82247,0.02495,0.56759,1.91533,0.18290,0.51315,
1413394978205760512,-0.60426,-0.16374,0.08314,0.03127,0.81474,0.02787,0.57831,1.90531,0.26521,0.38832,
1413394978305760256,-0.41355,-0.13510,0.11650,0.03326,0.81183,0.03000,0.58217,1.87759,0.35102,0.27505,
1413394978405760512,-0.22693,-0.09916,0.13842,0.03343,0.81094,0.03137,0.58333,1.83257,0.43836,0.15219,
1413394978505760512,-0.04244,-0.05718,0.14836,0.02839,0.81125,0.03100,0.58318,1.79523,0.51260,0.04827,
1413394978605760512,0.13916,-0.00581,0.15509,0.01852,0.81168,0.02711,0.58318,1.76865,0.58922,0.05171,
1413394978705760512,0.31859,0.05287,0.16288,0.00266,0.81271,0.01836,0.58238,1.73592,0.63649,0.08892,
1413394978805760256,0.49161,0.11567,0.17524,-0.01149,0.81255,0.00962,0.58270,1.70257,0.64473,0.12227,
1413394978905760512,0.66056,0.17838,0.18969,-0.01901,0.81179,0.00371,0.58363,1.66761,0.63185,0.13438,
1413394979005760512,0.82669,0.23946,0.20246,-0.02174,0.80635,-0.00114,0.59104,1.64174,0.60431,0.06550,
1413394979105760512,0.98729,0.29715,0.20764,-0.02219,0.79465,-0.00544,0.60664,1.56685,0.57032,-0.03612,
1413394979205760512,1.13891,0.35131,0.20370,-0.02977,0.77754,-0.01379,0.62797,1.44971,0.52961,-0.10843,
1413394979305760256,1.27866,0.40054,0.19140,-0.04095,0.76068,-0.02197,0.64746,1.31178,0.45565,-0.16999,
1413394979405760512,1.40120,0.44073,0.17832,-0.05513,0.74246,-0.03006,0.66694,1.09683,0.35684,-0.12158,
1413394979505760512,1.49810,0.46861,0.17187,-0.06548,0.72104,-0.03339,0.68899,0.79894,0.20748,-0.00940,
1413394979605760512,1.56103,0.48107,0.17766,-0.06544,0.70251,-0.02836,0.70809,0.46522,0.05388,0.10066,
1413394979705760512,1.59021,0.47898,0.19582,-0.05812,0.69915,-0.01787,0.71238,0.08632,-0.08444,0.19976,
1413394979805760256,1.57697,0.46412,0.22154,-0.03423,0.72458,-0.00009,0.68834,-0.29426,-0.19103,0.28800,
1413394979905760512,1.53222,0.44328,0.25575,0.00146,0.76483,0.01954,0.64393,-0.53292,-0.20832,0.37309,
1413394980005760512,1.46996,0.42601,0.29479,0.02450,0.79147,0.02821,0.61007,-0.64322,-0.13906,0.38286,
1413394980105760512,1.39961,0.41801,0.32977,0.03462,0.79938,0.02915,0.59912,-0.68343,-0.04209,0.32613,
1413394980205760512,1.32408,0.42031,0.35701,0.03671,0.79296,0.02624,0.60760,-0.74002,0.05991,0.23387,
1413394980305760256,1.23777,0.43485,0.37257,0.03070,0.78407,0.01895,0.61962,-0.80270,0.16011,0.13495,
1413394980405760512,1.14005,0.45889,0.37302,0.02588,0.78280,0.01307,0.62159,-0.90500,0.23768,0.02803,
1413394980505760512,1.04081,0.48894,0.36823,0.01942,0.79139,0.00619,0.61097,-0.97751,0.30934,0.00590,
1413394980605760512,0.93573,0.52443,0.36576,0.00787,0.80211,-0.00353,0.59712,-1.02291,0.34920,0.03504,
1413394980705760512,0.82826,0.56024,0.36894,-0.00141,0.80871,-0.01030,0.58811,-1.02817,0.35185,0.08248,
1413394980805760256,0.72513,0.59527,0.37620,-0.00613,0.81246,-0.01262,0.58285,-1.01129,0.34149,0.11825,
1413394980905760512,0.62338,0.62890,0.38532,-0.00915,0.81406,-0.01394,0.58054,-0.99177,0.32281,0.11721,
1413394981005760512,0.52595,0.66004,0.38893,-0.01198,0.81572,-0.01536,0.57812,-0.94849,0.30138,0.02385,
1413394981105760512,0.43286,0.68829,0.38510,-0.01836,0.81665,-0.01939,0.57652,-0.90343,0.26976,-0.07775,
1413394981205760512,0.34172,0.71096,0.37267,-0.02485,0.81817,-0.02360,0.57396,-0.87015,0.21827,-0.18026,
1413394981305760256,0.25415,0.72760,0.35056,-0.02688,0.81932,-0.02615,0.57210,-0.82331,0.14997,-0.25667,
1413394981405760512,0.17305,0.73546,0.32560,-0.01615,0.82003,-0.02090,0.57172,-0.78188,0.08166,-0.22364,
1413394981505760512,0.09614,0.74012,0.30412,-0.00303,0.82023,-0.01630,0.57179,-0.73305,0.05658,-0.18051,
1413394981605760512,0.02265,0.74453,0.28514,0.00194,0.82185,-0.01734,0.56944,-0.69094,0.05082,-0.17473,
1413394981705760512,-0.04857,0.74796,0.26559,0.00604,0.82723,-0.02106,0.56144,-0.64534,0.03849,-0.18856,
1413394981805760256,-0.11374,0.74924,0.24604,0.00734,0.83159,-0.03332,0.55434,-0.58448,0.02676,-0.17948,
1413394981905760512,-0.17175,0.74764,0.22884,0.00807,0.83266,-0.05031,0.55143,-0.50899,-0.01868,-0.16681,
1413394982005760512,-0.21939,0.74054,0.21578,0.01004,0.83137,-0.07104,0.55106,-0.43861,-0.07382,-0.12994,
1413394982105760512,-0.25615,0.72693,0.20710,0.01185,0.82653,-0.09707,0.55433,-0.35494,-0.16250,-0.09298,
1413394982205760512,-0.28543,0.70495,0.20231,0.01435,0.81838,-0.12628,0.56044,-0.29280,-0.26395,-0.06305,
1413394982305760256,-0.30990,0.67144,0.20085,0.02043,0.81041,-0.15750,0.56393,-0.25897,-0.39637,-0.02719,
1413394982405760512,-0.33802,0.62423,0.20169,0.03343,0.80315,-0.18673,0.56476,-0.26607,-0.55539,0.02423,
1413394982505760512,-0.36984,0.56140,0.20737,0.04816,0.79404,-0.21722,0.56568,-0.27796,-0.71353,0.08305,
1413394982605760512,-0.40434,0.48293,0.21789,0.06468,0.78477,-0.24717,0.56467,-0.32507,-0.85923,0.12186,
1413394982705760512,-0.44256,0.38958,0.23272,0.08615,0.77594,-0.27213,0.56253,-0.37129,-1.00386,0.16303,
1413394982805760256,-0.48372,0.28218,0.25057,0.11002,0.76683,-0.29474,0.55946,-0.41887,-1.13569,0.17296,
1413394982905760512,-0.52897,0.16232,0.26953,0.13464,0.75786,-0.31555,0.55494,-0.45853,-1.24985,0.20094,
1413394983105760512,-0.62965,-0.10317,0.31165,0.18344,0.74577,-0.33802,0.54398,-0.51128,-1.37795,0.22227,
1413394983305760256,-0.73597,-0.38448,0.35772,0.20997,0.74006,-0.34077,0.54046,-0.52292,-1.41693,0.22879,
1413394983505760512,-0.84361,-0.66744,0.40361,0.23564,0.74804,-0.32147,0.53062,-0.51378,-1.38124,0.21215,
1413394983705760512,-0.94067,-0.93227,0.42421,0.25268,0.75555,-0.29992,0.52474,-0.41879,-1.26660,0.00094,
1413394983905760512,-1.01365,-1.16838,0.39887,0.25880,0.75737,-0.28983,0.52480,-0.29884,-1.10131,-0.24229,
1413394984105760512,-1.05866,-1.36958,0.33359,0.25226,0.75938,-0.28412,0.52819,-0.15453,-0.90475,-0.35479,
1413394984305760256,-1.07349,-1.53731,0.26550,0.23926,0.76869,-0.26996,0.52819,-0.03162,-0.73378,-0.32969,
1413394984505760512,-1.06286,-1.68283,0.21277,0.22564,0.78216,-0.26051,0.51909,0.14094,-0.59819,-0.26263,
1413394984705760512,-1.00144,-1.79077,0.17036,0.20553,0.79462,-0.23577,0.52034,0.33943,-0.46242,-0.19601,
1413394984905760512,-0.89271,-1.87385,0.14000,0.17476,0.80554,-0.20298,0.52855,0.56309,-0.36426,-0.11428,
1413394985105760512,-0.76468,-1.94569,0.12523,0.14885,0.81021,-0.16020,0.54382,0.70076,-0.27948,-0.02288,
1413394985305760256,-0.61451,-1.98834,0.13326,0.12894,0.81527,-0.14115,0.54661,0.81838,-0.15262,0.15241,
1413394985505760512,-0.44433,-2.01565,0.19247,0.07216,0.81595,-0.16698,0.54876,0.93044,-0.20307,0.46457,
1413394985705760512,-0.25418,-2.06911,0.30503,0.09275,0.81673,-0.14598,0.55049,0.97823,-0.32890,0.54108,
1413394985905760512,-0.05657,-2.12804,0.38568,0.12294,0.81816,-0.12253,0.54817,1.04747,-0.27046,0.23459,
1413394986105760512,0.15903,-2.16796,0.41934,0.12907,0.81647,-0.12158,0.54948,1.12277,-0.14021,0.14540,
1413394986305760256,0.39601,-2.18323,0.45020,0.09508,0.81152,-0.15147,0.55628,1.19889,-0.06173,0.21028,
1413394986505760512,0.64050,-2.20295,0.50016,0.08465,0.80907,-0.16240,0.55845,1.21453,-0.13730,0.31468,
1413394986705760512,0.89093,-2.23366,0.56340,0.11931,0.81385,-0.13868,0.55152,1.26379,-0.14100,0.31802,
1413394986905760512,1.15488,-2.24923,0.62423,0.12956,0.80979,-0.13255,0.55667,1.35025,-0.00136,0.30357,
1413394987105760512,1.42294,-2.24181,0.65987,0.09927,0.79953,-0.15723,0.57112,1.30950,0.06779,0.03646,
1413394987305760256,1.68437,-2.23948,0.65245,0.09787,0.79289,-0.16079,0.57956,1.23779,0.01304,-0.09508,
1413394987505760512,1.93544,-2.23459,0.63762,0.14322,0.78749,-0.12986,0.58523,1.16400,0.11930,-0.05343,
1413394987705760512,2.17138,-2.19462,0.63469,0.15787,0.77687,-0.11855,0.59791,1.07704,0.36429,0.00866,
1413394987905760512,2.37992,-2.09735,0.64768,0.16182,0.76557,-0.11661,0.61165,0.91817,0.67296,0.09702,
1413394988105760512,2.55523,-1.94249,0.68241,0.15601,0.75438,-0.12262,0.62573,0.70356,0.96190,0.15598,
1413394988305760256,2.68153,-1.73965,0.72644,0.11840,0.75168,-0.15657,0.62964,0.43134,1.11390,0.15739,
1413394988505760512,2.75231,-1.53267,0.76099,0.09496,0.74685,-0.22369,0.61900,0.12010,1.02039,0.00455,
1413394988705760512,2.75233,-1.35492,0.76140,0.13822,0.73843,-0.28645,0.59462,-0.17504,0.85952,-0.09537,
1413394988905760512,2.70922,-1.19905,0.74688,0.20062,0.72623,-0.31292,0.57829,-0.34135,0.81438,-0.21294,
1413394989105760512,2.62189,-1.03280,0.71369,0.23741,0.72681,-0.31745,0.56091,-0.45338,0.88972,-0.20367,
1413394989305760256,2.52054,-0.84907,0.68886,0.23922,0.73429,-0.32212,0.54757,-0.46701,0.96068,-0.13865,
1413394989505760512,2.42231,-0.65459,0.66564,0.22206,0.73697,-0.32837,0.54748,-0.48438,0.98900,-0.17487,
1413394989705760512,2.30805,-0.46204,0.61871,0.19971,0.74223,-0.32898,0.54862,-0.51953,0.96018,-0.36073,
1413394989905760512,2.13056,-0.29363,0.54281,0.14896,0.76420,-0.30305,0.54952,-0.55634,0.84083,-0.52002,
1413394990105760512,1.98986,-0.14830,0.44978,0.11409,0.79671,-0.22122,0.55072,-0.55736,0.68097,-0.61455,
1413394990205760512,1.91469,-0.08646,0.39309,0.09828,0.81009,-0.17034,0.55234,-0.52961,0.64163,-0.67534,
1413394990355760640,1.83774,0.00450,0.29588,0.07276,0.82402,-0.09428,0.55390,-0.45550,0.61851,-0.67039,
1413394990455760384,1.79481,0.06648,0.23182,0.05377,0.83031,-0.05547,0.55192,-0.39656,0.61414,-0.63995,
1413394990555760384,1.75143,0.12918,0.17323,0.03395,0.83344,-0.03217,0.55063,-0.32186,0.61917,-0.59257,
1413394990655760640,1.72274,0.19593,0.11686,0.01875,0.83586,-0.02028,0.54824,-0.24047,0.62890,-0.55278,
1413394990755760384,1.69929,0.25882,0.06321,0.01123,0.83618,-0.01404,0.54817,-0.14354,0.62609,-0.53527,
1413394990855760640,1.67866,0.32246,0.01384,0.00873,0.83636,-0.01184,0.54798,-0.05038,0.62157,-0.49107,
1413394990955760384,1.66749,0.38961,-0.03123,0.00926,0.83597,-0.01324,0.54854,0.02154,0.62191,-0.44691,
1413394991055760384,1.66104,0.45953,-0.07203,0.01320,0.83532,-0.01541,0.54939,0.10107,0.63636,-0.39205,
1413394991155760640,1.66542,0.52965,-0.10884,0.01059,0.83314,-0.02406,0.55244,0.17337,0.64424,-0.35441,
1413394991255760384,1.68569,0.59236,-0.14031,0.01028,0.83172,-0.03460,0.55401,0.23824,0.61961,-0.32710,
1413394991355760640,1.70825,0.65002,-0.16661,0.01469,0.83065,-0.05081,0.55427,0.29004,0.57481,-0.29632,
1413394991455760384,1.74337,0.69966,-0.19120,0.02443,0.82875,-0.07220,0.55440,0.35984,0.53410,-0.25419,
1413394991555760384,1.78218,0.74200,-0.21076,0.03863,0.82544,-0.09611,0.55490,0.38924,0.46506,-0.24050,
1413394991655760640,1.82478,0.77749,-0.22685,0.05767,0.81974,-0.11788,0.55750,0.44171,0.40961,-0.18420,
1413394991755760384,1.87179,0.80965,-0.23959,0.07981,0.80851,-0.13503,0.56720,0.47964,0.37355,-0.14701,
1413394991855760640,1.91689,0.84016,-0.24908,0.09244,0.79520,-0.15022,0.58013,0.47613,0.35620,-0.13133,
1413394991955760384,1.95770,0.86989,-0.25744,0.09725,0.78549,-0.16312,0.58902,0.44537,0.34130,-0.13037,
1413394992055760384,1.99397,0.89852,-0.26677,0.09713,0.78090,-0.17974,0.59030,0.38115,0.31414,-0.14089,
1413394992155760640,2.02386,0.92357,-0.27625,0.09387,0.77962,-0.20077,0.58572,0.30226,0.25532,-0.12091,
1413394992255760384,2.05039,0.94345,-0.28522,0.09632,0.78089,-0.22047,0.57648,0.24386,0.16911,-0.07126,
1413394992355760640,2.07016,0.95093,-0.28801,0.11071,0.78026,-0.23504,0.56894,0.19449,0.07278,-0.02796,
1413394992455760384,2.08483,0.95155,-0.28704,0.13573,0.77836,-0.24393,0.56234,0.16262,0.00305,0.01998,
1413394992555760384,2.09676,0.94777,-0.28330,0.16727,0.77866,-0.24371,0.55346,0.15639,-0.01614,0.03049,
1413394992655760640,2.11037,0.94521,-0.27799,0.18327,0.77439,-0.24724,0.55282,0.17146,0.00768,0.04411,
1413394992755760384,2.12581,0.94603,-0.27266,0.18404,0.76732,-0.25730,0.55780,0.17093,0.02360,0.04213,
1413394992855760640,2.14092,0.94849,-0.26827,0.17918,0.76091,-0.27374,0.56034,0.14772,0.02486,0.03251,
1413394992955760384,2.15392,0.95053,-0.26513,0.17561,0.75703,-0.28771,0.55972,0.11867,0.01176,0.01122,
1413394993055760384,2.16299,0.94988,-0.26914,0.17773,0.75597,-0.29439,0.55701,0.09504,-0.01610,-0.09201,
1413394993155760640,2.17023,0.94671,-0.28577,0.18627,0.75776,-0.29334,0.55231,0.07644,-0.03623,-0.20217,
1413394993255760384,2.17358,0.94084,-0.31202,0.19475,0.76052,-0.28901,0.54787,0.05732,-0.04700,-0.29365,
1413394993355760640,2.17579,0.93609,-0.34464,0.20485,0.76313,-0.28186,0.54426,0.06105,-0.03223,-0.32338,
1413394993455760384,2.18211,0.93205,-0.37943,0.21258,0.76551,-0.27515,0.54138,0.08192,-0.00818,-0.31206,
1413394993555760384,2.18980,0.93280,-0.41039,0.21619,0.76694,-0.27006,0.54049,0.10521,0.03655,-0.30314,
1413394993655760640,2.20058,0.93668,-0.44202,0.21415,0.76679,-0.27122,0.54093,0.12862,0.07019,-0.30464,
1413394993755760384,2.21314,0.94428,-0.47411,0.21026,0.76193,-0.28259,0.54351,0.13604,0.09062,-0.35914,
1413394993855760640,2.22528,0.95096,-0.51537,0.20929,0.75477,-0.30274,0.54302,0.12140,0.08309,-0.44713,
1413394993955760384,2.23714,0.95804,-0.56414,0.21141,0.74422,-0.32953,0.54116,0.10255,0.06565,-0.50965,
1413394994055760384,2.24644,0.96078,-0.61335,0.21761,0.73081,-0.35893,0.53826,0.05587,0.03161,-0.48461,
1413394994155760640,2.24781,0.96263,-0.65455,0.23251,0.71704,-0.38488,0.53259,-0.01582,0.00510,-0.34083,
1413394994305760256,2.23788,0.95932,-0.69343,0.26882,0.69695,-0.41701,0.51778,-0.11887,-0.00455,-0.23033,
1413394994505760512,2.21202,0.95559,-0.71470,0.32333,0.68206,-0.44218,0.48450,-0.10339,0.00609,-0.05117,
1413394994705760512,2.20271,0.95932,-0.69779,0.35156,0.67160,-0.45303,0.46917,0.01843,0.07101,0.12377,
1413394994905760512,2.22271,0.97904,-0.65507,0.35826,0.66083,-0.45720,0.47532,0.15424,0.16326,0.13639,
1413394995105760512,2.26022,1.01500,-0.64687,0.34178,0.65271,-0.46565,0.49023,0.19585,0.25667,-0.23766,
1413394995305760256,2.30118,1.06191,-0.71009,0.31027,0.66086,-0.48236,0.48408,0.14969,0.25416,-0.44436,
1413394995505760512,2.33200,1.09008,-0.78674,0.30365,0.67678,-0.48458,0.46362,0.11588,0.11865,-0.42643,
1413394995705760512,2.35953,1.08717,-0.86290,0.31325,0.67338,-0.47777,0.46922,0.14167,-0.03501,-0.33278,
1413394995905760512,2.38195,1.06850,-0.91601,0.32231,0.65957,-0.47155,0.48859,0.11489,-0.05233,-0.29328,
1413394996105760512,2.38723,1.05641,-0.93283,0.33568,0.65332,-0.46504,0.49419,-0.02405,0.07991,0.16112,
1413394996305760256,2.38479,1.03855,-0.93375,0.33662,0.65783,-0.45711,0.49498,-0.00333,0.00855,0.15355,
1413394996505760512,2.38547,1.03343,-0.93105,0.33565,0.66258,-0.45758,0.48882,0.00813,-0.00110,-0.00750,
1413394996705760512,2.38916,1.02991,-0.93061,0.33517,0.66126,-0.45774,0.49078,0.01381,-0.00289,0.02683,
1413394996905760512,2.38754,1.03747,-0.91967,0.33556,0.66051,-0.45744,0.49180,0.02110,0.00645,0.02520,
1413394997105760512,2.39504,1.02674,-0.93167,0.33523,0.66055,-0.45743,0.49199,0.02651,-0.01108,0.01543,
1413394997305760256,2.39550,1.02537,-0.93314,0.33478,0.66070,-0.45744,0.49208,0.02929,-0.01322,0.01243,
1413394997505760512,2.39546,1.02606,-0.93357,0.33473,0.66072,-0.45736,0.49216,0.02564,-0.01167,0.01171,
1413394997705760512,2.39581,1.02572,-0.93468,0.33456,0.66081,-0.45731,0.49221,0.02561,-0.00841,0.01029,
1413394997905760512,2.39685,1.02491,-0.93607,0.33448,0.66077,-0.45732,0.49230,0.02645,-0.00807,0.01070,
1413394998105760512,2.39786,1.02358,-0.93723,0.33434,0.66075,-0.45729,0.49245,0.02874,-0.01435,0.00550,
1413394998305760256,2.39953,1.02069,-0.93983,0.33423,0.66066,-0.45717,0.49276,0.03190,-0.01344,0.00442,
