1413394888805760256,0.24177,0.22652,0.43564,-0.00825,0.81843,0.00578,0.57452,0.43911,0.27169,0.00153,
1413394888905760512,0.29202,0.25690,0.44225,-0.01435,0.81355,0.00202,0.58131,0.45347,0.25166,0.02869,
1413394889005760512,0.33866,0.28237,0.44952,-0.01880,0.81081,-0.00047,0.58500,0.44315,0.21894,0.05857,
1413394889105760512,0.38334,0.30427,0.45792,-0.02190,0.80863,-0.00278,0.58790,0.43389,0.18783,0.07794,
1413394889205760512,0.42720,0.32311,0.46955,-0.01697,0.80492,0.00079,0.59314,0.41212,0.14538,0.14719,
1413394889305760256,0.46724,0.33846,0.48763,-0.01254,0.78628,0.00365,0.61773,0.35340,0.12589,0.22507,
1413394889405760512,0.49758,0.35220,0.51168,-0.00971,0.75447,0.00618,0.65623,0.20152,0.11548,0.27548,
1413394889505760512,0.50742,0.36433,0.53623,-0.00620,0.73121,0.00863,0.68206,-0.01901,0.10495,0.22867,
1413394889605760512,0.49290,0.37585,0.55407,-0.00279,0.74990,0.00982,0.66147,-0.25734,0.10884,0.17502,
1413394889705760512,0.45983,0.38857,0.57179,-0.00021,0.78984,0.00902,0.61324,-0.40654,0.11533,0.19529,
1413394889805760256,0.41819,0.40242,0.59092,0.00131,0.82898,0.00755,0.55922,-0.42183,0.13659,0.21063,
1413394889905760512,0.38399,0.41828,0.61305,0.00105,0.85671,0.00417,0.51578,-0.30897,0.14422,0.20748,
1413394890005760512,0.36475,0.43443,0.62978,0.00027,0.87567,0.00096,0.48291,-0.11741,0.13964,0.11640,
1413394890105760512,0.36498,0.44863,0.63656,-0.00230,0.88753,-0.00304,0.46073,0.11955,0.13664,0.04435,
1413394890205760512,0.39052,0.46165,0.64102,-0.00697,0.87760,-0.00812,0.47928,0.40902,0.12570,0.05988,
1413394890305760256,0.44399,0.46998,0.64141,-0.01720,0.85114,-0.01617,0.52440,0.62601,0.08629,-0.03351,
1413394890405760512,0.51262,0.47412,0.63465,-0.02688,0.81680,-0.02277,0.57585,0.70721,0.02736,-0.07046,
1413394890505760512,0.58348,0.47194,0.62269,-0.03124,0.78149,-0.02296,0.62271,0.65610,-0.05468,-0.11218,
1413394890605760512,0.64218,0.46252,0.60931,-0.02850,0.75237,-0.01862,0.65786,0.49608,-0.10920,-0.09436,
1413394890705760512,0.67878,0.44626,0.59742,-0.01970,0.73502,-0.00922,0.67769,0.25877,-0.17554,-0.07577,
1413394890805760256,0.68827,0.42399,0.58104,-0.01030,0.74329,0.00017,0.66889,-0.00624,-0.21295,-0.13152,
1413394890905760512,0.67298,0.39812,0.55923,-0.00808,0.77934,0.00373,0.62654,-0.19013,-0.22940,-0.15666,
1413394891005760512,0.64236,0.37058,0.53822,-0.00391,0.82114,0.00687,0.57067,-0.25042,-0.23485,-0.12300,
1413394891105760512,0.61371,0.34356,0.52183,-0.00065,0.85212,0.00876,0.52327,-0.16819,-0.23244,-0.09973,
1413394891205760512,0.59825,0.31793,0.50844,0.00067,0.87021,0.00842,0.49262,0.01665,-0.22250,-0.09192,
1413394891305760256,0.61020,0.29182,0.49803,0.00274,0.87790,0.00978,0.47874,0.26968,-0.21172,-0.05405,
1413394891405760512,0.65228,0.27149,0.49613,0.00829,0.87111,0.01380,0.49082,0.54276,-0.18792,0.01925,
1413394891505760512,0.71500,0.26081,0.50359,0.01162,0.85247,0.01480,0.52243,0.73222,-0.14449,0.05646,
1413394891605760512,0.79461,0.24796,0.51012,0.01435,0.83224,0.01783,0.55395,0.83788,-0.10090,0.04134,
1413394891705760512,0.88013,0.23885,0.51631,0.01671,0.81914,0.02030,0.57299,0.87457,-0.07053,0.04874,
1413394891805760256,0.96454,0.23332,0.52488,0.01872,0.81313,0.01986,0.58145,0.87221,-0.02473,0.12002,
1413394891905760512,1.04767,0.23269,0.54802,0.02169,0.79913,0.02221,0.60036,0.84433,0.03740,0.29453,
1413394892005760512,1.12639,0.23864,0.58286,0.02304,0.78129,0.02441,0.62327,0.77129,0.10115,0.34172,
1413394892105760512,1.19662,0.25140,0.61895,0.01947,0.76848,0.03052,0.63885,0.64732,0.16543,0.33759,
1413394892205760512,1.25507,0.27096,0.65498,0.01122,0.76389,0.04466,0.64370,0.51836,0.25214,0.34733,
1413394892305760256,1.30254,0.29678,0.68839,-0.00346,0.76224,0.06351,0.64417,0.38817,0.30073,0.25837,
1413394892405760512,1.34150,0.32649,0.70698,-0.02117,0.76181,0.08572,0.64176,0.28401,0.33420,0.07920,
1413394892505760512,1.36662,0.36077,0.70992,-0.04241,0.76077,0.11021,0.63819,0.15686,0.37304,-0.02448,
1413394892605760512,1.37741,0.39813,0.70797,-0.06572,0.76384,0.13793,0.62706,0.02588,0.40771,-0.00841,
1413394892705760512,1.37419,0.43868,0.70726,-0.09088,0.76860,0.16866,0.61037,-0.07385,0.43597,0.04581,
1413394892805760256,1.36485,0.48286,0.71271,-0.11634,0.77124,0.20223,0.59224,-0.13755,0.46507,0.09586,
1413394892905760512,1.34912,0.52774,0.72307,-0.13977,0.77092,0.23565,0.57500,-0.18267,0.47404,0.10931,
1413394893005760512,1.33028,0.57370,0.73345,-0.15729,0.77236,0.26805,0.55396,-0.18618,0.50364,0.12372,
1413394893105760512,1.30899,0.62239,0.74496,-0.16985,0.76694,0.30099,0.54070,-0.16909,0.55108,0.15418,
1413394893205760512,1.28602,0.67639,0.75461,-0.18252,0.75769,0.33290,0.53082,-0.17226,0.61878,0.13557,
1413394893305760256,1.26414,0.73739,0.76613,-0.19843,0.74651,0.35595,0.52597,-0.15667,0.68276,0.16970,
1413394893405760512,1.24087,0.80374,0.78147,-0.21002,0.73006,0.37251,0.53305,-0.16122,0.73666,0.17531,
1413394893505760512,1.21431,0.87492,0.79670,-0.21317,0.71400,0.38823,0.54225,-0.21117,0.79049,0.12815,
1413394893605760512,1.18036,0.94897,0.80278,-0.21202,0.70075,0.40067,0.55087,-0.28738,0.82739,0.01090,
1413394893705760512,1.13562,1.02516,0.80001,-0.20353,0.68692,0.41091,0.56380,-0.40413,0.86626,-0.05698,
1413394893805760256,1.07350,1.09980,0.79263,-0.19918,0.67753,0.41348,0.57472,-0.55660,0.91037,-0.10333,
1413394893905760512,0.99051,1.16807,0.78192,-0.20426,0.67611,0.40971,0.57731,-0.74771,0.92578,-0.13603,
1413394894005760512,0.88861,1.23701,0.77153,-0.21956,0.67306,0.40755,0.57678,-0.95233,0.93340,-0.14427,
1413394894105760512,0.77073,1.30597,0.75982,-0.24096,0.66605,0.41079,0.57408,-1.13404,0.90086,-0.18800,
1413394894205760512,0.63955,1.37323,0.74329,-0.27564,0.66394,0.41397,0.55843,-1.29052,0.83853,-0.23276,
1413394894305760256,0.49724,1.43836,0.72334,-0.31124,0.66297,0.42230,0.53411,-1.38341,0.75991,-0.25924,
1413394894405760512,0.35012,1.49541,0.70192,-0.33841,0.65730,0.43772,0.51170,-1.42944,0.66151,-0.26615,
1413394894505760512,0.20548,1.54341,0.67569,-0.35550,0.65054,0.45865,0.48995,-1.41734,0.56889,-0.30267,
1413394894605760512,0.06555,1.58175,0.64472,-0.36893,0.64080,0.47979,0.47229,-1.39355,0.48613,-0.33418,
1413394894705760512,-0.06591,1.61073,0.61135,-0.38063,0.62612,0.49879,0.46293,-1.34721,0.41187,-0.35082,
1413394894805760256,-0.19044,1.63291,0.57681,-0.38435,0.61311,0.51597,0.45841,-1.30966,0.35097,-0.36081,
1413394894905760512,-0.31092,1.64920,0.54367,-0.38747,0.60758,0.52859,0.44867,-1.27982,0.27810,-0.34737,
1413394895005760512,-0.43312,1.66696,0.51150,-0.39450,0.61120,0.53149,0.43397,-1.25153,0.25168,-0.33325,
1413394895105760512,-0.55420,1.68325,0.48171,-0.39770,0.61603,0.53199,0.42348,-1.19998,0.21227,-0.29533,
1413394895205760512,-0.67077,1.69695,0.45821,-0.39715,0.62091,0.53157,0.41735,-1.13360,0.17022,-0.21350,
1413394895305760256,-0.77958,1.70920,0.44140,-0.39518,0.62210,0.52892,0.42079,-1.06037,0.15062,-0.14201,
1413394895405760512,-0.88191,1.72225,0.42899,-0.37837,0.61418,0.53558,0.43906,-1.01042,0.15988,-0.10865,
1413394895505760512,-0.98404,1.73543,0.42579,-0.36342,0.61054,0.54021,0.45093,-1.03259,0.14634,0.05623,
1413394895605760512,-1.08576,1.74848,0.43657,-0.35593,0.61255,0.54001,0.45441,-1.06643,0.13091,0.15839,
1413394895705760512,-1.18559,1.76235,0.46377,-0.35953,0.62051,0.53441,0.44734,-1.10935,0.15226,0.32064,
1413394895805760256,-1.28526,1.77662,0.50455,-0.36499,0.62654,0.52983,0.43990,-1.10006,0.16714,0.37710,
1413394895905760512,-1.38525,1.79324,0.54212,-0.36914,0.62811,0.52748,0.43702,-1.07934,0.17646,0.26772,
1413394896005760512,-1.48574,1.81297,0.56635,-0.37180,0.62682,0.52701,0.43718,-1.04274,0.18826,0.15945,
1413394896105760512,-1.58561,1.83574,0.57767,-0.37355,0.62597,0.52773,0.43604,-1.01765,0.21040,0.04090,
1413394896205760512,-1.68423,1.86065,0.57800,-0.37371,0.62587,0.52887,0.43465,-0.99079,0.24428,-0.06721,
1413394896305760256,-1.78433,1.88702,0.56942,-0.38872,0.63349,0.51955,0.42150,-0.94052,0.24619,-0.14401,
1413394896405760512,-1.88026,1.91382,0.55869,-0.40584,0.64422,0.50734,0.40359,-0.85699,0.25971,-0.12480,
1413394896505760512,-1.96099,1.94101,0.54870,-0.41959,0.65299,0.49677,0.38830,-0.71137,0.26785,-0.16094,
1413394896605760512,-2.02624,1.96720,0.53188,-0.43482,0.66243,0.48389,0.37145,-0.52317,0.26394,-0.24219,
1413394896705760512,-2.07070,1.99191,0.50626,-0.45168,0.67110,0.46896,0.35453,-0.29625,0.26197,-0.32834,
1413394896805760256,-2.08914,2.01235,0.47175,-0.46670,0.67903,0.45412,0.33894,-0.02283,0.23077,-0.38193,
1413394896905760512,-2.07625,2.02842,0.43560,-0.47699,0.67988,0.44260,0.33815,0.35140,0.17183,-0.36251,
1413394897005760512,-2.02821,2.03568,0.40270,-0.48397,0.68111,0.43569,0.33471,0.69921,0.08149,-0.33045,
1413394897105760512,-1.93884,2.04048,0.37583,-0.48354,0.68351,0.43490,0.33147,1.10925,0.02419,-0.23259,
1413394897205760512,-1.81149,2.03442,0.35782,-0.47607,0.68031,0.44169,0.33978,1.48372,-0.02466,-0.16724,
1413394897305760256,-1.64835,2.02598,0.34723,-0.44859,0.66718,0.46708,0.36808,1.78663,-0.06701,-0.07206,
1413394897405760512,-1.46167,2.01488,0.34255,-0.41601,0.64637,0.49452,0.40569,1.93684,-0.09133,-0.02564,
1413394897505760512,-1.26550,2.00251,0.34143,-0.39503,0.63009,0.51177,0.43017,1.98406,-0.11473,0.00073,
1413394897605760512,-1.06833,1.98915,0.34295,-0.38388,0.62266,0.52109,0.43977,1.96105,-0.12043,0.02851,
1413394897705760512,-0.87421,1.97527,0.34984,-0.38355,0.61668,0.52254,0.44670,1.92335,-0.13944,0.09830,
1413394897805760256,-0.68453,1.95889,0.36119,-0.38570,0.61077,0.52234,0.45316,1.87108,-0.16959,0.13756,
1413394897905760512,-0.49990,1.93923,0.37747,-0.38929,0.60624,0.52098,0.45771,1.81993,-0.20915,0.18305,
1413394898005760512,-0.32042,1.91500,0.39820,-0.39075,0.60287,0.52053,0.46142,1.75533,-0.26000,0.20763,
1413394898105760512,-0.14806,1.88567,0.42093,-0.38578,0.60283,0.52459,0.46106,1.67850,-0.30173,0.24111,
1413394898205760512,0.01616,1.85284,0.44632,-0.37880,0.59946,0.53163,0.46318,1.59485,-0.33639,0.26727,
1413394898305760256,0.17021,1.81702,0.47540,-0.36748,0.58883,0.54254,0.47317,1.46791,-0.35786,0.28219,
1413394898405760512,0.30956,1.77859,0.50565,-0.35687,0.57396,0.55847,0.48096,1.30171,-0.36927,0.28789,
1413394898505760512,0.42968,1.73839,0.53543,-0.35313,0.55905,0.57747,0.47884,1.08692,-0.38169,0.30086,
1413394898605760512,0.52915,1.69745,0.56572,-0.35281,0.54337,0.59863,0.47107,0.87712,-0.38645,0.31673,
1413394898705760512,0.60953,1.65706,0.59745,-0.35331,0.53318,0.61521,0.46089,0.67200,-0.38215,0.30839,
1413394898805760256,0.66956,1.61871,0.63003,-0.35290,0.53271,0.62750,0.44488,0.47204,-0.35811,0.32817,
1413394898905760512,0.70757,1.58579,0.66565,-0.34493,0.52558,0.63988,0.44198,0.27023,-0.30404,0.37523,
1413394899005760512,0.72779,1.55432,0.70251,-0.33445,0.51869,0.64980,0.44370,0.05756,-0.25221,0.34061,
1413394899105760512,0.72170,1.53090,0.73086,-0.32946,0.52430,0.65387,0.43476,-0.16822,-0.19291,0.22501,
1413394899205760512,0.69927,1.50982,0.74967,-0.32724,0.53149,0.65558,0.42503,-0.36982,-0.10929,0.12307,
1413394899305760256,0.65360,1.50177,0.75959,-0.32648,0.53083,0.65651,0.42501,-0.57582,-0.01412,0.04988,
1413394899405760512,0.58768,1.50221,0.75961,-0.34188,0.53741,0.64798,0.41765,-0.76443,0.05886,-0.07382,
1413394899505760512,0.50520,1.51166,0.74843,-0.36813,0.54728,0.63771,0.39786,-0.90423,0.14247,-0.16434,
1413394899605760512,0.41142,1.53092,0.72942,-0.38743,0.54353,0.63957,0.38134,-0.99588,0.23478,-0.20430,
1413394899705760512,0.30922,1.55830,0.70876,-0.40060,0.52912,0.65184,0.36695,-1.07244,0.32432,-0.17070,
1413394899805760256,0.19873,1.59287,0.69091,-0.41536,0.50745,0.66736,0.35297,-1.15416,0.39801,-0.12564,
1413394899905760512,0.08145,1.63353,0.67434,-0.43553,0.48036,0.68037,0.34155,-1.21542,0.44106,-0.10649,
1413394900005760512,-0.04131,1.68065,0.66363,-0.46145,0.45717,0.68830,0.32297,-1.25419,0.47887,0.00162,
1413394900105760512,-0.16735,1.73103,0.66620,-0.48584,0.43216,0.69501,0.30685,-1.26657,0.49491,0.13509,
1413394900205760512,-0.29335,1.78039,0.67757,0.51028,-0.40878,-0.69858,-0.29070,-1.24881,0.49096,0.15261,
1413394900305760256,-0.41667,1.82850,0.68662,0.52709,-0.38543,-0.70416,-0.27888,-1.20898,0.47085,0.06613,
1413394900405760512,-0.53502,1.87088,0.68948,0.53925,-0.35813,-0.71133,-0.27381,-1.16049,0.42650,-0.00680,
1413394900505760512,-0.64882,1.90732,0.68411,0.53757,-0.32717,-0.72705,-0.27455,-1.13156,0.36263,-0.09780,
1413394900605760512,-0.76144,1.93490,0.67301,0.53266,-0.29670,-0.74245,-0.27749,-1.13190,0.27871,-0.14346,
1413394900705760512,-0.87707,1.95254,0.65978,0.53233,-0.26527,-0.75321,-0.28094,-1.17955,0.15433,-0.12660,
1413394900805760256,-0.99739,1.95418,0.65319,0.53388,-0.23698,-0.76355,-0.27532,-1.25097,-0.04971,-0.01431,
1413394900905760512,-1.12590,1.93712,0.66149,0.53946,-0.21403,-0.77256,-0.25754,-1.34751,-0.23689,0.14998,
1413394901005760512,-1.26255,1.89991,0.68872,0.54873,-0.18630,-0.77901,-0.23943,-1.42720,-0.41921,0.32802,
1413394901105760512,-1.40427,1.84441,0.72399,0.56139,-0.15818,-0.78257,-0.21770,-1.46162,-0.59665,0.32053,
1413394901205760512,-1.54693,1.77164,0.75349,0.58074,-0.13601,-0.78094,-0.18538,-1.43236,-0.74992,0.23549,
1413394901305760256,-1.68417,1.68533,0.77395,0.60140,-0.12316,-0.77644,-0.14244,-1.37068,-0.87757,0.14435,
1413394901405760512,-1.81246,1.59075,0.78791,0.62056,-0.11496,-0.76969,-0.09625,-1.27964,-0.92625,0.09869,
1413394901505760512,-1.93038,1.49586,0.79585,0.63895,-0.10283,-0.75990,-0.06099,-1.12940,-0.91795,0.00182,
1413394901605760512,-2.03255,1.40261,0.79219,0.64047,-0.08589,-0.76232,-0.03587,-0.97377,-0.90273,-0.12727,
1413394901705760512,-2.11860,1.31167,0.77822,0.62759,-0.05834,-0.77603,-0.02236,-0.82737,-0.88187,-0.21028,
1413394901805760256,-2.19086,1.22135,0.76461,0.61860,-0.01956,-0.78528,-0.01712,-0.69409,-0.87293,-0.15281,
1413394901905760512,-2.24656,1.12643,0.75826,0.61814,0.02428,-0.78564,-0.00900,-0.57873,-0.91430,-0.06786,
1413394902005760512,-2.28592,1.02336,0.76214,0.61871,0.06391,-0.78299,0.00678,-0.44594,-0.96886,-0.00308,
1413394902105760512,-2.31557,0.91989,0.76988,0.61742,0.09672,-0.78015,0.02833,-0.31680,-1.02932,0.07071,
1413394902205760512,-2.33597,0.81025,0.77695,0.61751,0.12404,-0.77504,0.05116,-0.19789,-1.07259,0.01412,
1413394902305760256,-2.35167,0.69638,0.77543,0.62219,0.14910,-0.76509,0.07270,-0.08671,-1.10542,-0.04019,
1413394902405760512,-2.35522,0.58226,0.76808,0.63164,0.17115,-0.75068,0.09063,0.06075,-1.11588,-0.08850,
1413394902505760512,-2.34515,0.46899,0.75570,0.62974,0.17841,-0.74598,0.12290,0.22592,-1.09752,-0.09772,
1413394902605760512,-2.32129,0.35809,0.74591,0.62100,0.17144,-0.74744,0.16216,0.37028,-1.02266,-0.10150,
1413394902705760512,-2.28432,0.25973,0.73883,0.60421,0.15988,-0.75562,0.19598,0.42849,-0.88014,-0.05425,
1413394902805760256,-2.24711,0.17305,0.73343,0.58778,0.14954,-0.76498,0.21672,0.45008,-0.70463,-0.03434,
1413394902905760512,-2.20877,0.10591,0.73018,0.57532,0.14981,-0.77501,0.21431,0.44284,-0.50954,-0.04269,
1413394903055760384,-2.14855,0.03558,0.71278,0.56662,0.15085,-0.78631,0.19467,0.41367,-0.28073,-0.20265,
1413394903255760384,-2.07251,-0.00550,0.64309,0.53176,0.12420,-0.81981,0.17239,0.33019,-0.06173,-0.45914,
1413394903455760384,-2.03032,-0.00845,0.56067,0.54584,0.10114,-0.82228,0.12527,0.11017,0.10148,-0.31847,
1413394903605760512,-2.02355,0.00566,0.53038,0.57074,0.09125,-0.80985,0.10035,0.01571,0.16197,-0.12044,
1413394903705760512,-2.02704,0.02111,0.53051,0.57967,0.08998,-0.80522,0.08663,0.00274,0.18782,0.04720,
1413394903805760256,-2.03198,0.04127,0.54787,0.58317,0.09236,-0.80364,0.07450,0.02108,0.19068,0.18645,
1413394903905760512,-2.03509,0.06125,0.57349,0.58311,0.10118,-0.80411,0.05614,0.03517,0.18252,0.18696,
1413394904005760512,-2.03469,0.07935,0.59001,0.58090,0.09626,-0.80707,0.04395,0.05384,0.15072,0.07587,
1413394904105760512,-2.03478,0.09473,0.59595,0.57252,0.07080,-0.81565,0.04393,0.05278,0.13512,-0.01461,
1413394904205760512,-2.03565,0.10919,0.59305,0.56047,0.03780,-0.82630,0.04089,0.01706,0.14272,-0.09506,
1413394904305760256,-2.04130,0.12592,0.58124,0.54669,0.00522,-0.83690,0.02661,-0.05667,0.18075,-0.17992,
1413394904405760512,-2.05344,0.14640,0.56185,0.53583,-0.02960,-0.84379,0.00461,-0.14803,0.21316,-0.24764,
1413394904505760512,-2.07629,0.16973,0.53882,0.53314,-0.06311,-0.84328,-0.02571,-0.26451,0.25875,-0.22303,
1413394904605760512,-2.10737,0.19587,0.51869,0.54530,-0.09810,-0.83051,-0.05734,-0.33221,0.26520,-0.17978,
1413394904705760512,-2.14651,0.22231,0.50320,0.55923,-0.13478,-0.81347,-0.08580,-0.40516,0.28059,-0.13021,
1413394904805760256,-2.18850,0.25081,0.49018,0.56718,-0.16845,-0.79785,-0.11560,-0.40895,0.27406,-0.10276,
1413394904905760512,-2.23002,0.27819,0.48108,0.57430,-0.20116,-0.78003,-0.14585,-0.39314,0.25644,-0.05078,
1413394905005760512,-2.26737,0.30227,0.47660,0.58843,-0.23226,-0.75436,-0.17534,-0.33202,0.21299,-0.00342,
1413394905105760512,-2.29605,0.32037,0.47571,0.60286,-0.26352,-0.72592,-0.20040,-0.22539,0.13679,0.02006,
1413394905205760512,-2.31140,0.32976,0.47369,0.59982,-0.29911,-0.71113,-0.21224,-0.08320,0.04061,-0.03991,
1413394905305760256,-2.31319,0.33184,0.46698,0.56456,-0.33979,-0.72331,-0.20648,0.02175,-0.01427,-0.08994,
1413394905405760512,-2.30871,0.33304,0.45842,0.50743,-0.37572,-0.75206,-0.18909,0.05875,0.02879,-0.07463,
1413394905505760512,-2.30632,0.34651,0.45413,-0.45339,0.39792,0.77785,0.17622,0.00395,0.22088,-0.01233,
1413394905605760512,-2.31507,0.38310,0.45683,-0.41911,0.40579,0.79329,0.17429,-0.14496,0.51055,0.09874,
1413394905705760512,-2.34213,0.44948,0.47445,-0.43908,0.38777,0.78410,0.20501,-0.33971,0.76037,0.22310,
1413394905805760256,-2.38400,0.53276,0.50119,-0.49629,0.36115,0.75131,0.24248,-0.42993,0.85015,0.28399,
1413394905905760512,-2.42969,0.61634,0.52965,0.55901,-0.33264,-0.70864,-0.27330,-0.42660,0.77350,0.28093,
1413394906005760512,-2.46980,0.68670,0.55789,0.60682,-0.31183,-0.67188,-0.28830,-0.32766,0.59017,0.27297,
1413394906105760512,-2.49488,0.73522,0.58640,0.64140,-0.30312,-0.64434,-0.28559,-0.13192,0.35935,0.28598,
1413394906205760512,-2.49759,0.76178,0.61717,0.65109,-0.31628,-0.63770,-0.26342,0.12169,0.14360,0.31351,
1413394906305760256,-2.47412,0.76895,0.64726,0.61954,-0.34612,-0.66372,-0.23634,0.37579,-0.00126,0.28031,
1413394906405760512,-2.42887,0.76182,0.67282,0.56970,-0.37733,-0.69532,-0.22269,0.54506,-0.04571,0.19992,
1413394906505760512,-2.36839,0.75630,0.68903,0.50376,-0.40264,-0.72980,-0.22692,0.62850,0.00618,0.13815,
1413394906605760512,-2.30606,0.76000,0.69597,-0.44748,0.42706,0.74952,0.23580,0.58438,0.13498,0.07898,
1413394906705760512,-2.25142,0.77736,0.69782,-0.42560,0.44293,0.74502,0.26004,0.45643,0.29779,0.06899,
1413394906805760256,-2.20733,0.80488,0.69901,-0.45045,0.44562,0.71206,0.30248,0.36160,0.40126,0.04736,
1413394906905760512,-2.16932,0.83563,0.69904,-0.49279,0.43611,0.66624,0.35085,0.30690,0.35798,0.01729,
1413394907005760512,-2.13851,0.86036,0.69904,0.53507,-0.42007,-0.61896,-0.39259,0.28079,0.16505,0.01819,
1413394907105760512,-2.10777,0.86138,0.70230,0.57222,-0.40702,-0.57842,-0.41512,0.33517,-0.13230,0.03735,
1413394907205760512,-2.07185,0.82777,0.69990,0.57293,-0.41831,-0.57582,-0.40645,0.42042,-0.49151,-0.04264,
1413394907305760256,-2.03155,0.76292,0.68950,0.53843,-0.45101,-0.60586,-0.37364,0.49567,-0.75258,-0.06143,
1413394907405760512,-1.99944,0.68226,0.66803,-0.49130,0.49749,0.64002,0.31859,0.52540,-0.85599,-0.13597,
1413394907505760512,-1.95064,0.59869,0.64758,-0.45860,0.55262,0.64922,0.25063,0.60201,-0.75617,-0.19276,
1413394907605760512,-1.88329,0.53232,0.62576,-0.43121,0.59326,0.64617,0.21110,0.74352,-0.49416,-0.20442,
1413394907705760512,-1.79959,0.49983,0.60542,-0.41001,0.60330,0.64553,0.22630,0.90301,-0.11104,-0.14135,
1413394907805760256,-1.70437,0.50613,0.59128,-0.41601,0.57344,0.63933,0.29895,0.95183,0.13340,-0.13526,
1413394907905760512,-1.61149,0.52295,0.57145,-0.44176,0.52932,0.61912,0.37597,0.90593,0.17408,-0.23694,
1413394908005760512,-1.52234,0.53196,0.54273,-0.46798,0.49498,0.59701,0.42376,0.84914,0.06213,-0.31924,
1413394908105760512,-1.44007,0.53131,0.50435,-0.47506,0.48413,0.59185,0.43549,0.79190,-0.09823,-0.44316,
1413394908205760512,-1.36074,0.51450,0.45807,-0.44702,0.50328,0.61594,0.40927,0.73089,-0.23042,-0.49170,
1413394908305760256,-1.28608,0.49555,0.41150,-0.40526,0.52598,0.64847,0.37230,0.65329,-0.24663,-0.45133,
1413394908405760512,-1.22527,0.47613,0.37150,-0.37287,0.54598,0.67070,0.33621,0.54881,-0.13351,-0.33708,
1413394908505760512,-1.17366,0.48599,0.34682,-0.35966,0.56331,0.67892,0.30395,0.44697,0.12083,-0.16105,
1413394908605760512,-1.13451,0.52660,0.34981,-0.37517,0.55281,0.67501,0.31307,0.36499,0.45439,0.15465,
1413394908705760512,-1.11319,0.59554,0.38262,-0.42103,0.51768,0.65361,0.35712,0.28421,0.53887,0.33703,
1413394908805760256,-1.13907,0.69346,0.43560,-0.46708,0.47977,0.62543,0.40063,0.16377,0.49347,0.43464,
1413394908905760512,-1.13184,0.74016,0.48412,0.50680,-0.45145,-0.59765,-0.42680,0.12602,0.26574,0.53005,
1413394909005760512,-1.12168,0.75478,0.54221,0.54064,-0.44002,-0.57399,-0.42968,0.12577,0.00765,0.59234,
1413394909105760512,-1.10782,0.74846,0.59682,0.53491,-0.45951,-0.58412,-0.40189,0.17015,-0.20527,0.54790,
1413394909205760512,-1.08478,0.73125,0.64352,-0.49897,0.49465,0.61240,0.36236,0.25776,-0.34408,0.44657,
1413394909305760256,-1.05444,0.70376,0.68209,-0.44871,0.53233,0.63724,0.33046,0.32026,-0.35637,0.37017,
1413394909405760512,-1.01558,0.68185,0.71331,-0.41695,0.56721,0.63774,0.31258,0.36080,-0.23419,0.32767,
1413394909505760512,-0.97603,0.67367,0.74339,-0.41261,0.58880,0.61558,0.32269,0.40451,-0.06076,0.31477,
1413394909605760512,-0.93300,0.68061,0.77256,-0.43122,0.59786,0.57911,0.34820,0.46469,0.05761,0.32908,
1413394909705760512,-0.88552,0.70626,0.80465,-0.45066,0.59551,0.54653,0.37891,0.55323,0.10636,0.36760,
1413394909805760256,-0.82974,0.72123,0.83939,-0.46590,0.57558,0.52198,0.42330,0.62615,0.03827,0.42222,
1413394909905760512,-0.76572,0.72307,0.87562,-0.47662,0.55300,0.50467,0.46081,0.65220,-0.11939,0.37025,
1413394910005760512,-0.69904,0.71035,0.89993,-0.45680,0.55325,0.51826,0.46545,0.66527,-0.31264,0.28844,
1413394910105760512,-0.63621,0.67911,0.91268,-0.41697,0.57286,0.54887,0.44352,0.63018,-0.39751,0.18154,
1413394910205760512,-0.58022,0.64227,0.91686,-0.38129,0.59898,0.57463,0.40699,0.57918,-0.39016,0.08262,
1413394910305760256,-0.52979,0.60936,0.91382,-0.35296,0.62071,0.59389,0.37072,0.54316,-0.27385,0.01120,
1413394910405760512,-0.48222,0.59134,0.90396,-0.33702,0.63413,0.60467,0.34449,0.52173,-0.09788,-0.10423,
1413394910505760512,-0.43556,0.59404,0.88865,-0.33627,0.63320,0.60774,0.34152,0.51135,0.17774,-0.07753,
1413394910605760512,-0.38515,0.61789,0.87819,-0.36877,0.60588,0.59331,0.38065,0.49986,0.36031,-0.06438,
1413394910705760512,-0.33904,0.65576,0.86929,-0.41952,0.56819,0.56290,0.42931,0.46202,0.37947,-0.07675,
1413394910805760256,-0.29440,0.68140,0.85956,-0.46438,0.53969,0.53193,0.45841,0.43549,0.22122,-0.11543,
1413394910905760512,-0.25038,0.68987,0.84521,-0.49203,0.52647,0.51335,0.46606,0.44562,-0.00961,-0.13330,
1413394911005760512,-0.20504,0.67362,0.82973,0.50825,-0.52581,-0.50509,-0.45835,0.47243,-0.27503,-0.18654,
1413394911105760512,-0.15247,0.63167,0.80812,-0.48334,0.54532,0.53002,0.43369,0.54458,-0.51902,-0.25449,
1413394911205760512,-0.09319,0.57132,0.78257,-0.42864,0.57095,0.57202,0.40383,0.57787,-0.61745,-0.27791,
1413394911305760256,-0.03479,0.50895,0.75375,-0.38196,0.59312,0.60171,0.37452,0.57882,-0.57257,-0.32269,
1413394911405760512,0.02422,0.45725,0.72088,-0.34943,0.60889,0.61727,0.35514,0.54916,-0.39886,-0.34332,
1413394911505760512,0.07972,0.42581,0.68376,-0.33505,0.61558,0.62220,0.34879,0.50910,-0.18752,-0.39677,
1413394911605760512,0.12979,0.41726,0.64496,-0.34636,0.61108,0.61058,0.36579,0.46417,0.03220,-0.37921,
1413394911705760512,0.17391,0.42813,0.60998,-0.38253,0.59025,0.58156,0.40874,0.41068,0.16044,-0.29607,
1413394911805760256,0.21184,0.44223,0.58241,-0.42264,0.56130,0.54802,0.45387,0.35739,0.07606,-0.19724,
1413394911905760512,0.24546,0.43701,0.56166,-0.44732,0.54119,0.52396,0.48216,0.27634,-0.13977,-0.12572,
1413394912005760512,0.27311,0.41301,0.54502,-0.43524,0.55036,0.52987,0.47636,0.22678,-0.31464,-0.11627,
1413394912105760512,0.29412,0.37592,0.53688,-0.39840,0.58209,0.55420,0.44194,0.16368,-0.42030,-0.02124,
1413394912205760512,0.31107,0.33491,0.53518,-0.35923,0.61295,0.57194,0.41004,0.12978,-0.39918,0.01872,
1413394912305760256,0.32246,0.30289,0.54047,-0.33059,0.63522,0.57475,0.39607,0.09265,-0.25248,0.08386,
1413394912405760512,0.33092,0.28811,0.55002,-0.31436,0.65358,0.56391,0.39500,0.07711,-0.04747,0.09695,
1413394912505760512,0.33536,0.29761,0.56850,-0.31125,0.66987,0.54047,0.40284,0.06649,0.15566,0.17039,
1413394912605760512,0.33696,0.32797,0.59354,-0.32255,0.67840,0.50658,0.42321,0.07811,0.29598,0.22493,
1413394912705760512,0.34450,0.36434,0.61901,-0.33569,0.68387,0.47032,0.44546,0.10948,0.37371,0.25357,
1413394912805760256,0.35197,0.41237,0.64405,-0.34001,0.69117,0.44174,0.45994,0.13234,0.40843,0.24356,
1413394912905760512,0.36295,0.46146,0.66815,-0.33658,0.69627,0.42682,0.46877,0.16773,0.42075,0.24749,
1413394913005760512,0.37907,0.50898,0.69249,-0.31919,0.69545,0.42802,0.48090,0.18030,0.42866,0.24778,
1413394913105760512,0.39700,0.55661,0.71624,-0.30514,0.69235,0.43161,0.49118,0.16528,0.44506,0.25468,
1413394913205760512,0.41061,0.60364,0.74093,-0.30092,0.68773,0.43763,0.49493,0.11469,0.47341,0.26333,
1413394913305760256,0.41863,0.65202,0.76699,-0.30929,0.67663,0.44892,0.49495,0.03987,0.49576,0.28723,
1413394913405760512,0.42064,0.70283,0.79530,-0.32607,0.65770,0.46625,0.49368,-0.03270,0.51195,0.26200,
1413394913505760512,0.41342,0.75102,0.81443,-0.34170,0.63364,0.49358,0.48798,-0.10219,0.48492,0.15061,
1413394913605760512,0.39736,0.79549,0.82153,-0.35157,0.60336,0.52872,0.48250,-0.20502,0.45353,0.04851,
1413394913705760512,0.37023,0.83505,0.81489,-0.35977,0.57396,0.56604,0.46981,-0.31698,0.41532,-0.10149,
1413394913805760256,0.33097,0.86910,0.79343,-0.37304,0.55314,0.59973,0.44181,-0.43967,0.39104,-0.24369,
1413394913905760512,0.28162,0.90328,0.75930,-0.39559,0.53801,0.62405,0.40574,-0.53500,0.39618,-0.34195,
1413394914005760512,0.22635,0.94400,0.71908,-0.42258,0.52053,0.64125,0.37320,-0.58298,0.40394,-0.41501,
1413394914105760512,0.16540,0.98858,0.67595,-0.44380,0.49618,0.65869,0.35068,-0.63354,0.42886,-0.39876,
1413394914205760512,0.10079,1.03462,0.64006,-0.45783,0.46278,0.67940,0.33860,-0.67383,0.44920,-0.24902,
1413394914305760256,0.03072,1.08100,0.61905,-0.46897,0.42728,0.70039,0.32705,-0.73726,0.43879,-0.10627,
1413394914405760512,-0.04822,1.12580,0.61416,-0.47888,0.39200,0.71925,0.31573,-0.83191,0.41162,0.05476,
1413394914505760512,-0.13738,1.16790,0.62408,-0.48913,0.36079,0.73388,0.30332,-0.93428,0.40183,0.19938,
1413394914605760512,-0.23563,1.20546,0.64039,0.50155,-0.34474,-0.74191,-0.28138,-0.99267,0.33671,0.16267,
1413394914705760512,-0.33961,1.23818,0.64892,0.51483,-0.33516,-0.74574,-0.25786,-1.03743,0.30641,0.06183,
1413394914805760256,-0.44593,1.26525,0.64830,0.52628,-0.32478,-0.74925,-0.23701,-1.06634,0.27443,-0.03967,
1413394914905760512,-0.55308,1.29004,0.63773,0.53243,-0.30772,-0.75522,-0.22687,-1.07286,0.25184,-0.13579,
1413394915005760512,-0.65859,1.30831,0.61466,0.53828,-0.28388,-0.76107,-0.22460,-1.08000,0.18987,-0.26531,
1413394915105760512,-0.76374,1.31415,0.58542,0.54504,-0.25096,-0.76724,-0.22646,-1.10514,0.08136,-0.27381,
1413394915205760512,-0.87007,1.30749,0.55903,0.54639,-0.21431,-0.77797,-0.22427,-1.14355,-0.04361,-0.22962,
1413394915305760256,-0.98074,1.28730,0.53731,0.54919,-0.17690,-0.78754,-0.21654,-1.16507,-0.22192,-0.20028,
1413394915405760512,-1.09567,1.25051,0.51907,0.55584,-0.14147,-0.79316,-0.20478,-1.20934,-0.41326,-0.15681,
1413394915505760512,-1.21440,1.19556,0.50460,0.56487,-0.10776,-0.79574,-0.19000,-1.22708,-0.62297,-0.12198,
1413394915605760512,-1.33625,1.12027,0.49343,0.58464,-0.08347,-0.79234,-0.15307,-1.22751,-0.82847,-0.10514,
1413394915705760512,-1.45540,1.02820,0.48345,0.60581,-0.06540,-0.78678,-0.09843,-1.16436,-0.98722,-0.09721,
1413394915805760256,-1.56459,0.92564,0.47690,0.62342,-0.03748,-0.77923,-0.05236,-1.03311,-1.05639,-0.03616,
1413394915905760512,-1.66196,0.81924,0.47717,0.64055,-0.00275,-0.76772,-0.01739,-0.88149,-1.08624,-0.00132,
1413394916005760512,-1.74667,0.71353,0.47985,0.64748,0.03029,-0.76139,0.01201,-0.71026,-1.08762,0.00376,
1413394916105760512,-1.81312,0.60748,0.48396,0.64970,0.05733,-0.75701,0.03920,-0.52409,-1.06984,0.04896,
1413394916205760512,-1.86396,0.50252,0.48652,0.63461,0.08168,-0.76616,0.05996,-0.34416,-1.04369,0.02781,
1413394916305760256,-1.90004,0.39782,0.48915,0.60929,0.10570,-0.78207,0.07723,-0.24670,-1.03940,0.05513,
1413394916405760512,-1.92690,0.29417,0.49090,0.58664,0.12028,-0.79342,0.10893,-0.18933,-1.01775,0.00635,
1413394916505760512,-1.94854,0.19412,0.48468,0.56577,0.12599,-0.80012,0.15440,-0.18603,-0.95390,-0.08180,
1413394916605760512,-1.97536,0.09981,0.47017,0.55622,0.12670,-0.79438,0.20865,-0.23844,-0.84921,-0.17540,
1413394916705760512,-2.00362,0.02570,0.44541,0.54583,0.14065,-0.78548,0.25555,-0.29146,-0.66225,-0.29234,
1413394916855760640,-2.05654,-0.04759,0.38993,0.52416,0.20589,-0.77802,0.27847,-0.40746,-0.34801,-0.45165,
1413394917055760384,-2.15693,-0.09152,0.28355,-0.49981,-0.31790,0.75866,-0.27123,-0.58352,-0.13129,-0.53980,
1413394917255760384,-2.28410,-0.12733,0.17764,-0.47280,-0.42200,0.72564,-0.26800,-0.65599,-0.21023,-0.47560,
1413394917455760384,-2.41648,-0.18725,0.08523,-0.45075,-0.47879,0.69832,-0.28273,-0.67193,-0.41529,-0.42257,
1413394917655760640,-2.55296,-0.30002,0.00917,-0.46840,-0.50424,0.66673,-0.28603,-0.63853,-0.71647,-0.32097,
1413394917855760640,-2.66644,-0.47222,-0.02876,-0.49381,-0.51661,0.64388,-0.27330,-0.40647,-0.96475,-0.08025,
1413394918055760384,-2.70978,-0.68685,-0.04144,-0.49452,-0.53744,0.62646,-0.27233,-0.03496,-1.17743,-0.16749,
1413394918255760384,-2.67547,-0.93152,-0.07310,-0.44874,-0.53292,0.63402,-0.33564,0.21682,-1.30961,-0.18398,
1413394918455760384,-2.62896,-1.19803,-0.10200,-0.38530,-0.52827,0.64410,-0.39698,0.15899,-1.38384,-0.13247,
1413394918655760640,-2.61983,-1.48077,-0.11048,-0.37080,-0.55816,0.61136,-0.42096,-0.07397,-1.45830,-0.05018,
1413394918855760640,-2.64828,-1.77327,-0.11435,0.39020,0.60346,-0.55357,0.42088,-0.16431,-1.46377,0.04766,
1413394919055760384,-2.66905,-2.05449,-0.07774,0.40436,0.61582,-0.50276,0.45221,-0.03500,-1.32306,0.33129,
1413394919255760384,-2.67708,-2.29050,0.02016,0.38315,0.62398,-0.46432,0.49825,0.00711,-1.01162,0.63443,
1413394919455760384,-2.67576,-2.45375,0.15924,0.38221,0.65200,-0.39871,0.51946,0.02216,-0.63781,0.70951,
1413394919655760640,-2.65745,-2.53729,0.28751,0.33900,0.70859,-0.36491,0.49982,0.14034,-0.27046,0.54121,
1413394919855760640,-2.61204,-2.57248,0.37714,0.24774,0.74736,-0.36297,0.49834,0.27687,-0.18109,0.34270,
1413394920055760384,-2.53782,-2.59487,0.43317,0.18362,0.78172,-0.32140,0.50189,0.39722,-0.27360,0.15487,
1413394920255760384,-2.44220,-2.64158,0.44241,0.13629,0.81326,-0.25366,0.50565,0.53094,-0.40206,-0.07403,
1413394920455760384,-2.31417,-2.73145,0.41724,0.12667,0.82429,-0.17025,0.52490,0.72121,-0.46391,-0.09475,
1413394920655760640,-2.15693,-2.82089,0.39683,0.13903,0.82428,-0.10146,0.53939,0.88023,-0.34366,-0.02505,
1413394920855760640,-1.97784,-2.86950,0.36674,0.13647,0.82883,-0.08320,0.53618,1.00682,-0.06423,-0.08573,
1413394921055760384,-1.75477,-2.85939,0.33419,0.11582,0.83060,-0.10517,0.53443,1.18842,0.14174,-0.21459,
1413394921255760384,-1.49403,-2.84111,0.28394,0.08290,0.81452,-0.14937,0.55442,1.28555,0.16824,-0.37819,
1413394921455760384,-1.21536,-2.84133,0.19259,0.01971,0.80443,-0.21937,0.55170,1.30006,-0.07270,-0.56113,
1413394921655760640,-0.95678,-2.90424,0.07689,0.06652,0.80987,-0.20536,0.54545,1.29448,-0.48051,-0.55851,
1413394921855760640,-0.70068,-3.00309,-0.03477,0.13315,0.79845,-0.15637,0.56594,1.32876,-0.47234,-0.46784,
1413394922055760384,-0.44681,-3.07859,-0.11686,0.09183,0.77223,-0.13148,0.61477,1.20503,-0.33985,-0.24651,
1413394922255760384,-0.24225,-3.14009,-0.14071,0.05309,0.79055,-0.07567,0.60539,0.92743,-0.29484,0.05209,
1413394922455760384,-0.07241,-3.19750,-0.09661,0.05545,0.81819,-0.00899,0.57220,0.88501,-0.20522,0.49877,
1413394922655760640,0.10082,-3.23009,0.02387,0.01723,0.82369,-0.00303,0.56677,0.91233,-0.07597,0.63581,
1413394922855760640,0.30136,-3.25455,0.14868,-0.00712,0.83422,-0.00855,0.55131,0.98886,-0.08368,0.64617,
1413394923055760384,0.52212,-3.26643,0.26802,-0.00766,0.84269,-0.00874,0.53827,1.13630,-0.10317,0.51875,
1413394923255760384,0.76198,-3.27595,0.36256,0.01630,0.83389,0.00464,0.55167,1.29774,-0.07287,0.50211,
1413394923455760384,1.02993,-3.27160,0.45159,0.01071,0.83202,0.00712,0.55459,1.35850,0.07541,0.47063,
1413394923655760640,1.31572,-3.24656,0.53802,-0.01536,0.83873,0.03516,0.54319,1.50418,0.15657,0.43518,
1413394923855760640,1.62425,-3.20588,0.59523,-0.03284,0.82262,0.09567,0.55952,1.56788,0.27192,0.20422,
1413394924055760384,1.93298,-3.13720,0.60741,-0.06783,0.80625,0.15109,0.56793,1.52304,0.41243,0.00697,
1413394924255760384,2.21380,-3.03724,0.59709,-0.13035,0.79571,0.19212,0.55942,1.42456,0.52149,0.03787,
1413394924455760384,2.47997,-2.92958,0.59761,-0.18873,0.78237,0.23794,0.54375,1.40169,0.50527,0.08729,
1413394924655760640,2.74739,-2.83079,0.61073,-0.21941,0.75843,0.30112,0.53476,1.36046,0.48657,0.12482,
1413394924855760640,3.01215,-2.73288,0.63969,-0.23894,0.71750,0.37021,0.53949,1.25590,0.50833,0.19292,
1413394924955760384,3.13514,-2.68447,0.65520,-0.24356,0.69241,0.39993,0.54891,1.14903,0.50561,0.21788,
1413394925055760384,3.24537,-2.63747,0.67038,-0.24231,0.67110,0.42271,0.55877,0.98814,0.50043,0.20631,
1413394925155760640,3.33462,-2.58663,0.68911,-0.24158,0.66665,0.44183,0.54955,0.77672,0.53770,0.20316,
1413394925255760384,3.38169,-2.53161,0.70907,-0.23763,0.66277,0.46287,0.53854,0.56651,0.58439,0.21918,
1413394925355760640,3.38627,-2.47435,0.72547,-0.23462,0.65685,0.47916,0.53283,0.35321,0.66196,0.16395,
1413394925455760384,3.37789,-2.41283,0.73509,-0.24288,0.65679,0.48233,0.52630,0.14987,0.74072,0.05237,
1413394925555760384,3.36412,-2.34183,0.73353,-0.25479,0.66011,0.47931,0.51923,-0.01965,0.81391,-0.05548,
1413394925655760640,3.34943,-2.26000,0.72289,-0.26623,0.66282,0.47688,0.51223,-0.16219,0.85964,-0.15184,
1413394925755760384,3.32390,-2.17197,0.70665,-0.28898,0.67289,0.46398,0.49842,-0.26943,0.90667,-0.15492,
1413394925855760640,3.29599,-2.07548,0.69466,-0.30549,0.68173,0.45233,0.48716,-0.31572,0.94266,-0.12369,
1413394925955760384,3.26507,-1.97733,0.68554,-0.31461,0.68519,0.44860,0.47989,-0.32317,0.96089,-0.09110,
1413394926055760384,3.23222,-1.87796,0.67762,-0.31346,0.68165,0.45663,0.47811,-0.33453,0.99114,-0.08140,
1413394926155760640,3.19737,-1.77823,0.66999,-0.30557,0.67569,0.46882,0.47988,-0.35315,1.00182,-0.07878,
1413394926255760384,3.15872,-1.67745,0.66264,-0.29823,0.67092,0.47904,0.48108,-0.40078,1.03992,-0.06661,
1413394926355760640,3.11415,-1.57355,0.65575,-0.30130,0.67525,0.48004,0.47203,-0.45323,1.08554,-0.07668,
1413394926455760384,3.06791,-1.46172,0.64893,-0.30524,0.68020,0.48038,0.46195,-0.47417,1.16032,-0.05274,
1413394926555760384,3.01984,-1.34093,0.64484,-0.31682,0.67791,0.48391,0.45375,-0.49458,1.23948,-0.03121,
1413394926655760640,2.97098,-1.21282,0.64198,-0.34038,0.67000,0.49084,0.44082,-0.49590,1.29652,-0.02208,
1413394926755760384,2.92326,-1.08141,0.63954,-0.37586,0.66039,0.49738,0.41861,-0.46296,1.31916,-0.00562,
1413394926855760640,2.88170,-0.95049,0.63866,-0.41354,0.65005,0.50479,0.38937,-0.36151,1.30703,0.00366,
1413394926955760384,2.85453,-0.82150,0.63590,-0.44176,0.63664,0.51684,0.36389,-0.19710,1.30204,-0.04438,
1413394927055760384,2.84811,-0.69517,0.62666,-0.45407,0.61941,0.53367,0.35405,0.00559,1.31292,-0.11937,
1413394927155760640,2.85861,-0.57216,0.60880,-0.44372,0.59305,0.56119,0.36942,0.15022,1.28717,-0.20595,
1413394927255760384,2.88180,-0.45497,0.58952,-0.43057,0.56882,0.58364,0.38784,0.22601,1.27914,-0.12839,
1413394927355760640,2.90880,-0.34460,0.58064,-0.41987,0.55647,0.59794,0.39561,0.22997,1.23472,-0.00530,
1413394927455760384,2.93091,-0.22441,0.58581,-0.41648,0.55564,0.60355,0.39184,0.20366,1.24105,0.11608,
1413394927555760384,2.94859,-0.10125,0.60405,-0.41536,0.55999,0.60506,0.38443,0.16736,1.23028,0.25050,
1413394927655760640,2.96337,0.01792,0.63637,-0.41726,0.56185,0.60398,0.38135,0.14167,1.22662,0.32504,
1413394927755760384,2.97622,0.13670,0.67249,-0.41989,0.56000,0.60506,0.37946,0.12457,1.24230,0.35154,
1413394927855760640,2.98745,0.25368,0.70486,-0.42061,0.55376,0.60752,0.38388,0.10837,1.24253,0.25651,
1413394927955760384,2.99649,0.36867,0.72683,-0.42089,0.55232,0.60916,0.38304,0.08253,1.24417,0.15254,
1413394928055760384,3.00371,0.48423,0.73975,-0.42243,0.54812,0.60950,0.38682,0.06963,1.22801,0.06701,
1413394928155760640,3.00828,0.60101,0.74635,-0.42192,0.53585,0.61068,0.40238,0.03201,1.21272,0.00403,
1413394928255760384,3.00749,0.71450,0.74751,-0.42625,0.52219,0.60743,0.42030,-0.04312,1.17134,-0.00315,
1413394928355760640,2.99920,0.82048,0.74825,-0.43138,0.51332,0.60223,0.43327,-0.12771,1.07046,0.01866,
1413394928455760384,2.98260,0.91175,0.74961,-0.43770,0.51891,0.59692,0.42760,-0.20306,0.94129,0.01700,
1413394928555760384,2.96069,0.99484,0.75255,-0.44381,0.53162,0.59161,0.41281,-0.24492,0.83880,0.04320,
1413394928655760640,2.93604,1.07462,0.75849,-0.44533,0.54123,0.58883,0.40253,-0.25758,0.77811,0.06952,
1413394928755760384,2.91102,1.15062,0.76652,-0.44349,0.54587,0.58805,0.39942,-0.25626,0.72636,0.07359,
1413394928855760640,2.88575,1.22139,0.77169,-0.43854,0.54585,0.58959,0.40263,-0.24749,0.68558,0.00669,
1413394928955760384,2.85969,1.28817,0.76948,-0.43175,0.54306,0.59264,0.40921,-0.26862,0.66550,-0.10221,
1413394929055760384,2.83105,1.34980,0.75600,-0.43147,0.54300,0.59156,0.41116,-0.30560,0.59405,-0.16165,
1413394929155760640,2.79966,1.40641,0.74110,-0.43897,0.53967,0.58529,0.41653,-0.33318,0.54009,-0.14814,
1413394929255760384,2.76620,1.45829,0.72644,-0.44889,0.53864,0.57764,0.41796,-0.34458,0.45909,-0.12389,
1413394929355760640,2.73352,1.49975,0.71586,-0.46005,0.54171,0.56962,0.41283,-0.32740,0.36054,-0.10259,
1413394929455760384,2.70332,1.53299,0.70968,-0.46217,0.54709,0.56807,0.40546,-0.29367,0.27780,-0.06249,
1413394929555760384,2.67784,1.55692,0.70471,-0.45259,0.55782,0.57529,0.39120,-0.24253,0.21529,-0.05241,
1413394929655760640,2.65756,1.57473,0.70229,-0.43908,0.56592,0.58443,0.38130,-0.19179,0.19679,-0.00760,
1413394929755760384,2.64152,1.59151,0.70199,-0.42839,0.56610,0.59132,0.38256,-0.17015,0.21042,-0.02599,
1413394929855760640,2.62653,1.61048,0.69553,-0.42479,0.56318,0.59324,0.38788,-0.15967,0.22390,-0.10909,
1413394929955760384,2.61143,1.62881,0.68106,-0.43087,0.55783,0.58828,0.39637,-0.16332,0.20997,-0.18427,
1413394930055760384,2.59677,1.64416,0.65682,-0.43851,0.55007,0.58207,0.40783,-0.16123,0.14699,-0.29023,
1413394930155760640,2.58300,1.65624,0.62756,-0.44445,0.54272,0.57695,0.41839,-0.15736,0.08374,-0.27564,
1413394930255760384,2.56667,1.66181,0.60309,-0.45404,0.53455,0.56929,0.42897,-0.18033,-0.01158,-0.21683,
1413394930355760640,2.54940,1.65626,0.58275,-0.46756,0.53689,0.55941,0.42450,-0.16865,-0.12794,-0.20833,
1413394930455760384,2.53461,1.63981,0.55938,-0.45523,0.55909,0.56920,0.39521,-0.12942,-0.21286,-0.24198,
1413394930555760384,2.52431,1.61878,0.53120,-0.42596,0.58903,0.58856,0.35383,-0.07796,-0.22228,-0.33540,
1413394930655760640,2.51972,1.60155,0.49289,-0.39516,0.61472,0.60485,0.31643,-0.00484,-0.12982,-0.42669,
1413394930755760384,2.52282,1.60224,0.45233,-0.37242,0.61533,0.61867,0.31611,0.05428,0.13381,-0.38336,
1413394930855760640,2.53002,1.62823,0.41607,-0.37855,0.59448,0.61651,0.35101,0.06627,0.33499,-0.34456,
1413394930955760384,2.53508,1.66808,0.38466,-0.40472,0.56813,0.59966,0.39221,0.03495,0.43306,-0.27840,
1413394931055760384,2.53639,1.71012,0.36025,-0.42962,0.54729,0.58107,0.42221,-0.00767,0.41582,-0.15757,
1413394931155760640,2.53440,1.74438,0.34671,-0.44072,0.53766,0.57129,0.43626,-0.03783,0.29378,-0.06177,
1413394931255760384,2.52847,1.76600,0.35084,-0.44687,0.53378,0.56504,0.44285,-0.08611,0.16458,0.11670,
1413394931355760640,2.51893,1.77681,0.37903,-0.45537,0.52839,0.55657,0.45130,-0.11562,0.06117,0.35242,
1413394931455760384,2.50655,1.77091,0.41783,-0.45275,0.53428,0.55743,0.44590,-0.13465,-0.09710,0.32403,
1413394931555760384,2.49157,1.75171,0.44757,-0.42975,0.55148,0.57306,0.42754,-0.15631,-0.20573,0.22512,
1413394931655760640,2.47568,1.72956,0.46554,-0.41081,0.55987,0.58786,0.41497,-0.18972,-0.23097,0.15228,
1413394931755760384,2.45420,1.69939,0.47812,-0.39702,0.55170,0.60699,0.41179,-0.25597,-0.22873,0.10102,
1413394931855760640,2.42069,1.66924,0.48324,-0.39233,0.53267,0.62876,0.40867,-0.37320,-0.21639,0.02097,
1413394931955760384,2.37311,1.64065,0.48089,-0.40670,0.51582,0.64502,0.39047,-0.50770,-0.18152,-0.00969,
1413394932055760384,2.31386,1.61498,0.48430,-0.43698,0.49317,0.65545,0.36908,-0.60853,-0.18030,0.11476,
1413394932155760640,2.24792,1.59189,0.50197,-0.47517,0.46526,0.66218,0.34535,-0.66664,-0.19585,0.25002,
1413394932255760384,2.17982,1.56896,0.53409,0.51164,-0.43956,-0.66804,-0.31421,-0.65736,-0.21680,0.37077,
1413394932355760640,2.11530,1.54336,0.57558,0.54246,-0.40856,-0.67521,-0.28792,-0.59407,-0.24180,0.44735,
1413394932455760384,2.05855,1.51389,0.61624,0.56615,-0.37132,-0.68355,-0.27268,-0.50282,-0.30000,0.37489,
1413394932555760384,2.01107,1.47520,0.64668,0.58359,-0.33423,-0.69285,-0.26016,-0.39333,-0.38721,0.25846,
1413394932655760640,1.97424,1.42602,0.66225,0.59290,-0.30095,-0.70542,-0.24553,-0.29366,-0.48662,0.11963,
1413394932755760384,1.94976,1.36990,0.66973,0.59224,-0.27360,-0.72332,-0.22628,-0.20317,-0.58449,0.09748,
1413394932855760640,1.93234,1.30724,0.67794,0.57904,-0.25487,-0.74793,-0.20091,-0.12599,-0.64973,0.10649,
1413394932955760384,1.91911,1.23895,0.68755,0.56419,-0.23984,-0.77022,-0.17584,-0.09669,-0.67542,0.08493,
1413394933055760384,1.90812,1.17166,0.69264,0.55615,-0.22415,-0.78546,-0.15330,-0.11503,-0.66252,0.02396,
1413394933155760640,1.89651,1.10642,0.68958,0.55479,-0.20354,-0.79528,-0.13532,-0.14238,-0.64753,-0.05659,
1413394933255760384,1.88456,1.04495,0.67714,0.56144,-0.18100,-0.79875,-0.11836,-0.14863,-0.63455,-0.16246,
1413394933355760640,1.87206,0.98352,0.65430,0.56940,-0.15635,-0.80012,-0.10559,-0.15042,-0.61019,-0.27108,
1413394933455760384,1.85906,0.92541,0.62046,0.57644,-0.13380,-0.80074,-0.09291,-0.13959,-0.60237,-0.39399,
1413394933555760384,1.84553,0.86705,0.57689,0.58151,-0.11348,-0.80169,-0.07914,-0.14329,-0.59961,-0.46880,
1413394933655760640,1.83168,0.80980,0.53237,0.59028,-0.09275,-0.79924,-0.06467,-0.12933,-0.58951,-0.42491,
1413394933755760384,1.82017,0.75536,0.49234,0.60279,-0.07324,-0.79287,-0.05131,-0.09016,-0.57866,-0.37567,
1413394933855760640,1.81419,0.70070,0.45590,0.60921,-0.05846,-0.78979,-0.04099,-0.02547,-0.57388,-0.35201,
1413394933955760384,1.81452,0.64498,0.41975,0.60020,-0.04267,-0.79813,-0.03057,0.03812,-0.57862,-0.34698,
1413394934055760384,1.81956,0.58710,0.38721,0.58773,-0.02442,-0.80852,-0.01641,0.05237,-0.59051,-0.30030,
1413394934155760640,1.82314,0.52759,0.36294,0.59273,-0.00328,-0.80539,0.00008,0.03208,-0.59680,-0.22888,
1413394934255760384,1.82671,0.47016,0.33575,0.60199,0.02055,-0.79804,0.01798,0.06101,-0.59691,-0.32750,
1413394934355760640,1.83503,0.41263,0.29500,0.59942,0.04683,-0.79814,0.03840,0.10072,-0.59247,-0.45728,
1413394934455760384,1.84837,0.35738,0.24220,0.58823,0.06799,-0.80326,0.06428,0.14236,-0.56614,-0.57540,
1413394934555760384,1.86294,0.30578,0.18009,0.58013,0.08696,-0.80597,0.07938,0.12649,-0.52407,-0.66082,
1413394934655760640,1.87735,0.25902,0.11782,0.57598,0.10543,-0.80623,0.08446,0.12531,-0.48115,-0.57797,
1413394934755760384,1.89586,0.21245,0.06712,0.57549,0.11515,-0.80446,0.09161,0.18398,-0.44779,-0.46655,
1413394934855760640,1.91583,0.16781,0.03244,0.57765,0.11958,-0.80171,0.09638,0.18551,-0.41637,-0.30108,
1413394934955760384,1.93345,0.12787,0.01638,0.57884,0.12139,-0.80026,0.09896,0.17292,-0.39925,-0.11056,
1413394935055760384,1.94628,0.09554,0.02296,0.58391,0.11956,-0.79654,0.10141,0.16189,-0.37137,0.04080,
1413394935155760640,1.95834,0.06542,0.03431,0.59087,0.11074,-0.79253,0.10249,0.16691,-0.32336,0.04163,
1413394935255760384,1.97384,0.03667,0.03871,0.59761,0.09969,-0.78958,0.09742,0.20271,-0.27498,-0.02434,
1413394935355760640,1.99553,0.00975,0.03227,0.60646,0.09170,-0.78473,0.08940,0.24349,-0.23591,-0.11354,
1413394935455760384,2.02151,-0.01520,0.01429,0.61058,0.08676,-0.78310,0.08010,0.28873,-0.21291,-0.23515,
1413394935555760384,2.05304,-0.03669,-0.01459,0.60319,0.08392,-0.78999,0.07090,0.34722,-0.20114,-0.32690,
1413394935655760640,2.09092,-0.05619,-0.04640,0.59534,0.08112,-0.79683,0.06357,0.39844,-0.19178,-0.29186,
1413394935755760384,2.13132,-0.07609,-0.06633,0.59342,0.07842,-0.79895,0.05807,0.43002,-0.18971,-0.15074,
1413394935855760640,2.17231,-0.09536,-0.07079,0.59566,0.07555,-0.79774,0.05563,0.42245,-0.20123,0.02116,
1413394935955760384,2.21762,-0.11389,-0.07030,0.59211,0.07270,-0.80076,0.05390,0.45745,-0.20916,-0.04812,
1413394936055760384,2.26697,-0.13290,-0.08153,0.57780,0.07624,-0.81085,0.05343,0.48587,-0.22006,-0.19858,
1413394936205760512,2.33645,-0.16863,-0.11972,0.55174,0.10007,-0.82528,0.06698,0.42646,-0.27138,-0.28968,
1413394936305760256,2.38008,-0.19713,-0.15001,0.55560,0.13102,-0.81652,0.08627,0.40120,-0.32117,-0.30784,
1413394936505760512,2.45912,-0.26657,-0.20302,0.56863,0.21974,-0.78019,0.14030,0.40247,-0.38089,-0.22728,
1413394936705760512,2.54685,-0.34795,-0.24068,0.54824,0.30884,-0.75323,0.19156,0.46675,-0.44116,-0.15700,
1413394936905760512,2.64668,-0.43918,-0.26482,0.52238,0.37056,-0.73175,0.23312,0.52680,-0.50484,-0.09810,
1413394937105760512,2.75770,-0.54751,-0.28508,-0.49093,-0.43273,0.70828,-0.26473,0.56772,-0.61275,-0.09409,
1413394937255760384,2.84381,-0.64455,-0.30416,-0.46787,-0.47076,0.68914,-0.29081,0.57515,-0.69798,-0.11122,
1413394937355760640,2.90156,-0.71732,-0.31482,-0.45036,-0.48322,0.68395,-0.30964,0.55454,-0.76941,-0.09335,
1413394937555760384,3.00285,-0.88065,-0.33147,-0.44115,-0.49317,0.67292,-0.33069,0.45941,-0.86851,-0.10594,
1413394937755760384,3.08324,-1.06372,-0.34664,-0.44547,-0.48793,0.66864,-0.34117,0.39418,-0.93593,-0.08387,
1413394937955760384,3.13071,-1.25733,-0.34640,-0.44624,-0.46557,0.68331,-0.34235,0.24700,-0.97982,-0.01877,
1413394938155760640,3.13321,-1.45601,-0.31855,-0.43479,-0.43275,0.71343,-0.33868,0.02699,-1.02038,0.20144,
1413394938355760640,3.08244,-1.64941,-0.21734,-0.45190,-0.41056,0.72564,-0.31730,-0.30940,-1.03386,0.59613,
1413394938555760384,3.01232,-1.86273,-0.08441,-0.49015,-0.38591,0.72694,-0.28704,-0.44620,-1.03359,0.60725,
1413394938755760384,2.92409,-2.07904,0.00808,0.50356,0.35110,-0.75194,0.24031,-0.49019,-1.04224,0.35413,
1413394938955760384,2.82692,-2.30148,0.05932,0.50714,0.27235,-0.78653,0.22363,-0.56081,-1.05204,0.16521,
1413394939155760640,2.70016,-2.50056,0.07476,0.52684,0.16849,-0.80503,0.21442,-0.72280,-0.87675,-0.02488,
1413394939355760640,2.53912,-2.65187,0.05550,0.54757,0.11228,-0.81317,0.16221,-0.85392,-0.64961,-0.13922,
1413394939555760384,2.35983,-2.76511,0.05597,0.56635,0.11562,-0.81074,0.09263,-0.90648,-0.53911,0.14365,
1413394939755760384,2.17806,-2.86853,0.10105,0.57021,0.07754,-0.81150,0.10160,-0.90635,-0.47939,0.33972,
1413394939955760384,1.99581,-2.93145,0.16082,0.55990,0.03714,-0.82211,0.09623,-0.95847,-0.24502,0.23318,
1413394940155760640,1.80755,-2.95116,0.18174,0.54633,0.02766,-0.83604,0.04234,-1.01702,-0.14433,-0.02069,
1413394940355760640,1.59456,-2.97623,0.16594,0.56361,-0.02700,-0.82550,0.01303,-1.10845,-0.07205,-0.23120,
1413394940555760384,1.36998,-2.98762,0.12489,0.57473,-0.08530,-0.81319,-0.03364,-1.10825,0.03282,-0.24082,
1413394940755760384,1.13484,-2.99437,0.10163,0.56652,-0.11091,-0.80953,-0.10678,-1.12250,-0.03380,-0.07847,
1413394940955760384,0.89364,-3.02134,0.12797,0.56483,-0.14551,-0.80528,-0.10637,-1.17265,-0.16070,0.19701,
1413394941055760384,0.77682,-3.03323,0.16027,0.55865,-0.17223,-0.80660,-0.08740,-1.17530,-0.12921,0.23761,
1413394941205760512,0.61001,-3.04312,0.20661,0.54406,-0.21206,-0.80923,-0.06466,-1.16937,0.02291,0.29092,
1413394941405760512,0.37672,-3.00638,0.27762,0.52698,-0.22694,-0.81610,-0.06904,-1.21711,0.33566,0.37181,
1413394941605760512,0.11512,-2.91794,0.36249,0.52379,-0.18765,-0.82070,-0.12992,-1.35371,0.50523,0.43424,
1413394941755760384,-0.10412,-2.84417,0.42495,0.53247,-0.18453,-0.81137,-0.15524,-1.48142,0.47132,0.41518,
1413394941855760640,-0.26315,-2.79838,0.46432,0.54370,-0.20192,-0.80112,-0.14771,-1.52857,0.43533,0.37038,
1413394941955760384,-0.42192,-2.75235,0.50053,0.55508,-0.23512,-0.78936,-0.11624,-1.53796,0.44803,0.36118,
1413394942055760384,-0.57116,-2.70047,0.53809,0.56210,-0.26775,-0.77818,-0.08242,-1.49442,0.56609,0.39539,
1413394942155760640,-0.70175,-2.63384,0.58006,0.56610,-0.29841,-0.76667,-0.05192,-1.37457,0.77569,0.43579,
1413394942255760384,-0.81859,-2.54207,0.62830,0.56651,-0.32551,-0.75618,-0.03601,-1.19885,1.05990,0.50244,
1413394942355760640,-0.91973,-2.42127,0.68100,0.56328,-0.34944,-0.74782,-0.03703,-0.99638,1.36962,0.55128,
1413394942455760384,-1.02355,-2.26529,0.74084,0.55945,-0.36801,-0.74047,-0.05731,-0.84469,1.68195,0.56061,
1413394942555760384,-1.09572,-2.08811,0.78797,0.55725,-0.38692,-0.72944,-0.08768,-0.68200,1.88038,0.39380,
1413394942655760640,-1.14844,-1.89385,0.81601,0.55446,-0.40772,-0.71515,-0.12209,-0.51883,2.04174,0.21143,
1413394942755760384,-1.19383,-1.68240,0.82954,0.55162,-0.41999,-0.69959,-0.17292,-0.36493,2.15180,0.05718,
1413394942855760640,-1.22302,-1.46578,0.82762,0.54822,-0.41400,-0.68260,-0.24923,-0.24122,2.16122,-0.11346,
1413394942955760384,-1.24234,-1.25534,0.80418,0.54160,-0.40218,-0.66156,-0.32750,-0.17663,2.04833,-0.32963,
1413394943055760384,-1.25720,-1.06071,0.76089,0.53210,-0.40284,-0.63802,-0.38407,-0.16766,1.86350,-0.49315,
1413394943155760640,-1.27140,-0.88864,0.70583,0.51985,-0.41557,-0.61441,-0.42374,-0.17845,1.61199,-0.58194,
1413394943255760384,-1.28840,-0.74364,0.64200,0.50594,-0.43388,-0.59092,-0.45451,-0.20424,1.31221,-0.66894,
1413394943355760640,-1.30817,-0.62873,0.57609,-0.49083,0.45714,0.56861,0.47623,-0.26211,0.97669,-0.63232,
1413394943455760384,-1.33565,-0.54735,0.52010,-0.46952,0.48174,0.55220,0.49250,-0.33412,0.61641,-0.51773,
1413394943555760384,-1.37645,-0.49501,0.47604,-0.44246,0.50875,0.54168,0.50198,-0.44685,0.33035,-0.39997,
1413394943655760640,-1.43028,-0.46849,0.44165,-0.41351,0.54180,0.53951,0.49435,-0.57821,0.10884,-0.33433,
1413394943755760384,-1.49510,-0.46101,0.41179,-0.39664,0.57467,0.53365,0.47714,-0.66919,-0.01952,-0.32691,
1413394943855760640,-1.56895,-0.46251,0.38009,-0.39715,0.59773,0.52105,0.46205,-0.72590,-0.06324,-0.36101,
1413394943955760384,-1.64312,-0.47235,0.34441,-0.40493,0.61580,0.50818,0.44562,-0.73646,-0.13384,-0.42183,
1413394944055760384,-1.71395,-0.48861,0.30807,-0.40062,0.62330,0.50732,0.44004,-0.68857,-0.17442,-0.37695,
1413394944155760640,-1.78009,-0.51371,0.28074,-0.39272,0.62430,0.51144,0.44095,-0.64299,-0.21874,-0.28233,
1413394944255760384,-1.84262,-0.54396,0.26332,-0.38605,0.62906,0.51170,0.43978,-0.60558,-0.25018,-0.19562,
1413394944355760640,-1.89887,-0.57427,0.25751,-0.37454,0.63867,0.51419,0.43294,-0.55028,-0.22519,-0.00064,
1413394944455760384,-1.95039,-0.60081,0.26769,-0.35465,0.65003,0.51898,0.42702,-0.49681,-0.17815,0.11245,
1413394944555760384,-1.99998,-0.62006,0.27472,-0.33669,0.66787,0.51232,0.42204,-0.44755,-0.11182,0.03336,
1413394944655760640,-2.04640,-0.63344,0.26797,-0.31968,0.69453,0.49438,0.41354,-0.39405,-0.03250,-0.09641,
1413394944755760384,-2.08478,-0.63781,0.24919,-0.29737,0.72335,0.47188,0.40701,-0.29500,0.07282,-0.19234,
1413394944855760640,-2.11072,-0.62761,0.22301,-0.27530,0.74969,0.44320,0.40713,-0.17942,0.21883,-0.25090,
1413394944955760384,-2.12166,-0.60133,0.19196,-0.25487,0.77057,0.40922,0.41689,-0.01752,0.36867,-0.30305,
1413394945055760384,-2.11711,-0.55787,0.15851,-0.23355,0.78173,0.37445,0.44061,0.12921,0.51925,-0.31217,
1413394945155760640,-2.09965,-0.50128,0.12229,-0.20866,0.78696,0.34091,0.47004,0.24338,0.64322,-0.33479,
1413394945255760384,-2.07314,-0.43390,0.08571,-0.18499,0.78996,0.30624,0.49795,0.33099,0.74452,-0.30894,
1413394945355760640,-2.03820,-0.35580,0.05453,-0.16116,0.78954,0.27179,0.52610,0.37196,0.82736,-0.25160,
1413394945455760384,-2.00031,-0.27067,0.02880,-0.14818,0.78272,0.22933,0.55928,0.35831,0.87578,-0.24943,
1413394945555760384,-1.96580,-0.18378,0.00407,-0.15170,0.78499,0.17370,0.57499,0.32174,0.84418,-0.25327,
1413394945655760640,-1.93429,-0.10292,-0.01937,-0.15021,0.79092,0.11935,0.58106,0.30543,0.76597,-0.23553,
1413394945755760384,-1.90414,-0.03357,-0.03848,-0.14046,0.79791,0.06827,0.58219,0.29096,0.63518,-0.20119,
1413394945855760640,-1.87278,0.01955,-0.05558,-0.12214,0.80305,0.01909,0.58294,0.31678,0.46617,-0.17723,
1413394945955760384,-1.84537,0.05334,-0.07313,-0.09859,0.80516,-0.03084,0.58400,0.27084,0.25634,-0.14272,
1413394946055760384,-1.82235,0.06486,-0.08459,-0.05578,0.80575,-0.06973,0.58549,0.24452,0.05089,-0.09232,
1413394946205760512,-1.79338,0.05616,-0.09594,0.01472,0.80034,-0.12531,0.58612,0.16186,-0.14537,-0.03595,
1413394946355760640,-1.77778,0.02164,-0.10642,0.06415,0.78622,-0.19563,0.58265,0.06826,-0.27220,-0.06988,
1413394946555760384,-1.77912,-0.05512,-0.11690,0.11855,0.75986,-0.29315,0.56799,-0.09414,-0.45727,-0.01879,
1413394946755760384,-1.81607,-0.16765,-0.12091,0.21541,0.72175,-0.35748,0.55216,-0.25063,-0.59011,-0.00368,
1413394946955760384,-1.87924,-0.28375,-0.12267,0.30087,0.67466,-0.42636,0.52204,-0.35772,-0.54379,0.03300,
1413394947155760640,-1.95457,-0.38008,-0.10786,0.36975,0.62354,-0.49692,0.47703,-0.39805,-0.41320,0.20376,
1413394947355760640,-2.03183,-0.44988,-0.03422,0.42065,0.57254,-0.55864,0.42800,-0.35188,-0.29899,0.56323,
1413394947555760384,-2.09231,-0.49752,0.09293,-0.44490,-0.53840,0.59133,-0.40314,-0.24603,-0.17952,0.64952,
1413394947755760384,-2.12823,-0.53485,0.19253,-0.41171,-0.55712,0.62498,-0.35987,-0.16703,-0.20252,0.39232,
1413394947955760384,-2.13534,-0.60828,0.26954,-0.37475,-0.59434,0.61747,-0.35363,-0.09281,-0.49785,0.51850,
1413394948155760640,-2.13682,-0.73968,0.37859,0.34123,0.63512,-0.58990,0.36359,-0.04639,-0.81425,0.49159,
1413394948355760640,-2.14001,-0.92580,0.47291,0.36922,0.63898,-0.53747,0.40804,0.02469,-1.08396,0.41261,
1413394948555760384,-2.12688,-1.12767,0.54380,0.42853,0.59354,-0.47537,0.48794,0.07095,-0.90385,0.32823,
1413394948755760384,-2.11271,-1.25812,0.60692,0.45417,0.56330,-0.45025,0.52316,0.06570,-0.34014,0.37021,
1413394948955760384,-2.09378,-1.27453,0.67512,0.41972,0.59926,-0.48972,0.47424,0.09708,0.10484,0.32983,
1413394949155760640,-2.05363,-1.22029,0.70548,0.35755,0.65287,-0.54495,0.38592,0.17987,0.22566,0.05592,
1413394949355760640,-1.98757,-1.18682,0.69538,0.32453,0.67297,-0.57131,0.33970,0.36178,-0.14407,-0.10206,
1413394949555760384,-1.89144,-1.27677,0.68763,0.35663,0.65241,-0.55597,0.37159,0.55131,-0.64227,0.04256,
1413394949755760384,-1.76644,-1.40899,0.70582,0.42764,0.59249,-0.50555,0.45879,0.65926,-0.59727,0.08622,
1413394949955760384,-1.62908,-1.48992,0.71474,0.41891,0.57230,-0.50188,0.49509,0.67920,-0.25042,0.02913,
1413394950155760640,-1.50626,-1.51095,0.72217,0.36550,0.58233,-0.50460,0.52219,0.53148,0.06125,-0.00105,
1413394950355760640,-1.42716,-1.49053,0.72211,0.30104,0.64813,-0.52021,0.46764,0.24955,0.09094,0.02123,
1413394950555760384,-1.37621,-1.49810,0.74106,0.29635,0.70078,-0.51188,0.39884,0.26119,-0.21091,0.10228,
1413394950755760384,-1.29551,-1.57562,0.78206,0.33016,0.69182,-0.48452,0.42145,0.48772,-0.55234,0.26657,
1413394950955760384,-1.18098,-1.67925,0.84157,0.38352,0.63836,-0.41238,0.52473,0.59510,-0.40368,0.28342,
1413394951155760640,-1.06530,-1.70425,0.89940,0.37939,0.61555,-0.35549,0.59227,0.50270,0.17730,0.25581,
1413394951355760640,-0.98614,-1.60948,0.94419,0.28973,0.68037,-0.37034,0.56215,0.24781,0.65003,0.19997,
1413394951555760384,-0.94393,-1.47674,0.98891,0.20339,0.76838,-0.40823,0.44897,0.20351,0.55395,0.30891,
1413394951755760384,-0.88237,-1.41936,1.06317,0.17197,0.79534,-0.42983,0.39128,0.48056,-0.07085,0.48154,
1413394951955760384,-0.74097,-1.50970,1.18351,0.24005,0.75535,-0.39558,0.46405,0.80612,-0.61910,0.63119,
1413394952155760640,-0.57630,-1.63369,1.29604,0.29846,0.68830,-0.35738,0.55627,0.79577,-0.55207,0.41540,
1413394952355760640,-0.42072,-1.71707,1.33733,0.27275,0.69823,-0.37096,0.54816,0.69736,-0.33046,0.03522,
1413394952555760384,-0.28964,-1.77648,1.34347,0.21374,0.73523,-0.38154,0.51785,0.58563,-0.34890,0.12876,
1413394952755760384,-0.17148,-1.85683,1.39690,0.23039,0.75189,-0.34505,0.51236,0.60456,-0.50133,0.34913,
1413394952955760384,-0.04796,-1.94979,1.46033,0.26185,0.70950,-0.30475,0.57894,0.58850,-0.40445,0.19130,
1413394953155760640,0.02654,-2.00295,1.48109,0.27958,0.67214,-0.28290,0.62452,0.32381,-0.05640,0.05222,
1413394953355760640,0.03486,-1.95287,1.53617,0.29033,0.64962,-0.27413,0.64695,-0.12293,0.53182,0.46598,
1413394953555760384,-0.03786,-1.78928,1.59931,0.26516,0.70600,-0.30626,0.58091,-0.42385,0.92438,-0.01371,
1413394953755760384,-0.14221,-1.59891,1.52089,0.22209,0.78290,-0.34685,0.46630,-0.39493,0.94439,-0.76123,
1413394953955760384,-0.19953,-1.42918,1.33224,0.21272,0.79870,-0.35549,0.43640,-0.08455,0.69438,-0.98501,
1413394954155760640,-0.19066,-1.30659,1.14518,0.25164,0.74968,-0.32275,0.52009,0.14475,0.56481,-0.89292,
1413394954355760640,-0.17693,-1.16882,0.97083,0.28088,0.69626,-0.28973,0.59361,0.06707,0.80084,-0.79122,
1413394954555760384,-0.16705,-0.98133,0.84679,0.25479,0.71426,-0.31023,0.57330,-0.13457,1.13110,-0.55107,
1413394954755760384,-0.19026,-0.74581,0.74236,0.18658,0.77907,-0.37294,0.46815,-0.13165,1.06384,-0.55728,
1413394954955760384,-0.19715,-0.56594,0.63552,0.20127,0.78130,-0.37914,0.45311,0.09649,0.62451,-0.56563,
1413394955155760640,-0.16406,-0.44922,0.52095,0.25031,0.73935,-0.32327,0.53497,0.23971,0.56809,-0.57435,
1413394955355760640,-0.12320,-0.32115,0.42120,0.22774,0.72701,-0.27339,0.58724,0.15723,0.78621,-0.46406,
1413394955555760384,-0.12982,-0.17192,0.34711,0.10196,0.78587,-0.29756,0.53242,-0.03357,0.67344,-0.18156,
1413394955755760384,-0.13977,-0.10384,0.33778,0.10199,0.83281,-0.27305,0.47060,0.13716,0.09117,0.11479,
1413394955905760512,-0.09206,-0.11494,0.36332,0.14819,0.82372,-0.23999,0.49187,0.40014,-0.12100,0.20829,
1413394956005760512,-0.03677,-0.14310,0.38629,0.16734,0.80162,-0.22918,0.52619,0.52437,-0.16680,0.25458,
1413394956205760512,0.08023,-0.16696,0.43363,0.18484,0.74546,-0.20751,0.60585,0.48990,-0.00995,0.25806,
1413394956405760512,0.16783,-0.16930,0.47249,0.14176,0.73553,-0.18331,0.63663,0.23384,0.21096,0.12923,
1413394956605760512,0.19624,-0.12764,0.47599,0.09038,0.79640,-0.14661,0.57972,0.01159,0.24880,-0.10474,
1413394956705760512,0.20604,-0.11418,0.47189,0.07599,0.83405,-0.13025,0.53068,0.04054,0.21018,-0.08569,
1413394956805760256,0.22259,-0.09816,0.47001,0.06641,0.85749,-0.11898,0.49612,0.20450,0.15805,0.00138,
1413394956905760512,0.25373,-0.08906,0.47406,0.06559,0.85557,-0.10753,0.50213,0.40904,0.09959,0.09596,
1413394957005760512,0.34791,-0.14444,0.47107,0.06717,0.84349,-0.09939,0.52357,0.59948,0.01607,0.13118,
1413394957105760512,0.42493,-0.16700,0.47795,0.06908,0.82221,-0.09428,0.55705,0.69029,-0.01281,0.17060,
1413394957205760512,0.49731,-0.17043,0.49538,0.06958,0.79346,-0.09222,0.59756,0.67552,-0.00528,0.20195,
1413394957305760256,0.56212,-0.16949,0.51640,0.06670,0.76334,-0.09171,0.63597,0.55791,0.02460,0.23607,
1413394957405760512,0.60808,-0.16593,0.54114,0.06223,0.73387,-0.09259,0.67006,0.34098,0.05600,0.23075,
1413394957505760512,0.63185,-0.15968,0.56239,0.05538,0.73217,-0.09588,0.67206,0.09824,0.08400,0.18671,
1413394957605760512,0.62853,-0.15089,0.57991,0.04440,0.76366,-0.09824,0.63655,-0.13357,0.10045,0.16315,
1413394957705760512,0.61148,-0.14181,0.59484,0.03790,0.80383,-0.09270,0.58637,-0.22312,0.08826,0.09488,
1413394957805760256,0.59385,-0.13491,0.60323,0.02956,0.83872,-0.08408,0.53723,-0.17675,0.06162,0.04007,
1413394957905760512,0.58581,-0.13287,0.60857,0.01855,0.84959,-0.07348,0.52198,-0.03856,0.02262,0.04085,
1413394958005760512,0.59382,-0.13428,0.61381,0.00269,0.84057,-0.05992,0.53837,0.10156,-0.02384,0.02147,
1413394958105760512,0.60797,-0.14209,0.61774,-0.01515,0.81386,-0.04092,0.57942,0.15046,-0.07885,0.03095,
1413394958205760512,0.62228,-0.15637,0.62190,-0.03303,0.77950,-0.01662,0.62531,0.08193,-0.12530,0.01611,
1413394958305760256,0.62082,-0.17505,0.62672,-0.04784,0.75135,0.01157,0.65807,-0.07726,-0.18788,0.04869,
1413394958405760512,0.59683,-0.19793,0.63159,-0.06091,0.74381,0.03902,0.66446,-0.30161,-0.24548,0.01140,
1413394958505760512,0.55660,-0.22581,0.63020,-0.07048,0.77998,0.06597,0.61832,-0.47686,-0.29567,-0.03806,
1413394958605760512,0.50657,-0.25791,0.63003,-0.07807,0.82624,0.09025,0.55054,-0.51912,-0.31980,-0.01959,
1413394958705760512,0.46123,-0.29105,0.63321,-0.08492,0.85977,0.11101,0.49119,-0.37664,-0.30980,0.04283,
1413394958805760256,0.43439,-0.31967,0.64027,-0.08904,0.87221,0.13207,0.46247,-0.13257,-0.24724,0.10267,
1413394958905760512,0.43561,-0.34135,0.65324,-0.08871,0.86677,0.15679,0.46504,0.15334,-0.16406,0.17327,
1413394959005760512,0.46741,-0.35294,0.67405,-0.08929,0.83999,0.18351,0.50276,0.34623,-0.05864,0.21606,
1413394959105760512,0.50765,-0.35166,0.69490,-0.10371,0.80447,0.19981,0.54969,0.40824,0.06161,0.22296,
1413394959205760512,0.54752,-0.34468,0.71744,-0.13217,0.76704,0.20503,0.59342,0.34511,0.10377,0.24120,
1413394959305760256,0.57666,-0.33713,0.74248,-0.16129,0.73086,0.20937,0.62929,0.20309,0.07112,0.24580,
1413394959405760512,0.58838,-0.33474,0.76338,-0.17575,0.73050,0.22259,0.62124,0.03527,-0.00042,0.15642,
1413394959505760512,0.58427,-0.33851,0.77693,-0.17515,0.76607,0.24497,0.56784,-0.08653,-0.05294,0.12580,
1413394959605760512,0.57619,-0.34295,0.79025,-0.16784,0.80444,0.26974,0.50194,-0.06380,-0.00274,0.14854,
1413394959705760512,0.58188,-0.34239,0.80852,-0.16338,0.82551,0.29244,0.45422,0.07337,0.09395,0.19600,
1413394959805760256,0.60284,-0.32490,0.82847,-0.16026,0.81945,0.32106,0.44692,0.27609,0.27684,0.21308,
1413394959905760512,0.63828,-0.28752,0.84747,-0.16954,0.78866,0.34710,0.47833,0.37696,0.46338,0.15618,
1413394960005760512,0.67764,-0.23440,0.85806,-0.20769,0.74901,0.35221,0.52135,0.38518,0.58934,0.08055,
1413394960105760512,0.71322,-0.17531,0.86167,-0.25474,0.70432,0.35337,0.56052,0.30847,0.58839,0.00324,
1413394960205760512,0.73859,-0.12068,0.86079,-0.28973,0.67342,0.36488,0.57396,0.19100,0.50092,-0.02576,
1413394960305760256,0.75230,-0.07713,0.85868,-0.31140,0.66275,0.38908,0.55894,0.05920,0.37003,-0.03586,
1413394960405760512,0.75513,-0.04688,0.85145,-0.31902,0.66777,0.42437,0.52175,-0.01971,0.26362,-0.11875,
1413394960505760512,0.75269,-0.02315,0.82859,-0.31462,0.68027,0.46594,0.47026,-0.05303,0.22316,-0.25662,
1413394960605760512,0.75099,0.00307,0.79643,-0.30711,0.68984,0.50543,0.41756,-0.02476,0.29920,-0.32748,
1413394960705760512,0.75407,0.04297,0.76090,-0.30305,0.68643,0.53842,0.38351,0.02986,0.47585,-0.29416,
1413394960805760256,0.76135,0.10404,0.73675,-0.31906,0.65796,0.55743,0.39314,0.07544,0.70534,-0.17039,
1413394960905760512,0.76988,0.18121,0.72285,-0.35879,0.62065,0.55260,0.42509,0.07489,0.80649,-0.12246,
1413394961005760512,0.77626,0.26196,0.71342,-0.39749,0.58923,0.53709,0.45425,0.05686,0.77578,-0.07487,
1413394961105760512,0.78071,0.33490,0.70064,-0.41966,0.57290,0.52590,0.46808,0.02620,0.67191,-0.12083,
1413394961205760512,0.78334,0.39595,0.68374,-0.41435,0.57909,0.53088,0.45951,0.00710,0.54186,-0.17539,
1413394961305760256,0.78434,0.44615,0.66391,-0.38434,0.60211,0.55390,0.42772,-0.01757,0.47407,-0.23190,
1413394961405760512,0.78086,0.49912,0.64654,-0.35126,0.62366,0.57591,0.39496,-0.03202,0.53105,-0.17991,
1413394961505760512,0.77164,0.56226,0.63833,-0.33094,0.61808,0.58995,0.40052,-0.07040,0.69753,-0.08585,
1413394961605760512,0.75478,0.63842,0.63820,-0.33796,0.59607,0.58733,0.43072,-0.16823,0.81717,-0.02501,
1413394961705760512,0.73235,0.72119,0.63811,-0.37416,0.57700,0.56349,0.45776,-0.27165,0.82936,-0.01174,
1413394961805760256,0.70119,0.79817,0.63879,-0.41488,0.56178,0.53263,0.47811,-0.34083,0.72759,-0.02641,
1413394961905760512,0.66540,0.86326,0.63724,-0.43904,0.55854,0.51154,0.48333,-0.38244,0.56042,-0.03386,
1413394962005760512,0.62519,0.91045,0.63757,-0.44386,0.56722,0.50567,0.47491,-0.39353,0.37062,-0.04492,
1413394962105760512,0.58610,0.94151,0.63843,-0.42107,0.58992,0.52176,0.44996,-0.39244,0.22791,-0.04412,
1413394962205760512,0.54721,0.96441,0.64133,-0.39113,0.60770,0.54122,0.42989,-0.37964,0.18188,0.00150,
1413394962305760256,0.50878,0.98756,0.64802,-0.37194,0.61635,0.55212,0.42064,-0.38764,0.21157,0.06582,
1413394962405760512,0.46903,1.01287,0.66400,-0.37944,0.60434,0.54483,0.44042,-0.41641,0.26944,0.20309,
1413394962505760512,0.42585,1.03707,0.68756,-0.41134,0.57583,0.51977,0.47860,-0.45610,0.20249,0.24312,
1413394962605760512,0.37864,1.04796,0.70976,-0.43827,0.55585,0.49806,0.50088,-0.50248,0.01673,0.19993,
1413394962705760512,0.32819,1.03821,0.72568,-0.43716,0.56518,0.50144,0.48787,-0.53603,-0.18875,0.10587,
1413394962805760256,0.27500,1.01041,0.73375,-0.41584,0.59291,0.52151,0.45118,-0.54293,-0.31781,0.05962,
1413394962905760512,0.22218,0.97449,0.73705,-0.39034,0.61040,0.54699,0.41934,-0.53176,-0.33273,0.03701,
1413394963005760512,0.17095,0.93826,0.73997,-0.38510,0.60355,0.55999,0.41694,-0.52497,-0.29248,0.05026,
1413394963105760512,0.12045,0.90641,0.74222,-0.40984,0.57545,0.54993,0.44549,-0.53185,-0.28394,0.00601,
1413394963205760512,0.06974,0.86592,0.73266,-0.43951,0.55026,0.53296,0.46904,-0.54670,-0.40937,-0.14660,
1413394963305760256,0.01730,0.81315,0.70564,-0.44150,0.54920,0.53535,0.46567,-0.55824,-0.55074,-0.34168,
1413394963405760512,-0.03652,0.75057,0.66135,-0.41178,0.57040,0.55995,0.43766,-0.57205,-0.65038,-0.46370,
1413394963505760512,-0.09232,0.68522,0.61114,-0.37658,0.59464,0.58477,0.40327,-0.58546,-0.64954,-0.52046,
1413394963605760512,-0.15097,0.62479,0.56295,-0.35399,0.60815,0.59758,0.38437,-0.60243,-0.51835,-0.43069,
1413394963705760512,-0.20971,0.58045,0.52670,-0.36760,0.59850,0.58727,0.40222,-0.62022,-0.36709,-0.32435,
1413394963805760256,-0.27200,0.54616,0.49708,-0.40254,0.57366,0.56161,0.43986,-0.66329,-0.34396,-0.26440,
1413394963905760512,-0.33760,0.50568,0.46361,-0.43114,0.56210,0.53826,0.45656,-0.68634,-0.43327,-0.35697,
1413394964005760512,-0.40644,0.45726,0.42166,-0.41969,0.58012,0.54460,0.43673,-0.67981,-0.51429,-0.42536,
1413394964105760512,-0.47549,0.40328,0.37911,-0.38402,0.60671,0.56670,0.40409,-0.68071,-0.52197,-0.40242,
1413394964205760512,-0.54592,0.35354,0.34402,-0.35329,0.62415,0.58311,0.38157,-0.67016,-0.39667,-0.27432,
1413394964305760256,-0.61507,0.32272,0.32464,-0.35471,0.61567,0.58098,0.39698,-0.68572,-0.21713,-0.10879,
1413394964405760512,-0.68595,0.30701,0.31788,-0.38813,0.59251,0.55846,0.43176,-0.71200,-0.14651,-0.01888,
1413394964505760512,-0.75912,0.28836,0.31375,-0.42684,0.57219,0.53032,0.45735,-0.71942,-0.22547,-0.05035,
1413394964605760512,-0.83291,0.25657,0.30248,-0.43670,0.58178,0.52499,0.44183,-0.71301,-0.34522,-0.11773,
1413394964705760512,-0.90092,0.22211,0.29186,-0.41603,0.61205,0.54164,0.39866,-0.66310,-0.39210,-0.10386,
1413394964805760256,-0.96270,0.18651,0.28568,-0.38714,0.64039,0.55998,0.35560,-0.56658,-0.32714,-0.05566,
1413394964905760512,-1.01546,0.16349,0.28562,-0.36906,0.66009,0.56752,0.32558,-0.44624,-0.14248,0.02403,
1413394965005760512,-1.05331,0.16386,0.29493,-0.37096,0.66792,0.56141,0.31795,-0.27997,0.13937,0.17115,
1413394965105760512,-1.07808,0.18620,0.31768,-0.39154,0.64188,0.55046,0.36288,-0.15223,0.32776,0.28447,
1413394965205760512,-1.09744,0.21636,0.34615,-0.42680,0.60010,0.53586,0.41301,-0.11832,0.34721,0.30663,
1413394965305760256,-1.11748,0.24287,0.37337,-0.44969,0.56510,0.53596,0.43725,-0.11918,0.25254,0.25152,
1413394965405760512,-1.13225,0.25988,0.39537,-0.44379,0.54942,0.56422,0.42760,-0.12912,0.13406,0.18833,
1413394965505760512,-1.14864,0.26701,0.41608,-0.43953,0.53815,0.59371,0.40586,-0.15877,0.07155,0.23374,
1413394965605760512,-1.16661,0.26890,0.44336,-0.46077,0.51800,0.60687,0.38869,-0.19460,0.01530,0.31164,
1413394965705760512,-1.18263,0.26114,0.47783,0.50159,-0.48604,-0.60874,-0.37632,-0.16638,-0.08504,0.31341,
1413394965805760256,-1.19650,0.24416,0.50149,0.51556,-0.45767,-0.63035,-0.35692,-0.11114,-0.21188,0.15138,
1413394965905760512,-1.20419,0.21739,0.50941,0.50874,-0.43480,-0.66367,-0.33419,-0.07565,-0.29270,0.06314,
1413394966005760512,-1.21010,0.18328,0.51563,0.52763,-0.40291,-0.67400,-0.32403,-0.05667,-0.36721,0.05918,
1413394966105760512,-1.21161,0.13869,0.51819,0.56239,-0.37019,-0.66813,-0.31667,-0.00210,-0.49808,-0.04745,
1413394966205760512,-1.20577,0.08000,0.50656,0.55589,-0.35665,-0.69216,-0.29105,0.06596,-0.62526,-0.19011,
1413394966305760256,-1.19492,0.00964,0.48406,0.51964,-0.35638,-0.73510,-0.25019,0.10107,-0.70246,-0.28908,
1413394966405760512,-1.18469,-0.06298,0.45570,-0.47150,0.35747,0.77952,0.20556,0.05479,-0.65544,-0.29538,
1413394966505760512,-1.18326,-0.12414,0.43212,-0.44973,0.34811,0.80333,0.17670,-0.10127,-0.46793,-0.14475,
1413394966605760512,-1.19913,-0.16341,0.42353,-0.48315,0.32310,0.79418,0.17731,-0.24355,-0.27214,-0.03663,
1413394966705760512,-1.22580,-0.18713,0.42315,0.54031,-0.29033,-0.76653,-0.19030,-0.28714,-0.22516,-0.00497,
1413394966805760256,-1.25178,-0.21151,0.42128,0.58693,-0.26126,-0.74143,-0.19376,-0.23654,-0.26290,-0.03498,
1413394966905760512,-1.26971,-0.24115,0.41422,0.59840,-0.24156,-0.74163,-0.18317,-0.13981,-0.33044,-0.11199,
1413394967005760512,-1.28026,-0.27591,0.40357,0.57039,-0.22674,-0.77213,-0.16451,-0.08267,-0.36710,-0.10388,
1413394967105760512,-1.28755,-0.31362,0.39451,0.53042,-0.21256,-0.80819,-0.14251,-0.09165,-0.37823,-0.06207,
1413394967205760512,-1.30061,-0.34963,0.39496,0.52144,-0.19141,-0.82180,-0.12692,-0.20692,-0.33678,0.07936,
1413394967305760256,-1.32678,-0.38211,0.40814,0.55495,-0.16514,-0.80670,-0.11826,-0.30358,-0.31314,0.18215,
1413394967405760512,-1.35701,-0.41855,0.42770,0.60748,-0.13749,-0.77434,-0.11167,-0.27633,-0.34289,0.23523,
1413394967505760512,-1.37800,-0.46570,0.44624,0.63785,-0.11748,-0.75538,-0.09359,-0.14030,-0.41636,0.16176,
1413394967605760512,-1.38356,-0.51162,0.46024,0.61697,-0.10266,-0.77730,-0.06791,0.01136,-0.45827,0.12229,
1413394967705760512,-1.37867,-0.55598,0.47228,0.56966,-0.08414,-0.81613,-0.04832,0.05741,-0.45273,0.16905,
1413394967805760256,-1.37331,-0.59659,0.49765,0.55747,-0.06211,-0.82727,-0.03165,0.00846,-0.42090,0.29542,
1413394967905760512,-1.37127,-0.63419,0.53014,0.58069,-0.03456,-0.81320,-0.01777,-0.03039,-0.42611,0.35839,
1413394968005760512,-1.37012,-0.67365,0.56680,0.60976,-0.00537,-0.79257,-0.00067,0.01629,-0.43228,0.34704,
1413394968105760512,-1.36001,-0.71256,0.59333,0.60075,0.02120,-0.79896,0.01791,0.11055,-0.41960,0.16897,
1413394968205760512,-1.34498,-0.75424,0.60345,0.56754,0.04082,-0.82168,0.03282,0.12231,-0.40426,0.04627,
1413394968305760256,-1.33361,-0.79207,0.60539,0.55176,0.05586,-0.83102,0.04287,0.06930,-0.40000,0.00117,
1413394968405760512,-1.32685,-0.82625,0.60056,0.55303,0.07187,-0.82838,0.05270,0.01615,-0.39983,-0.07807,
1413394968505760512,-1.32723,-0.86425,0.59125,0.55682,0.08619,-0.82355,0.06546,-0.03650,-0.40541,-0.09811,
1413394968605760512,-1.33383,-0.90264,0.58076,0.54805,0.09868,-0.82723,0.07476,-0.09686,-0.39014,-0.09747,
1413394968705760512,-1.34862,-0.93661,0.57361,0.54022,0.11225,-0.83079,0.07320,-0.18101,-0.38967,-0.05906,
1413394968805760256,-1.36947,-0.97873,0.56965,0.54662,0.12722,-0.82536,0.06163,-0.25316,-0.43333,-0.03094,
1413394968905760512,-1.39757,-1.02590,0.56807,0.55537,0.12905,-0.81891,0.06552,-0.30385,-0.50349,-0.00270,
1413394969005760512,-1.42988,-1.07786,0.57074,0.56775,0.12753,-0.80900,0.08319,-0.31787,-0.54890,0.01538,
1413394969155760640,-1.48035,-1.16094,0.57019,0.58099,0.13509,-0.79519,0.10897,-0.32316,-0.54827,-0.09239,
1413394969355760640,-1.53935,-1.26282,0.51724,0.59688,0.14711,-0.77843,0.12704,-0.24236,-0.46072,-0.38442,
1413394969555760384,-1.56850,-1.33912,0.42898,0.60459,0.16517,-0.77106,0.11249,-0.06002,-0.36451,-0.46237,
1413394969755760384,-1.56076,-1.41349,0.34541,0.57713,0.19173,-0.79091,0.06798,0.09208,-0.45573,-0.37054,
1413394969955760384,-1.53384,-1.52946,0.28303,0.55705,0.18479,-0.80667,0.06951,0.15284,-0.70032,-0.22541,
1413394970155760640,-1.51116,-1.68604,0.27465,0.53997,0.16277,-0.82060,0.09248,0.04576,-0.85872,0.09630,
1413394970355760640,-1.51451,-1.85725,0.31114,0.57632,0.14388,-0.79554,0.11943,-0.04912,-0.88504,0.09280,
1413394970555760384,-1.51891,-2.01584,0.31242,0.60517,0.11234,-0.77050,0.16581,0.04830,-0.68958,-0.14877,
1413394970755760384,-1.50363,-2.11722,0.27960,0.60807,0.09687,-0.76563,0.18623,0.12868,-0.30019,-0.18150,
1413394970955760384,-1.46995,-2.14315,0.25184,0.58333,0.14340,-0.79135,0.11372,0.22847,-0.04408,-0.03187,
1413394971155760640,-1.42512,-2.15364,0.27617,0.55362,0.15720,-0.81371,0.08170,0.23525,-0.11823,0.19983,
1413394971355760640,-1.39763,-2.18510,0.30740,0.50476,0.15300,-0.84604,0.07761,0.05298,-0.25512,0.05056,
1413394971555760384,-1.43155,-2.25087,0.31849,-0.47792,-0.14048,0.86260,-0.08817,-0.36672,-0.44044,0.08776,
1413394971755760384,-1.54918,-2.33786,0.35127,0.52858,0.10841,-0.83296,0.12259,-0.71949,-0.41875,0.18432,
1413394971955760384,-1.70951,-2.39540,0.38685,0.59071,0.06890,-0.79364,0.12826,-0.79177,-0.18371,0.15102,
1413394972155760640,-1.85809,-2.39939,0.39700,0.62720,0.01856,-0.77297,0.09381,-0.62785,0.10339,-0.04847,
1413394972355760640,-1.95912,-2.34758,0.36982,0.63804,-0.05488,-0.76708,0.03857,-0.34891,0.37919,-0.19272,
1413394972555760384,-2.00057,-2.24607,0.31696,0.60961,-0.14384,-0.77913,-0.02550,-0.06201,0.60076,-0.28030,
1413394972755760384,-1.99354,-2.10381,0.27583,0.56473,-0.21629,-0.78717,-0.12114,0.04756,0.76746,-0.11880,
1413394972955760384,-1.99031,-1.95110,0.25758,0.53898,-0.27841,-0.76413,-0.21929,0.01808,0.71690,-0.06509,
1413394973055760384,-1.99268,-1.88124,0.25037,0.52703,-0.31865,-0.74713,-0.24999,-0.01262,0.66464,-0.07551,
1413394973155760640,-1.99720,-1.81668,0.24124,0.51436,-0.36240,-0.72809,-0.27199,-0.05108,0.60881,-0.09245,
1413394973255760384,-2.00280,-1.75674,0.23368,0.50048,-0.40836,-0.70736,-0.28706,-0.06473,0.58871,-0.08036,
1413394973355760640,-2.00942,-1.69695,0.22843,-0.48603,0.45039,0.68423,0.30457,-0.06594,0.58339,-0.05318,
1413394973455760384,-2.01585,-1.63765,0.22453,-0.47140,0.48797,0.65830,0.32606,-0.06571,0.59913,-0.03259,
1413394973555760384,-2.01566,-1.57688,0.22336,-0.45477,0.52394,0.63077,0.34757,-0.04025,0.62057,-0.01042,
1413394973655760640,-2.01743,-1.51490,0.22327,-0.43271,0.55735,0.60412,0.37035,-0.01547,0.62706,0.01053,
1413394973755760384,-2.01707,-1.45101,0.22619,-0.41234,0.58503,0.57358,0.39840,-0.00060,0.64053,0.04850,
1413394973855760640,-2.01652,-1.38658,0.22921,-0.39408,0.61284,0.53913,0.42244,0.00298,0.63321,0.04918,
1413394973955760384,-2.01346,-1.32496,0.23383,-0.37410,0.64085,0.50455,0.44135,0.01510,0.61801,0.06516,
1413394974055760384,-2.00933,-1.26489,0.24102,-0.35397,0.66627,0.46897,0.45920,0.04356,0.57268,0.07499,
1413394974155760640,-2.00416,-1.20758,0.24986,-0.33516,0.69014,0.43129,0.47473,0.06466,0.55185,0.09364,
1413394974255760384,-1.99498,-1.15104,0.25837,-0.31743,0.71270,0.39136,0.48800,0.10146,0.52340,0.09903,
1413394974355760640,-1.98256,-1.09661,0.26864,-0.29759,0.73532,0.35191,0.49690,0.15370,0.48244,0.12608,
1413394974455760384,-1.96439,-1.04710,0.28107,-0.27665,0.75587,0.31288,0.50422,0.21697,0.43798,0.15405,
1413394974555760384,-1.93881,-0.99935,0.29477,-0.25461,0.77183,0.27472,0.51379,0.29284,0.37854,0.17871,
1413394974655760640,-1.90447,-0.96171,0.31081,-0.23086,0.77723,0.23987,0.53393,0.36505,0.32006,0.18916,
1413394974755760384,-1.86568,-0.93550,0.32498,-0.20345,0.78247,0.21044,0.54960,0.39633,0.23867,0.15214,
1413394974855760640,-1.82537,-0.91932,0.33557,-0.17455,0.79027,0.18555,0.55729,0.40857,0.17349,0.10555,
1413394974955760384,-1.78521,-0.90794,0.33609,-0.14306,0.79750,0.16550,0.56226,0.40875,0.13876,-0.02567,
1413394975055760384,-1.74875,-0.90254,0.32206,-0.11762,0.79937,0.14619,0.57079,0.38760,0.11481,-0.14987,
1413394975155760640,-1.71607,-0.89846,0.29598,-0.09850,0.79390,0.12745,0.58633,0.34574,0.09936,-0.26407,
1413394975255760384,-1.68601,-0.89168,0.26113,-0.08589,0.78969,0.10758,0.59786,0.28935,0.08890,-0.37286,
1413394975355760640,-1.66043,-0.88431,0.22055,-0.07278,0.78914,0.09053,0.60313,0.21334,0.07408,-0.38763,
1413394975455760384,-1.63932,-0.87597,0.18101,-0.05676,0.79464,0.07777,0.59940,0.16358,0.07206,-0.38505,
1413394975555760384,-1.62328,-0.86657,0.14489,-0.04131,0.80335,0.06852,0.59011,0.10519,0.09011,-0.34613,
1413394975655760640,-1.61070,-0.85369,0.11286,-0.03147,0.81178,0.06220,0.57979,0.09515,0.14039,-0.28389,
1413394975805760256,-1.59344,-0.82626,0.07744,-0.02490,0.81948,0.05699,0.56972,0.11879,0.20875,-0.20161,
1413394975955760384,-1.57181,-0.78944,0.05998,-0.02347,0.81198,0.05714,0.58041,0.14923,0.27212,-0.07438,
1413394976155760640,-1.54678,-0.73000,0.04896,-0.02684,0.79561,0.05908,0.60233,0.07504,0.32578,-0.08638,
1413394976355760640,-1.54368,-0.66042,0.03582,-0.02555,0.79360,0.06419,0.60450,-0.04133,0.37024,-0.05673,
1413394976505760512,-1.56020,-0.60218,0.02989,-0.02864,0.77826,0.06420,0.62399,-0.17854,0.40121,-0.03879,
1413394976705760512,-1.62240,-0.51886,0.02558,-0.04658,0.76580,0.05348,0.63915,-0.46164,0.41078,-0.03522,
1413394976805760256,-1.67552,-0.47903,0.02376,-0.06094,0.78069,0.04331,0.62043,-0.58488,0.36254,-0.03115,
1413394976905760512,-1.73748,-0.44480,0.02153,-0.07448,0.81011,0.03218,0.58064,-0.63923,0.29306,-0.03475,
1413394977005760512,-1.79897,-0.41821,0.02066,-0.07983,0.84222,0.02194,0.53274,-0.58225,0.20435,0.01686,
1413394977155760640,-1.86665,-0.39877,0.03204,-0.08381,0.87605,0.00225,0.47488,-0.30221,0.03328,0.10282,
1413394977305760256,-1.87239,-0.40938,0.06319,-0.06495,0.89221,0.00163,0.44693,0.21959,-0.15998,0.27982,
1413394977505760512,-1.76892,-0.44832,0.14023,-0.01004,0.88826,0.03769,0.45769,0.82694,-0.15983,0.44532,
1413394977705760512,-1.54697,-0.46736,0.23586,0.00052,0.88408,0.04240,0.46541,1.39112,-0.02117,0.52305,
1413394977905760512,-1.22289,-0.45509,0.34837,0.00430,0.85733,0.04666,0.51263,1.80083,0.14596,0.58422,
1413394978105760512,-0.84762,-0.41093,0.45967,0.00959,0.82123,0.05087,0.56825,1.89622,0.29964,0.51679,
1413394978205760512,-0.65708,-0.37828,0.50507,0.01290,0.81340,0.05355,0.57909,1.88040,0.37987,0.39021,
1413394978305760256,-0.46813,-0.33928,0.53739,0.01460,0.81043,0.05567,0.58300,1.84835,0.46023,0.27562,
1413394978405760512,-0.28286,-0.29199,0.55800,0.01472,0.80952,0.05700,0.58414,1.79949,0.54331,0.15141,
1413394978505760512,-0.10324,-0.23821,0.57195,0.00973,0.80983,0.05660,0.58384,1.75605,0.61541,0.05306,
1413394978605760512,0.07387,-0.17543,0.58147,-0.00009,0.81038,0.05271,0.58353,1.72431,0.69088,0.06006,
1413394978705760512,0.24817,-0.10650,0.59252,-0.01591,0.81168,0.04398,0.58223,1.68783,0.73530,0.10071,
1413394978805760256,0.41631,-0.03521,0.60900,-0.03013,0.81179,0.03524,0.58210,1.65349,0.73857,0.13775,
1413394978905760512,0.58109,0.03625,0.62644,-0.03769,0.81122,0.02932,0.58279,1.61994,0.72191,0.15227,
1413394979005760512,0.74369,0.10635,0.64066,-0.04067,0.80595,0.02431,0.59008,1.59705,0.69195,0.08328,
1413394979105760512,0.89868,0.17230,0.64756,-0.04158,0.79437,0.01962,0.60569,1.52238,0.65253,-0.01855,
1413394979205760512,1.04642,0.23521,0.64305,-0.04978,0.77754,0.01070,0.62676,1.40829,0.60535,-0.09343,
1413394979305760256,1.18353,0.29229,0.63305,-0.06154,0.76097,0.00196,0.64586,1.27711,0.52326,-0.15365,
1413394979405760512,1.30446,0.33884,0.62295,-0.07636,0.74304,-0.00668,0.66484,1.07115,0.41026,-0.10328,
1413394979505760512,1.40046,0.37150,0.61958,-0.08742,0.72176,-0.01070,0.68652,0.78506,0.24187,0.01060,
1413394979605760512,1.46316,0.38640,0.62721,-0.08798,0.70309,-0.00629,0.70560,0.46251,0.06710,0.12064,
1413394979705760512,1.49158,0.38551,0.64718,-0.08066,0.69940,0.00403,0.71015,0.09130,-0.09317,0.21964,
1413394979805760256,1.47951,0.36918,0.67359,-0.05596,0.72426,0.02257,0.68688,-0.28212,-0.22211,0.30578,
1413394979905760512,1.43563,0.34436,0.70951,-0.01885,0.76386,0.04347,0.64364,-0.52063,-0.25401,0.39017,
1413394980005760512,1.37390,0.32234,0.75038,0.00528,0.79020,0.05298,0.61053,-0.63633,-0.19116,0.39975,
1413394980105760512,1.30506,0.30874,0.78691,0.01573,0.79809,0.05417,0.59989,-0.68159,-0.09729,0.34271,
1413394980205760512,1.22881,0.30573,0.81539,0.01760,0.79175,0.05104,0.60845,-0.74586,0.00181,0.24957,
1413394980305760256,1.14143,0.31303,0.83064,0.01105,0.78308,0.04369,0.62029,-0.81600,0.09631,0.14771,
1413394980405760512,1.05557,0.32538,0.83840,0.00602,0.78213,0.03775,0.62194,-0.90685,0.16062,0.05000,
1413394980505760512,0.94791,0.35266,0.82820,0.00002,0.79085,0.03128,0.61121,-0.99336,0.23525,0.01696,
1413394980605760512,0.84819,0.37650,0.83055,-0.01098,0.80192,0.02160,0.59694,-1.03321,0.26712,0.05093,
1413394980705760512,0.73816,0.40988,0.82797,-0.01978,0.80873,0.01496,0.58766,-1.04018,0.27639,0.08892,
1413394980805760256,0.62555,0.43902,0.83272,-0.02472,0.81249,0.01339,0.58230,-1.03112,0.26914,0.12088,
1413394980905760512,0.51613,0.46590,0.83956,-0.02830,0.81408,0.01314,0.57991,-1.01676,0.25316,0.11731,
1413394981005760512,0.41055,0.48981,0.84272,-0.03159,0.81572,0.01251,0.57745,-0.97920,0.23409,0.02376,
1413394981105760512,0.30953,0.51388,0.83709,-0.03774,0.81674,0.00828,0.57572,-0.93818,0.20779,-0.07937,
1413394981205760512,0.21453,0.53204,0.82223,-0.04411,0.81839,0.00405,0.57295,-0.90281,0.15947,-0.18414,
1413394981305760256,0.12561,0.54185,0.79818,-0.04616,0.81964,0.00158,0.57102,-0.85105,0.09228,-0.26265,
1413394981405760512,0.04137,0.54382,0.77277,-0.03544,0.82013,0.00680,0.57104,-0.80826,0.02570,-0.23071,
1413394981505760512,-0.03978,0.54335,0.75092,-0.02231,0.82014,0.01134,0.57161,-0.76200,0.00386,-0.18791,
1413394981605760512,-0.11857,0.54273,0.73099,-0.01727,0.82175,0.01035,0.56949,-0.72461,0.00080,-0.18299,
1413394981705760512,-0.19366,0.54096,0.71077,-0.01293,0.82725,0.00681,0.56165,-0.68039,-0.00928,-0.19688,
1413394981805760256,-0.26152,0.53794,0.69130,-0.01138,0.83204,-0.00532,0.55458,-0.61869,-0.01667,-0.18567,
1413394981905760512,-0.32095,0.53216,0.67471,-0.01058,0.83371,-0.02226,0.55166,-0.53832,-0.05747,-0.17036,
1413394982005760512,-0.36904,0.52175,0.66197,-0.00860,0.83314,-0.04302,0.55131,-0.46188,-0.10768,-0.13166,
1413394982105760512,-0.40441,0.50543,0.65401,-0.00691,0.82921,-0.06919,0.55459,-0.36839,-0.19055,-0.09254,
1413394982205760512,-0.43131,0.48084,0.65023,-0.00464,0.82210,-0.09863,0.56072,-0.29541,-0.28828,-0.06066,
1413394982305760256,-0.45356,0.44506,0.64908,0.00129,0.81521,-0.13008,0.56437,-0.25022,-0.41864,-0.02460,
1413394982405760512,-0.47908,0.39537,0.65034,0.01424,0.80897,-0.15951,0.56562,-0.24533,-0.57782,0.02715,
1413394982505760512,-0.50493,0.32999,0.65661,0.02890,0.80096,-0.19025,0.56696,-0.24218,-0.73657,0.08614,
1413394982605760512,-0.53353,0.24837,0.66714,0.04538,0.79276,-0.22044,0.56647,-0.27751,-0.88605,0.12395,
1413394982705760512,-0.56313,0.15187,0.68221,0.06688,0.78484,-0.24563,0.56499,-0.30940,-1.03400,0.16536,
1413394982805760256,-0.59562,0.04139,0.70010,0.09085,0.77655,-0.26851,0.56269,-0.34520,-1.16870,0.17532,
1413394982905760512,-0.63156,-0.08154,0.71915,0.11563,0.76832,-0.28959,0.55898,-0.37486,-1.28509,0.20343,
1413394983105760512,-0.71353,-0.35422,0.76143,0.16477,0.75701,-0.31244,0.54970,-0.41771,-1.41663,0.22431,
1413394983305760256,-0.80007,-0.64324,0.80707,0.19139,0.75140,-0.31535,0.54711,-0.42616,-1.45663,0.22942,
1413394983505760512,-0.88705,-0.93407,0.85281,0.21736,0.75872,-0.29579,0.53815,-0.41825,-1.42089,0.21196,
1413394983705760512,-0.96481,-1.20671,0.87328,0.23456,0.76550,-0.27397,0.53285,-0.33030,-1.30092,0.00022,
1413394983905760512,-1.02094,-1.44824,0.84562,0.24068,0.76698,-0.26384,0.53311,-0.22146,-1.12726,-0.24572,
1413394984105760512,-1.04870,-1.65286,0.77830,0.23407,0.76880,-0.25810,0.53623,-0.08741,-0.92101,-0.35974,
1413394984305760256,-1.04797,-1.82403,0.70898,0.22109,0.77765,-0.24366,0.53573,0.02763,-0.74379,-0.33442,
1413394984505760512,-1.02412,-1.97204,0.65382,0.20777,0.79080,-0.23377,0.52613,0.19339,-0.59897,-0.26769,
1413394984705760512,-0.95687,-2.07573,0.61200,0.18762,0.80241,-0.20859,0.52672,0.38128,-0.44866,-0.19900,
1413394984905760512,-0.85353,-2.14849,0.58519,0.15651,0.81216,-0.17528,0.53403,0.58882,-0.33154,-0.11365,
1413394985105760512,-0.72302,-2.20558,0.57368,0.13016,0.81534,-0.13237,0.54841,0.71973,-0.23272,-0.02013,
1413394985305760256,-0.56960,-2.23323,0.58394,0.11026,0.81975,-0.11321,0.55049,0.83044,-0.09470,0.15638,
1413394985505760512,-0.39412,-2.25075,0.64167,0.05343,0.82133,-0.13904,0.55066,0.94958,-0.13947,0.46621,
1413394985705760512,-0.20081,-2.29122,0.75591,0.07396,0.82139,-0.11802,0.55310,1.00538,-0.26139,0.54381,
1413394985905760512,0.00551,-2.33936,0.83529,0.10415,0.82205,-0.09452,0.55178,1.07359,-0.20125,0.23572,
1413394986105760512,0.22614,-2.36172,0.86860,0.11033,0.82033,-0.09370,0.55327,1.14166,-0.06322,0.14540,
1413394986305760256,0.46420,-2.35909,0.90114,0.07616,0.81639,-0.12378,0.55892,1.21185,0.02089,0.21179,
1413394986505760512,0.71090,-2.36238,0.95271,0.06563,0.81430,-0.13481,0.56074,1.23238,-0.05496,0.31775,
1413394986705760512,0.96264,-2.37696,1.01930,0.10046,0.81825,-0.11096,0.55504,1.27977,-0.05688,0.32367,
1413394986905760512,1.22946,-2.37714,1.08300,0.11049,0.81399,-0.10500,0.56053,1.35757,0.08530,0.31127,
1413394987105760512,1.50049,-2.35611,1.12203,0.07966,0.80459,-0.13003,0.57392,1.31482,0.14746,0.04674,
1413394987305760256,1.76359,-2.33806,1.12058,0.07795,0.79809,-0.13383,0.58229,1.24836,0.08609,-0.08073,
1413394987505760512,2.02076,-2.32081,1.11638,0.12298,0.79170,-0.10311,0.58946,1.17201,0.18124,-0.03147,
1413394987705760512,2.25904,-2.26334,1.12582,0.13730,0.78071,-0.09225,0.60261,1.07168,0.42137,0.03770,
1413394987905760512,2.46803,-2.15173,1.15212,0.14085,0.76937,-0.09076,0.61644,0.89634,0.71866,0.13357,
1413394988105760512,2.63275,-1.98136,1.19965,0.13474,0.75834,-0.09725,0.63032,0.66085,0.99630,0.19775,
1413394988305760256,2.73940,-1.76368,1.26003,0.09718,0.75670,-0.13135,0.63302,0.37311,1.13524,0.20730,
1413394988505760512,2.79294,-1.54595,1.30130,0.07426,0.75406,-0.19865,0.62162,0.06591,1.02577,0.05494,
1413394988705760512,2.76480,-1.36271,1.31469,0.11836,0.74763,-0.26167,0.59880,-0.23003,0.84919,-0.03982,
1413394988905760512,2.68769,-1.20318,1.30228,0.18135,0.73617,-0.28859,0.58470,-0.40890,0.79844,-0.16096,
1413394989105760512,2.58691,-1.03668,1.27275,0.21883,0.73686,-0.29316,0.56852,-0.52551,0.87100,-0.15476,
1413394989305760256,2.46472,-0.85856,1.24872,0.22101,0.74449,-0.29755,0.55529,-0.54835,0.94035,-0.09497,
1413394989505760512,2.31319,-0.67666,1.23435,0.20351,0.74735,-0.30357,0.55489,-0.59416,0.95978,-0.13043,
1413394989705760512,2.17410,-0.49005,1.19513,0.18113,0.75258,-0.30404,0.55531,-0.63251,0.92851,-0.31552,
1413394989905760512,2.03136,-0.32121,1.11726,0.13064,0.77380,-0.27743,0.55426,-0.62871,0.81460,-0.48108,
1413394990105760512,1.89950,-0.18766,1.01485,0.09556,0.80371,-0.19436,0.55420,-0.60693,0.65094,-0.58528,
1413394990205760512,1.83946,-0.13162,0.95276,0.07980,0.81542,-0.14320,0.55517,-0.56419,0.61227,-0.65109,
1413394990355760640,1.76216,-0.05169,0.85696,0.05406,0.82681,-0.06667,0.55590,-0.48741,0.58768,-0.64720,
1413394990455760384,1.71800,0.00521,0.79338,0.03511,0.83180,-0.02768,0.55327,-0.42695,0.58494,-0.61800,
1413394990555760384,1.67977,0.05782,0.73399,0.01529,0.83419,-0.00438,0.55125,-0.34629,0.58854,-0.57307,
1413394990655760640,1.64097,0.11897,0.67935,-0.00002,0.83615,0.00783,0.54845,-0.27246,0.60088,-0.53300,
1413394990755760384,1.61029,0.17875,0.62847,-0.00762,0.83620,0.01422,0.54819,-0.17981,0.60380,-0.51465,
1413394990855760640,1.59103,0.23518,0.58008,-0.01020,0.83633,0.01642,0.54789,-0.08246,0.60045,-0.47232,
1413394990955760384,1.57304,0.29868,0.53598,-0.00982,0.83593,0.01518,0.54854,-0.01529,0.60365,-0.42940,
1413394991055760384,1.55939,0.36698,0.49410,-0.00600,0.83531,0.01311,0.54960,0.05825,0.62306,-0.37786,
1413394991155760640,1.55540,0.43747,0.45735,-0.00873,0.83337,0.00445,0.55263,0.12437,0.63729,-0.34132,
1413394991255760384,1.56515,0.50004,0.42861,-0.00917,0.83227,-0.00605,0.55427,0.18372,0.61639,-0.31146,
1413394991355760640,1.58529,0.55508,0.40439,-0.00490,0.83179,-0.02224,0.55462,0.24129,0.57041,-0.27922,
1413394991455760384,1.61175,0.60587,0.38286,0.00469,0.83062,-0.04360,0.55511,0.30938,0.53205,-0.23490,
1413394991555760384,1.64527,0.65012,0.36344,0.01881,0.82816,-0.06761,0.55609,0.34218,0.46407,-0.22278,
1413394991655760640,1.68282,0.68789,0.34838,0.03776,0.82323,-0.08958,0.55932,0.39750,0.41212,-0.16640,
1413394991755760384,1.72532,0.72295,0.33625,0.05957,0.81262,-0.10718,0.56974,0.43775,0.37877,-0.12978,
1413394991855760640,1.76885,0.75662,0.32489,0.07180,0.79987,-0.12287,0.58305,0.43767,0.36218,-0.11808,
1413394991955760384,1.81177,0.79131,0.31285,0.07654,0.79063,-0.13627,0.59201,0.41260,0.35013,-0.12291,
1413394992055760384,1.84953,0.82421,0.29968,0.07657,0.78661,-0.15316,0.59324,0.35361,0.32286,-0.13879,
1413394992155760640,1.88033,0.85165,0.28782,0.07357,0.78604,-0.17431,0.58851,0.28116,0.26054,-0.12117,
1413394992255760384,1.90488,0.87186,0.27962,0.07633,0.78798,-0.19394,0.57935,0.22834,0.16948,-0.06984,
1413394992355760640,1.92381,0.88252,0.27631,0.09111,0.78780,-0.20862,0.57232,0.18489,0.07368,-0.02602,
1413394992455760384,1.93899,0.88604,0.27665,0.11653,0.78617,-0.21770,0.56654,0.15816,0.00678,0.02123,
1413394992555760384,1.95256,0.88498,0.27963,0.14849,0.78644,-0.21754,0.55869,0.15508,-0.00928,0.03102,
1413394992655760640,1.96705,0.88475,0.28484,0.16458,0.78230,-0.22126,0.55854,0.16945,0.01729,0.04500,
1413394992755760384,1.98268,0.88716,0.29032,0.16519,0.77558,-0.23157,0.56353,0.16803,0.03358,0.04319,
1413394992855760640,1.99727,0.89062,0.29493,0.16025,0.76972,-0.24822,0.56589,0.14414,0.03328,0.03373,
1413394992955760384,2.00931,0.89336,0.29842,0.15667,0.76633,-0.26227,0.56517,0.11462,0.01780,0.01210,
1413394993055760384,2.01898,0.89370,0.29358,0.15892,0.76548,-0.26903,0.56251,0.09333,-0.01088,-0.09239,
1413394993155760640,2.02518,0.89086,0.27797,0.16754,0.76725,-0.26786,0.55812,0.07414,-0.03262,-0.20274,
1413394993255760384,2.02955,0.88639,0.25122,0.17626,0.76983,-0.26351,0.55394,0.05656,-0.04330,-0.29455,
1413394993355760640,2.03369,0.88144,0.21749,0.18640,0.77226,-0.25627,0.55064,0.06015,-0.03003,-0.32620,
1413394993455760384,2.03809,0.87918,0.18388,0.19415,0.77439,-0.24942,0.54810,0.07518,-0.00411,-0.31417,
1413394993555760384,2.04519,0.87997,0.15234,0.19765,0.77568,-0.24427,0.54734,0.09472,0.03904,-0.30628,
1413394993655760640,2.05602,0.88476,0.12173,0.19560,0.77557,-0.24539,0.54775,0.11654,0.07380,-0.30596,
1413394993755760384,2.06816,0.89213,0.08960,0.19161,0.77113,-0.25694,0.55011,0.12576,0.09260,-0.35937,
1413394993855760640,2.08107,0.90043,0.04984,0.19084,0.76464,-0.27734,0.54954,0.11571,0.08732,-0.44432,
1413394993955760384,2.09222,0.90772,0.00207,0.19303,0.75502,-0.30447,0.54770,0.09990,0.06802,-0.50492,
1413394994055760384,2.10180,0.91107,-0.04697,0.19933,0.74262,-0.33426,0.54502,0.05687,0.03127,-0.47953,
1413394994155760640,2.10410,0.91216,-0.08751,0.21436,0.72978,-0.36063,0.53983,-0.01064,-0.00272,-0.33355,
1413394994305760256,2.09587,0.90629,-0.12308,0.25111,0.71085,-0.39341,0.52619,-0.10954,-0.02379,-0.21739,
1413394994505760512,2.07372,0.89825,-0.14138,0.30675,0.69684,-0.41904,0.49469,-0.09072,-0.01447,-0.03602,
1413394994705760512,2.06974,0.89702,-0.12140,0.33546,0.68685,-0.43022,0.48023,0.03270,0.05300,0.14136,
1413394994905760512,2.09499,0.90759,-0.06482,0.34168,0.67651,-0.43465,0.48648,0.17014,0.13866,0.16784,
1413394995105760512,2.14158,0.92707,-0.05758,0.32409,0.66912,-0.44318,0.50083,0.21072,0.20918,-0.20735,
1413394995305760256,2.17764,0.96853,-0.12886,0.29263,0.67778,-0.45955,0.49376,0.15558,0.20107,-0.42334,
1413394995505760512,2.19962,0.99335,-0.21560,0.28652,0.69369,-0.46109,0.47338,0.11660,0.06517,-0.41996,
1413394995705760512,2.22345,0.98483,-0.29595,0.29578,0.69006,-0.45431,0.47951,0.14480,-0.08791,-0.33214,
1413394995905760512,2.25035,0.95754,-0.35457,0.30418,0.67604,-0.44862,0.49919,0.12023,-0.11059,-0.29770,
1413394996105760512,2.24978,0.96596,-0.37516,0.31794,0.66917,-0.44231,0.50546,-0.03450,0.04437,0.15717,
1413394996305760256,2.24942,0.97899,-0.38463,0.31966,0.67296,-0.43437,0.50623,-0.00465,0.01001,0.14414,
1413394996505760512,2.25122,0.97538,-0.38529,0.31893,0.67772,-0.43473,0.49999,0.00831,0.00151,-0.01694,
1413394996705760512,2.25466,0.97566,-0.38337,0.31846,0.67637,-0.43496,0.50192,0.01410,0.00403,0.02121,
1413394996905760512,2.25223,0.97895,-0.37060,0.31862,0.67569,-0.43461,0.50302,0.01772,0.00867,0.02289,
1413394997105760512,2.26195,0.97103,-0.37832,0.31840,0.67572,-0.43466,0.50308,0.02876,-0.00692,0.01670,
1413394997305760256,2.26432,0.96828,-0.37924,0.31794,0.67589,-0.43468,0.50313,0.03329,-0.01019,0.01415,
1413394997505760512,2.26700,0.96583,-0.38064,0.31788,0.67594,-0.43461,0.50316,0.03194,-0.01142,0.01306,
1413394997705760512,2.27012,0.96324,-0.38249,0.31771,0.67605,-0.43457,0.50317,0.03358,-0.00969,0.01135,
1413394997905760512,2.27497,0.96016,-0.38209,0.31764,0.67603,-0.43459,0.50321,0.03709,-0.01066,0.01314,
1413394998105760512,2.29617,0.96068,-0.36512,0.31774,0.67599,-0.43468,0.50313,0.05522,-0.01470,0.01854,
1413394998305760256,2.31071,0.95846,-0.35922,0.31773,0.67589,-0.43460,0.50334,0.06586,-0.01277,0.02132,
