1403715544412143104,-1.08250,-4.07242,0.54413,0.33272,0.66931,-0.44499,0.49325,-0.31898,0.80125,-0.75457,
1403715544512142848,-1.11348,-3.98988,0.46753,0.34732,0.64585,-0.48276,0.47873,-0.30231,0.84768,-0.74233,
1403715544612143104,-1.14304,-3.90216,0.39970,0.36098,0.62578,-0.51043,0.46644,-0.28217,0.88518,-0.59958,
1403715544712142848,-1.16878,-3.81194,0.35239,0.37498,0.61145,-0.52412,0.45916,-0.25622,0.90478,-0.32914,
1403715544812143104,-1.19375,-3.71714,0.33264,0.38838,0.60073,-0.52693,0.45895,-0.23773,0.96817,-0.05931,
1403715544912143104,-1.21786,-3.61455,0.33921,0.39447,0.59709,-0.52746,0.45789,-0.22786,1.04796,0.15113,
1403715545012142848,-1.24062,-3.50564,0.35791,0.39230,0.60040,-0.53165,0.45051,-0.22195,1.10604,0.19452,
1403715545112143104,-1.26218,-3.39351,0.37898,0.39190,0.60105,-0.53825,0.44209,-0.21530,1.14100,0.16773,
1403715545212142848,-1.28275,-3.27954,0.39282,0.39475,0.59745,-0.54786,0.43253,-0.20498,1.16008,0.05233,
1403715545312143104,-1.30287,-3.16496,0.39492,0.39863,0.59071,-0.56029,0.42218,-0.19116,1.16862,-0.06367,
1403715545412143104,-1.32091,-3.04956,0.38827,0.39819,0.57862,-0.57421,0.42062,-0.16759,1.16274,-0.10244,
1403715545512142848,-1.33951,-2.93402,0.38354,-0.39079,-0.56447,0.58905,-0.42623,-0.18006,1.15800,-0.03622,
1403715545612143104,-1.36281,-2.82032,0.38716,-0.38352,-0.55245,0.60065,-0.43236,-0.24135,1.14106,0.05391,
1403715545712142848,-1.39327,-2.70749,0.39563,-0.37891,-0.54710,0.60532,-0.43669,-0.31896,1.12381,0.06369,
1403715545812143104,-1.43079,-2.59662,0.40306,-0.37788,-0.55158,0.60235,-0.43606,-0.40531,1.11144,0.05371,
1403715545912143104,-1.47461,-2.48622,0.41037,-0.37894,-0.56377,0.59067,-0.43551,-0.46814,1.10181,0.07275,
1403715546012142848,-1.52263,-2.37472,0.41796,0.37937,0.58374,-0.57032,0.43596,-0.48422,1.09099,0.07186,
1403715546112143104,-1.57163,-2.26243,0.42585,0.37350,0.60678,-0.54483,0.44212,-0.47591,1.08898,0.10870,
1403715546212142848,-1.61954,-2.15091,0.43484,0.35828,0.63075,-0.51641,0.45510,-0.46008,1.08593,0.11635,
1403715546312143104,-1.66674,-2.03926,0.44382,0.33634,0.65509,-0.48620,0.47046,-0.44595,1.09655,0.11270,
1403715546412143104,-1.71321,-1.92803,0.45420,0.31183,0.67911,-0.45387,0.48536,-0.43884,1.10482,0.12914,
1403715546512142848,-1.75987,-1.81718,0.46575,0.28557,0.70227,-0.41992,0.49894,-0.44157,1.10711,0.13344,
1403715546612143104,-1.80723,-1.70767,0.47779,0.26004,0.72491,-0.38292,0.51015,-0.44751,1.09523,0.12387,
1403715546712142848,-1.85398,-1.59989,0.48763,0.23306,0.75081,-0.34463,0.51302,-0.43836,1.07144,0.08185,
1403715546812143104,-1.89732,-1.49552,0.49387,0.20039,0.77940,-0.30945,0.50657,-0.39355,1.03575,0.06508,
1403715546912143104,-1.93470,-1.39801,0.50170,0.16687,0.79961,-0.27618,0.50646,-0.34121,0.95973,0.07985,
1403715547012142848,-1.96594,-1.30891,0.51183,0.14820,0.81637,-0.23235,0.50753,-0.26506,0.88179,0.08481,
1403715547112143104,-1.98716,-1.22658,0.52198,0.12861,0.82896,-0.18984,0.51015,-0.15818,0.83873,0.08700,
1403715547212142848,-1.99679,-1.14878,0.53276,0.10818,0.83762,-0.14800,0.51458,-0.04663,0.80539,0.09845,
1403715547312143104,-1.99395,-1.07393,0.54395,0.08997,0.84417,-0.10723,0.51748,0.06872,0.78698,0.09251,
1403715547412143104,-1.97630,-1.00632,0.55382,0.06941,0.85029,-0.07363,0.51649,0.19444,0.77638,0.06298,
1403715547512142848,-1.94585,-0.93994,0.55994,0.04699,0.85733,-0.04444,0.51068,0.32516,0.77893,0.03204,
1403715547612143104,-1.90199,-0.87153,0.56366,0.02565,0.86170,-0.01129,0.50664,0.47693,0.80491,0.02256,
1403715547712142848,-1.84702,-0.79239,0.56723,0.00629,0.86358,0.02428,0.50359,0.62346,0.82790,0.02344,
1403715547812143104,-1.77739,-0.70745,0.57051,-0.01358,0.86295,0.05864,0.50169,0.77788,0.87316,0.02053,
1403715547912143104,-1.69312,-0.61488,0.57417,-0.03438,0.85832,0.09023,0.50395,0.92817,0.92512,0.03214,
1403715548012142848,-1.59545,-0.51704,0.57970,-0.05661,0.84784,0.11285,0.51501,1.04339,0.97289,0.03436,
1403715548112143104,-1.48762,-0.41656,0.58532,-0.07024,0.83291,0.12921,0.53351,1.10686,1.00036,0.02168,
1403715548212142848,-1.37499,-0.31381,0.59026,-0.07633,0.82066,0.14001,0.54872,1.13822,1.02661,0.01833,
1403715548312143104,-1.26060,-0.20864,0.59236,-0.07733,0.81216,0.14615,0.55951,1.14767,1.05895,-0.05545,
1403715548412143104,-1.14612,-0.09968,0.58292,-0.07542,0.80968,0.14788,0.56291,1.13636,1.08539,-0.18916,
1403715548512142848,-1.03178,0.01255,0.56313,-0.07518,0.81062,0.14494,0.56234,1.12494,1.11529,-0.24107,
1403715548612143104,-0.91992,0.12761,0.54101,-0.07875,0.81269,0.13731,0.56078,1.11363,1.14331,-0.23220,
1403715548712142848,-0.81276,0.24333,0.51929,-0.08052,0.81391,0.12995,0.56052,1.08408,1.15995,-0.22652,
1403715548812143104,-0.70746,0.35878,0.49970,-0.08087,0.81476,0.12391,0.56060,1.07890,1.16689,-0.20282,
1403715548912143104,-0.60497,0.47238,0.48190,-0.08043,0.81443,0.11864,0.56228,1.08194,1.16482,-0.18420,
1403715549012142848,-0.50496,0.58577,0.46406,-0.08283,0.81293,0.11930,0.56397,1.05730,1.17481,-0.17143,
1403715549112143104,-0.41068,0.69954,0.44801,-0.09034,0.80755,0.12561,0.56914,1.02573,1.17458,-0.13697,
1403715549212142848,-0.31910,0.81265,0.43604,-0.09789,0.79688,0.13317,0.58110,0.97258,1.15310,-0.09665,
1403715549312143104,-0.23264,0.92369,0.42437,-0.10498,0.78666,0.13889,0.59233,0.88177,1.11355,-0.10425,
1403715549412143104,-0.15227,1.03247,0.41057,-0.12099,0.78318,0.13660,0.59441,0.78143,1.07015,-0.13271,
1403715549512142848,-0.07796,1.13524,0.39502,-0.13635,0.78687,0.13283,0.58703,0.71334,0.98400,-0.14196,
1403715549612143104,-0.00757,1.23018,0.37812,-0.14727,0.79596,0.12848,0.57294,0.67407,0.88260,-0.15506,
1403715549712142848,0.06199,1.31465,0.36243,-0.15282,0.80448,0.11639,0.56205,0.68641,0.76135,-0.12586,
1403715549812143104,0.13333,1.38600,0.35081,-0.15135,0.80683,0.09758,0.56267,0.71279,0.62940,-0.09085,
1403715549912143104,0.20394,1.44135,0.34225,-0.14675,0.80855,0.07173,0.56530,0.72388,0.47624,-0.07992,
1403715550012142848,0.27504,1.47960,0.33616,-0.14222,0.81171,0.03680,0.56528,0.73546,0.29750,-0.06033,
1403715550112143104,0.34442,1.49617,0.33135,-0.12414,0.81743,0.00398,0.56248,0.73414,0.07971,-0.01838,
1403715550212142848,0.41270,1.49029,0.33734,-0.09261,0.82181,-0.02178,0.56176,0.72875,-0.12933,0.11423,
1403715550312143104,0.48434,1.46895,0.35601,-0.06104,0.82527,-0.04640,0.55951,0.72661,-0.29274,0.25821,
1403715550412143104,0.55590,1.43203,0.38888,-0.02928,0.82409,-0.07057,0.56129,0.73563,-0.43475,0.36823,
1403715550512142848,0.62837,1.38341,0.42601,0.00429,0.82048,-0.09525,0.56367,0.73216,-0.53335,0.36128,
1403715550612143104,0.70065,1.32701,0.45759,0.03079,0.81629,-0.12525,0.56305,0.71602,-0.58158,0.23386,
1403715550712142848,0.77260,1.26444,0.47587,0.04900,0.80954,-0.16122,0.56236,0.70999,-0.64576,0.11532,
1403715550812143104,0.84383,1.19580,0.48140,0.06005,0.80058,-0.20119,0.56123,0.68489,-0.71437,-0.02064,
1403715550912143104,0.91186,1.11897,0.47504,0.07049,0.79053,-0.24053,0.55878,0.64493,-0.81409,-0.11652,
1403715551012142848,0.97406,1.03059,0.46332,0.08635,0.77981,-0.27550,0.55547,0.58847,-0.95459,-0.09691,
1403715551112143104,1.02926,0.92789,0.46016,0.11379,0.76951,-0.30204,0.55108,0.50025,-1.09614,0.03792,
1403715551212142848,1.07575,0.81231,0.47033,0.13795,0.75730,-0.33003,0.54640,0.42543,-1.22003,0.17000,
1403715551312143104,1.11401,0.68556,0.49126,0.15531,0.74082,-0.36279,0.54355,0.33202,-1.32461,0.22566,
1403715551412143104,1.14107,0.54897,0.51465,0.17141,0.72322,-0.39638,0.53894,0.21994,-1.42280,0.22840,
1403715551512142848,1.15644,0.40305,0.53757,0.19288,0.70428,-0.42617,0.53401,0.09272,-1.51143,0.22588,
1403715551612143104,1.15849,0.24843,0.56053,0.22436,0.68614,-0.44879,0.52675,-0.04578,-1.58196,0.23856,
1403715551712142848,1.14636,0.08967,0.58447,0.26321,0.66551,-0.46506,0.52110,-0.17321,-1.59917,0.24598,
1403715551812143104,1.12081,-0.06811,0.60760,0.29675,0.64150,-0.48303,0.51681,-0.29832,-1.56783,0.22305,
1403715551912143104,1.08433,-0.22037,0.62968,0.32606,0.61188,-0.50175,0.51724,-0.41147,-1.50565,0.22754,
1403715552012142848,1.03673,-0.36397,0.65047,0.35801,0.58783,-0.51733,0.50858,-0.52263,-1.38744,0.20313,
1403715552112143104,0.97816,-0.49349,0.66849,0.38584,0.57274,-0.53420,0.48757,-0.60809,-1.25464,0.16502,
1403715552212142848,0.91326,-0.60858,0.68446,0.40960,0.55540,-0.55189,0.46817,-0.65585,-1.10787,0.16888,
1403715552312143104,0.84556,-0.71046,0.70033,-0.43896,-0.53166,0.56498,-0.45327,-0.67920,-0.95891,0.14458,
1403715552412143104,0.77626,-0.79610,0.71391,-0.46381,-0.50690,0.58212,-0.43483,-0.68645,-0.78113,0.11889,
1403715552512142848,0.70822,-0.86453,0.72598,-0.48499,-0.47847,0.60230,-0.41603,-0.66511,-0.60660,0.11372,
1403715552612143104,0.64313,-0.91150,0.73757,0.50329,0.44345,-0.62411,0.40067,-0.63485,-0.41242,0.08726,
1403715552712142848,0.58061,-0.94052,0.74647,0.51671,0.40483,-0.64890,0.38478,-0.61012,-0.21390,0.04711,
1403715552812143104,0.52012,-0.94844,0.75292,0.52672,0.36588,-0.67559,0.36371,-0.59500,-0.01830,0.03328,
1403715552912143104,0.46115,-0.93343,0.75612,0.53245,0.32578,-0.70304,0.34074,-0.58111,0.18653,-0.01901,
1403715553012142848,0.40117,-0.90496,0.75507,0.53092,0.28339,-0.73109,0.32144,-0.59628,0.37307,-0.05352,
1403715553112143104,0.33811,-0.85826,0.75103,0.53198,0.24146,-0.75357,0.30139,-0.63000,0.56025,-0.07734,
1403715553212142848,0.27054,-0.79254,0.74683,0.54400,0.20440,-0.76579,0.27542,-0.67891,0.73576,-0.07380,
1403715553312143104,0.19957,-0.70777,0.74252,0.56092,0.16600,-0.77066,0.25277,-0.70892,0.92785,-0.06420,
1403715553412143104,0.13018,-0.60118,0.73696,0.58779,0.13199,-0.76661,0.22224,-0.67873,1.13239,-0.07536,
1403715553512142848,0.06822,-0.47579,0.72888,0.61795,0.10400,-0.75757,0.18280,-0.58343,1.30414,-0.11653,
1403715553612143104,0.01898,-0.33604,0.71462,0.63675,0.07983,-0.75312,0.14485,-0.43482,1.43698,-0.16829,
1403715553712142848,-0.01411,-0.18711,0.69562,0.64145,0.06450,-0.75600,0.11335,-0.25416,1.51932,-0.22070,
1403715553812143104,-0.02937,-0.03270,0.67128,0.62302,0.06056,-0.77523,0.08482,-0.09194,1.56276,-0.22854,
1403715553912143104,-0.03139,0.12371,0.64925,0.60058,0.06295,-0.79470,0.06168,0.02523,1.56603,-0.19552,
1403715554012142848,-0.02553,0.27811,0.62909,0.57467,0.06434,-0.81430,0.05022,0.06899,1.52957,-0.20006,
1403715554112143104,-0.01783,0.42865,0.60850,0.54311,0.06424,-0.83583,0.04788,0.05113,1.48281,-0.19280,
1403715554212142848,-0.02025,0.57615,0.59057,0.51484,0.06656,-0.85346,0.04603,-0.06448,1.43009,-0.14664,
1403715554312143104,-0.03658,0.71762,0.57593,-0.49783,-0.07409,0.86318,-0.03992,-0.22697,1.37389,-0.15311,
1403715554412143104,-0.07039,0.85050,0.55796,-0.49890,-0.09939,0.86077,-0.01741,-0.40870,1.25989,-0.18385,
1403715554512142848,-0.11701,0.97019,0.53393,0.52880,0.15325,-0.83437,-0.02671,-0.50462,1.06830,-0.28944,
1403715554612143104,-0.16659,1.06618,0.49806,0.56016,0.20752,-0.79849,-0.07462,-0.47220,0.75975,-0.39717,
1403715554712142848,-0.20990,1.12533,0.45019,0.58078,0.24318,-0.76930,-0.10830,-0.35397,0.35684,-0.49098,
1403715554812143104,-0.23704,1.13722,0.39801,0.59709,0.26228,-0.74721,-0.12796,-0.14485,-0.17632,-0.47011,
1403715554912143104,-0.23919,1.09088,0.35904,0.61266,0.26055,-0.73588,-0.12346,0.15741,-0.82804,-0.25233,
1403715555012142848,-0.20815,0.97454,0.34767,0.62624,0.23545,-0.73721,-0.09442,0.49557,-1.42008,-0.02145,
1403715555112143104,-0.14488,0.80941,0.35846,0.61716,0.18057,-0.76528,-0.02918,0.74427,-1.81867,0.16536,
1403715555212142848,-0.06459,0.61873,0.37904,0.58976,0.12004,-0.79731,0.04558,0.84178,-1.96538,0.17298,
1403715555312143104,0.01867,0.42254,0.39161,0.55195,0.05818,-0.82231,0.12557,0.81085,-1.92400,0.03612,
1403715555412143104,0.09310,0.23993,0.39678,0.53620,0.02938,-0.82795,0.16166,0.69240,-1.71337,0.04886,
1403715555512142848,0.15299,0.08314,0.41622,0.54675,0.03086,-0.82177,0.15751,0.56669,-1.42633,0.21489,
1403715555612143104,0.20189,-0.04834,0.45265,0.56036,0.04513,-0.81507,0.14007,0.48892,-1.18912,0.35998,
1403715555712142848,0.24620,-0.15881,0.50096,0.56322,0.06014,-0.81451,0.12543,0.45647,-1.01070,0.46614,
1403715555812143104,0.29152,-0.25256,0.55457,0.55350,0.06153,-0.81984,0.13311,0.41648,-0.85056,0.56895,
1403715555912143104,0.33167,-0.32950,0.61765,0.54441,0.05848,-0.82406,0.14538,0.33499,-0.67214,0.67350,
1403715556012142848,0.36893,-0.39003,0.68278,0.53504,0.05500,-0.82842,0.15627,0.26214,-0.50190,0.62118,
1403715556112143104,0.39745,-0.43383,0.73680,0.52401,0.04514,-0.83270,0.17317,0.17081,-0.31156,0.53111,
1403715556212142848,0.40779,-0.45383,0.78251,0.53052,0.04284,-0.82763,0.17817,0.04993,-0.08856,0.49560,
1403715556312143104,0.40603,-0.44968,0.82635,0.54170,0.04760,-0.82069,0.17541,-0.05463,0.13243,0.47006,
1403715556412143104,0.39535,-0.42446,0.86693,0.54782,0.05621,-0.81709,0.17059,-0.13358,0.33740,0.40628,
1403715556512142848,0.38049,-0.38416,0.90040,0.55207,0.07664,-0.81663,0.14990,-0.18205,0.48528,0.25905,
1403715556612143104,0.36111,-0.33201,0.92054,0.55389,0.10002,-0.81710,0.12473,-0.22090,0.56650,0.10206,
1403715556712142848,0.33756,-0.27296,0.92477,0.54657,0.11543,-0.82216,0.10949,-0.25418,0.60722,-0.05754,
1403715556812143104,0.30920,-0.21245,0.91671,0.54428,0.12948,-0.82329,0.09589,-0.32118,0.60746,-0.12494,
1403715556912143104,0.27606,-0.15411,0.90445,0.54827,0.14098,-0.82001,0.08432,-0.35819,0.57257,-0.13939,
1403715557012142848,0.23930,-0.10043,0.88990,0.54557,0.14583,-0.82144,0.07950,-0.39259,0.50923,-0.16930,
1403715557112143104,0.19735,-0.05399,0.87297,0.52980,0.14269,-0.83179,0.08410,-0.44405,0.44173,-0.16033,
1403715557212142848,0.14840,-0.01285,0.85818,0.51169,0.13689,-0.84336,0.09040,-0.54631,0.38409,-0.13722,
1403715557312143104,0.08651,0.02382,0.84598,-0.49939,-0.13306,0.85106,-0.09276,-0.69128,0.33460,-0.11609,
1403715557412143104,0.01001,0.05688,0.83479,-0.49625,-0.13017,0.85326,-0.09349,-0.84619,0.29402,-0.09699,
1403715557512142848,-0.08143,0.08707,0.82582,0.51061,0.13035,-0.84499,0.09096,-0.98374,0.25958,-0.08792,
1403715557612143104,-0.18424,0.11340,0.81519,0.53042,0.13322,-0.83294,0.08432,-1.07934,0.21625,-0.10623,
1403715557712142848,-0.29405,0.13461,0.80256,0.54765,0.13646,-0.82198,0.07612,-1.11894,0.17117,-0.12993,
1403715557812143104,-0.40594,0.14987,0.78968,0.55464,0.13289,-0.81795,0.07526,-1.12718,0.11804,-0.09055,
1403715557912143104,-0.51823,0.16011,0.78607,0.55431,0.12512,-0.81927,0.07678,-1.13402,0.06946,0.02779,
1403715558012142848,-0.63088,0.16573,0.79560,0.55486,0.11737,-0.81996,0.07755,-1.13481,0.03391,0.15260,
1403715558112143104,-0.74422,0.16765,0.81699,0.55393,0.11265,-0.82143,0.07567,-1.15332,-0.00287,0.26943,
1403715558212142848,-0.85954,0.16572,0.84680,0.55132,0.11240,-0.82371,0.07004,-1.17085,-0.03077,0.30134,
1403715558312143104,-0.97709,0.16000,0.87678,0.55373,0.11789,-0.82223,0.05844,-1.18973,-0.07235,0.29158,
1403715558412143104,-1.09543,0.14843,0.90503,0.56563,0.12258,-0.81396,0.05011,-1.18757,-0.15455,0.26972,
1403715558512142848,-1.21337,0.13014,0.92714,0.58420,0.11675,-0.80101,0.05887,-1.14014,-0.20513,0.16897,
1403715558612143104,-1.32557,0.10975,0.93821,0.60213,0.10990,-0.78775,0.06941,-1.07376,-0.21482,0.04028,
1403715558712142848,-1.43047,0.09073,0.93509,0.60879,0.10580,-0.78251,0.07657,-0.98039,-0.21468,-0.09334,
1403715558812143104,-1.52567,0.07078,0.92451,0.60964,0.11293,-0.78055,0.07960,-0.88530,-0.21746,-0.11360,
1403715558912143104,-1.61139,0.05056,0.91569,0.60936,0.12997,-0.77801,0.08054,-0.77480,-0.21522,-0.09315,
1403715559012142848,-1.68375,0.02982,0.90985,0.61021,0.15145,-0.77320,0.08287,-0.63412,-0.23154,-0.05705,
1403715559112143104,-1.74106,0.00620,0.90743,0.60884,0.17206,-0.76876,0.09339,-0.48536,-0.26169,-0.02626,
1403715559212142848,-1.78335,-0.02045,0.90869,0.60739,0.19329,-0.76297,0.10770,-0.34985,-0.28529,0.00416,
1403715559312143104,-1.81061,-0.04924,0.91119,0.60581,0.21718,-0.75587,0.12038,-0.20737,-0.30333,-0.00665,
1403715559412143104,-1.82290,-0.07945,0.91269,0.59915,0.24238,-0.75164,0.13154,-0.07941,-0.31752,-0.01624,
1403715559512142848,-1.82228,-0.11220,0.90853,0.58069,0.26376,-0.75729,0.14051,0.02661,-0.35062,-0.11499,
1403715559612143104,-1.81329,-0.14876,0.89209,0.56014,0.27202,-0.76629,0.15828,0.09621,-0.36840,-0.23693,
1403715559712142848,-1.80058,-0.18778,0.86420,0.54962,0.28241,-0.76832,0.16688,0.12151,-0.40332,-0.32505,
1403715559812143104,-1.78478,-0.23108,0.83107,0.54578,0.29767,-0.76433,0.17120,0.15886,-0.45135,-0.32429,
1403715559912143104,-1.76468,-0.27843,0.79705,0.54192,0.31627,-0.75835,0.17665,0.20932,-0.50538,-0.32405,
1403715560012142848,-1.74199,-0.33259,0.76311,0.53816,0.33933,-0.74999,0.18097,0.26162,-0.57958,-0.32651,
1403715560112143104,-1.71413,-0.39566,0.73219,0.53233,0.36094,-0.74191,0.18952,0.32706,-0.66480,-0.24915,
1403715560212142848,-1.67992,-0.46836,0.71199,0.52217,0.37641,-0.73636,0.20841,0.39145,-0.75615,-0.13750,
1403715560312143104,-1.64124,-0.54890,0.70481,0.50974,0.38819,-0.73194,0.23182,0.41549,-0.83137,-0.01425,
1403715560412143104,-1.60083,-0.63418,0.70623,-0.49962,-0.40185,0.72474,-0.25230,0.41871,-0.87124,0.01644,
1403715560512142848,-1.56026,-0.72292,0.70804,-0.49097,-0.41856,0.71586,-0.26701,0.41543,-0.90119,-0.00097,
1403715560612143104,-1.51968,-0.81280,0.70907,-0.48292,-0.43556,0.70559,-0.28147,0.41704,-0.93144,0.01753,
1403715560712142848,-1.47749,-0.90694,0.71199,-0.47516,-0.45419,0.69315,-0.29576,0.42247,-0.98028,0.03123,
1403715560812143104,-1.43455,-1.00486,0.71548,-0.46910,-0.47535,0.67783,-0.30746,0.43387,-0.99811,0.02027,
1403715560912143104,-1.38883,-1.10543,0.71868,-0.46332,-0.49995,0.66034,-0.31516,0.46954,-1.03120,0.02428,
1403715561012142848,-1.33825,-1.20856,0.72228,-0.45459,-0.52305,0.64232,-0.32740,0.51512,-1.06331,0.02761,
1403715561112143104,-1.28387,-1.31376,0.72502,-0.44116,-0.54351,0.62589,-0.34386,0.55819,-1.08062,0.00724,
1403715561212142848,-1.22590,-1.42088,0.72624,-0.42508,-0.56003,0.61185,-0.36237,0.58917,-1.09612,0.00272,
1403715561312143104,-1.16739,-1.53114,0.72689,-0.40520,-0.56537,0.60590,-0.38607,0.58550,-1.10886,-0.01019,
1403715561412143104,-1.11089,-1.64355,0.72664,-0.38702,-0.56934,0.60077,-0.40637,0.55719,-1.12411,-0.01182,
1403715561512142848,-1.05951,-1.75718,0.72857,-0.38128,-0.58055,0.58673,-0.41635,0.49995,-1.13848,0.01941,
1403715561612143104,-1.01217,-1.87054,0.73225,0.38301,0.59481,-0.56738,0.42141,0.46049,-1.13794,0.04727,
1403715561712142848,-0.96619,-1.98362,0.73708,0.38690,0.60818,-0.54558,0.42752,0.47073,-1.12960,0.04509,
1403715561812143104,-0.91888,-2.09343,0.74224,0.38788,0.61923,-0.52291,0.43894,0.48840,-1.07591,0.05438,
1403715561912143104,-0.86896,-2.19720,0.74850,0.38393,0.62964,-0.50015,0.45386,0.52599,-1.01028,0.08611,
1403715562012142848,-0.81631,-2.29389,0.75704,0.38200,0.63643,-0.47507,0.47258,0.54206,-0.90931,0.09645,
1403715562112143104,-0.76318,-2.37928,0.76667,0.38184,0.63922,-0.45313,0.49017,0.53511,-0.77770,0.11705,
1403715562212142848,-0.70985,-2.45049,0.77727,0.38535,0.64158,-0.43572,0.50003,0.53541,-0.62389,0.10867,
1403715562312143104,-0.65607,-2.50477,0.78455,0.38859,0.65082,-0.42527,0.49454,0.53999,-0.44393,0.07682,
1403715562412143104,-0.59857,-2.54315,0.78952,0.38688,0.66609,-0.42334,0.47689,0.59893,-0.29177,0.04890,
1403715562512142848,-0.53283,-2.56819,0.79350,0.38300,0.68291,-0.42119,0.45776,0.69237,-0.16679,0.04489,
1403715562612143104,-0.45464,-2.58240,0.80045,0.38248,0.69435,-0.40873,0.45224,0.83646,-0.06506,0.05599,
1403715562712142848,-0.36402,-2.58563,0.80587,0.35784,0.69949,-0.41290,0.46062,0.94948,0.02618,0.03603,
1403715562812143104,-0.26366,-2.58252,0.81152,0.33028,0.69979,-0.42136,0.47293,1.01638,0.08153,0.03249,
1403715562912143104,-0.15763,-2.57569,0.81718,0.30520,0.70179,-0.42373,0.48456,1.05108,0.11049,0.03463,
1403715563012142848,-0.05003,-2.56808,0.82296,0.28628,0.70678,-0.41628,0.49519,1.05375,0.11390,0.03864,
1403715563112143104,0.05698,-2.55961,0.82908,0.27689,0.71299,-0.39635,0.50782,1.05644,0.11228,0.04915,
1403715563212142848,0.16384,-2.54971,0.83581,0.26985,0.71954,-0.36695,0.52420,1.06269,0.12758,0.05989,
1403715563312143104,0.27008,-2.53460,0.84165,0.25657,0.72674,-0.33152,0.54416,1.04637,0.19527,0.06184,
1403715563412143104,0.37099,-2.51042,0.84558,0.23554,0.73793,-0.29256,0.56071,1.00009,0.27039,0.05186,
1403715563512142848,0.46617,-2.47916,0.84485,0.21523,0.75165,-0.25130,0.57056,0.95090,0.33710,-0.02243,
1403715563612143104,0.55323,-2.43923,0.83234,0.19691,0.76223,-0.21032,0.57965,0.87965,0.42888,-0.15605,
1403715563712142848,0.63035,-2.39056,0.80779,0.18045,0.76891,-0.17177,0.58882,0.80394,0.51851,-0.25533,
1403715563812143104,0.69839,-2.33216,0.77353,0.15998,0.77203,-0.13730,0.59960,0.72056,0.62799,-0.37019,
1403715563912143104,0.75869,-2.26288,0.72815,0.12457,0.77397,-0.11122,0.61081,0.62322,0.72735,-0.47206,
1403715564012142848,0.81146,-2.18502,0.67385,0.08186,0.77828,-0.08816,0.61629,0.49997,0.79750,-0.54709,
1403715564112143104,0.85497,-2.10185,0.61804,0.03719,0.78358,-0.06431,0.61683,0.36207,0.81752,-0.53664,
1403715564212142848,0.88829,-2.01736,0.56590,-0.00191,0.78668,-0.03633,0.61629,0.24687,0.80214,-0.49977,
1403715564312143104,0.91231,-1.93748,0.52118,-0.03215,0.78924,0.00047,0.61325,0.13721,0.74751,-0.37290,
1403715564412143104,0.92420,-1.86236,0.48974,-0.06009,0.79373,0.04410,0.60369,0.03563,0.69893,-0.25198,
1403715564512142848,0.92759,-1.79288,0.47088,-0.08567,0.80135,0.09160,0.58490,-0.02944,0.65277,-0.08498,
1403715564612143104,0.92461,-1.72775,0.46727,-0.10901,0.80213,0.13975,0.57024,-0.07846,0.61209,0.06256,
1403715564712142848,0.91749,-1.66537,0.47903,-0.12969,0.79583,0.18728,0.56104,-0.10009,0.59817,0.20063,
1403715564812143104,0.90745,-1.60465,0.50609,-0.15051,0.78463,0.23292,0.55448,-0.11715,0.60628,0.32623,
1403715564912143104,0.89556,-1.54350,0.54696,-0.17255,0.76950,0.27389,0.55053,-0.13503,0.62204,0.46624,
1403715565012142848,0.87957,-1.48038,0.60091,-0.19499,0.75067,0.31148,0.54905,-0.18748,0.64447,0.58635,
1403715565112143104,0.85649,-1.41628,0.66420,-0.22062,0.73367,0.34672,0.54115,-0.25872,0.65626,0.63126,
1403715565212142848,0.82682,-1.35289,0.72315,-0.25174,0.71885,0.37734,0.52677,-0.31779,0.64815,0.52724,
1403715565312143104,0.79431,-1.29033,0.76980,-0.28292,0.70172,0.40294,0.51496,-0.34309,0.63894,0.40718,
1403715565412143104,0.75929,-1.23016,0.80615,-0.31295,0.67955,0.42542,0.50920,-0.36221,0.60140,0.28587,
1403715565512142848,0.72172,-1.17418,0.83126,-0.34260,0.65684,0.44697,0.50141,-0.39809,0.53281,0.18672,
1403715565612143104,0.68016,-1.12633,0.85168,-0.36810,0.63287,0.47361,0.48956,-0.43032,0.43734,0.21234,
1403715565712142848,0.63409,-1.08908,0.87605,-0.39329,0.60784,0.50334,0.47170,-0.46806,0.33602,0.27135,
1403715565812143104,0.58425,-1.06391,0.90354,-0.41399,0.58071,0.53914,0.44801,-0.49884,0.20918,0.29241,
1403715565912143104,0.53205,-1.05074,0.93391,-0.43661,0.54966,0.57611,0.41874,-0.51956,0.09535,0.32205,
1403715566012142848,0.47884,-1.04768,0.96507,-0.46136,0.51176,0.61074,0.39018,-0.52341,0.00920,0.31524,
1403715566112143104,0.42609,-1.05325,0.99595,-0.48298,0.47273,0.64294,0.36039,-0.50133,-0.08106,0.30425,
1403715566212142848,0.37471,-1.06630,1.02551,0.50260,-0.43174,-0.67138,-0.33203,-0.47760,-0.16551,0.28899,
1403715566312143104,0.32573,-1.08762,1.05363,0.52159,-0.39034,-0.69604,-0.30183,-0.44848,-0.24587,0.28317,
1403715566412143104,0.28275,-1.11605,1.07611,0.53637,-0.34852,-0.71864,-0.27275,-0.40523,-0.32534,0.19890,
1403715566512142848,0.24334,-1.15015,1.08812,0.55204,-0.30733,-0.73542,-0.24487,-0.37000,-0.37694,0.07007,
1403715566612143104,0.20694,-1.19011,1.08944,0.56622,-0.26836,-0.74825,-0.21794,-0.33261,-0.45029,-0.04345,
1403715566712142848,0.17252,-1.23691,1.08150,0.57696,-0.22712,-0.76069,-0.19209,-0.29324,-0.52438,-0.10572,
1403715566812143104,0.14421,-1.29248,1.07102,0.58528,-0.18426,-0.77318,-0.16031,-0.23391,-0.61303,-0.10609,
1403715566912143104,0.12219,-1.35733,1.06313,0.59499,-0.13885,-0.78193,-0.12366,-0.17572,-0.68763,-0.07151,
1403715567012142848,0.10774,-1.42932,1.05513,0.60073,-0.08988,-0.78995,-0.08388,-0.09893,-0.75238,-0.08184,
1403715567112143104,0.10233,-1.50714,1.04650,0.60126,-0.04079,-0.79723,-0.03538,-0.01485,-0.79341,-0.08772,
1403715567212142848,0.10553,-1.58803,1.03890,0.59879,0.01289,-0.80070,0.01245,0.07265,-0.80795,-0.08365,
1403715567312143104,0.11539,-1.67005,1.02960,0.58716,0.07099,-0.80431,0.05739,0.11479,-0.81107,-0.10543,
1403715567412143104,0.12973,-1.75159,1.01667,0.57380,0.13493,-0.80214,0.09545,0.16415,-0.80065,-0.17977,
1403715567512142848,0.14802,-1.83199,0.99213,0.55877,0.19779,-0.79478,0.13029,0.20161,-0.79151,-0.31533,
1403715567612143104,0.16791,-1.91354,0.95365,0.54576,0.25431,-0.78116,0.16510,0.22102,-0.79513,-0.44568,
1403715567712142848,0.19046,-2.00010,0.90628,0.53533,0.30611,-0.76124,0.20057,0.24598,-0.81674,-0.49921,
1403715567812143104,0.21637,-2.09076,0.85752,0.52683,0.35337,-0.73543,0.23816,0.28887,-0.83019,-0.50396,
1403715567912143104,0.24757,-2.18293,0.80937,0.51429,0.40020,-0.70814,0.27180,0.32891,-0.83449,-0.49249,
1403715568012142848,0.28427,-2.27297,0.76344,0.50122,0.44591,-0.67768,0.30115,0.37582,-0.81865,-0.46064,
1403715568112143104,0.32701,-2.36140,0.72081,-0.48892,-0.48435,0.64465,-0.33286,0.44923,-0.79417,-0.43242,
1403715568212142848,0.37696,-2.44260,0.68005,-0.47354,-0.52050,0.61082,-0.36296,0.51737,-0.73957,-0.42115,
1403715568312143104,0.43554,-2.51818,0.64057,-0.45088,-0.55330,0.58019,-0.39235,0.58559,-0.68494,-0.40502,
1403715568412143104,0.49890,-2.58738,0.60365,0.42763,0.58383,-0.54845,0.41890,0.63162,-0.61252,-0.37563,
1403715568512142848,0.56686,-2.64750,0.57320,0.40461,0.61355,-0.51410,0.44221,0.67178,-0.52902,-0.31979,
1403715568612143104,0.64046,-2.69511,0.55128,0.38006,0.64180,-0.47879,0.46304,0.71556,-0.43635,-0.24775,
1403715568712142848,0.71603,-2.72778,0.53524,0.35382,0.66852,-0.44240,0.48184,0.75055,-0.32823,-0.19166,
1403715568812143104,0.79391,-2.74588,0.52495,0.32552,0.69336,-0.40571,0.49869,0.77220,-0.23050,-0.15079,
1403715568912143104,0.86974,-2.75431,0.51735,0.29791,0.71617,-0.36945,0.51172,0.77135,-0.13193,-0.14739,
1403715569012142848,0.94381,-2.75615,0.50804,0.26799,0.73785,-0.33864,0.51874,0.76870,-0.05798,-0.13283,
1403715569112143104,1.01666,-2.75266,0.49844,0.24122,0.75557,-0.30725,0.52585,0.76581,0.00342,-0.14132,
1403715569212142848,1.09110,-2.74640,0.48720,0.21300,0.76870,-0.27931,0.53453,0.76496,0.04736,-0.13077,
1403715569312143104,1.16653,-2.73753,0.47884,0.19237,0.77218,-0.25263,0.55037,0.75984,0.07007,-0.09169,
1403715569412143104,1.24136,-2.72638,0.47244,0.17816,0.77044,-0.22719,0.56839,0.73697,0.11865,-0.05786,
1403715569512142848,1.31137,-2.70898,0.46803,0.16700,0.77129,-0.20148,0.58020,0.69190,0.18239,-0.04577,
1403715569612143104,1.37629,-2.68451,0.46411,0.15514,0.77609,-0.17502,0.58564,0.63326,0.26079,-0.04110,
1403715569712142848,1.43540,-2.65189,0.45971,0.13894,0.78445,-0.14886,0.58582,0.57363,0.34953,-0.04231,
1403715569812143104,1.48697,-2.61019,0.45677,0.11571,0.79245,-0.12148,0.58641,0.51094,0.43720,-0.02487,
1403715569912143104,1.53662,-2.56136,0.45493,0.08917,0.79671,-0.09073,0.59082,0.45297,0.51403,0.00413,
1403715570012142848,1.58088,-2.50668,0.45406,0.06382,0.79729,-0.05701,0.59750,0.39849,0.57031,-0.00148,
1403715570112143104,1.62086,-2.44730,0.45220,0.03805,0.79708,-0.02178,0.60228,0.33619,0.62277,-0.01487,
1403715570212142848,1.65226,-2.38263,0.44948,0.01082,0.79615,0.01442,0.60484,0.24913,0.66821,-0.03007,
1403715570312143104,1.67495,-2.31338,0.44555,-0.01778,0.79312,0.05232,0.60656,0.16686,0.71133,-0.04444,
1403715570412143104,1.68961,-2.23978,0.43884,-0.04728,0.78707,0.09238,0.60807,0.06813,0.74508,-0.07026,
1403715570512142848,1.69352,-2.16355,0.43141,-0.08002,0.77861,0.13231,0.60816,-0.04242,0.76235,-0.07657,
1403715570612143104,1.68408,-2.08607,0.42255,-0.10983,0.76829,0.17536,0.60574,-0.17812,0.77023,-0.10933,
1403715570712142848,1.66303,-2.00726,0.41045,-0.14152,0.76341,0.21714,0.59163,-0.29835,0.75773,-0.13621,
1403715570812143104,1.63215,-1.92810,0.39725,-0.17194,0.75412,0.26046,0.57784,-0.39795,0.75951,-0.14568,
1403715570912143104,1.59373,-1.84715,0.38452,-0.20247,0.74248,0.30169,0.56277,-0.46941,0.75313,-0.14693,
1403715571012142848,1.54522,-1.76967,0.36960,-0.22872,0.73269,0.33880,0.54412,-0.53261,0.73501,-0.15022,
1403715571112143104,1.49138,-1.69544,0.35426,-0.25320,0.72385,0.36315,0.52920,-0.56440,0.70651,-0.16090,
1403715571212142848,1.43520,-1.62422,0.34020,-0.27537,0.71241,0.37504,0.52535,-0.57302,0.67592,-0.12233,
1403715571312143104,1.37779,-1.55820,0.32948,-0.28828,0.69739,0.38199,0.53350,-0.60269,0.59688,-0.11126,
1403715571412143104,1.31526,-1.50169,0.31956,-0.29379,0.68997,0.38613,0.53715,-0.64889,0.52121,-0.11838,
1403715571512142848,1.24895,-1.45260,0.30900,-0.29053,0.69593,0.39202,0.52687,-0.68970,0.44818,-0.12493,
1403715571612143104,1.17880,-1.41138,0.29421,-0.29605,0.71208,0.38962,0.50348,-0.71266,0.40301,-0.21061,
1403715571712142848,1.11046,-1.37269,0.26733,-0.31274,0.73534,0.37650,0.46875,-0.65975,0.37858,-0.34047,
1403715571812143104,1.04893,-1.33443,0.23022,-0.32504,0.76030,0.36359,0.42906,-0.52113,0.34962,-0.39653,
1403715571912143104,1.00883,-1.30184,0.19309,-0.32837,0.77952,0.35592,0.39728,-0.27559,0.34905,-0.37861,
1403715572012142848,0.99733,-1.27090,0.15848,-0.31973,0.79426,0.35700,0.37346,0.04135,0.37131,-0.32762,
1403715572112143104,1.01709,-1.23679,0.12854,-0.29673,0.79865,0.37280,0.36759,0.37505,0.43853,-0.26127,
1403715572212142848,1.06134,-1.19038,0.10243,-0.27068,0.78510,0.40049,0.38724,0.61658,0.58403,-0.20793,
1403715572312143104,1.12646,-1.12751,0.08047,-0.25602,0.74848,0.43265,0.43249,0.72389,0.74621,-0.19924,
1403715572412143104,1.19771,-1.04954,0.05791,-0.26010,0.70509,0.45705,0.47571,0.69832,0.86408,-0.22437,
1403715572512142848,1.26337,-0.96191,0.03247,-0.27666,0.67150,0.47370,0.49815,0.59477,0.92078,-0.27132,
1403715572612143104,1.31797,-0.87076,0.00500,-0.29712,0.64952,0.48892,0.50080,0.46651,0.93518,-0.27291,
1403715572712142848,1.35992,-0.77728,-0.02140,-0.31538,0.63047,0.50821,0.49474,0.33147,0.93131,-0.26606,
1403715572812143104,1.38575,-0.68552,-0.04325,-0.33103,0.61691,0.52956,0.47896,0.18334,0.91120,-0.17088,
1403715572912143104,1.40081,-0.59274,-0.05267,-0.35287,0.60478,0.54631,0.45964,0.07990,0.91289,-0.02613,
1403715573012142848,1.40588,-0.50051,-0.04785,-0.37562,0.58802,0.56154,0.44477,-0.01186,0.89392,0.10331,
1403715573112143104,1.40158,-0.41158,-0.03037,-0.39803,0.57042,0.57673,0.42846,-0.08640,0.86790,0.22008,
1403715573212142848,1.39147,-0.32737,-0.00468,-0.41768,0.55323,0.59299,0.40970,-0.12522,0.81319,0.23723,
1403715573312143104,1.37717,-0.24896,0.02006,-0.43461,0.53656,0.61052,0.38793,-0.14938,0.76860,0.21479,
1403715573412143104,1.36107,-0.17515,0.04220,-0.44912,0.51987,0.62848,0.36475,-0.15449,0.74049,0.19312,
1403715573512142848,1.34468,-0.10382,0.06186,-0.46566,0.50632,0.64318,0.33633,-0.13577,0.72453,0.18022,
1403715573612143104,1.33143,-0.03336,0.08211,-0.47763,0.48894,0.65918,0.31351,-0.09806,0.72273,0.19239,
1403715573712142848,1.32205,0.03791,0.10277,-0.47914,0.46435,0.68135,0.30094,-0.07377,0.73576,0.18485,
1403715573812143104,1.31403,0.11111,0.12212,-0.47502,0.43834,0.70647,0.28829,-0.07878,0.76004,0.18193,
1403715573912143104,1.30302,0.18290,0.14073,-0.47260,0.41198,0.73041,0.27096,-0.12410,0.77083,0.18929,
1403715574012142848,1.28748,0.26307,0.16009,-0.47608,0.38498,0.75102,0.24718,-0.18887,0.81375,0.17629,
1403715574112143104,1.26538,0.34468,0.17928,-0.48206,0.35485,0.77019,0.22027,-0.27061,0.87211,0.19821,
1403715574212142848,1.23544,0.43116,0.20068,-0.49533,0.31936,0.78332,0.19765,-0.33703,0.92906,0.22477,
1403715574312143104,1.20027,0.52739,0.22458,0.51427,-0.27439,-0.79025,-0.18904,-0.38521,0.96159,0.23230,
1403715574412143104,1.16036,0.62307,0.24627,0.52733,-0.22896,-0.79580,-0.19027,-0.43137,0.94294,0.19427,
1403715574512142848,1.11536,0.71862,0.26325,0.53203,-0.19584,-0.80095,-0.19255,-0.48384,0.87644,0.15040,
1403715574612143104,1.06362,0.79979,0.27500,0.53148,-0.17386,-0.80724,-0.18885,-0.55325,0.77493,0.10132,
1403715574712142848,1.00406,0.87203,0.28489,0.52976,-0.15703,-0.81354,-0.18125,-0.63554,0.64926,0.08032,
1403715574812143104,0.93553,0.93236,0.29361,0.53078,-0.14990,-0.81780,-0.16433,-0.73063,0.54074,0.07463,
1403715574912143104,0.85796,0.98368,0.30404,0.53660,-0.15390,-0.81744,-0.14203,-0.80181,0.46020,0.11277,
1403715575012142848,0.77495,1.02957,0.31989,0.54721,-0.15653,-0.81187,-0.13007,-0.84040,0.41964,0.15578,
1403715575112143104,0.68929,1.07055,0.33880,0.55885,-0.15536,-0.80407,-0.13050,-0.85530,0.37684,0.18492,
1403715575212142848,0.60382,1.10647,0.36045,0.57948,-0.15267,-0.78856,-0.13809,-0.83329,0.32706,0.21220,
1403715575312143104,0.52364,1.13293,0.38110,0.58987,-0.15016,-0.77900,-0.15056,-0.76692,0.22953,0.16669,
1403715575412143104,0.45177,1.14720,0.39660,0.57863,-0.15909,-0.78549,-0.15126,-0.70318,0.13129,0.13365,
1403715575512142848,0.38132,1.15545,0.41340,0.56596,-0.16484,-0.79225,-0.15763,-0.68657,0.04835,0.18245,
1403715575612143104,0.31273,1.15362,0.43589,0.56370,-0.15852,-0.79036,-0.18014,-0.68700,-0.05878,0.22988,
1403715575712142848,0.24343,1.13994,0.45833,0.56312,-0.15162,-0.78692,-0.20163,-0.70463,-0.20667,0.23076,
1403715575812143104,0.16878,1.10979,0.48012,0.55913,-0.15186,-0.78705,-0.21181,-0.73507,-0.38579,0.19136,
1403715575912143104,0.09098,1.06235,0.49977,0.55723,-0.15894,-0.78768,-0.20925,-0.76195,-0.56777,0.17715,
1403715576012142848,0.01022,0.99938,0.51675,0.55834,-0.17547,-0.78806,-0.19089,-0.79458,-0.69997,0.16044,
1403715576112143104,-0.07214,0.92476,0.53357,0.56021,-0.18711,-0.78736,-0.17672,-0.79030,-0.79691,0.14069,
1403715576212142848,-0.15558,0.84334,0.54858,0.56352,-0.19572,-0.78545,-0.16495,-0.79922,-0.85027,0.12865,
1403715576312143104,-0.23916,0.75833,0.56512,0.56810,-0.19729,-0.78254,-0.16117,-0.79222,-0.87550,0.17173,
1403715576412143104,-0.31962,0.66920,0.58557,0.58107,-0.19316,-0.77350,-0.16354,-0.75948,-0.92620,0.20823,
1403715576512142848,-0.39262,0.57373,0.60839,0.59590,-0.18879,-0.76245,-0.16714,-0.69594,-0.99430,0.22797,
1403715576612143104,-0.45643,0.47013,0.63226,0.60800,-0.18630,-0.75170,-0.17486,-0.58627,-1.08104,0.23288,
1403715576712142848,-0.50789,0.35734,0.65455,0.60791,-0.18861,-0.74937,-0.18251,-0.46964,-1.17319,0.21551,
1403715576812143104,-0.54824,0.23471,0.67599,0.59736,-0.19887,-0.75427,-0.18626,-0.35991,-1.27547,0.20082,
1403715576912143104,-0.57969,0.10290,0.69667,0.57938,-0.21162,-0.76439,-0.18771,-0.28904,-1.36241,0.21260,
1403715577012142848,-0.60353,-0.03583,0.71898,0.56762,-0.22582,-0.76942,-0.18654,-0.24711,-1.42018,0.22128,
1403715577112143104,-0.62370,-0.17892,0.74100,0.56374,-0.24613,-0.76772,-0.17955,-0.21236,-1.44378,0.20197,
1403715577212142848,-0.64043,-0.32241,0.75803,0.56200,-0.26579,-0.76346,-0.17504,-0.17704,-1.43619,0.09901,
1403715577312143104,-0.65381,-0.46362,0.75735,0.56105,-0.27687,-0.75970,-0.17727,-0.15409,-1.41167,-0.12695,
1403715577412143104,-0.66331,-0.60140,0.73535,0.55873,-0.27901,-0.75852,-0.18609,-0.10863,-1.39949,-0.27549,
1403715577512142848,-0.66954,-0.73788,0.70610,0.55663,-0.27986,-0.75823,-0.19215,-0.07178,-1.39484,-0.28087,
1403715577612143104,-0.67130,-0.87306,0.68211,0.55514,-0.28092,-0.75832,-0.19457,-0.03223,-1.38857,-0.17672,
1403715577712142848,-0.66836,-1.00710,0.67203,0.55437,-0.28338,-0.75851,-0.19242,0.00193,-1.37837,-0.02056,
1403715577812143104,-0.66121,-1.13961,0.67222,0.55667,-0.29056,-0.75604,-0.18467,0.04808,-1.33598,-0.01183,
1403715577912143104,-0.64916,-1.26800,0.66482,0.55773,-0.30337,-0.75160,-0.17887,0.11326,-1.28954,-0.13838,
1403715578012142848,-0.63060,-1.39184,0.64152,0.55470,-0.32260,-0.74679,-0.17476,0.19471,-1.23416,-0.30047,
1403715578112143104,-0.60521,-1.50937,0.60377,0.54567,-0.35044,-0.74278,-0.16651,0.26881,-1.16694,-0.44754,
1403715578212142848,-0.57098,-1.61685,0.55577,0.53242,-0.38637,-0.73676,-0.15632,0.35766,-1.01024,-0.50132,
1403715578312143104,-0.52840,-1.70681,0.50909,0.52298,-0.41007,-0.72668,-0.17397,0.46281,-0.82054,-0.45960,
1403715578412143104,-0.47582,-1.78223,0.46420,0.51215,-0.42918,-0.71596,-0.20224,0.55735,-0.68548,-0.46037,
1403715578512142848,-0.41644,-1.84429,0.41898,-0.49088,0.44734,0.71096,0.23120,0.60441,-0.56186,-0.47470,
1403715578612143104,-0.35510,-1.89551,0.37001,-0.45272,0.46433,0.71806,0.25264,0.60749,-0.45062,-0.49422,
1403715578712142848,-0.29737,-1.93172,0.32089,-0.41375,0.48040,0.72802,0.26080,0.53370,-0.28866,-0.47536,
1403715578812143104,-0.25057,-1.94725,0.27478,-0.39050,0.49365,0.73109,0.26330,0.41639,-0.07276,-0.43666,
1403715578912143104,-0.21727,-1.93971,0.23264,-0.38425,0.49801,0.72831,0.27185,0.27580,0.16943,-0.38298,
1403715579012142848,-0.19992,-1.90725,0.19754,-0.39131,0.48542,0.72271,0.29822,0.11098,0.38824,-0.28713,
1403715579112143104,-0.19547,-1.86183,0.17071,-0.39635,0.46169,0.71984,0.33404,-0.06111,0.51137,-0.14916,
1403715579212142848,-0.21186,-1.80736,0.15755,-0.40300,0.43222,0.71548,0.37265,-0.28380,0.54821,-0.04701,
1403715579312143104,-0.25284,-1.75380,0.15274,-0.41218,0.41759,0.70833,0.39243,-0.51096,0.48520,-0.05936,
1403715579412143104,-0.31541,-1.70672,0.14582,-0.41471,0.41718,0.70580,0.39476,-0.71682,0.41211,-0.08987,
1403715579512142848,-0.39823,-1.66653,0.13681,-0.41661,0.42688,0.70491,0.38381,-0.92120,0.34331,-0.11732,
1403715579612143104,-0.49892,-1.63187,0.12851,-0.42185,0.43921,0.70299,0.36733,-1.08651,0.32001,-0.05898,
1403715579712142848,-0.61456,-1.59886,0.12502,-0.43305,0.44184,0.69816,0.36031,-1.21878,0.29818,-0.01560,
1403715579812143104,-0.74190,-1.56818,0.12977,-0.44288,0.43947,0.69433,0.35866,-1.32180,0.27389,0.09526,
1403715579912143104,-0.87942,-1.54159,0.14558,-0.44571,0.43645,0.69219,0.36294,-1.42157,0.22502,0.19664,
1403715580012142848,-1.02583,-1.51960,0.16473,-0.45151,0.44677,0.68272,0.36114,-1.48680,0.18968,0.16626,
1403715580112143104,-1.17672,-1.50078,0.17528,-0.45351,0.46397,0.66858,0.36340,-1.51850,0.14814,0.04010,
1403715580212142848,-1.33019,-1.48600,0.17277,-0.45096,0.48488,0.65199,0.36936,-1.53605,0.11820,-0.08882,
1403715580312143104,-1.48523,-1.47520,0.16301,-0.44610,0.50805,0.63315,0.37683,-1.54968,0.07501,-0.11188,
1403715580412143104,-1.63993,-1.46880,0.15332,-0.44349,0.53503,0.60945,0.38161,-1.53002,0.04050,-0.09005,
1403715580512142848,-1.79155,-1.46699,0.14512,-0.44027,0.56146,0.58592,0.38423,-1.49722,0.00554,-0.06843,
1403715580612143104,-1.93836,-1.46863,0.13754,-0.43736,0.58466,0.56767,0.38031,-1.43327,-0.01832,-0.07217,
1403715580712142848,-2.07617,-1.47178,0.12954,-0.43693,0.60679,0.55193,0.36914,-1.32367,-0.01782,-0.07169,
1403715580812143104,-2.20009,-1.47388,0.12369,-0.43860,0.62484,0.53834,0.35692,-1.16891,0.00232,-0.04613,
1403715580912143104,-2.30597,-1.47448,0.12015,-0.44445,0.64338,0.52401,0.33756,-0.97161,0.02635,-0.02767,
1403715581012142848,-2.38724,-1.47146,0.11859,-0.44355,0.65606,0.51819,0.32299,-0.69823,0.07200,0.00572,
1403715581112143104,-2.44141,-1.46313,0.12052,-0.43018,0.66128,0.52546,0.31866,-0.42643,0.15460,0.04629,
1403715581212142848,-2.47135,-1.44435,0.12640,-0.41587,0.65719,0.53474,0.33047,-0.19230,0.25507,0.08599,
1403715581312143104,-2.48351,-1.41675,0.13472,-0.41541,0.64870,0.53721,0.34355,-0.03047,0.34733,0.09844,
1403715581412143104,-2.47871,-1.38119,0.14233,-0.42061,0.63628,0.54398,0.34974,0.11751,0.39624,0.07950,
1403715581512142848,-2.46067,-1.33981,0.14802,-0.42019,0.61358,0.56291,0.36068,0.22760,0.44693,0.04539,
1403715581612143104,-2.43525,-1.29248,0.14470,-0.41830,0.58184,0.58883,0.37386,0.26489,0.50184,-0.07957,
1403715581712142848,-2.40812,-1.24242,0.12927,-0.41860,0.54908,0.61592,0.37938,0.25198,0.51713,-0.18257,
1403715581812143104,-2.38404,-1.19039,0.11040,-0.41944,0.51306,0.64476,0.38096,0.19888,0.52991,-0.14408,
1403715581912143104,-2.36845,-1.13966,0.09986,-0.42721,0.48209,0.66831,0.37207,0.09386,0.50982,-0.04630,
1403715582012142848,-2.36363,-1.08986,0.10065,-0.44895,0.46025,0.67978,0.35286,-0.00580,0.48895,0.09382,
1403715582112143104,-2.36616,-1.04244,0.11350,-0.47893,0.43649,0.68130,0.34051,-0.05161,0.44592,0.14485,
1403715582212142848,-2.37179,-1.00239,0.12561,0.50202,-0.41618,-0.68137,-0.33243,-0.05204,0.37074,0.04693,
1403715582312143104,-2.37766,-0.96917,0.12375,0.50449,-0.40668,-0.68978,-0.32298,-0.04953,0.30041,-0.11588,
1403715582412143104,-2.38376,-0.94139,0.11276,-0.49524,0.40493,0.70167,0.31372,-0.06143,0.25109,-0.14324,
1403715582512142848,-2.39133,-0.91908,0.10320,-0.48154,0.40789,0.71330,0.30487,-0.08872,0.21460,-0.08554,
1403715582612143104,-2.40386,-0.89938,0.10398,-0.47119,0.41261,0.71986,0.29923,-0.15084,0.21670,0.05149,
1403715582712142848,-2.42317,-0.87929,0.11622,-0.46315,0.41894,0.72258,0.29641,-0.21737,0.23753,0.13398,
1403715582812143104,-2.44843,-0.85726,0.12626,-0.45524,0.42657,0.72352,0.29548,-0.26301,0.25001,0.02321,
1403715582912143104,-2.47910,-0.83039,0.12264,-0.44304,0.43593,0.72662,0.29276,-0.33217,0.28889,-0.11204,
1403715583012142848,-2.51678,-0.79847,0.10651,-0.43127,0.44511,0.72943,0.28951,-0.41168,0.35756,-0.23518,
1403715583112143104,-2.56367,-0.75551,0.08046,-0.42806,0.45095,0.72754,0.29001,-0.51306,0.46951,-0.27225,
1403715583212142848,-2.62007,-0.70183,0.05677,-0.44769,0.44839,0.71230,0.30191,-0.59236,0.55389,-0.23668,
1403715583312143104,-2.68100,-0.64398,0.03462,-0.47716,0.44433,0.69077,0.31259,-0.61189,0.57624,-0.23964,
1403715583412143104,-2.74299,-0.58569,0.01215,0.50655,-0.43936,-0.66905,-0.32054,-0.60386,0.54544,-0.26344,
1403715583512142848,-2.80176,-0.53291,-0.01255,0.52946,-0.43226,-0.65209,-0.32804,-0.54755,0.46785,-0.26245,
1403715583612143104,-2.85252,-0.49141,-0.03561,0.55538,-0.42013,-0.63241,-0.33927,-0.44087,0.32555,-0.22946,
1403715583712142848,-2.89056,-0.46870,-0.05756,0.58368,-0.40049,-0.60865,-0.35842,-0.31193,0.11022,-0.23563,
1403715583812143104,-2.91440,-0.47249,-0.07921,0.60507,-0.38250,-0.58967,-0.37400,-0.15176,-0.20059,-0.20793,
1403715583912143104,-2.91893,-0.51216,-0.09043,0.61637,-0.37579,-0.58064,-0.37646,0.06281,-0.59519,-0.04103,
1403715584012142848,-2.90015,-0.59234,-0.08413,0.61796,-0.38322,-0.58265,-0.36302,0.30424,-0.99280,0.15282,
1403715584112143104,-2.85622,-0.70921,-0.05963,0.60714,-0.40104,-0.59602,-0.33959,0.53991,-1.31180,0.30422,
1403715584212142848,-2.78992,-0.85289,-0.02045,0.58324,-0.42406,-0.61917,-0.31087,0.76441,-1.53337,0.45640,
1403715584312143104,-2.70363,-1.01155,0.02529,0.54701,-0.44583,-0.64980,-0.28244,0.91756,-1.60431,0.43383,
1403715584412143104,-2.60611,-1.17146,0.05967,0.51743,-0.45925,-0.67265,-0.26248,1.01016,-1.58422,0.24847,
1403715584512142848,-2.50071,-1.32678,0.07547,-0.49712,0.46426,0.68734,0.25473,1.07462,-1.51125,0.11585,
1403715584612143104,-2.39067,-1.47213,0.08655,-0.48416,0.46574,0.69637,0.25248,1.11415,-1.37986,0.12124,
1403715584712142848,-2.27856,-1.60457,0.09922,-0.46808,0.45906,0.70818,0.26200,1.13135,-1.23129,0.15317,
1403715584812143104,-2.16617,-1.72082,0.11369,-0.45340,0.45164,0.71826,0.27304,1.07451,-1.10104,0.17370,
1403715584912143104,-2.06046,-1.82537,0.12960,-0.44116,0.44822,0.72519,0.28031,1.00310,-0.98116,0.18953,
1403715585012142848,-1.96271,-1.91885,0.14420,-0.42142,0.44539,0.73680,0.28489,0.89074,-0.88265,0.13781,
1403715585112143104,-1.87927,-2.00083,0.15666,-0.40510,0.45290,0.74433,0.27704,0.74413,-0.73705,0.14080,
1403715585212142848,-1.81194,-2.06569,0.17131,-0.39625,0.45916,0.74786,0.26994,0.57440,-0.55017,0.16977,
1403715585312143104,-1.76046,-2.10957,0.19067,-0.40381,0.45669,0.74402,0.27351,0.40631,-0.34974,0.22209,
1403715585412143104,-1.72251,-2.13672,0.21265,-0.41769,0.44780,0.73793,0.28367,0.27527,-0.19831,0.21846,
1403715585512142848,-1.69491,-2.15360,0.23361,-0.43019,0.43901,0.73265,0.29230,0.15881,-0.09614,0.22100,
1403715585612143104,-1.67725,-2.16404,0.25282,-0.44245,0.42946,0.72728,0.30144,0.06241,-0.03499,0.17691,
1403715585712142848,-1.67084,-2.16830,0.26624,-0.44758,0.42468,0.72557,0.30474,-0.01765,-0.00426,0.08863,
1403715585812143104,-1.67343,-2.16788,0.26675,-0.45055,0.42577,0.72452,0.30134,-0.08783,0.02260,-0.11767,
1403715585912143104,-1.68466,-2.16378,0.24432,-0.45670,0.43457,0.72068,0.28844,-0.13796,0.05795,-0.31140,
1403715586012142848,-1.70031,-2.15461,0.21324,-0.46831,0.45002,0.71157,0.26805,-0.17369,0.12850,-0.31043,
1403715586112143104,-1.71755,-2.13435,0.19232,-0.48988,0.45850,0.69478,0.25899,-0.14389,0.24031,-0.14832,
1403715586212142848,-1.72919,-2.10644,0.18610,0.50711,-0.45059,-0.68240,-0.27228,-0.05952,0.28484,-0.01935,
1403715586312143104,-1.73299,-2.07856,0.18721,0.50954,-0.43362,-0.68103,-0.29755,-0.00081,0.27155,0.01155,
1403715586412143104,-1.73355,-2.05304,0.18816,0.50817,-0.41513,-0.68172,-0.32356,0.01218,0.21971,-0.00009,
1403715586512142848,-1.73435,-2.03464,0.18800,0.51021,-0.40313,-0.68002,-0.33873,-0.00303,0.12445,-0.01614,
1403715586612143104,-1.73639,-2.02693,0.18883,0.51304,-0.39941,-0.67790,-0.34310,-0.01438,0.00205,-0.01631,
1403715586712142848,-1.73930,-2.03109,0.18848,0.51081,-0.40362,-0.67941,-0.33846,-0.02212,-0.11886,-0.03688,
1403715586812143104,-1.74155,-2.04714,0.18618,0.50340,-0.41776,-0.68458,-0.32158,-0.02238,-0.21424,-0.04397,
1403715586912143104,-1.74349,-2.06870,0.18616,-0.49123,0.43269,0.69219,0.30389,-0.01645,-0.24120,-0.00914,
1403715587012142848,-1.74600,-2.09008,0.19124,-0.48310,0.44057,0.69630,0.29611,-0.01807,-0.23047,0.01646,
1403715587112143104,-1.74790,-2.11034,0.19666,-0.48235,0.44313,0.69549,0.29541,-0.01982,-0.19752,0.05659,
1403715587212142848,-1.75019,-2.12881,0.20741,-0.48856,0.43457,0.69165,0.30672,-0.02817,-0.18085,0.12157,
1403715587312143104,-1.75409,-2.14847,0.22085,-0.49540,0.42637,0.68860,0.31402,-0.05233,-0.20771,0.13888,
1403715587412143104,-1.75896,-2.17159,0.23519,0.50536,-0.42638,-0.68444,-0.30717,-0.04680,-0.24863,0.12396,
1403715587512142848,-1.76091,-2.19705,0.24943,0.51195,-0.43380,-0.68023,-0.29498,-0.00340,-0.27501,0.12604,
1403715587612143104,-1.75587,-2.22404,0.26547,0.51493,-0.44959,-0.67265,-0.28330,0.08842,-0.27885,0.14524,
1403715587712142848,-1.74059,-2.25100,0.28263,0.50982,-0.46984,-0.66485,-0.27805,0.20014,-0.26502,0.14798,
1403715587812143104,-1.71378,-2.27524,0.30043,0.50026,-0.49222,-0.65326,-0.28409,0.32196,-0.22483,0.17500,
1403715587912143104,-1.67619,-2.29580,0.32006,-0.48832,0.51333,0.63694,0.30386,0.44050,-0.18307,0.19846,
1403715588012142848,-1.62756,-2.31423,0.34035,-0.47541,0.53004,0.61633,0.33643,0.53275,-0.17913,0.20240,
1403715588112143104,-1.57098,-2.33423,0.35669,-0.46298,0.54484,0.59268,0.37084,0.59609,-0.21670,0.11957,
1403715588212142848,-1.50951,-2.35884,0.35692,-0.45043,0.56038,0.56666,0.40247,0.62094,-0.26640,-0.09694,
1403715588312143104,-1.44725,-2.38892,0.33343,-0.43762,0.58006,0.53947,0.42543,0.63051,-0.35278,-0.31559,
1403715588412143104,-1.38434,-2.42760,0.29711,-0.42245,0.60010,0.51417,0.44391,0.64499,-0.45733,-0.34367,
1403715588512142848,-1.32075,-2.47585,0.26007,-0.40535,0.61915,0.49175,0.45884,0.65271,-0.56141,-0.33836,
1403715588612143104,-1.25533,-2.53328,0.22474,-0.38720,0.63897,0.47053,0.46946,0.66161,-0.65213,-0.33569,
1403715588712142848,-1.18819,-2.59936,0.18929,-0.36421,0.66199,0.45399,0.47225,0.66797,-0.72048,-0.33200,
1403715588812143104,-1.11967,-2.67168,0.15304,-0.33509,0.68612,0.44128,0.47140,0.67994,-0.76406,-0.34848,
1403715588912143104,-1.05057,-2.74504,0.11458,-0.29892,0.71209,0.43225,0.46555,0.69077,-0.74329,-0.36988,
1403715589012142848,-0.98059,-2.81256,0.07614,-0.26404,0.73664,0.42176,0.45799,0.70859,-0.65461,-0.33363,
1403715589112143104,-0.90677,-2.86824,0.04491,-0.23858,0.75589,0.40593,0.45489,0.75027,-0.51131,-0.22601,
1403715589212142848,-0.82650,-2.90672,0.02769,-0.22127,0.76920,0.38916,0.45600,0.80833,-0.32852,-0.07211,
1403715589312143104,-0.74056,-2.92465,0.02464,-0.20584,0.78097,0.37280,0.45688,0.87899,-0.15261,0.04441,
1403715589412143104,-0.64951,-2.92395,0.03409,-0.18984,0.79479,0.35645,0.45301,0.95336,0.02132,0.13915,
1403715589512142848,-0.54857,-2.90976,0.04762,-0.17568,0.80744,0.33962,0.44926,1.05184,0.19716,0.15040,
1403715589612143104,-0.43608,-2.87834,0.06490,-0.16305,0.81555,0.32894,0.44731,1.17496,0.39402,0.24797,
1403715589712142848,-0.30921,-2.82609,0.09695,-0.15891,0.81655,0.32070,0.45293,1.32261,0.61648,0.42607,
1403715589812143104,-0.16743,-2.75269,0.14893,-0.16509,0.80102,0.31338,0.48260,1.45115,0.81971,0.63686,
1403715589912143104,-0.01812,-2.66579,0.21263,-0.17980,0.77960,0.30432,0.51699,1.47224,0.91099,0.63681,
1403715590012142848,0.12949,-2.57289,0.27164,-0.19255,0.76549,0.29761,0.53701,1.43501,0.94596,0.56598,
1403715590112143104,0.27234,-2.47796,0.32422,-0.19662,0.75842,0.29789,0.54535,1.38698,0.94789,0.50480,
1403715590212142848,0.41091,-2.38273,0.37056,-0.19490,0.75821,0.30402,0.54287,1.32794,0.95627,0.44216,
1403715590312143104,0.54226,-2.28504,0.41343,-0.19201,0.75588,0.31856,0.53879,1.26306,0.98607,0.43417,
1403715590412143104,0.66652,-2.18198,0.45605,-0.18811,0.74772,0.34273,0.53672,1.18707,1.07025,0.42113,
1403715590512142848,0.78272,-2.06952,0.49688,-0.19114,0.73502,0.37118,0.53427,1.09308,1.16852,0.39585,
1403715590612143104,0.88897,-1.94700,0.53532,-0.19839,0.72127,0.40283,0.52739,0.98217,1.26510,0.37069,
1403715590712142848,0.98411,-1.81550,0.57050,-0.22210,0.71498,0.42639,0.50761,0.86979,1.35457,0.33837,
1403715590812143104,1.06886,-1.67573,0.60617,-0.25613,0.70453,0.44485,0.49005,0.79163,1.43056,0.36205,
1403715590912143104,1.14638,-1.53065,0.64309,-0.28932,0.68516,0.46548,0.47977,0.72513,1.46945,0.35944,
1403715591012142848,1.21571,-1.38383,0.67985,-0.31384,0.66373,0.49308,0.46673,0.65493,1.48102,0.33179,
1403715591112143104,1.27708,-1.23692,0.71452,-0.33371,0.64124,0.52466,0.44964,0.59344,1.49173,0.30952,
1403715591212142848,1.33074,-1.08920,0.74631,-0.34708,0.61303,0.56104,0.43470,0.51924,1.49853,0.29309,
1403715591312143104,1.37598,-0.93995,0.77469,-0.35742,0.57976,0.59791,0.42265,0.41893,1.51684,0.26242,
1403715591412143104,1.40999,-0.78811,0.80118,-0.37178,0.54744,0.62923,0.40763,0.29669,1.53757,0.23426,
1403715591512142848,1.43091,-0.63570,0.82342,-0.38769,0.51741,0.65631,0.38891,0.16394,1.53930,0.17013,
1403715591612143104,1.44145,-0.48023,0.83564,-0.40538,0.49079,0.67952,0.36476,0.04428,1.54581,0.03567,
1403715591712142848,1.43919,-0.32563,0.83579,-0.42386,0.46182,0.69839,0.34542,-0.05063,1.55705,-0.07018,
1403715591812143104,1.42876,-0.16770,0.82485,-0.43845,0.43161,0.71543,0.33110,-0.15736,1.54835,-0.19394,
1403715591912143104,1.40589,-0.01447,0.80082,-0.45007,0.40256,0.73141,0.31691,-0.26771,1.51205,-0.32302,
1403715592012142848,1.37460,0.14269,0.76548,-0.45709,0.36830,0.74869,0.30803,-0.38593,1.48238,-0.43265,
1403715592112143104,1.32823,0.28865,0.72081,-0.46426,0.33236,0.76477,0.29854,-0.53259,1.40329,-0.47450,
1403715592212142848,1.26429,0.42387,0.68216,-0.48160,0.29345,0.77404,0.28776,-0.71593,1.29874,-0.33551,
1403715592312143104,1.18429,0.54478,0.65730,-0.49859,0.25383,0.78214,0.27429,-0.86086,1.13777,-0.20505,
1403715592412143104,1.09013,0.64968,0.64429,0.51009,-0.21482,-0.79183,-0.25820,-1.00930,0.95199,-0.08084,
1403715592512142848,0.98255,0.73251,0.63942,0.51833,-0.17645,-0.80123,-0.24131,-1.12558,0.74820,-0.03481,
1403715592612143104,0.86528,0.79519,0.63430,0.52746,-0.13724,-0.80758,-0.22534,-1.22309,0.54627,-0.05177,
1403715592712142848,0.73774,0.83470,0.62794,0.53480,-0.09663,-0.81303,-0.20889,-1.31502,0.29882,-0.04808,
1403715592812143104,0.60203,0.85020,0.62256,0.54234,-0.06558,-0.81848,-0.17795,-1.38704,0.05652,-0.05675,
1403715592912143104,0.46034,0.84451,0.61708,0.54998,-0.05167,-0.82417,-0.12488,-1.43544,-0.14224,-0.05730,
1403715593012142848,0.31531,0.82374,0.61231,0.55694,-0.03800,-0.82676,-0.06959,-1.45612,-0.25094,-0.06234,
1403715593112143104,0.16860,0.79676,0.60733,0.56352,-0.01530,-0.82565,-0.02245,-1.45677,-0.29540,-0.04617,
1403715593212142848,0.02342,0.76687,0.60284,0.56855,0.01788,-0.82238,0.01113,-1.43217,-0.29876,-0.05151,
1403715593312143104,-0.11971,0.73704,0.59871,0.56983,0.05564,-0.81919,0.03350,-1.40969,-0.30035,-0.06453,
1403715593412143104,-0.25989,0.70615,0.59506,0.56976,0.10068,-0.81460,0.04084,-1.38462,-0.33393,-0.04035,
1403715593512142848,-0.39698,0.67017,0.59061,0.56838,0.14496,-0.80845,0.04835,-1.34470,-0.40425,-0.05419,
1403715593612143104,-0.52890,0.62470,0.58682,0.57105,0.18212,-0.79782,0.06495,-1.27623,-0.50540,-0.03442,
1403715593712142848,-0.65268,0.56972,0.58380,0.57987,0.21290,-0.78135,0.08899,-1.18601,-0.59337,-0.02461,
1403715593812143104,-0.76702,0.50660,0.58194,0.58477,0.24336,-0.76536,0.11415,-1.07012,-0.66349,-0.02518,
1403715593912143104,-0.86771,0.43638,0.57796,0.58072,0.27803,-0.75281,0.13693,-0.91708,-0.72997,-0.05487,
1403715594012142848,-0.95443,0.35997,0.57111,0.56748,0.31420,-0.74408,0.15995,-0.78309,-0.78689,-0.07108,
1403715594112143104,-1.02658,0.27702,0.56430,0.54924,0.34650,-0.73755,0.18517,-0.65913,-0.84411,-0.07323,
1403715594212142848,-1.09261,0.18798,0.55932,0.53347,0.37580,-0.72828,0.20926,-0.56689,-0.89605,-0.05467,
1403715594312143104,-1.15036,0.09297,0.55694,0.52072,0.40387,-0.71605,0.23025,-0.47772,-0.94510,-0.02741,
1403715594412143104,-1.20102,-0.00850,0.55719,0.51224,0.43345,-0.69878,0.24786,-0.38956,-1.00688,-0.01787,
1403715594512142848,-1.24171,-0.11487,0.55861,0.50411,0.46682,-0.67759,0.26234,-0.28923,-1.05714,-0.00383,
1403715594612143104,-1.26908,-0.22522,0.55880,-0.49352,-0.50117,0.65454,-0.27722,-0.17225,-1.10359,-0.01424,
1403715594712142848,-1.28160,-0.34032,0.55674,-0.47182,-0.53507,0.63707,-0.29193,-0.03289,-1.16565,-0.04535,
1403715594812143104,-1.28047,-0.46131,0.55180,-0.43632,-0.56236,0.62800,-0.31463,0.06994,-1.23605,-0.06398,
1403715594912143104,-1.27065,-0.59023,0.54727,-0.40378,-0.58663,0.61477,-0.33895,0.13444,-1.32115,-0.05935,
1403715595012142848,-1.25576,-0.72809,0.54234,0.37798,0.61118,-0.59550,0.35913,0.18316,-1.41366,-0.06758,
1403715595112143104,-1.23629,-0.87552,0.53681,0.35664,0.63423,-0.57226,0.37826,0.22175,-1.52358,-0.05668,
1403715595212142848,-1.21309,-1.03217,0.53267,0.33688,0.65101,-0.54705,0.40427,0.24353,-1.60894,-0.04346,
1403715595312143104,-1.18814,-1.19739,0.52718,0.31993,0.66751,-0.51744,0.42934,0.25853,-1.68205,-0.07063,
1403715595412143104,-1.16157,-1.36712,0.51862,0.30402,0.68287,-0.48487,0.45405,0.26580,-1.71073,-0.09803,
1403715595512142848,-1.13418,-1.53912,0.51067,0.29112,0.69703,-0.44777,0.47844,0.26114,-1.73109,-0.08268,
1403715595612143104,-1.10761,-1.71075,0.50389,0.28855,0.71321,-0.40171,0.49668,0.26183,-1.70917,-0.05157,
1403715595712142848,-1.07938,-1.87781,0.49762,0.29819,0.72651,-0.34479,0.51419,0.29223,-1.62047,-0.04608,
1403715595812143104,-1.04689,-2.03204,0.49177,0.30939,0.73445,-0.28622,0.53193,0.33960,-1.44291,-0.03656,
1403715595912143104,-1.01005,-2.16270,0.48908,0.31472,0.73324,-0.23672,0.55432,0.37688,-1.17365,0.01050,
1403715596012142848,-0.97094,-2.26145,0.49267,0.31119,0.71997,-0.19978,0.58728,0.37088,-0.81884,0.08127,
1403715596112143104,-0.93690,-2.32431,0.50415,0.29365,0.70125,-0.17935,0.62438,0.26256,-0.42460,0.16449,
1403715596212142848,-0.91577,-2.34502,0.52411,0.27698,0.70202,-0.17129,0.63334,0.11328,-0.03492,0.21141,
1403715596312143104,-0.90900,-2.32678,0.54884,0.25445,0.73386,-0.17724,0.60439,-0.01302,0.29171,0.22184,
1403715596412143104,-0.90848,-2.28478,0.57473,0.22188,0.77455,-0.18897,0.56137,-0.03453,0.51898,0.24842,
1403715596512142848,-0.90436,-2.22752,0.60278,0.18634,0.80687,-0.19747,0.52463,0.02986,0.63117,0.27480,
1403715596612143104,-0.88916,-2.16495,0.63342,0.15535,0.83049,-0.19817,0.49687,0.16210,0.65101,0.27951,
1403715596712142848,-0.85698,-2.10591,0.66700,0.12980,0.84824,-0.19153,0.47640,0.34696,0.60698,0.29864,
1403715596812143104,-0.80738,-2.05171,0.70046,0.10843,0.86132,-0.17923,0.46287,0.55338,0.54030,0.29079,
1403715596912143104,-0.73685,-2.00697,0.73017,0.08826,0.87242,-0.16959,0.44981,0.78649,0.43487,0.27301,
1403715597012142848,-0.64461,-1.97005,0.75538,0.07623,0.88045,-0.16021,0.43970,1.03997,0.32208,0.25558,
1403715597112143104,-0.52631,-1.94258,0.78077,0.07052,0.88061,-0.15310,0.44284,1.31126,0.20420,0.26947,
1403715597212142848,-0.38095,-1.92491,0.80737,0.06454,0.86897,-0.14778,0.46785,1.55070,0.10996,0.27593,
1403715597312143104,-0.21614,-1.91657,0.83407,0.05560,0.85074,-0.14094,0.50327,1.70005,0.03719,0.25964,
1403715597412143104,-0.04183,-1.91618,0.85868,0.04345,0.83269,-0.13042,0.53641,1.76499,-0.03672,0.25937,
1403715597512142848,0.13562,-1.92373,0.88251,0.03660,0.81486,-0.10951,0.56804,1.75196,-0.09014,0.22447,
1403715597612143104,0.30873,-1.93515,0.90270,0.02727,0.80678,-0.08380,0.58424,1.69002,-0.11320,0.16352,
1403715597712142848,0.47340,-1.94924,0.91480,0.01518,0.80728,-0.05731,0.58718,1.63262,-0.14977,0.12329,
1403715597812143104,0.63462,-1.96709,0.92539,0.00286,0.81019,-0.03607,0.58505,1.57600,-0.18602,0.09109,
1403715597912143104,0.79101,-1.98742,0.93688,-0.00469,0.80781,-0.01976,0.58909,1.52561,-0.21191,0.12062,
1403715598012142848,0.94211,-2.01053,0.94895,-0.00917,0.80105,-0.00932,0.59846,1.44585,-0.23868,0.10328,
1403715598112143104,1.08509,-2.03530,0.95822,-0.00700,0.79763,-0.00055,0.60310,1.36401,-0.24983,0.06462,
1403715598212142848,1.22058,-2.05977,0.96053,-0.00526,0.79078,0.00412,0.61207,1.28612,-0.24324,-0.02224,
1403715598312143104,1.34462,-2.08274,0.95148,-0.00524,0.77813,0.00428,0.62806,1.17268,-0.23249,-0.15411,
1403715598412143104,1.45103,-2.10322,0.93444,-0.00797,0.75942,0.00078,0.65055,0.99496,-0.22189,-0.15833,
1403715598512142848,1.53485,-2.12287,0.91855,-0.01271,0.74148,-0.00507,0.67084,0.73155,-0.22777,-0.15805,
1403715598612143104,1.59267,-2.14395,0.90239,-0.01421,0.73418,-0.00949,0.67874,0.45606,-0.24408,-0.17470,
1403715598712142848,1.62394,-2.16567,0.88310,-0.00858,0.74751,-0.01029,0.66412,0.20250,-0.24270,-0.22430,
1403715598812143104,1.63549,-2.18729,0.85839,-0.00268,0.77061,-0.00996,0.63722,0.00544,-0.23363,-0.26626,
1403715598912143104,1.63281,-2.20820,0.82949,0.00292,0.78846,-0.00871,0.61502,-0.10510,-0.21509,-0.29491,
1403715599012142848,1.62064,-2.22733,0.79731,0.00748,0.79831,-0.00717,0.60216,-0.17167,-0.19371,-0.32128,
1403715599112143104,1.60295,-2.24363,0.76269,0.01011,0.80075,-0.00600,0.59888,-0.20915,-0.15912,-0.35067,
1403715599212142848,1.57875,-2.25717,0.72490,0.00648,0.80384,-0.00877,0.59474,-0.26599,-0.13370,-0.40357,
1403715599312143104,1.54968,-2.26922,0.68211,-0.00248,0.80948,-0.01514,0.58695,-0.30669,-0.11955,-0.44452,
1403715599412143104,1.51864,-2.28260,0.63649,-0.01626,0.81189,-0.02488,0.58306,-0.32897,-0.14072,-0.47072,
1403715599512142848,1.48517,-2.30082,0.58837,-0.03047,0.81058,-0.03404,0.58385,-0.33746,-0.20479,-0.47023,
1403715599612143104,1.44939,-2.32759,0.54292,-0.04007,0.80748,-0.03941,0.58721,-0.35797,-0.30000,-0.44085,
1403715599712142848,1.41046,-2.36390,0.50079,-0.04349,0.80174,-0.04167,0.59463,-0.39730,-0.40173,-0.41271,
1403715599812143104,1.36820,-2.40833,0.46036,-0.03529,0.79663,-0.03722,0.60229,-0.46023,-0.49251,-0.41239,
1403715599912143104,1.31704,-2.46174,0.41953,-0.01757,0.79886,-0.02599,0.60070,-0.52958,-0.54896,-0.42321,
1403715600012142848,1.26032,-2.51833,0.37734,-0.00251,0.80716,-0.01703,0.59008,-0.57280,-0.56504,-0.42177,
1403715600112143104,1.20177,-2.57338,0.33551,0.01492,0.81243,-0.00005,0.58287,-0.58734,-0.52819,-0.40883,
1403715600212142848,1.14257,-2.62137,0.29335,0.03339,0.81443,0.02977,0.57854,-0.58997,-0.42002,-0.41223,
1403715600312143104,1.08496,-2.65671,0.24992,0.03747,0.81486,0.06128,0.57519,-0.59095,-0.27623,-0.42428,
1403715600412143104,1.02610,-2.67622,0.20579,0.02513,0.81522,0.09176,0.57128,-0.59513,-0.10415,-0.43647,
1403715600512142848,0.96695,-2.67831,0.16087,-0.00580,0.82154,0.11546,0.55831,-0.59432,0.05884,-0.44198,
1403715600612143104,0.90977,-2.66568,0.11914,-0.04722,0.82812,0.13472,0.54206,-0.55091,0.17614,-0.39160,
1403715600712142848,0.86024,-2.64243,0.08731,-0.08096,0.82741,0.16095,0.53192,-0.48489,0.27149,-0.25578,
1403715600812143104,0.81806,-2.61122,0.06972,-0.10828,0.81995,0.19247,0.52812,-0.41237,0.33419,-0.11757,
1403715600912143104,0.78338,-2.57308,0.06614,-0.13024,0.80911,0.22481,0.52710,-0.34970,0.41153,0.02896,
1403715601012142848,0.75531,-2.52840,0.07655,-0.14783,0.79815,0.25171,0.52702,-0.29151,0.47149,0.14775,
1403715601112143104,0.73366,-2.47820,0.09928,-0.16059,0.78808,0.27059,0.52909,-0.24099,0.51627,0.28496,
1403715601212142848,0.71380,-2.42333,0.13341,-0.16485,0.78071,0.28387,0.53172,-0.21499,0.56125,0.40227,
1403715601312143104,0.69383,-2.36321,0.17691,-0.16313,0.77502,0.29422,0.53494,-0.22248,0.62403,0.45295,
1403715601412143104,0.67308,-2.29667,0.22070,-0.16401,0.77128,0.30089,0.53637,-0.23697,0.68806,0.42309,
1403715601512142848,0.65096,-2.22476,0.25975,-0.16862,0.77081,0.30102,0.53553,-0.24712,0.74577,0.37889,
1403715601612143104,0.62919,-2.14674,0.29482,-0.17382,0.77090,0.29837,0.53524,-0.24911,0.80556,0.34244,
1403715601712142848,0.60642,-2.06318,0.32770,-0.17916,0.77111,0.29442,0.53536,-0.25587,0.84767,0.34029,
1403715601812143104,0.58245,-1.97619,0.36152,-0.18311,0.76749,0.29170,0.54069,-0.25726,0.88118,0.32614,
1403715601912143104,0.55638,-1.88747,0.39361,-0.18390,0.76403,0.28448,0.54910,-0.26831,0.88846,0.31612,
1403715602012142848,0.52720,-1.79945,0.42547,-0.18375,0.75469,0.26931,0.56934,-0.30275,0.87686,0.30523,
1403715602112143104,0.49315,-1.71342,0.45354,-0.18162,0.74574,0.24994,0.59027,-0.37100,0.83527,0.25462,
1403715602212142848,0.45050,-1.63364,0.47546,-0.17548,0.74776,0.22794,0.59842,-0.47621,0.75682,0.19507,
1403715602312143104,0.39719,-1.56250,0.49287,-0.16420,0.75702,0.20592,0.59796,-0.56391,0.68155,0.13745,
1403715602412143104,0.33654,-1.49839,0.50507,-0.14317,0.77552,0.18830,0.58533,-0.62314,0.62670,0.11985,
1403715602512142848,0.27082,-1.44037,0.51660,-0.12282,0.79264,0.16928,0.57269,-0.66316,0.58635,0.14870,
1403715602612143104,0.20292,-1.38559,0.52636,-0.10182,0.80294,0.15072,0.56764,-0.67172,0.56342,0.08541,
1403715602712142848,0.13420,-1.33345,0.52721,-0.07788,0.80633,0.13233,0.57119,-0.67696,0.55498,-0.03746,
1403715602812143104,0.06426,-1.28087,0.51197,-0.05622,0.81187,0.11194,0.57024,-0.68260,0.57380,-0.20760,
1403715602912143104,-0.00536,-1.22386,0.48430,-0.04056,0.81658,0.08856,0.56896,-0.68194,0.59784,-0.32952,
1403715603012142848,-0.07375,-1.16191,0.44652,-0.02435,0.82074,0.06680,0.56686,-0.66008,0.63663,-0.42261,
1403715603112143104,-0.14043,-1.09749,0.40167,-0.00967,0.82040,0.04379,0.57003,-0.65204,0.65773,-0.46578,
1403715603212142848,-0.20559,-1.02883,0.35596,0.00572,0.82249,0.02152,0.56834,-0.64143,0.69342,-0.46425,
1403715603312143104,-0.26823,-0.95775,0.31031,0.01968,0.82754,0.00218,0.56105,-0.60656,0.72820,-0.44964,
1403715603412143104,-0.32762,-0.88231,0.26800,0.02705,0.83047,-0.01434,0.55622,-0.55671,0.77550,-0.40216,
1403715603512142848,-0.38140,-0.80276,0.23104,0.02508,0.82925,-0.03069,0.55748,-0.50318,0.80457,-0.35911,
1403715603612143104,-0.42973,-0.72289,0.19837,0.01784,0.82826,-0.04621,0.55816,-0.45762,0.79449,-0.32209,
1403715603712142848,-0.47324,-0.64638,0.16781,0.00640,0.82601,-0.06250,0.56015,-0.40283,0.74261,-0.29779,
1403715603812143104,-0.51086,-0.57926,0.14441,-0.00379,0.82172,-0.07449,0.56499,-0.37579,0.64763,-0.19251,
1403715603912143104,-0.54678,-0.52312,0.13183,-0.01330,0.82754,-0.08247,0.55516,-0.35359,0.52868,-0.09909,
1403715604012142848,-0.57627,-0.48080,0.12900,-0.01560,0.83868,-0.08344,0.53796,-0.26995,0.39200,-0.02454,
1403715604112143104,-0.59733,-0.44997,0.13053,0.00069,0.84322,-0.07129,0.53282,-0.17824,0.28803,-0.01776,
1403715604212142848,-0.61075,-0.42694,0.12995,0.01668,0.84067,-0.06011,0.53794,-0.09244,0.23068,-0.03403,
1403715604312143104,-0.61714,-0.40667,0.12641,0.02526,0.83648,-0.05411,0.54474,-0.02784,0.20747,-0.08103,
1403715604412143104,-0.61689,-0.38802,0.11863,0.02833,0.83631,-0.05232,0.54502,0.03497,0.19559,-0.11194,
1403715604512142848,-0.60826,-0.37075,0.11043,0.02948,0.83419,-0.05175,0.54825,0.09494,0.19453,-0.09422,
1403715604612143104,-0.59577,-0.35329,0.10222,0.03051,0.82671,-0.05084,0.55950,0.14550,0.18773,-0.09580,
1403715604712142848,-0.57944,-0.33631,0.09330,0.03330,0.82137,-0.04926,0.56729,0.16630,0.19241,-0.10414,
1403715604812143104,-0.56297,-0.31694,0.08371,0.03488,0.82025,-0.04817,0.56891,0.16815,0.20385,-0.11020,
1403715604912143104,-0.54516,-0.29665,0.07537,0.03540,0.82038,-0.04737,0.56876,0.17642,0.20891,-0.07824,
1403715605012142848,-0.52667,-0.27628,0.06786,0.03531,0.82344,-0.04670,0.56438,0.18447,0.21417,-0.06999,
1403715605112143104,-0.50518,-0.25499,0.06424,0.03456,0.82358,-0.04635,0.56424,0.21638,0.22626,-0.02519,
1403715605212142848,-0.48140,-0.23297,0.06339,0.03390,0.82157,-0.04458,0.56735,0.24319,0.23253,-0.01097,
1403715605312143104,-0.45622,-0.20959,0.06463,0.02869,0.81969,-0.04565,0.57027,0.25884,0.24058,0.01380,
1403715605412143104,-0.43037,-0.18669,0.06415,0.02038,0.81759,-0.04857,0.57339,0.26317,0.22472,-0.05259,
1403715605512142848,-0.40482,-0.16478,0.05546,0.01428,0.81865,-0.05020,0.57192,0.26066,0.20548,-0.14881,
1403715605612143104,-0.37988,-0.14501,0.03706,0.00907,0.82118,-0.05163,0.56826,0.25327,0.17972,-0.23365,
1403715605712142848,-0.35504,-0.12878,0.01487,0.01252,0.82114,-0.04744,0.56862,0.26086,0.13689,-0.22638,
1403715605812143104,-0.32931,-0.11560,-0.00405,0.02034,0.81982,-0.04118,0.57077,0.26718,0.11625,-0.19764,
1403715605912143104,-0.30163,-0.10397,-0.02090,0.02386,0.81886,-0.03760,0.57226,0.28243,0.11274,-0.16093,
1403715606012142848,-0.27334,-0.09165,-0.03754,0.02584,0.81727,-0.03504,0.57461,0.27843,0.11754,-0.20947,
1403715606112143104,-0.24537,-0.07898,-0.06166,0.02646,0.81645,-0.03256,0.57589,0.27364,0.12768,-0.26705,
1403715606212142848,-0.21945,-0.06351,-0.08936,0.02452,0.81680,-0.03202,0.57551,0.26176,0.15178,-0.28715,
1403715606312143104,-0.19527,-0.04552,-0.11292,0.01662,0.81677,-0.03505,0.57566,0.25730,0.17413,-0.20901,
1403715606412143104,-0.17058,-0.02830,-0.12733,0.01018,0.81723,-0.03714,0.57503,0.25474,0.15275,-0.10321,
1403715606512142848,-0.14533,-0.01356,-0.13187,0.00656,0.81563,-0.03736,0.57733,0.25205,0.14185,-0.01983,
1403715606612143104,-0.12059,0.00003,-0.13510,0.00036,0.81469,-0.03828,0.57862,0.23204,0.12007,-0.03987,
1403715606712142848,-0.09816,0.01107,-0.14108,-0.00737,0.81344,-0.04025,0.58021,0.22016,0.09254,-0.08200,
1403715606812143104,-0.07789,0.01720,-0.15067,-0.01436,0.81091,-0.04211,0.58347,0.20171,0.03398,-0.10955,
1403715606912143104,-0.06055,0.01801,-0.16178,-0.00983,0.80582,-0.03695,0.59092,0.16576,-0.01349,-0.12234,
1403715607012142848,-0.04793,0.01568,-0.17425,0.00127,0.80467,-0.02774,0.59307,0.11206,-0.03504,-0.14739,
1403715607112143104,-0.04063,0.01251,-0.18910,0.01024,0.80818,-0.02058,0.58848,0.06782,-0.02222,-0.14984,
1403715607212142848,-0.03617,0.01115,-0.20375,0.01358,0.81123,-0.01699,0.58432,0.04272,-0.00082,-0.13941,
1403715607312143104,-0.03487,0.01222,-0.21583,0.01441,0.81293,-0.01611,0.58195,0.01087,0.02305,-0.12018,
1403715607412143104,-0.03552,0.01518,-0.22459,0.01417,0.81200,-0.01645,0.58325,-0.01071,0.03263,-0.07868,
1403715607512142848,-0.03869,0.02020,-0.23103,0.01582,0.81231,-0.01644,0.58278,-0.03823,0.06587,-0.05769,
1403715607612143104,-0.04365,0.02769,-0.23591,0.01687,0.81292,-0.01730,0.58187,-0.05332,0.08947,-0.02467,
1403715607712142848,-0.04989,0.03773,-0.23884,0.01854,0.81321,-0.01788,0.58140,-0.07228,0.11583,-0.02536,
1403715607812143104,-0.05842,0.04974,-0.24646,0.01771,0.81400,-0.02011,0.58024,-0.09138,0.13225,-0.12058,
1403715607912143104,-0.06728,0.06369,-0.26286,0.01818,0.81559,-0.01726,0.57809,-0.03582,0.13434,-0.09952,
1403715608012142848,-0.06637,0.06374,-0.26005,0.02111,0.81547,-0.01290,0.57827,0.00756,-0.03060,0.01424,
1403715608112143104,-0.06532,0.06260,-0.26326,0.02032,0.81667,-0.01349,0.57660,0.02513,-0.00847,-0.00992,
1403715608212142848,-0.06587,0.06396,-0.26280,0.02080,0.81645,-0.01333,0.57689,-0.01772,-0.02198,-0.00430,
1403715608312143104,-0.06565,0.06388,-0.26343,0.02030,0.81649,-0.01397,0.57683,0.01696,0.00696,-0.00183,
1403715608412143104,-0.06563,0.06339,-0.26359,0.02034,0.81628,-0.01404,0.57712,0.00031,0.00843,0.00094,
1403715608512142848,-0.06591,0.06401,-0.26388,0.02007,0.81610,-0.01419,0.57738,0.00370,-0.00617,-0.00205,
1403715608612143104,-0.06558,0.06366,-0.26379,0.01990,0.81651,-0.01454,0.57680,0.00536,0.00296,-0.00091,
1403715608712142848,-0.06580,0.06388,-0.26411,0.01969,0.81645,-0.01457,0.57690,-0.00428,0.00055,0.00573,
1403715608812143104,-0.06581,0.06379,-0.26411,0.01971,0.81630,-0.01467,0.57710,0.00432,-0.00387,-0.00103,
1403715608912143104,-0.06575,0.06371,-0.26411,0.01974,0.81647,-0.01476,0.57687,-0.00485,0.00138,0.00243,
1403715609012142848,-0.06592,0.06387,-0.26420,0.01970,0.81627,-0.01480,0.57714,0.00180,-0.00170,0.00416,
1403715609112143104,-0.06580,0.06371,-0.26412,0.01972,0.81644,-0.01496,0.57690,-0.00121,0.00170,0.00307,
1403715609212142848,-0.06590,0.06382,-0.26414,0.01963,0.81640,-0.01502,0.57696,-0.00335,-0.00138,0.00492,
1403715609312143104,-0.06580,0.06375,-0.26417,0.01966,0.81645,-0.01518,0.57689,0.00181,-0.00244,0.00331,
