1413394888405760512,0.09495,0.11729,0.36670,0.00898,0.82218,0.01556,0.56894,0.32709,0.25464,0.29864,
1413394888505760512,0.12979,0.14552,0.40302,0.00690,0.82459,0.01492,0.56549,0.35973,0.27754,0.28498,
1413394888605760512,0.16682,0.17368,0.42590,0.00264,0.82676,0.01207,0.56242,0.38832,0.29728,0.11143,
1413394888705760512,0.20742,0.20306,0.43500,-0.00024,0.82465,0.01048,0.56555,0.42725,0.29604,-0.00675,
1413394888805760256,0.25210,0.23185,0.43551,-0.00683,0.81855,0.00590,0.57436,0.45522,0.28569,-0.00552,
1413394888905760512,0.29801,0.25923,0.43832,-0.01310,0.81366,0.00229,0.58119,0.46252,0.26265,0.01735,
1413394889005760512,0.34401,0.28434,0.44489,-0.01752,0.81095,-0.00024,0.58486,0.44994,0.22889,0.04659,
1413394889105760512,0.38813,0.30519,0.45332,-0.02061,0.80888,-0.00258,0.58761,0.44077,0.19491,0.06451,
1413394889205760512,0.43518,0.32556,0.46521,-0.01587,0.80527,0.00111,0.59269,0.42141,0.15129,0.13337,
1413394889305760256,0.47687,0.34182,0.48295,-0.01126,0.78665,0.00388,0.61729,0.36309,0.13286,0.21235,
1413394889405760512,0.50776,0.35566,0.50661,-0.00839,0.75490,0.00639,0.65576,0.21045,0.12237,0.26308,
1413394889505760512,0.51858,0.36811,0.53002,-0.00484,0.73166,0.00882,0.68159,-0.01094,0.11130,0.21631,
1413394889605760512,0.50528,0.37955,0.54757,-0.00145,0.75037,0.00991,0.66095,-0.24974,0.11379,0.16333,
1413394889705760512,0.47194,0.39149,0.56489,0.00108,0.79026,0.00898,0.61271,-0.40164,0.11787,0.18420,
1413394889805760256,0.43161,0.40637,0.58387,0.00265,0.82933,0.00734,0.55870,-0.41857,0.13928,0.20029,
1413394889905760512,0.39630,0.42256,0.60524,0.00237,0.85695,0.00385,0.51537,-0.31140,0.14528,0.19707,
1413394890005760512,0.37415,0.43744,0.62128,0.00159,0.87585,0.00056,0.48257,-0.12622,0.13747,0.10672,
1413394890105760512,0.37310,0.45048,0.62834,-0.00085,0.88773,-0.00365,0.46034,0.10868,0.13228,0.03689,
1413394890205760512,0.39817,0.46198,0.63296,-0.00536,0.87787,-0.00880,0.47878,0.39770,0.11879,0.05425,
1413394890305760256,0.45033,0.46932,0.63366,-0.01526,0.85150,-0.01696,0.52385,0.61235,0.07838,-0.03705,
1413394890405760512,0.51723,0.47348,0.62754,-0.02432,0.81725,-0.02396,0.57527,0.69065,0.02039,-0.07181,
1413394890505760512,0.58578,0.47116,0.61723,-0.02788,0.78205,-0.02465,0.62210,0.63607,-0.06042,-0.11015,
1413394890605760512,0.64182,0.46130,0.60456,-0.02485,0.75309,-0.02024,0.65713,0.47313,-0.11289,-0.09095,
1413394890705760512,0.67635,0.44490,0.59300,-0.01594,0.73593,-0.01071,0.67678,0.23410,-0.17650,-0.07186,
1413394890805760256,0.68469,0.42417,0.57974,-0.00647,0.74441,-0.00135,0.66769,-0.03058,-0.20915,-0.12296,
1413394890905760512,0.67011,0.39962,0.56223,-0.00435,0.78065,0.00204,0.62496,-0.21090,-0.22263,-0.14173,
1413394891005760512,0.64273,0.37266,0.54315,-0.00038,0.82260,0.00494,0.56860,-0.26383,-0.22731,-0.10549,
1413394891105760512,0.61570,0.34715,0.52716,0.00278,0.85364,0.00664,0.52082,-0.17775,-0.22319,-0.08279,
1413394891205760512,0.60048,0.32193,0.51424,0.00375,0.87191,0.00630,0.48960,0.00906,-0.21454,-0.07563,
1413394891305760256,0.60776,0.29927,0.50245,0.00593,0.87966,0.00748,0.47551,0.25760,-0.19871,-0.04136,
1413394891405760512,0.64353,0.27961,0.49872,0.01104,0.87289,0.01190,0.48764,0.52240,-0.17615,0.02782,
1413394891505760512,0.70583,0.26518,0.50237,0.01291,0.85436,0.01437,0.51933,0.71002,-0.13972,0.05909,
1413394891605760512,0.78450,0.25040,0.50874,0.01502,0.83414,0.01808,0.55105,0.81316,-0.09870,0.04405,
1413394891705760512,0.87013,0.23949,0.51580,0.01646,0.82105,0.02156,0.57021,0.85000,-0.06973,0.05283,
1413394891805760256,0.95562,0.23348,0.52523,0.01774,0.81506,0.02186,0.57869,0.84977,-0.02415,0.12429,
1413394891905760512,1.03995,0.23333,0.54707,0.02039,0.80114,0.02440,0.59763,0.82467,0.03770,0.29561,
1413394892005760512,1.11865,0.23977,0.58008,0.02145,0.78338,0.02667,0.62060,0.75177,0.10101,0.33902,
1413394892105760512,1.18743,0.25251,0.61431,0.01762,0.77057,0.03284,0.63627,0.62544,0.16429,0.33181,
1413394892205760512,1.24432,0.27137,0.64762,0.00911,0.76588,0.04704,0.64120,0.49338,0.24889,0.33801,
1413394892305760256,1.29028,0.29629,0.67777,-0.00588,0.76406,0.06595,0.64174,0.36019,0.29473,0.24503,
1413394892405760512,1.32424,0.32583,0.69384,-0.02391,0.76333,0.08822,0.63952,0.24747,0.32612,0.06369,
1413394892505760512,1.34845,0.35901,0.69424,-0.04562,0.76202,0.11283,0.63601,0.11878,0.36078,-0.04166,
1413394892605760512,1.35895,0.39526,0.69153,-0.06934,0.76472,0.14073,0.62497,-0.01265,0.39078,-0.02355,
1413394892705760512,1.35735,0.43493,0.69193,-0.09471,0.76911,0.17159,0.60832,-0.10998,0.41542,0.03545,
1413394892805760256,1.34945,0.47781,0.69724,-0.12056,0.77117,0.20544,0.59039,-0.17395,0.43911,0.08720,
1413394892905760512,1.33181,0.52161,0.70619,-0.14393,0.77053,0.23883,0.57317,-0.21993,0.44512,0.10011,
1413394893005760512,1.31147,0.56619,0.71446,-0.16149,0.77158,0.27133,0.55224,-0.22488,0.47105,0.11328,
1413394893105760512,1.29021,0.61378,0.72649,-0.17324,0.76650,0.30351,0.53883,-0.20145,0.52021,0.14661,
1413394893205760512,1.26749,0.66796,0.73690,-0.18516,0.75747,0.33469,0.52910,-0.20044,0.58946,0.13146,
1413394893305760256,1.24529,0.72763,0.74908,-0.20020,0.74667,0.35689,0.52443,-0.18071,0.65364,0.16806,
1413394893405760512,1.22459,0.79514,0.76557,-0.21069,0.73078,0.37248,0.53181,-0.17742,0.71126,0.17633,
1413394893505760512,1.19961,0.86851,0.78056,-0.21254,0.71536,0.38715,0.54148,-0.22227,0.77025,0.12918,
1413394893605760512,1.16789,0.94533,0.78683,-0.21004,0.70276,0.39863,0.55055,-0.29188,0.81362,0.01309,
1413394893705760512,1.12761,1.02623,0.78322,-0.20008,0.68965,0.40801,0.56381,-0.39834,0.86253,-0.05467,
1413394893805760256,1.07373,1.11197,0.77360,-0.19379,0.68118,0.40965,0.57500,-0.53506,0.92692,-0.10212,
1413394893905760512,1.00220,1.20094,0.76004,-0.19635,0.68087,0.40473,0.57798,-0.70713,0.97762,-0.13667,
1413394894005760512,0.91433,1.28840,0.74573,-0.20926,0.67882,0.40153,0.57809,-0.89245,1.01837,-0.14826,
1413394894105760512,0.80631,1.37507,0.73036,-0.22878,0.67260,0.40390,0.57631,-1.06455,1.01398,-0.19505,
1413394894205760512,0.67823,1.45382,0.70989,-0.26273,0.67090,0.40639,0.56188,-1.22396,0.96528,-0.24379,
1413394894305760256,0.53648,1.52052,0.68638,-0.29886,0.67003,0.41450,0.53846,-1.32471,0.88152,-0.27436,
1413394894405760512,0.38579,1.57433,0.66380,-0.32705,0.66429,0.43006,0.51653,-1.38409,0.76949,-0.28158,
1413394894505760512,0.23653,1.61323,0.63791,-0.34553,0.65730,0.45135,0.49482,-1.38501,0.65350,-0.31589,
1413394894605760512,0.09220,1.64199,0.60845,-0.36027,0.64730,0.47296,0.47699,-1.37178,0.54845,-0.34350,
1413394894705760512,-0.04306,1.66287,0.57687,-0.37298,0.63240,0.49241,0.46743,-1.33346,0.45535,-0.35617,
1413394894805760256,-0.17047,1.68072,0.54404,-0.37737,0.61927,0.50990,0.46270,-1.30141,0.38282,-0.36243,
1413394894905760512,-0.29418,1.69493,0.51255,-0.38098,0.61366,0.52265,0.45290,-1.27732,0.30306,-0.34565,
1413394895005760512,-0.41454,1.70755,0.48164,-0.38873,0.61695,0.52584,0.43790,-1.24576,0.26679,-0.33058,
1413394895105760512,-0.53408,1.72015,0.45248,-0.39239,0.62152,0.52657,0.42717,-1.19207,0.21960,-0.29338,
1413394895205760512,-0.64865,1.73332,0.42844,-0.39203,0.62628,0.52625,0.42089,-1.12326,0.17465,-0.21346,
1413394895305760256,-0.75705,1.74761,0.41098,-0.38991,0.62750,0.52352,0.42444,-1.05067,0.15537,-0.14205,
1413394895405760512,-0.85840,1.76309,0.39840,-0.37275,0.61970,0.53014,0.44270,-1.00046,0.16634,-0.10802,
1413394895505760512,-0.95978,1.77938,0.39506,-0.35750,0.61617,0.53467,0.45459,-1.02341,0.15671,0.05757,
1413394895605760512,-1.06231,1.79462,0.40540,-0.34985,0.61819,0.53432,0.45820,-1.05960,0.14261,0.15901,
1413394895705760512,-1.16518,1.80939,0.43142,-0.35344,0.62610,0.52849,0.45142,-1.10690,0.16333,0.31860,
1413394895805760256,-1.26431,1.82395,0.47236,-0.35904,0.63202,0.52385,0.44410,-1.09794,0.17619,0.37455,
1413394895905760512,-1.36574,1.84215,0.50912,-0.36317,0.63354,0.52144,0.44140,-1.08033,0.18482,0.26340,
1413394896005760512,-1.46597,1.86328,0.53276,-0.36586,0.63220,0.52102,0.44159,-1.04475,0.19540,0.15321,
1413394896105760512,-1.56273,1.88798,0.54299,-0.36763,0.63136,0.52177,0.44044,-1.01666,0.21728,0.03250,
1413394896205760512,-1.65660,1.91608,0.54184,-0.36774,0.63134,0.52288,0.43906,-0.98418,0.25304,-0.07801,
1413394896305760256,-1.75073,1.94574,0.53128,-0.38279,0.63895,0.51347,0.42610,-0.92764,0.25639,-0.15778,
1413394896405760512,-1.84252,1.97588,0.51884,-0.39996,0.64968,0.50106,0.40851,-0.84050,0.27049,-0.14086,
1413394896505760512,-1.92114,2.00578,0.50712,-0.41373,0.65845,0.49031,0.39354,-0.69423,0.27711,-0.17947,
1413394896605760512,-1.98628,2.03462,0.48944,-0.42902,0.66787,0.47719,0.37706,-0.50772,0.27078,-0.26182,
1413394896705760512,-2.03366,2.06157,0.46442,-0.44594,0.67650,0.46199,0.36062,-0.28585,0.26567,-0.34553,
1413394896805760256,-2.05468,2.08312,0.43052,-0.46110,0.68434,0.44699,0.34537,-0.01728,0.22989,-0.39662,
1413394896905760512,-2.04269,2.09871,0.39470,-0.47145,0.68502,0.43552,0.34468,0.35405,0.16326,-0.37500,
1413394897005760512,-1.99392,2.10519,0.36243,-0.47859,0.68611,0.42876,0.34113,0.70082,0.06749,-0.34019,
1413394897105760512,-1.90368,2.10834,0.33456,-0.47828,0.68843,0.42800,0.33782,1.10975,0.00178,-0.24257,
1413394897205760512,-1.77645,2.09863,0.31752,-0.47081,0.68521,0.43492,0.34593,1.48302,-0.05583,-0.17536,
1413394897305760256,-1.61360,2.08533,0.30869,-0.44316,0.67218,0.46057,0.37372,1.78480,-0.10532,-0.07656,
1413394897405760512,-1.42711,2.06977,0.30538,-0.41031,0.65148,0.48837,0.41074,1.93477,-0.13205,-0.02795,
1413394897505760512,-1.23116,2.05324,0.30529,-0.38918,0.63527,0.50587,0.43482,1.98181,-0.15560,0.00005,
1413394897605760512,-1.03421,2.03575,0.30748,-0.37800,0.62788,0.51531,0.44423,1.95880,-0.16038,0.02847,
1413394897705760512,-0.84034,2.01795,0.31472,-0.37762,0.62189,0.51686,0.45113,1.92065,-0.17820,0.09813,
1413394897805760256,-0.65105,1.99740,0.32632,-0.37969,0.61596,0.51674,0.45761,1.86730,-0.20735,0.13710,
1413394897905760512,-0.46726,1.97343,0.34249,-0.38322,0.61140,0.51543,0.46224,1.81386,-0.24661,0.18137,
1413394898005760512,-0.28919,1.94543,0.36337,-0.38461,0.60802,0.51501,0.46599,1.74589,-0.29620,0.20581,
1413394898105760512,-0.11850,1.91304,0.38615,-0.37960,0.60804,0.51905,0.46559,1.66620,-0.33578,0.23898,
1413394898205760512,0.04340,1.87756,0.41171,-0.37253,0.60475,0.52610,0.46766,1.57904,-0.36801,0.26545,
1413394898305760256,0.19540,1.83993,0.44099,-0.36104,0.59425,0.53711,0.47752,1.45015,-0.38513,0.28082,
1413394898405760512,0.33250,1.79944,0.47107,-0.35031,0.57954,0.55321,0.48516,1.28223,-0.39242,0.28611,
1413394898505760512,0.45091,1.75820,0.50096,-0.34659,0.56483,0.57240,0.48291,1.06703,-0.39866,0.29938,
1413394898605760512,0.54904,1.71680,0.53189,-0.34635,0.54936,0.59381,0.47502,0.85721,-0.39662,0.31685,
1413394898705760512,0.62791,1.67601,0.56398,-0.34695,0.53931,0.61054,0.46476,0.65151,-0.38675,0.30899,
1413394898805760256,0.68740,1.63649,0.59685,-0.34678,0.53890,0.62291,0.44868,0.45282,-0.35985,0.32875,
1413394898905760512,0.72434,1.60265,0.63255,-0.33889,0.53183,0.63537,0.44567,0.25197,-0.30313,0.37545,
1413394899005760512,0.74619,1.57034,0.66936,-0.32855,0.52487,0.64548,0.44713,0.04392,-0.24862,0.34020,
1413394899105760512,0.74511,1.54271,0.69833,-0.32394,0.53030,0.64960,0.43802,-0.17322,-0.19216,0.22479,
1413394899205760512,0.71733,1.52827,0.71596,-0.32156,0.53762,0.65127,0.42827,-0.37934,-0.09613,0.12092,
1413394899305760256,0.67370,1.51820,0.72479,-0.32104,0.53673,0.65234,0.42814,-0.58118,-0.00361,0.04529,
1413394899405760512,0.60888,1.51929,0.72485,-0.33654,0.54320,0.64383,0.42090,-0.76683,0.07186,-0.07773,
1413394899505760512,0.52558,1.53199,0.71301,-0.36296,0.55298,0.63353,0.40139,-0.90709,0.15824,-0.16915,
1413394899605760512,0.43258,1.55081,0.69414,-0.38240,0.54929,0.63542,0.38508,-0.99734,0.24973,-0.20827,
1413394899705760512,0.33070,1.57873,0.67324,-0.39570,0.53499,0.64785,0.37080,-1.07316,0.33962,-0.17379,
1413394899805760256,0.22074,1.61536,0.65629,-0.41058,0.51345,0.66367,0.35684,-1.15445,0.41660,-0.12501,
1413394899905760512,0.10333,1.65865,0.64229,-0.43079,0.48652,0.67701,0.34551,-1.21619,0.46391,-0.09963,
1413394900005760512,-0.02002,1.70675,0.63355,-0.45690,0.46344,0.68515,0.32715,-1.25571,0.50179,0.01325,
1413394900105760512,-0.14598,1.75805,0.63836,-0.48150,0.43852,0.69209,0.31123,-1.26830,0.51723,0.15087,
1413394900205760512,-0.27202,1.80918,0.65000,0.50615,-0.41520,-0.69586,-0.29529,-1.25138,0.51246,0.16798,
1413394900305760256,-0.39566,1.85888,0.65656,0.52318,-0.39186,-0.70163,-0.28362,-1.21190,0.48993,0.07514,
1413394900405760512,-0.51421,1.90387,0.65672,0.53543,-0.36463,-0.70903,-0.27864,-1.16394,0.44651,-0.00393,
1413394900505760512,-0.62853,1.94291,0.64934,0.53375,-0.33384,-0.72499,-0.27938,-1.13643,0.38419,-0.09860,
1413394900605760512,-0.74255,1.97411,0.63652,0.52877,-0.30357,-0.74064,-0.28232,-1.14009,0.30365,-0.14669,
1413394900705760512,-0.85951,1.99582,0.62148,0.52837,-0.27231,-0.75165,-0.28582,-1.19123,0.18372,-0.13243,
1413394900805760256,-0.98233,2.00131,0.61389,0.52992,-0.24422,-0.76220,-0.28035,-1.26918,-0.01618,-0.02043,
1413394900905760512,-1.11387,1.98772,0.62134,0.53561,-0.22147,-0.77137,-0.26279,-1.37266,-0.20014,0.14330,
1413394901005760512,-1.25408,1.95379,0.64772,0.54502,-0.19391,-0.77805,-0.24492,-1.45912,-0.38012,0.32047,
1413394901105760512,-1.39944,1.90095,0.68197,0.55787,-0.16593,-0.78186,-0.22348,-1.49969,-0.55762,0.31188,
1413394901205760512,-1.54541,1.83068,0.71081,0.57758,-0.14381,-0.78041,-0.19149,-1.47429,-0.71277,0.22678,
1413394901305760256,-1.68771,1.74792,0.73062,0.59866,-0.13108,-0.77604,-0.14896,-1.41814,-0.84078,0.13590,
1413394901405760512,-1.82263,1.65832,0.74291,0.61825,-0.12305,-0.76940,-0.10319,-1.33284,-0.88823,0.08874,
1413394901505760512,-1.94660,1.56726,0.74883,0.63703,-0.11093,-0.75975,-0.06828,-1.18515,-0.88213,-0.01015,
1413394901605760512,-2.05540,1.47794,0.74340,0.63881,-0.09411,-0.76236,-0.04327,-1.03224,-0.86846,-0.14023,
1413394901705760512,-2.14928,1.39149,0.72764,0.62601,-0.06677,-0.77638,-0.02965,-0.88984,-0.84767,-0.22389,
1413394901805760256,-2.22388,1.30342,0.71134,0.61714,-0.02800,-0.78598,-0.02416,-0.75302,-0.84161,-0.16897,
1413394901905760512,-2.28179,1.21084,0.70282,0.61685,0.01593,-0.78676,-0.01585,-0.63574,-0.88470,-0.08535,
1413394902005760512,-2.32655,1.11383,0.70244,0.61755,0.05572,-0.78455,0.00021,-0.50584,-0.93500,-0.02475,
1413394902105760512,-2.35574,1.01066,0.71147,0.61661,0.08847,-0.78198,0.02171,-0.37206,-0.99989,0.05477,
1413394902205760512,-2.37562,0.90526,0.72001,0.61700,0.11602,-0.77707,0.04486,-0.24813,-1.03948,0.00369,
1413394902305760256,-2.38507,0.79567,0.72134,0.62205,0.14155,-0.76717,0.06682,-0.12400,-1.06985,-0.04488,
1413394902405760512,-2.38576,0.68484,0.71657,0.63175,0.16410,-0.75281,0.08506,0.03112,-1.07995,-0.08851,
1413394902505760512,-2.37273,0.57359,0.70662,0.63020,0.17189,-0.74794,0.11783,0.20435,-1.06266,-0.09388,
1413394902605760512,-2.34779,0.46516,0.69811,0.62180,0.16535,-0.74913,0.15758,0.35516,-0.98871,-0.09703,
1413394902705760512,-2.31091,0.36609,0.69156,0.60533,0.15383,-0.75711,0.19155,0.41848,-0.85065,-0.05183,
1413394902805760256,-2.27291,0.27743,0.68599,0.58917,0.14352,-0.76626,0.21243,0.44684,-0.68056,-0.03403,
1413394902905760512,-2.23652,0.20199,0.68140,0.57689,0.14348,-0.77629,0.20974,0.44368,-0.49877,-0.04511,
1413394903055760384,-2.17663,0.12465,0.66331,0.56818,0.14428,-0.78758,0.18993,0.41989,-0.27865,-0.20460,
1413394903255760384,-2.09709,0.08039,0.59367,0.53321,0.11744,-0.82078,0.16800,0.34509,-0.05987,-0.45973,
1413394903455760384,-2.05328,0.07632,0.51018,0.54687,0.09443,-0.82307,0.12073,0.12796,0.10714,-0.32144,
1413394903605760512,-2.04124,0.09064,0.47819,0.57164,0.08462,-0.81052,0.09556,0.04042,0.16973,-0.12804,
1413394903705760512,-2.04072,0.10498,0.47669,0.58050,0.08333,-0.80586,0.08169,0.03206,0.19512,0.03613,
1413394903805760256,-2.04221,0.12369,0.49266,0.58393,0.08563,-0.80429,0.06939,0.05407,0.19572,0.17270,
1413394903905760512,-2.05077,0.14204,0.51945,0.58364,0.09398,-0.80497,0.05048,0.05958,0.18327,0.17649,
1413394904005760512,-2.05575,0.15934,0.53673,0.58127,0.08850,-0.80800,0.03771,0.07062,0.14811,0.06787,
1413394904105760512,-2.05821,0.17410,0.54310,0.57290,0.06270,-0.81637,0.03740,0.06735,0.12963,-0.02164,
1413394904205760512,-2.06104,0.18795,0.54020,0.56084,0.02942,-0.82669,0.03430,0.03070,0.13695,-0.10301,
1413394904305760256,-2.06625,0.20481,0.52870,0.54693,-0.00334,-0.83693,0.02010,-0.04112,0.17704,-0.18735,
1413394904405760512,-2.07869,0.22508,0.50926,0.53584,-0.03822,-0.84346,-0.00183,-0.13273,0.21065,-0.25444,
1413394904505760512,-2.10293,0.24863,0.48658,0.53285,-0.07172,-0.84255,-0.03218,-0.25140,0.25943,-0.22786,
1413394904605760512,-2.13423,0.27567,0.46707,0.54469,-0.10648,-0.82939,-0.06390,-0.32056,0.26830,-0.18152,
1413394904705760512,-2.17261,0.30322,0.45246,0.55835,-0.14289,-0.81195,-0.09252,-0.39329,0.28520,-0.12959,
1413394904805760256,-2.21397,0.33198,0.44075,0.56600,-0.17629,-0.79598,-0.12241,-0.39780,0.27607,-0.09855,
1413394904905760512,-2.25469,0.36002,0.43328,0.57284,-0.20870,-0.77781,-0.15270,-0.38203,0.25726,-0.04340,
1413394905005760512,-2.29138,0.38480,0.43004,0.58672,-0.23945,-0.75180,-0.18227,-0.32126,0.21186,0.00540,
1413394905105760512,-2.31985,0.40281,0.43050,0.60092,-0.27033,-0.72304,-0.20743,-0.21656,0.13167,0.03022,
1413394905205760512,-2.33524,0.41217,0.42989,0.59781,-0.30570,-0.70791,-0.21915,-0.07666,0.03233,-0.02896,
1413394905305760256,-2.33703,0.41330,0.42412,0.56264,-0.34652,-0.71971,-0.21305,0.02692,-0.02708,-0.07999,
1413394905405760512,-2.33229,0.41231,0.41655,0.50570,-0.38280,-0.74808,-0.19519,0.06502,0.01098,-0.06513,
1413394905505760512,-2.32810,0.42407,0.41321,-0.45184,0.40533,0.77362,0.18180,0.01678,0.20158,-0.00281,
1413394905605760512,-2.33362,0.45701,0.41548,-0.41763,0.41349,0.78887,0.17970,-0.12206,0.48772,0.10661,
1413394905705760512,-2.35624,0.52124,0.43340,-0.43732,0.39536,0.77977,0.21068,-0.30705,0.73821,0.23056,
1413394905805760256,-2.39450,0.60436,0.46054,-0.49415,0.36826,0.74725,0.24863,-0.39372,0.82954,0.29124,
1413394905905760512,-2.43615,0.68662,0.48973,0.55653,-0.33917,-0.70485,-0.28003,-0.39002,0.75096,0.28834,
1413394906005760512,-2.47365,0.75555,0.51861,0.60416,-0.31788,-0.66831,-0.29546,-0.29492,0.56413,0.27952,
1413394906105760512,-2.49556,0.80127,0.54778,0.63876,-0.30881,-0.64087,-0.29309,-0.10259,0.32670,0.29149,
1413394906205760512,-2.49470,0.82314,0.58005,0.64869,-0.32189,-0.63411,-0.27110,0.14832,0.10128,0.31909,
1413394906305760256,-2.46868,0.82610,0.60949,0.61748,-0.35201,-0.65985,-0.24373,0.40091,-0.05091,0.28352,
1413394906405760512,-2.42010,0.81818,0.63332,0.56797,-0.38348,-0.69120,-0.22934,0.57418,-0.09359,0.19960,
1413394906505760512,-2.35915,0.81327,0.64907,0.50203,-0.40918,-0.72550,-0.23277,0.65765,-0.03709,0.13766,
1413394906605760512,-2.29553,0.81586,0.65723,-0.44568,0.43383,0.74502,0.24104,0.61528,0.09516,0.08100,
1413394906705760512,-2.23932,0.83299,0.66360,-0.42356,0.44964,0.74042,0.26495,0.48942,0.26365,0.07771,
1413394906805760256,-2.19422,0.86268,0.66881,-0.44800,0.45188,0.70754,0.30740,0.39429,0.37496,0.06120,
1413394906905760512,-2.15379,0.89240,0.66965,-0.48990,0.44179,0.66188,0.35600,0.33839,0.33353,0.03079,
1413394907005760512,-2.12065,0.91567,0.67165,0.53184,-0.42514,-0.61483,-0.39797,0.30849,0.14073,0.03260,
1413394907105760512,-2.08683,0.91380,0.67628,0.56897,-0.41142,-0.57457,-0.42056,0.35913,-0.15999,0.05118,
1413394907205760512,-2.04624,0.87875,0.67628,0.56999,-0.42242,-0.57205,-0.41162,0.44259,-0.52063,-0.02796,
1413394907305760256,-1.99993,0.81180,0.66723,0.53603,-0.45510,-0.60203,-0.37832,0.52027,-0.78395,-0.04691,
1413394907405760512,-1.96057,0.72479,0.64784,-0.48954,0.50170,0.63588,0.32298,0.55593,-0.89468,-0.11906,
1413394907505760512,-1.90945,0.63791,0.62580,-0.45742,0.55692,0.64474,0.25480,0.63474,-0.79765,-0.17945,
1413394907605760512,-1.83895,0.56876,0.60383,-0.43038,0.59755,0.64146,0.21502,0.78128,-0.53815,-0.19230,
1413394907705760512,-1.75210,0.53191,0.58338,-0.40907,0.60760,0.64074,0.23008,0.94662,-0.15971,-0.12986,
1413394907805760256,-1.65344,0.53107,0.57155,-0.41445,0.57772,0.63461,0.30289,0.99852,0.07815,-0.12199,
1413394907905760512,-1.55814,0.54362,0.55172,-0.43953,0.53343,0.61466,0.38009,0.95164,0.11859,-0.22508,
1413394908005760512,-1.46852,0.54813,0.52286,-0.46525,0.49892,0.59275,0.42809,0.88941,0.00668,-0.30885,
1413394908105760512,-1.38467,0.54391,0.48341,-0.47223,0.48801,0.58767,0.43988,0.82769,-0.15272,-0.43556,
1413394908205760512,-1.30440,0.52647,0.43572,-0.44439,0.50737,0.61165,0.41349,0.76217,-0.28035,-0.48718,
1413394908305760256,-1.22914,0.50186,0.38918,-0.40260,0.53071,0.64386,0.37644,0.68115,-0.29860,-0.44792,
1413394908405760512,-1.16338,0.48093,0.35033,-0.37060,0.55085,0.66605,0.34000,0.58173,-0.18183,-0.33230,
1413394908505760512,-1.11318,0.48140,0.32514,-0.35756,0.56832,0.67407,0.30789,0.47732,0.06505,-0.15747,
1413394908605760512,-1.06800,0.51416,0.32881,-0.37306,0.55770,0.67023,0.31718,0.40393,0.39345,0.15949,
1413394908705760512,-1.03314,0.56462,0.35718,-0.41879,0.52209,0.64901,0.36169,0.33567,0.45890,0.33601,
1413394908805760256,-1.02000,0.61999,0.40206,-0.46544,0.48311,0.62086,0.40559,0.25655,0.36436,0.42560,
1413394908905760512,-1.00768,0.65521,0.45024,0.50478,-0.45455,-0.59315,-0.43215,0.21247,0.13298,0.52070,
1413394909005760512,-0.98973,0.66037,0.50801,0.53862,-0.44279,-0.56964,-0.43512,0.20946,-0.12595,0.58204,
1413394909105760512,-0.96980,0.64830,0.56425,0.53325,-0.46221,-0.57991,-0.40708,0.25045,-0.33525,0.53929,
1413394909205760512,-0.94307,0.61774,0.61406,-0.49755,0.49772,0.60795,0.36757,0.33159,-0.48074,0.44146,
1413394909305760256,-0.92204,0.58478,0.65762,-0.44727,0.53592,0.63256,0.33558,0.37461,-0.48912,0.37143,
1413394909405760512,-0.89454,0.56926,0.69126,-0.41535,0.57103,0.63294,0.31748,0.39545,-0.34911,0.33406,
1413394909505760512,-0.86025,0.57037,0.72091,-0.41081,0.59252,0.61074,0.32735,0.43136,-0.15613,0.32230,
1413394909605760512,-0.81841,0.58724,0.75000,-0.42920,0.60128,0.57434,0.35268,0.48919,-0.01906,0.33732,
1413394909705760512,-0.76980,0.61710,0.78305,-0.44852,0.59856,0.54188,0.38330,0.57782,0.03760,0.37712,
1413394909805760256,-0.71135,0.62941,0.82202,-0.46352,0.57831,0.51752,0.42764,0.65017,-0.02995,0.43686,
1413394909905760512,-0.64415,0.62729,0.86311,-0.47409,0.55542,0.50050,0.46502,0.67481,-0.18690,0.39023,
1413394910005760512,-0.57536,0.61431,0.89403,-0.45480,0.55518,0.51480,0.46895,0.68521,-0.37432,0.31582,
1413394910105760512,-0.50867,0.57743,0.91201,-0.41538,0.57474,0.54558,0.44663,0.65203,-0.46034,0.21388,
1413394910205760512,-0.44942,0.53700,0.91866,-0.38011,0.60088,0.57143,0.40979,0.60432,-0.45161,0.11617,
1413394910305760256,-0.39683,0.50008,0.91504,-0.35208,0.62267,0.59070,0.37336,0.57082,-0.33509,0.04166,
1413394910405760512,-0.34907,0.47863,0.90238,-0.33630,0.63613,0.60149,0.34705,0.54948,-0.15845,-0.07967,
1413394910505760512,-0.30580,0.48117,0.88271,-0.33545,0.63525,0.60459,0.34408,0.53509,0.12190,-0.06010,
1413394910605760512,-0.25747,0.50740,0.87113,-0.36757,0.60796,0.59025,0.38325,0.52032,0.31395,-0.04883,
1413394910705760512,-0.20736,0.53940,0.86589,-0.41812,0.57001,0.56000,0.43206,0.48501,0.33042,-0.05796,
1413394910805760256,-0.16368,0.56785,0.85576,-0.46266,0.54146,0.52915,0.46127,0.45439,0.18073,-0.09879,
1413394910905760512,-0.12130,0.57623,0.84188,-0.49009,0.52827,0.51054,0.46914,0.45860,-0.04677,-0.11735,
1413394911005760512,-0.07929,0.56111,0.82428,0.50606,-0.52781,-0.50212,-0.46172,0.47793,-0.30817,-0.17435,
1413394911105760512,-0.02920,0.51801,0.80188,-0.48117,0.54758,0.52689,0.43705,0.54411,-0.55177,-0.24492,
1413394911205760512,0.02756,0.45714,0.77551,-0.42655,0.57354,0.56875,0.40697,0.57340,-0.64876,-0.27114,
1413394911305760256,0.08615,0.39346,0.74663,-0.38007,0.59590,0.59836,0.37738,0.57581,-0.60307,-0.31677,
1413394911405760512,0.14655,0.34069,0.71390,-0.34771,0.61176,0.61387,0.35778,0.55001,-0.42811,-0.33775,
1413394911505760512,0.20128,0.30868,0.67705,-0.33335,0.61850,0.61877,0.35137,0.51111,-0.21524,-0.39139,
1413394911605760512,0.25248,0.29878,0.63838,-0.34459,0.61389,0.60719,0.36839,0.46935,0.00533,-0.37417,
1413394911705760512,0.29681,0.31227,0.60352,-0.38052,0.59284,0.57836,0.41138,0.41701,0.14013,-0.29082,
1413394911805760256,0.33683,0.32709,0.57706,-0.42052,0.56355,0.54514,0.45651,0.36476,0.05916,-0.19064,
1413394911905760512,0.36994,0.32289,0.55906,-0.44485,0.54349,0.52106,0.48499,0.28081,-0.15193,-0.11581,
1413394912005760512,0.39555,0.30035,0.54457,-0.43238,0.55313,0.52653,0.47943,0.22651,-0.32239,-0.10442,
1413394912105760512,0.41461,0.26528,0.53651,-0.39557,0.58520,0.55056,0.44492,0.15886,-0.42421,-0.01125,
1413394912205760512,0.42888,0.22561,0.53479,-0.35649,0.61624,0.56806,0.41288,0.12117,-0.40126,0.02703,
1413394912305760256,0.43819,0.19463,0.53996,-0.32789,0.63854,0.57072,0.39879,0.08325,-0.25321,0.09094,
1413394912405760512,0.44478,0.18088,0.54883,-0.31163,0.65681,0.55976,0.39767,0.06771,-0.04764,0.10199,
1413394912505760512,0.44843,0.19157,0.56555,-0.30851,0.67294,0.53623,0.40552,0.05876,0.15572,0.17191,
1413394912605760512,0.45001,0.22291,0.58912,-0.31975,0.68120,0.50230,0.42594,0.07254,0.29564,0.22365,
1413394912705760512,0.45427,0.26398,0.61435,-0.33265,0.68643,0.46603,0.44830,0.10016,0.37813,0.25158,
1413394912805760256,0.46388,0.30694,0.63996,-0.33715,0.69339,0.43749,0.46276,0.12644,0.40430,0.24321,
1413394912905760512,0.47690,0.35136,0.66337,-0.33393,0.69822,0.42271,0.47148,0.16455,0.40958,0.24702,
1413394913005760512,0.49465,0.39450,0.68719,-0.31661,0.69732,0.42396,0.48349,0.17875,0.41233,0.24672,
1413394913105760512,0.51353,0.43759,0.71101,-0.30252,0.69420,0.42753,0.49375,0.16337,0.42448,0.25455,
1413394913205760512,0.52720,0.48087,0.73645,-0.29825,0.68960,0.43354,0.49753,0.11146,0.45076,0.26471,
1413394913305760256,0.53410,0.52636,0.76355,-0.30653,0.67857,0.44485,0.49768,0.03372,0.47192,0.29025,
1413394913405760512,0.53475,0.57411,0.79249,-0.32326,0.65971,0.46230,0.49656,-0.04131,0.48666,0.26572,
1413394913505760512,0.52652,0.62071,0.81226,-0.33884,0.63581,0.48976,0.49098,-0.11269,0.46024,0.15527,
1413394913605760512,0.51087,0.66506,0.82087,-0.34875,0.60573,0.52512,0.48550,-0.21432,0.43148,0.05547,
1413394913705760512,0.48261,0.70517,0.81634,-0.35691,0.57659,0.56263,0.47287,-0.32798,0.39729,-0.09218,
1413394913805760256,0.44332,0.74228,0.79546,-0.37025,0.55604,0.59651,0.44487,-0.45096,0.37979,-0.23385,
1413394913905760512,0.39445,0.77848,0.76106,-0.39297,0.54109,0.62097,0.40889,-0.54614,0.38874,-0.33236,
1413394914005760512,0.34171,0.82292,0.71975,-0.42018,0.52372,0.63834,0.37641,-0.59101,0.40122,-0.40710,
1413394914105760512,0.28278,0.86856,0.67547,-0.44164,0.49938,0.65600,0.35390,-0.63848,0.42644,-0.39318,
1413394914205760512,0.21942,0.91419,0.63938,-0.45583,0.46596,0.67695,0.34183,-0.67728,0.44482,-0.24397,
1413394914305760256,0.15041,0.95978,0.61859,-0.46710,0.43045,0.69818,0.33026,-0.73997,0.43289,-0.10082,
1413394914405760512,0.07325,1.00408,0.61384,-0.47713,0.39515,0.71730,0.31887,-0.83288,0.40607,0.06055,
1413394914505760512,-0.01314,1.04620,0.62317,-0.48753,0.36388,0.73217,0.30633,-0.93203,0.39807,0.20495,
1413394914605760512,-0.10945,1.08417,0.63918,0.50011,-0.34778,-0.74034,-0.28432,-0.98920,0.33528,0.16767,
1413394914705760512,-0.21345,1.11891,0.64766,0.51348,-0.33824,-0.74426,-0.26080,-1.03534,0.30887,0.06638,
1413394914805760256,-0.32223,1.14980,0.64639,0.52491,-0.32799,-0.74786,-0.24001,-1.06891,0.28267,-0.03653,
1413394914905760512,-0.43180,1.17735,0.63538,0.53102,-0.31106,-0.75392,-0.22992,-1.07944,0.26311,-0.13331,
1413394915005760512,-0.54002,1.19815,0.61227,0.53680,-0.28731,-0.75990,-0.22771,-1.09082,0.20363,-0.26222,
1413394915105760512,-0.64938,1.20868,0.58301,0.54344,-0.25454,-0.76627,-0.22960,-1.12230,0.10084,-0.26998,
1413394915205760512,-0.76037,1.20648,0.55648,0.54468,-0.21804,-0.77721,-0.22743,-1.16753,-0.01937,-0.22592,
1413394915305760256,-0.87275,1.18697,0.53436,0.54753,-0.18066,-0.78696,-0.21970,-1.19128,-0.19926,-0.19788,
1413394915405760512,-0.98817,1.14970,0.51574,0.55431,-0.14521,-0.79272,-0.20796,-1.23532,-0.39354,-0.15527,
1413394915505760512,-1.10677,1.09472,0.50096,0.56348,-0.11147,-0.79545,-0.19321,-1.25279,-0.60601,-0.12113,
1413394915605760512,-1.22850,1.01819,0.49020,0.58351,-0.08713,-0.79213,-0.15642,-1.25257,-0.81555,-0.10386,
1413394915705760512,-1.34797,0.92542,0.48074,0.60502,-0.06901,-0.78664,-0.10190,-1.18895,-0.97810,-0.09554,
1413394915805760256,-1.45797,0.82234,0.47453,0.62288,-0.04102,-0.77924,-0.05592,-1.05743,-1.05100,-0.03435,
1413394915905760512,-1.55465,0.71403,0.47383,0.64025,-0.00613,-0.76785,-0.02105,-0.90253,-1.08707,-0.00242,
1413394916005760512,-1.63697,0.60511,0.47513,0.64743,0.02708,-0.76160,0.00832,-0.72508,-1.09569,-0.00082,
1413394916105760512,-1.70391,0.49728,0.47821,0.64980,0.05420,-0.75734,0.03553,-0.53719,-1.08179,0.04299,
1413394916205760512,-1.75190,0.39078,0.48114,0.63487,0.07862,-0.76653,0.05648,-0.35109,-1.05803,0.02331,
1413394916305760256,-1.78791,0.28543,0.48442,0.60963,0.10261,-0.78253,0.07399,-0.25264,-1.05322,0.05362,
1413394916405760512,-1.81535,0.18090,0.48692,0.58713,0.11716,-0.79395,0.10585,-0.19520,-1.03143,0.00825,
1413394916505760512,-1.83633,0.08034,0.48155,0.56648,0.12288,-0.80066,0.15150,-0.18968,-0.96650,-0.07739,
1413394916605760512,-1.86217,-0.01286,0.46760,0.55713,0.12376,-0.79488,0.20603,-0.23940,-0.85746,-0.16971,
1413394916705760512,-1.88980,-0.08749,0.44303,0.54695,0.13776,-0.78604,0.25299,-0.28987,-0.67030,-0.28637,
1413394916855760640,-1.94263,-0.15978,0.38687,0.52530,0.20316,-0.77881,0.27614,-0.40388,-0.35290,-0.44685,
1413394917055760384,-2.04286,-0.20099,0.28284,0.50075,0.31551,-0.75973,0.26929,-0.58049,-0.13071,-0.53263,
1413394917255760384,-2.16551,-0.22748,0.17954,-0.47349,-0.42038,0.72658,-0.26678,-0.65184,-0.19885,-0.46722,
1413394917455760384,-2.29754,-0.28815,0.08776,-0.45158,-0.47707,0.69951,-0.28138,-0.66787,-0.40673,-0.41517,
1413394917655760640,-2.43274,-0.40011,0.01268,-0.46929,-0.50257,0.66799,-0.28459,-0.63484,-0.70866,-0.31427,
1413394917855760640,-2.54213,-0.56687,-0.02443,-0.49471,-0.51509,0.64499,-0.27190,-0.39903,-0.95402,-0.07439,
1413394918055760384,-2.58294,-0.77769,-0.03778,-0.49546,-0.53599,0.62754,-0.27097,-0.02613,-1.16624,-0.16369,
1413394918255760384,-2.55145,-1.02210,-0.07061,-0.44984,-0.53141,0.63518,-0.33436,0.22094,-1.30117,-0.18241,
1413394918455760384,-2.50342,-1.28629,-0.10191,-0.38659,-0.52680,0.64523,-0.39586,0.16438,-1.37426,-0.13400,
1413394918655760640,-2.49661,-1.57001,-0.11984,-0.37216,-0.55672,0.61260,-0.41984,-0.07101,-1.44931,-0.06005,
1413394918855760640,-2.51972,-1.85947,-0.12709,0.39158,0.60221,-0.55486,0.41969,-0.15667,-1.45300,0.03714,
1413394919055760384,-2.54178,-2.13990,-0.09201,0.40580,0.61471,-0.50405,0.45099,-0.02760,-1.31333,0.32121,
1413394919255760384,-2.54209,-2.36889,0.00991,0.38480,0.62297,-0.46560,0.49704,0.02292,-0.99793,0.62843,
1413394919455760384,-2.53545,-2.52790,0.14833,0.38393,0.65117,-0.40003,0.51822,0.04249,-0.62214,0.70357,
1413394919655760640,-2.51234,-2.60449,0.27907,0.34071,0.70783,-0.36636,0.49868,0.16431,-0.25163,0.53725,
1413394919855760640,-2.46706,-2.63841,0.36711,0.24939,0.74665,-0.36448,0.49747,0.29854,-0.16347,0.33837,
1413394920055760384,-2.39579,-2.68045,0.42104,0.18501,0.78120,-0.32299,0.50118,0.41305,-0.27344,0.14997,
1413394920255760384,-2.30199,-2.75223,0.42889,0.13750,0.81291,-0.25544,0.50500,0.54354,-0.42127,-0.07869,
1413394920455760384,-2.17721,-2.83847,0.40474,0.12785,0.82410,-0.17185,0.52438,0.72967,-0.47881,-0.09823,
1413394920655760640,-2.01620,-2.92511,0.38684,0.14030,0.82423,-0.10300,0.53884,0.89215,-0.35455,-0.02605,
1413394920855760640,-1.82666,-2.97581,0.35841,0.13788,0.82883,-0.08486,0.53557,1.02737,-0.07459,-0.08447,
1413394921055760384,-1.60030,-2.97432,0.32009,0.11716,0.83053,-0.10674,0.53395,1.20833,0.12719,-0.21804,
1413394921255760384,-1.34129,-2.95094,0.26527,0.08426,0.81433,-0.15067,0.55413,1.30098,0.16070,-0.38488,
1413394921455760384,-1.06781,-2.95089,0.17618,0.02102,0.80412,-0.22049,0.55167,1.30884,-0.07662,-0.56586,
1413394921655760640,-0.80142,-3.01849,0.06008,0.06791,0.80956,-0.20653,0.54530,1.30669,-0.48473,-0.56241,
1413394921855760640,-0.54346,-3.11782,-0.05530,0.13458,0.79819,-0.15748,0.56567,1.34085,-0.47537,-0.47301,
1413394922055760384,-0.29009,-3.19525,-0.13891,0.09328,0.77202,-0.13246,0.61460,1.21588,-0.34274,-0.25185,
1413394922255760384,-0.08772,-3.25730,-0.16597,0.05446,0.79045,-0.07665,0.60527,0.93592,-0.29685,0.04622,
1413394922455760384,0.08989,-3.30930,-0.11833,0.05693,0.81823,-0.01009,0.57197,0.89992,-0.20074,0.49726,
1413394922655760640,0.27190,-3.33656,0.00189,0.01886,0.82377,-0.00418,0.56659,0.93289,-0.06485,0.63518,
1413394922855760640,0.47595,-3.35554,0.12709,-0.00542,0.83431,-0.00974,0.55119,1.01030,-0.06780,0.64615,
1413394923055760384,0.69695,-3.37724,0.24903,-0.00639,0.84276,-0.00974,0.53817,1.15541,-0.10059,0.52045,
1413394923255760384,0.93745,-3.39072,0.34590,0.01745,0.83396,0.00376,0.55154,1.31554,-0.07435,0.50492,
1413394923455760384,1.21232,-3.38737,0.43434,0.01188,0.83209,0.00623,0.55447,1.37935,0.07403,0.47308,
1413394923655760640,1.50477,-3.36260,0.52082,-0.01416,0.83884,0.03425,0.54311,1.52688,0.15638,0.43764,
1413394923855760640,1.81965,-3.32033,0.57884,-0.03151,0.82283,0.09477,0.55944,1.59249,0.27592,0.20808,
1413394924055760384,2.14574,-3.25213,0.59390,-0.06646,0.80659,0.15015,0.56785,1.55612,0.41649,0.01336,
1413394924255760384,2.43884,-3.15263,0.59272,-0.12910,0.79615,0.19120,0.55939,1.46331,0.52449,0.05032,
1413394924455760384,2.72232,-3.04601,0.60556,-0.18766,0.78289,0.23709,0.54374,1.44792,0.50631,0.10721,
1413394924655760640,2.99930,-2.94411,0.62156,-0.21825,0.75906,0.30027,0.53482,1.40699,0.49259,0.14480,
1413394924855760640,3.27698,-2.84215,0.65030,-0.23773,0.71826,0.36940,0.53956,1.30553,0.51909,0.21123,
1413394924955760384,3.40714,-2.79324,0.66195,-0.24234,0.69322,0.39916,0.54898,1.20022,0.51741,0.23343,
1413394925055760384,3.52489,-2.74653,0.67422,-0.24112,0.67191,0.42200,0.55885,1.04081,0.51265,0.22050,
1413394925155760640,3.62523,-2.70033,0.68809,-0.24062,0.66739,0.44120,0.54957,0.83473,0.54489,0.21301,
1413394925255760384,3.69700,-2.64605,0.70568,-0.23691,0.66356,0.46226,0.53841,0.64213,0.58886,0.22568,
1413394925355760640,3.72304,-2.58674,0.72060,-0.23414,0.65768,0.47859,0.53253,0.44428,0.66589,0.16990,
1413394925455760384,3.71779,-2.52470,0.72855,-0.24237,0.65762,0.48172,0.52606,0.23793,0.74573,0.05664,
1413394925555760384,3.65660,-2.46439,0.71835,-0.25386,0.66081,0.47850,0.51953,0.01730,0.81138,-0.05952,
1413394925655760640,3.61674,-2.39105,0.70222,-0.26519,0.66339,0.47601,0.51284,-0.15320,0.84976,-0.16080,
1413394925755760384,3.58567,-2.30703,0.68553,-0.28798,0.67340,0.46310,0.49915,-0.26736,0.89342,-0.16356,
1413394925855760640,3.55509,-2.21452,0.67240,-0.30456,0.68215,0.45143,0.48797,-0.31773,0.92508,-0.13379,
1413394925955760384,3.52154,-2.11997,0.66087,-0.31369,0.68560,0.44766,0.48079,-0.32890,0.94014,-0.10397,
1413394926055760384,3.48585,-2.02274,0.65256,-0.31246,0.68209,0.45565,0.47906,-0.34377,0.97041,-0.09304,
1413394926155760640,3.44385,-1.92671,0.64450,-0.30443,0.67620,0.46773,0.48094,-0.37022,0.97967,-0.08915,
1413394926255760384,3.40492,-1.82557,0.63717,-0.29709,0.67144,0.47803,0.48207,-0.41674,1.02124,-0.07516,
1413394926355760640,3.36218,-1.71884,0.63003,-0.30025,0.67574,0.47921,0.47285,-0.46411,1.07352,-0.08344,
1413394926455760384,3.31680,-1.60576,0.62343,-0.30423,0.68068,0.47963,0.46269,-0.48271,1.15162,-0.05779,
1413394926555760384,3.26862,-1.48519,0.62004,-0.31585,0.67838,0.48321,0.45449,-0.50256,1.23153,-0.03473,
1413394926655760640,3.21835,-1.35875,0.61657,-0.33940,0.67047,0.49015,0.44162,-0.50557,1.28759,-0.02590,
1413394926755760384,3.16852,-1.22981,0.61518,-0.37490,0.66088,0.49668,0.41953,-0.47504,1.30795,-0.00761,
1413394926855760640,3.12512,-1.09966,0.61582,-0.41257,0.65059,0.50408,0.39041,-0.37606,1.29589,0.00392,
1413394926955760384,3.09519,-0.97114,0.61451,-0.44072,0.63727,0.51610,0.36510,-0.21559,1.29108,-0.04205,
1413394927055760384,3.08677,-0.84449,0.60691,-0.45295,0.62012,0.53293,0.35534,-0.01528,1.30321,-0.11458,
1413394927155760640,3.09682,-0.71911,0.59087,-0.44251,0.59385,0.56051,0.37061,0.13000,1.28215,-0.19770,
1413394927255760384,3.11755,-0.59611,0.57384,-0.42915,0.56976,0.58300,0.38899,0.20358,1.28307,-0.11606,
1413394927355760640,3.14440,-0.48099,0.56660,-0.41841,0.55747,0.59738,0.39661,0.20893,1.24630,0.00991,
1413394927455760384,3.16926,-0.36698,0.57300,-0.41530,0.55643,0.60313,0.39262,0.18902,1.24593,0.13180,
1413394927555760384,3.18985,-0.25020,0.59210,-0.41448,0.56057,0.60476,0.38501,0.15942,1.22799,0.26442,
1413394927655760640,3.20479,-0.13099,0.62393,-0.41646,0.56238,0.60372,0.38185,0.13602,1.22482,0.33569,
1413394927755760384,3.21782,-0.01076,0.65934,-0.41910,0.56052,0.60484,0.37991,0.12056,1.24294,0.35881,
1413394927855760640,3.22951,0.10924,0.69055,-0.41978,0.55433,0.60730,0.38431,0.10508,1.24731,0.26035,
1413394927955760384,3.23903,0.22879,0.71133,-0.41998,0.55299,0.60892,0.38346,0.07942,1.25499,0.15325,
1413394928055760384,3.24638,0.34760,0.72287,-0.42143,0.54887,0.60924,0.38726,0.06574,1.24290,0.06534,
1413394928155760640,3.25189,0.46900,0.72779,-0.42089,0.53662,0.61047,0.40275,0.02920,1.23293,0.00036,
1413394928255760384,3.25221,0.58737,0.72806,-0.42527,0.52291,0.60731,0.42057,-0.04417,1.19631,-0.00696,
1413394928355760640,3.24460,0.69668,0.72944,-0.43044,0.51400,0.60216,0.43351,-0.12805,1.09755,0.01719,
1413394928455760384,3.22812,0.79153,0.73051,-0.43681,0.51956,0.59686,0.42781,-0.20328,0.97070,0.01605,
1413394928555760384,3.20585,0.87784,0.73393,-0.44295,0.53226,0.59153,0.41303,-0.24568,0.86959,0.04329,
1413394928655760640,3.18116,0.95987,0.73996,-0.44450,0.54183,0.58873,0.40278,-0.25823,0.80842,0.06909,
1413394928755760384,3.15592,1.03806,0.74705,-0.44266,0.54646,0.58794,0.39971,-0.25753,0.75598,0.07079,
1413394928855760640,3.13060,1.11163,0.75131,-0.43770,0.54643,0.58948,0.40293,-0.24892,0.71569,0.00310,
1413394928955760384,3.10446,1.18263,0.74736,-0.43092,0.54363,0.59253,0.40949,-0.26985,0.69746,-0.10934,
1413394929055760384,3.07521,1.24633,0.73396,-0.43061,0.54356,0.59144,0.41148,-0.30817,0.62587,-0.16693,
1413394929155760640,3.04337,1.30597,0.71748,-0.43811,0.54023,0.58517,0.41689,-0.33662,0.57217,-0.15542,
1413394929255760384,3.00970,1.35824,0.70128,-0.44804,0.53916,0.57751,0.41837,-0.34872,0.48890,-0.13139,
1413394929355760640,2.97656,1.40055,0.68892,-0.45921,0.54220,0.56947,0.41335,-0.33325,0.38779,-0.11084,
1413394929455760384,2.94610,1.43241,0.68299,-0.46136,0.54753,0.56788,0.40604,-0.30029,0.30028,-0.06939,
1413394929555760384,2.92120,1.45207,0.67877,-0.45187,0.55820,0.57505,0.39184,-0.24854,0.23022,-0.05756,
1413394929655760640,2.90252,1.46728,0.67666,-0.43848,0.56620,0.58422,0.38189,-0.19523,0.20656,-0.01109,
1413394929755760384,2.88720,1.48322,0.67599,-0.42784,0.56633,0.59112,0.38314,-0.17274,0.21751,-0.02892,
1413394929855760640,2.87282,1.50078,0.66913,-0.42428,0.56338,0.59304,0.38846,-0.16139,0.22851,-0.11216,
1413394929955760384,2.85781,1.52008,0.65438,-0.43036,0.55800,0.58812,0.39691,-0.16529,0.21569,-0.18710,
1413394930055760384,2.84377,1.53431,0.63088,-0.43801,0.55022,0.58192,0.40838,-0.16321,0.15179,-0.29155,
1413394930155760640,2.82993,1.54277,0.60188,-0.44392,0.54288,0.57671,0.41908,-0.16117,0.08329,-0.27649,
1413394930255760384,2.81357,1.54704,0.57698,-0.45351,0.53468,0.56904,0.42970,-0.18481,-0.01438,-0.21859,
1413394930355760640,2.79570,1.54053,0.55631,-0.46704,0.53701,0.55910,0.42531,-0.17441,-0.13344,-0.21085,
1413394930455760384,2.78018,1.52307,0.53288,-0.45474,0.55923,0.56885,0.39608,-0.13659,-0.22082,-0.24492,
1413394930555760384,2.76908,1.50170,0.50391,-0.42550,0.58922,0.58816,0.35473,-0.08587,-0.23094,-0.33929,
1413394930655760640,2.76391,1.48383,0.46435,-0.39475,0.61494,0.60442,0.31732,-0.01278,-0.13952,-0.43181,
1413394930755760384,2.76669,1.48358,0.42305,-0.37202,0.61554,0.61826,0.31697,0.04671,0.12307,-0.38898,
1413394930855760640,2.77367,1.50940,0.38604,-0.37812,0.59465,0.61613,0.35184,0.05964,0.32450,-0.35032,
1413394930955760384,2.77975,1.55053,0.35445,-0.40429,0.56824,0.59940,0.39290,0.03056,0.42635,-0.28375,
1413394931055760384,2.78215,1.59434,0.33037,-0.42921,0.54733,0.58093,0.42276,-0.01074,0.41333,-0.16178,
1413394931155760640,2.78080,1.62984,0.31732,-0.44035,0.53765,0.57124,0.43671,-0.04036,0.29402,-0.06506,
1413394931255760384,2.77478,1.65237,0.31991,-0.44650,0.53376,0.56503,0.44326,-0.08926,0.16647,0.11051,
1413394931355760640,2.76439,1.66400,0.34499,-0.45494,0.52841,0.55654,0.45174,-0.12108,0.06465,0.34165,
1413394931455760384,2.74929,1.65792,0.38132,-0.45213,0.53442,0.55731,0.44652,-0.14615,-0.09290,0.31072,
1413394931555760384,2.73080,1.63985,0.40663,-0.42894,0.55174,0.57287,0.42827,-0.17454,-0.19839,0.20739,
1413394931655760640,2.71123,1.61944,0.42190,-0.40987,0.56021,0.58763,0.41578,-0.21322,-0.22119,0.13342,
1413394931755760384,2.68638,1.59257,0.43176,-0.39592,0.55212,0.60679,0.41258,-0.28383,-0.21314,0.08205,
1413394931855760640,2.65340,1.56628,0.43695,-0.39129,0.53310,0.62862,0.40930,-0.39713,-0.19658,0.00530,
1413394931955760384,2.60878,1.54391,0.43394,-0.40585,0.51625,0.64498,0.39086,-0.52373,-0.15557,-0.02256,
1413394932055760384,2.55192,1.52396,0.43714,-0.43631,0.49354,0.65551,0.36927,-0.61855,-0.14986,0.10462,
1413394932155760640,2.48876,1.50068,0.45636,-0.47473,0.46549,0.66228,0.34545,-0.67147,-0.16925,0.24316,
1413394932255760384,2.42233,1.47829,0.48895,0.51131,-0.43970,-0.66819,-0.31424,-0.65948,-0.19220,0.36525,
1413394932355760640,2.35928,1.45248,0.53077,0.54224,-0.40858,-0.67539,-0.28789,-0.59360,-0.22004,0.44256,
1413394932455760384,2.30547,1.42301,0.57214,0.56608,-0.37113,-0.68381,-0.27245,-0.49824,-0.27942,0.37183,
1413394932555760384,2.26015,1.38632,0.60332,0.58358,-0.33398,-0.69311,-0.25980,-0.38581,-0.36490,0.25752,
1413394932655760640,2.22461,1.34062,0.61917,0.59290,-0.30070,-0.70568,-0.24508,-0.28499,-0.46073,0.12017,
1413394932755760384,2.19962,1.28511,0.62494,0.59222,-0.27337,-0.72354,-0.22592,-0.19606,-0.56060,0.09539,
1413394932855760640,2.18209,1.22378,0.63180,0.57900,-0.25465,-0.74811,-0.20061,-0.11959,-0.62688,0.10257,
1413394932955760384,2.16941,1.15751,0.63991,0.56416,-0.23961,-0.77039,-0.17554,-0.08988,-0.65227,0.07939,
1413394933055760384,2.15851,1.09237,0.64380,0.55611,-0.22393,-0.78560,-0.15304,-0.10889,-0.63938,0.01750,
1413394933155760640,2.14581,1.02868,0.64073,0.55471,-0.20339,-0.79540,-0.13517,-0.13853,-0.62506,-0.06176,
1413394933255760384,2.13149,0.96727,0.62865,0.56130,-0.18101,-0.79884,-0.11843,-0.14927,-0.61478,-0.16602,
1413394933355760640,2.11799,0.90693,0.60608,0.56923,-0.15645,-0.80019,-0.10576,-0.15288,-0.59123,-0.27327,
1413394933455760384,2.10524,0.84842,0.57326,0.57630,-0.13392,-0.80079,-0.09318,-0.14191,-0.58644,-0.39397,
1413394933555760384,2.09064,0.79262,0.52951,0.58139,-0.11361,-0.80173,-0.07942,-0.14636,-0.58279,-0.46827,
1413394933655760640,2.07619,0.73703,0.48485,0.59021,-0.09289,-0.79925,-0.06497,-0.13227,-0.57334,-0.42400,
1413394933755760384,2.06526,0.68274,0.44489,0.60279,-0.07339,-0.79283,-0.05167,-0.09124,-0.56496,-0.37402,
1413394933855760640,2.05983,0.62870,0.40841,0.60927,-0.05861,-0.78971,-0.04136,-0.02490,-0.56167,-0.34971,
1413394933955760384,2.06178,0.57280,0.37273,0.60032,-0.04280,-0.79801,-0.03097,0.04138,-0.56849,-0.34391,
1413394934055760384,2.06732,0.51438,0.34053,0.58787,-0.02459,-0.80841,-0.01690,0.05590,-0.58310,-0.29693,
1413394934155760640,2.07153,0.45497,0.31658,0.59287,-0.00346,-0.80529,-0.00046,0.03594,-0.59063,-0.22544,
1413394934255760384,2.07521,0.39788,0.28965,0.60212,0.02036,-0.79795,0.01739,0.06416,-0.59181,-0.32366,
1413394934355760640,2.08282,0.34039,0.24983,0.59954,0.04657,-0.79810,0.03772,0.10182,-0.58893,-0.45144,
1413394934455760384,2.09513,0.28559,0.19734,0.58836,0.06769,-0.80325,0.06357,0.14134,-0.56308,-0.56888,
1413394934555760384,2.10979,0.23388,0.13548,0.58029,0.08663,-0.80596,0.07862,0.12601,-0.52260,-0.65415,
1413394934655760640,2.12419,0.18645,0.07297,0.57616,0.10505,-0.80623,0.08363,0.12538,-0.48220,-0.57187,
1413394934755760384,2.14214,0.14173,0.02204,0.57569,0.11487,-0.80444,0.09089,0.18408,-0.44693,-0.46179,
1413394934855760640,2.16135,0.09771,-0.01347,0.57786,0.11934,-0.80167,0.09573,0.18606,-0.41470,-0.29894,
1413394934955760384,2.17981,0.05536,-0.03146,0.57910,0.12107,-0.80021,0.09820,0.17610,-0.40132,-0.11175,
1413394935055760384,2.19496,0.01990,-0.02833,0.58426,0.11917,-0.79644,0.10060,0.17031,-0.37637,0.03368,
1413394935155760640,2.20834,-0.00871,-0.01518,0.59125,0.11033,-0.79240,0.10175,0.17747,-0.32591,0.03738,
1413394935255760384,2.22425,-0.03568,-0.00844,0.59798,0.09924,-0.78944,0.09674,0.21308,-0.27520,-0.02519,
1413394935355760640,2.24658,-0.06274,-0.01394,0.60682,0.09117,-0.78459,0.08872,0.25354,-0.23578,-0.11273,
1413394935455760384,2.27297,-0.08767,-0.03129,0.61092,0.08622,-0.78296,0.07945,0.29794,-0.21209,-0.23312,
1413394935555760384,2.30415,-0.10964,-0.06061,0.60351,0.08331,-0.78987,0.07024,0.35476,-0.20087,-0.32558,
1413394935655760640,2.34289,-0.12968,-0.09286,0.59567,0.08049,-0.79671,0.06287,0.40662,-0.19241,-0.29152,
1413394935755760384,2.38235,-0.15026,-0.11379,0.59372,0.07774,-0.79885,0.05736,0.43613,-0.19123,-0.15244,
1413394935855760640,2.42269,-0.17020,-0.11909,0.59594,0.07481,-0.79765,0.05488,0.42705,-0.20384,0.01815,
1413394935955760384,2.46797,-0.18909,-0.11884,0.59238,0.07197,-0.80068,0.05315,0.46095,-0.21219,-0.05107,
1413394936055760384,2.51685,-0.20849,-0.13019,0.57803,0.07538,-0.81082,0.05265,0.48816,-0.22367,-0.20148,
1413394936205760512,2.58733,-0.24549,-0.16928,0.55203,0.09919,-0.82526,0.06613,0.43033,-0.27686,-0.29373,
1413394936305760256,2.63135,-0.27500,-0.20003,0.55591,0.13008,-0.81656,0.08535,0.40541,-0.32738,-0.31213,
1413394936505760512,2.71073,-0.34630,-0.25394,0.56899,0.21885,-0.78036,0.13929,0.40669,-0.38846,-0.23182,
1413394936705760512,2.79911,-0.42961,-0.29246,0.54867,0.30800,-0.75353,0.19053,0.47150,-0.45005,-0.16160,
1413394936905760512,2.89967,-0.52504,-0.31682,0.52288,0.36970,-0.73219,0.23198,0.53197,-0.51796,-0.10179,
1413394937105760512,3.01203,-0.63923,-0.33639,-0.49150,-0.43183,0.70889,-0.26349,0.57382,-0.63088,-0.09616,
1413394937255760384,3.10068,-0.74120,-0.35120,-0.46850,-0.46986,0.68987,-0.28950,0.58359,-0.71988,-0.10792,
1413394937355760640,3.15920,-0.81775,-0.36088,-0.45104,-0.48230,0.68476,-0.30831,0.56316,-0.79380,-0.08944,
1413394937555760384,3.26315,-0.98626,-0.37591,-0.44189,-0.49227,0.67374,-0.32936,0.46959,-0.89409,-0.10198,
1413394937755760384,3.34872,-1.17185,-0.39026,-0.44626,-0.48711,0.66937,-0.33988,0.40828,-0.96010,-0.08062,
1413394937955760384,3.40483,-1.36734,-0.39213,-0.44712,-0.46476,0.68391,-0.34111,0.26797,-1.00136,-0.01948,
1413394938155760640,3.41564,-1.56741,-0.36810,-0.43574,-0.43192,0.71391,-0.33750,0.05363,-1.03946,0.19685,
1413394938355760640,3.34580,-1.76685,-0.27042,-0.45258,-0.40982,0.72608,-0.31627,-0.29949,-1.05554,0.58759,
1413394938555760384,3.25622,-1.97497,-0.13463,-0.49053,-0.38546,0.72719,-0.28636,-0.45266,-1.04935,0.60214,
1413394938755760384,3.16138,-2.18243,-0.04217,0.50383,0.35077,-0.75205,0.23988,-0.50183,-1.04869,0.34956,
1413394938955760384,3.05789,-2.39510,0.00874,0.50734,0.27211,-0.78654,0.22344,-0.57707,-1.04973,0.16095,
1413394939155760640,2.93236,-2.59215,0.02295,0.52710,0.16821,-0.80498,0.21420,-0.73580,-0.87270,-0.03005,
1413394939355760640,2.77026,-2.74525,0.00425,0.54786,0.11198,-0.81307,0.16192,-0.86448,-0.64701,-0.14295,
1413394939555760384,2.59269,-2.86810,0.00494,0.56669,0.11524,-0.81061,0.09216,-0.91183,-0.54274,0.14068,
1413394939755760384,2.41105,-2.98128,0.05734,0.57061,0.07715,-0.81132,0.10103,-0.90903,-0.48845,0.34419,
1413394939955760384,2.22880,-3.04737,0.12187,0.56032,0.03677,-0.82191,0.09565,-0.95911,-0.25578,0.24083,
1413394940155760640,2.03523,-3.06921,0.13929,0.54665,0.02738,-0.83587,0.04182,-1.02115,-0.15636,-0.01807,
1413394940355760640,1.83037,-3.08505,0.12065,0.56399,-0.02731,-0.82523,0.01266,-1.10570,-0.07451,-0.23314,
1413394940555760384,1.61043,-3.08905,0.07152,0.57512,-0.08565,-0.81286,-0.03396,-1.10043,0.03489,-0.25029,
1413394940755760384,1.38700,-3.08543,0.04161,0.56696,-0.11141,-0.80913,-0.10705,-1.10461,-0.02420,-0.09277,
1413394940955760384,1.15495,-3.11154,0.06693,0.56531,-0.14606,-0.80481,-0.10666,-1.14771,-0.15093,0.18119,
1413394941055760384,1.04067,-3.12907,0.10192,0.55914,-0.17284,-0.80609,-0.08777,-1.14876,-0.12411,0.22019,
1413394941205760512,0.88032,-3.12606,0.14857,0.54456,-0.21243,-0.80880,-0.06463,-1.14007,0.04044,0.27349,
1413394941405760512,0.64601,-3.09039,0.21838,0.52743,-0.22729,-0.81571,-0.06909,-1.19070,0.34995,0.35411,
1413394941605760512,0.38150,-3.00510,0.30645,0.52412,-0.18813,-0.82032,-0.13027,-1.33194,0.51307,0.42326,
1413394941755760384,0.15061,-2.93074,0.37295,0.53264,-0.18498,-0.81107,-0.15571,-1.47115,0.47698,0.40977,
1413394941855760640,-0.01457,-2.88666,0.41525,0.54380,-0.20237,-0.80083,-0.14832,-1.52403,0.43714,0.36882,
1413394941955760384,-0.17469,-2.84175,0.45272,0.55519,-0.23560,-0.78903,-0.11698,-1.53402,0.44676,0.36111,
1413394942055760384,-0.32595,-2.79103,0.49099,0.56223,-0.26825,-0.77782,-0.08329,-1.49200,0.56140,0.39525,
1413394942155760640,-0.46281,-2.72441,0.53142,0.56623,-0.29890,-0.76632,-0.05286,-1.37767,0.76883,0.43239,
1413394942255760384,-0.58207,-2.63292,0.57750,0.56667,-0.32595,-0.75583,-0.03698,-1.20357,1.05119,0.49529,
1413394942355760640,-0.68073,-2.51288,0.62823,0.56349,-0.34979,-0.74745,-0.03794,-0.99763,1.35985,0.54186,
1413394942455760384,-0.77873,-2.35978,0.68603,0.55971,-0.36831,-0.74005,-0.05823,-0.83954,1.66882,0.55017,
1413394942555760384,-0.85054,-2.18355,0.73224,0.55749,-0.38720,-0.72899,-0.08863,-0.67675,1.86575,0.38395,
1413394942655760640,-0.90212,-1.99013,0.76202,0.55469,-0.40796,-0.71467,-0.12301,-0.51285,2.02653,0.20608,
1413394942755760384,-0.94197,-1.78123,0.77612,0.55186,-0.42020,-0.69906,-0.17379,-0.35311,2.13506,0.05414,
1413394942855760640,-0.96630,-1.56616,0.77521,0.54845,-0.41414,-0.68204,-0.25001,-0.22516,2.14420,-0.11379,
1413394942955760384,-0.98203,-1.35666,0.75257,0.54183,-0.40225,-0.66100,-0.32817,-0.15801,2.03181,-0.32831,
1413394943055760384,-0.99422,-1.16269,0.71004,0.53233,-0.40288,-0.63745,-0.38466,-0.14785,1.84746,-0.49095,
1413394943155760640,-1.00657,-0.99154,0.65584,0.52004,-0.41562,-0.61382,-0.42432,-0.15872,1.59562,-0.57917,
1413394943255760384,-1.02281,-0.84741,0.59275,0.50607,-0.43395,-0.59030,-0.45510,-0.18634,1.29554,-0.66596,
1413394943355760640,-1.04329,-0.73282,0.52725,-0.49082,0.45724,0.56798,0.47689,-0.24863,0.96040,-0.62968,
1413394943455760384,-1.07178,-0.65202,0.47180,-0.46939,0.48189,0.55152,0.49323,-0.32517,0.59993,-0.51547,
1413394943555760384,-1.11168,-0.60204,0.42890,-0.44233,0.50891,0.54094,0.50273,-0.43849,0.31124,-0.39762,
1413394943655760640,-1.16459,-0.57793,0.39563,-0.41342,0.54198,0.53871,0.49511,-0.56980,0.08733,-0.33204,
1413394943755760384,-1.22609,-0.57288,0.36611,-0.39671,0.57479,0.53287,0.47780,-0.65664,-0.04314,-0.32573,
1413394943855760640,-1.29607,-0.57709,0.33347,-0.39743,0.59775,0.52034,0.46259,-0.70808,-0.08964,-0.36300,
1413394943955760384,-1.36979,-0.58583,0.29669,-0.40528,0.61572,0.50760,0.44606,-0.71880,-0.15753,-0.42618,
1413394944055760384,-1.44214,-0.59918,0.25894,-0.40110,0.62303,0.50706,0.44027,-0.67318,-0.19298,-0.38279,
1413394944155760640,-1.51085,-0.61908,0.22997,-0.39346,0.62365,0.51181,0.44079,-0.63108,-0.22910,-0.28885,
1413394944255760384,-1.57508,-0.64555,0.21122,-0.38699,0.62809,0.51256,0.43934,-0.59634,-0.25477,-0.20224,
1413394944355760640,-1.63256,-0.67359,0.20415,-0.37553,0.63756,0.51530,0.43239,-0.54379,-0.22600,-0.00686,
1413394944455760384,-1.68476,-0.69836,0.21375,-0.35570,0.64877,0.52035,0.42640,-0.49234,-0.17517,0.10814,
1413394944555760384,-1.73366,-0.71843,0.22179,-0.33770,0.66665,0.51369,0.42150,-0.44309,-0.10948,0.03243,
1413394944655760640,-1.77930,-0.73084,0.21680,-0.32071,0.69329,0.49594,0.41296,-0.38965,-0.02716,-0.09304,
1413394944755760384,-1.81750,-0.73494,0.19997,-0.29835,0.72217,0.47354,0.40647,-0.29191,0.08025,-0.18544,
1413394944855760640,-1.84436,-0.72540,0.17488,-0.27627,0.74857,0.44487,0.40670,-0.17886,0.22542,-0.24269,
1413394944955760384,-1.85799,-0.70057,0.14375,-0.25585,0.76954,0.41084,0.41661,-0.02127,0.37226,-0.29565,
1413394945055760384,-1.85433,-0.65847,0.11083,-0.23464,0.78074,0.37609,0.44039,0.12417,0.52056,-0.30467,
1413394945155760640,-1.83806,-0.60352,0.07523,-0.20987,0.78602,0.34255,0.46987,0.23722,0.64190,-0.32676,
1413394945255760384,-1.81384,-0.53669,0.03942,-0.18621,0.78910,0.30783,0.49788,0.32193,0.74284,-0.29976,
1413394945355760640,-1.78052,-0.45985,0.00898,-0.16249,0.78874,0.27336,0.52608,0.36155,0.82336,-0.24228,
1413394945455760384,-1.74395,-0.37570,-0.01573,-0.14958,0.78200,0.23086,0.55929,0.34676,0.87039,-0.24002,
1413394945555760384,-1.70972,-0.28985,-0.03987,-0.15319,0.78438,0.17525,0.57495,0.31086,0.83755,-0.24513,
1413394945655760640,-1.67851,-0.21024,-0.06292,-0.15176,0.79043,0.12092,0.58100,0.29550,0.75776,-0.22867,
1413394945755760384,-1.64791,-0.14177,-0.08249,-0.14205,0.79755,0.06985,0.58211,0.28302,0.62661,-0.19674,
1413394945855760640,-1.61603,-0.08947,-0.09942,-0.12378,0.80284,0.02069,0.58284,0.31160,0.45713,-0.17301,
1413394945955760384,-1.58690,-0.05634,-0.11658,-0.10028,0.80510,-0.02918,0.58387,0.27024,0.24716,-0.13839,
1413394946055760384,-1.56145,-0.04540,-0.12856,-0.05754,0.80585,-0.06801,0.58538,0.24920,0.04145,-0.08924,
1413394946205760512,-1.53009,-0.05696,-0.13869,0.01286,0.80065,-0.12354,0.58612,0.17071,-0.15869,-0.03078,
1413394946355760640,-1.51163,-0.09131,-0.14800,0.06235,0.78674,-0.19389,0.58271,0.08019,-0.28429,-0.06192,
1413394946555760384,-1.50950,-0.16978,-0.15557,0.11683,0.76067,-0.29145,0.56814,-0.07924,-0.47076,-0.00747,
1413394946755760384,-1.54237,-0.28172,-0.15525,0.21386,0.72273,-0.35588,0.55251,-0.23283,-0.60181,0.01213,
1413394946955760384,-1.60430,-0.39839,-0.15187,0.29950,0.67575,-0.42493,0.52259,-0.34227,-0.55549,0.05179,
1413394947155760640,-1.68132,-0.49769,-0.13084,0.36848,0.62477,-0.49560,0.47777,-0.38742,-0.42691,0.22585,
1413394947355760640,-1.76063,-0.56878,-0.05266,0.41953,0.57387,-0.55746,0.42886,-0.34567,-0.31216,0.58606,
1413394947555760384,-1.82050,-0.61916,0.07753,-0.44383,-0.53983,0.59020,-0.40405,-0.24101,-0.19345,0.67155,
1413394947755760384,-1.86542,-0.65800,0.18155,-0.41069,-0.55859,0.62380,-0.36081,-0.17136,-0.21484,0.41405,
1413394947955760384,-1.89019,-0.72649,0.26432,-0.37367,-0.59567,0.61623,-0.35468,-0.11262,-0.50341,0.54044,
1413394948155760640,-1.88128,-0.86406,0.37350,0.34020,0.63644,-0.58855,0.36444,-0.05506,-0.82482,0.51118,
1413394948355760640,-1.88441,-1.06178,0.46577,0.36797,0.64031,-0.53605,0.40896,0.01790,-1.10332,0.42774,
1413394948555760384,-1.87519,-1.26915,0.53860,0.42705,0.59475,-0.47406,0.48905,0.06045,-0.92531,0.34295,
1413394948755760384,-1.86129,-1.40132,0.60726,0.45272,0.56440,-0.44905,0.52427,0.05374,-0.36058,0.38702,
1413394948955760384,-1.84887,-1.42578,0.68075,0.41825,0.60051,-0.48834,0.47538,0.07749,0.08092,0.34821,
1413394949155760640,-1.82764,-1.39252,0.72090,0.35583,0.65458,-0.54311,0.38722,0.14241,0.18935,0.07912,
1413394949355760640,-1.77101,-1.37789,0.71924,0.32279,0.67486,-0.56934,0.34090,0.32207,-0.19008,-0.07649,
1413394949555760384,-1.67752,-1.45899,0.70891,0.35497,0.65416,-0.55407,0.37292,0.51625,-0.67586,0.06286,
1413394949755760384,-1.55737,-1.60065,0.73127,0.42574,0.59407,-0.50391,0.46033,0.62274,-0.63363,0.10706,
1413394949955760384,-1.42563,-1.68804,0.74290,0.41692,0.57383,-0.50031,0.49658,0.63976,-0.28784,0.04930,
1413394950155760640,-1.29798,-1.69034,0.74623,0.36374,0.58374,-0.50294,0.52345,0.49887,0.03992,0.01355,
1413394950355760640,-1.22619,-1.67210,0.74611,0.29947,0.64959,-0.51830,0.46874,0.21505,0.06979,0.03339,
1413394950555760384,-1.18847,-1.67906,0.76669,0.29493,0.70229,-0.50965,0.40008,0.22233,-0.22773,0.11291,
1413394950755760384,-1.12099,-1.76435,0.80504,0.32823,0.69370,-0.48165,0.42315,0.44639,-0.56988,0.27376,
1413394950955760384,-1.00473,-1.85175,0.85736,0.38157,0.63968,-0.40999,0.52643,0.55799,-0.40789,0.28581,
1413394951155760640,-0.88787,-1.86977,0.91555,0.37735,0.61661,-0.35318,0.59386,0.46660,0.17783,0.25753,
1413394951355760640,-0.81699,-1.77673,0.96213,0.28778,0.68151,-0.36778,0.56344,0.20665,0.64808,0.20250,
1413394951555760384,-0.78364,-1.64446,1.01026,0.20185,0.76971,-0.40533,0.45001,0.16121,0.55213,0.31348,
1413394951755760384,-0.72878,-1.58599,1.08577,0.17069,0.79676,-0.42688,0.39219,0.44306,-0.06905,0.48666,
1413394951955760384,-0.60178,-1.66900,1.20442,0.23839,0.75669,-0.39252,0.46532,0.76703,-0.60926,0.63515,
1413394952155760640,-0.43669,-1.79533,1.31725,0.29660,0.68939,-0.35474,0.55761,0.76083,-0.54417,0.41892,
1413394952355760640,-0.29007,-1.87571,1.35769,0.27091,0.69937,-0.36825,0.54944,0.65863,-0.32184,0.03792,
1413394952555760384,-0.16421,-1.93571,1.36464,0.21200,0.73645,-0.37870,0.51893,0.54699,-0.34201,0.13170,
1413394952755760384,-0.05194,-2.03046,1.41051,0.22855,0.75302,-0.34213,0.51349,0.56654,-0.50374,0.34747,
1413394952955760384,0.06246,-2.13739,1.46455,0.25946,0.71058,-0.30174,0.58027,0.54793,-0.41521,0.18403,
1413394953155760640,0.14785,-2.18980,1.48092,0.27705,0.67323,-0.27991,0.62582,0.29338,-0.06573,0.04237,
1413394953355760640,0.16617,-2.13781,1.53243,0.28820,0.65057,-0.27156,0.64804,-0.14580,0.52406,0.45465,
1413394953555760384,0.08318,-1.97885,1.59895,0.26324,0.70709,-0.30347,0.58193,-0.45236,0.91274,-0.02218,
1413394953755760384,0.00422,-1.79797,1.51917,0.22079,0.78418,-0.34390,0.46695,-0.40249,0.93058,-0.76981,
1413394953955760384,-0.04422,-1.63513,1.33338,0.21159,0.80002,-0.35254,0.43695,-0.08252,0.68130,-0.99103,
1413394954155760640,-0.03186,-1.51714,1.14536,0.25022,0.75090,-0.31993,0.52075,0.15121,0.55321,-0.89894,
1413394954355760640,-0.00322,-1.38431,0.97161,0.27940,0.69738,-0.28722,0.59423,0.08343,0.78885,-0.79611,
1413394954555760384,0.00300,-1.19325,0.84252,0.25337,0.71540,-0.30761,0.57392,-0.12339,1.12304,-0.55815,
1413394954755760384,-0.02840,-0.96613,0.72935,0.18537,0.78044,-0.37004,0.46864,-0.12613,1.05220,-0.56857,
1413394954955760384,-0.03009,-0.80228,0.61500,0.19994,0.78281,-0.37605,0.45367,0.10842,0.60669,-0.58004,
1413394955155760640,0.00648,-0.69290,0.49676,0.24848,0.74077,-0.32008,0.53578,0.25400,0.54959,-0.58938,
1413394955355760640,0.05131,-0.56466,0.39350,0.22587,0.72819,-0.27041,0.58788,0.17221,0.77046,-0.47924,
1413394955555760384,0.06017,-0.40732,0.32127,0.10079,0.78701,-0.29485,0.53246,-0.00677,0.66576,-0.19342,
1413394955755760384,0.05961,-0.33370,0.31465,0.10113,0.83384,-0.27027,0.47058,0.17282,0.09092,0.10658,
1413394955905760512,0.10648,-0.33761,0.33984,0.14727,0.82460,-0.23717,0.49203,0.43426,-0.11370,0.20070,
1413394956005760512,0.15653,-0.34630,0.35445,0.16648,0.80239,-0.22647,0.52647,0.55356,-0.14494,0.24244,
1413394956205760512,0.27475,-0.36198,0.40224,0.18372,0.74615,-0.20485,0.60625,0.51625,0.01688,0.24837,
1413394956405760512,0.35660,-0.36538,0.45175,0.14015,0.73621,-0.18031,0.63706,0.25157,0.23438,0.12766,
1413394956605760512,0.38243,-0.32917,0.45692,0.08883,0.79695,-0.14337,0.58002,0.02433,0.26583,-0.10597,
1413394956705760512,0.37639,-0.32788,0.46461,0.07434,0.83449,-0.12670,0.53109,0.03971,0.21791,-0.08029,
1413394956805760256,0.40466,-0.33444,0.47090,0.06469,0.85796,-0.11525,0.49642,0.21284,0.15102,0.01194,
1413394956905760512,0.43616,-0.33261,0.47954,0.06369,0.85600,-0.10363,0.50246,0.41715,0.09005,0.10927,
1413394957005760512,0.49437,-0.34206,0.48764,0.06560,0.84365,-0.09523,0.52430,0.57557,0.05291,0.15128,
1413394957105760512,0.59270,-0.38857,0.47879,0.06716,0.82244,-0.09022,0.55763,0.68587,0.00376,0.17681,
1413394957205760512,0.66620,-0.39693,0.49444,0.06738,0.79367,-0.08822,0.59813,0.67169,0.00683,0.20691,
1413394957305760256,0.73196,-0.39530,0.51305,0.06430,0.76355,-0.08782,0.63651,0.55455,0.03655,0.23874,
1413394957405760512,0.77665,-0.39118,0.53691,0.05964,0.73407,-0.08879,0.67059,0.33601,0.06676,0.23253,
1413394957505760512,0.79652,-0.38459,0.55854,0.05262,0.73237,-0.09191,0.67261,0.08863,0.09312,0.18889,
1413394957605760512,0.79074,-0.37409,0.57461,0.04185,0.76387,-0.09413,0.63710,-0.14609,0.10976,0.16287,
1413394957705760512,0.77108,-0.36401,0.58890,0.03560,0.80401,-0.08840,0.58693,-0.23802,0.09806,0.09360,
1413394957805760256,0.74488,-0.35831,0.59653,0.02737,0.83883,-0.07952,0.53786,-0.20068,0.06968,0.03758,
1413394957905760512,0.73351,-0.35571,0.60000,0.01642,0.84965,-0.06886,0.52258,-0.06468,0.03270,0.03573,
1413394958005760512,0.73918,-0.35623,0.60261,0.00050,0.84056,-0.05532,0.53889,0.07475,-0.01086,0.01342,
1413394958105760512,0.75674,-0.36263,0.60580,-0.01746,0.81380,-0.03647,0.57974,0.13021,-0.06296,0.02292,
1413394958205760512,0.77460,-0.37375,0.60797,-0.03539,0.77935,-0.01242,0.62546,0.06748,-0.10481,0.00678,
1413394958305760256,0.77675,-0.38888,0.61228,-0.05015,0.75112,0.01552,0.65807,-0.08605,-0.16407,0.04011,
1413394958405760512,0.75981,-0.41146,0.61600,-0.06330,0.74356,0.04292,0.66428,-0.30124,-0.22465,0.00304,
1413394958505760512,0.72353,-0.44001,0.61374,-0.07282,0.77965,0.07012,0.61800,-0.47146,-0.27908,-0.04602,
1413394958605760512,0.67422,-0.47023,0.61188,-0.08004,0.82581,0.09455,0.55017,-0.51323,-0.30198,-0.02826,
1413394958705760512,0.63068,-0.50162,0.61332,-0.08658,0.85926,0.11541,0.49076,-0.36947,-0.28935,0.03324,
1413394958805760256,0.60362,-0.52795,0.62217,-0.09057,0.87161,0.13653,0.46202,-0.12699,-0.22303,0.09598,
1413394958905760512,0.60719,-0.54712,0.63596,-0.09027,0.86605,0.16123,0.46455,0.16033,-0.13618,0.16762,
1413394959005760512,0.63423,-0.55614,0.65513,-0.09108,0.83904,0.18797,0.50238,0.34348,-0.02802,0.20784,
1413394959105760512,0.67373,-0.55506,0.67498,-0.10596,0.80335,0.20430,0.54923,0.40259,0.08925,0.21400,
1413394959205760512,0.71370,-0.54731,0.69752,-0.13481,0.76586,0.20949,0.59278,0.33904,0.12936,0.23342,
1413394959305760256,0.74282,-0.53779,0.72244,-0.16416,0.72966,0.21368,0.62848,0.19738,0.09592,0.23898,
1413394959405760512,0.75651,-0.53630,0.74199,-0.17898,0.72913,0.22725,0.62023,0.03273,0.01922,0.14902,
1413394959505760512,0.75130,-0.53845,0.75396,-0.17802,0.76457,0.24982,0.56686,-0.09021,-0.03383,0.11753,
1413394959605760512,0.74067,-0.54303,0.76558,-0.17035,0.80275,0.27482,0.50104,-0.07160,0.01520,0.13937,
1413394959705760512,0.74562,-0.54318,0.78126,-0.16562,0.82365,0.29765,0.45340,0.06241,0.11182,0.18477,
1413394959805760256,0.76665,-0.52838,0.80023,-0.16259,0.81736,0.32631,0.44610,0.26327,0.29216,0.20204,
1413394959905760512,0.80436,-0.49273,0.81808,-0.17222,0.78637,0.35223,0.47738,0.36590,0.47570,0.14522,
1413394960005760512,0.84506,-0.44047,0.82912,-0.21077,0.74666,0.35717,0.52010,0.37542,0.59929,0.07174,
1413394960105760512,0.88044,-0.38097,0.83252,-0.25812,0.70195,0.35810,0.55894,0.29936,0.59702,-0.00453,
1413394960205760512,0.90665,-0.32543,0.83058,-0.29326,0.67096,0.36947,0.57210,0.18485,0.50845,-0.03377,
1413394960305760256,0.92142,-0.28093,0.82836,-0.31490,0.66011,0.39366,0.55688,0.05651,0.37655,-0.04266,
1413394960405760512,0.92335,-0.25051,0.81995,-0.32221,0.66491,0.42894,0.51969,-0.02256,0.26905,-0.12613,
1413394960505760512,0.91787,-0.22708,0.79842,-0.31739,0.67714,0.47054,0.46832,-0.05974,0.22768,-0.26138,
1413394960605760512,0.91268,-0.20215,0.76733,-0.30950,0.68643,0.51007,0.41576,-0.03730,0.30222,-0.33048,
1413394960705760512,0.91243,-0.16266,0.73189,-0.30517,0.68280,0.54303,0.38181,0.01089,0.47912,-0.29668,
1413394960805760256,0.91689,-0.10038,0.70627,-0.32118,0.65422,0.56184,0.39137,0.05101,0.71065,-0.17415,
1413394960905760512,0.92402,-0.02286,0.69148,-0.36116,0.61690,0.55681,0.42303,0.04940,0.81165,-0.12680,
1413394961005760512,0.92734,0.05796,0.68116,-0.40006,0.58556,0.54112,0.45195,0.03020,0.78034,-0.07990,
1413394961105760512,0.92987,0.13073,0.66955,-0.42240,0.56923,0.52989,0.46559,0.00082,0.67530,-0.12379,
1413394961205760512,0.92906,0.19174,0.65504,-0.41696,0.57543,0.53484,0.45713,-0.01930,0.54506,-0.17462,
1413394961305760256,0.92518,0.24118,0.63608,-0.38661,0.59838,0.55790,0.42570,-0.04774,0.47583,-0.23095,
1413394961405760512,0.92126,0.29242,0.61831,-0.35353,0.61959,0.58022,0.39303,-0.05995,0.52961,-0.18103,
1413394961505760512,0.91205,0.35426,0.60936,-0.33341,0.61376,0.59433,0.39862,-0.09671,0.69343,-0.08924,
1413394961605760512,0.89814,0.43117,0.60657,-0.34083,0.59167,0.59167,0.42858,-0.18814,0.81274,-0.03243,
1413394961705760512,0.87239,0.51432,0.60502,-0.37719,0.57279,0.56769,0.45538,-0.29401,0.82456,-0.02044,
1413394961805760256,0.83896,0.59278,0.60387,-0.41805,0.55780,0.53673,0.47541,-0.36199,0.72440,-0.03661,
1413394961905760512,0.80185,0.65766,0.60102,-0.44227,0.55470,0.51562,0.48045,-0.40133,0.55656,-0.04527,
1413394962005760512,0.76256,0.70443,0.59958,-0.44716,0.56334,0.50990,0.47190,-0.40744,0.36599,-0.05817,
1413394962105760512,0.72370,0.73716,0.59645,-0.42423,0.58586,0.52627,0.44704,-0.40377,0.22595,-0.06274,
1413394962205760512,0.68432,0.75696,0.59857,-0.39422,0.60339,0.54593,0.42717,-0.39085,0.17643,-0.01727,
1413394962305760256,0.64539,0.77563,0.60691,-0.37504,0.61187,0.55693,0.41809,-0.39986,0.20093,0.05025,
1413394962405760512,0.60594,0.79924,0.62652,-0.38275,0.59988,0.54957,0.43774,-0.42795,0.25775,0.19421,
1413394962505760512,0.56341,0.82263,0.65225,-0.41502,0.57155,0.52431,0.47559,-0.46451,0.19086,0.23865,
1413394962605760512,0.51661,0.83116,0.67585,-0.44216,0.55172,0.50248,0.49761,-0.50704,0.00356,0.19856,
1413394962705760512,0.46585,0.81860,0.69318,-0.44094,0.56102,0.50593,0.48463,-0.53826,-0.20346,0.10747,
1413394962805760256,0.41244,0.79058,0.70258,-0.41933,0.58856,0.52630,0.44807,-0.54357,-0.33012,0.06355,
1413394962905760512,0.35942,0.75491,0.70731,-0.39355,0.60584,0.55196,0.41643,-0.53297,-0.34263,0.04256,
1413394963005760512,0.30774,0.71872,0.71134,-0.38824,0.59890,0.56493,0.41407,-0.52778,-0.30025,0.05669,
1413394963105760512,0.25767,0.68579,0.71480,-0.41323,0.57085,0.55468,0.44238,-0.53429,-0.29143,0.01351,
1413394963205760512,0.20774,0.64561,0.70628,-0.44308,0.54583,0.53751,0.46566,-0.54655,-0.41491,-0.13803,
1413394963305760256,0.15787,0.59154,0.68095,-0.44512,0.54473,0.53991,0.46220,-0.55288,-0.55684,-0.33110,
1413394963405760512,0.10550,0.52777,0.63849,-0.41520,0.56572,0.56467,0.43442,-0.56419,-0.65742,-0.45097,
1413394963505760512,0.05220,0.46218,0.58872,-0.37979,0.58968,0.58978,0.40025,-0.57571,-0.65618,-0.50824,
1413394963605760512,-0.00241,0.40189,0.54029,-0.35722,0.60280,0.60299,0.38134,-0.59150,-0.52409,-0.42000,
1413394963705760512,-0.05960,0.35843,0.50472,-0.37100,0.59320,0.59267,0.39902,-0.61173,-0.37122,-0.31357,
1413394963805760256,-0.11944,0.32423,0.47597,-0.40633,0.56853,0.56685,0.43629,-0.65346,-0.34808,-0.25296,
1413394963905760512,-0.18175,0.28212,0.44388,-0.43518,0.55711,0.54344,0.45268,-0.67231,-0.43957,-0.34455,
1413394964005760512,-0.24806,0.23438,0.40290,-0.42356,0.57506,0.54997,0.43293,-0.66319,-0.51909,-0.41299,
1413394964105760512,-0.31466,0.18193,0.36093,-0.38760,0.60143,0.57235,0.40058,-0.66307,-0.52428,-0.39086,
1413394964205760512,-0.38205,0.13376,0.32619,-0.35671,0.61864,0.58904,0.37826,-0.65331,-0.39646,-0.26438,
1413394964305760256,-0.44868,0.10319,0.30725,-0.35833,0.61011,0.58690,0.39359,-0.67099,-0.21688,-0.09988,
1413394964405760512,-0.51787,0.08576,0.29992,-0.39215,0.58712,0.56417,0.42805,-0.69777,-0.14935,-0.01237,
1413394964505760512,-0.58973,0.06610,0.29535,-0.43112,0.56706,0.53583,0.45329,-0.70386,-0.22957,-0.04534,
1413394964605760512,-0.66191,0.03668,0.28405,-0.44079,0.57671,0.53063,0.43765,-0.69539,-0.34552,-0.11363,
1413394964705760512,-0.72908,0.00006,0.27171,-0.41974,0.60682,0.54752,0.39474,-0.64552,-0.39487,-0.10323,
1413394964805760256,-0.78842,-0.03618,0.26536,-0.39047,0.63494,0.56613,0.35195,-0.54943,-0.32898,-0.05586,
1413394964905760512,-0.83876,-0.06013,0.26561,-0.37215,0.65454,0.57389,0.32209,-0.43176,-0.14317,0.02408,
1413394965005760512,-0.87621,-0.06027,0.27430,-0.37397,0.66244,0.56782,0.31448,-0.27195,0.14062,0.16999,
1413394965105760512,-0.89922,-0.03702,0.29676,-0.39500,0.63648,0.55666,0.35916,-0.14625,0.33261,0.28326,
1413394965205760512,-0.91801,-0.00634,0.32500,-0.43073,0.59482,0.54168,0.40895,-0.11291,0.35324,0.30579,
1413394965305760256,-0.94038,0.01936,0.35146,-0.45378,0.55984,0.54140,0.43306,-0.11597,0.25692,0.25044,
1413394965405760512,-0.95621,0.03736,0.37275,-0.44772,0.54392,0.56949,0.42353,-0.12622,0.13934,0.18708,
1413394965505760512,-0.97557,0.04534,0.39316,-0.44307,0.53253,0.59875,0.40199,-0.15997,0.07721,0.23296,
1413394965605760512,-0.99425,0.04758,0.42135,-0.46409,0.51230,0.61172,0.38467,-0.19664,0.02080,0.31293,
1413394965705760512,-1.00834,0.04025,0.45695,0.50478,-0.48033,-0.61332,-0.37192,-0.16678,-0.07829,0.31567,
1413394965805760256,-1.02268,0.02350,0.48132,0.51853,-0.45180,-0.63466,-0.35244,-0.11136,-0.20397,0.15472,
1413394965905760512,-1.03193,-0.00286,0.49051,0.51145,-0.42868,-0.66774,-0.32980,-0.07686,-0.28401,0.06821,
1413394966005760512,-1.03825,-0.03599,0.49697,0.53023,-0.39674,-0.67777,-0.31949,-0.05776,-0.35769,0.06378,
1413394966105760512,-1.03613,-0.08170,0.49816,0.56506,-0.36396,-0.67163,-0.31171,0.00390,-0.49038,-0.04570,
1413394966205760512,-1.02859,-0.13795,0.48398,0.55833,-0.35020,-0.69554,-0.28609,0.07494,-0.61426,-0.19241,
1413394966305760256,-1.01649,-0.20723,0.46063,0.52171,-0.34952,-0.73849,-0.24555,0.11133,-0.69067,-0.29241,
1413394966405760512,-1.00468,-0.27896,0.43124,-0.47315,0.35017,0.78293,0.20134,0.06419,-0.64460,-0.29998,
1413394966505760512,-1.00336,-0.33861,0.40777,-0.45109,0.34065,0.80663,0.17270,-0.09729,-0.45923,-0.14870,
1413394966605760512,-1.01903,-0.37724,0.39938,-0.48452,0.31572,0.79727,0.17299,-0.24380,-0.26607,-0.03994,
1413394966705760512,-1.04637,-0.40218,0.39999,0.54178,-0.28324,-0.76930,-0.18553,-0.28978,-0.22210,-0.00653,
1413394966805760256,-1.07226,-0.42677,0.39847,0.58845,-0.25440,-0.74394,-0.18858,-0.23891,-0.25974,-0.03565,
1413394966905760512,-1.09036,-0.45743,0.39236,0.59983,-0.23471,-0.74395,-0.17793,-0.14157,-0.32751,-0.11124,
1413394967005760512,-1.10049,-0.49384,0.38139,0.57165,-0.21962,-0.77428,-0.15957,-0.08334,-0.36596,-0.10433,
1413394967105760512,-1.10919,-0.53264,0.37267,0.53142,-0.20528,-0.81018,-0.13808,-0.09470,-0.37911,-0.06201,
1413394967205760512,-1.12343,-0.56949,0.37310,0.52227,-0.18410,-0.82359,-0.12267,-0.21263,-0.34138,0.07946,
1413394967305760256,-1.14980,-0.60321,0.38605,0.55572,-0.15794,-0.80827,-0.11371,-0.30959,-0.32096,0.18206,
1413394967405760512,-1.17984,-0.63877,0.40743,0.60821,-0.13054,-0.77568,-0.10660,-0.28189,-0.34875,0.23857,
1413394967505760512,-1.20035,-0.68264,0.42774,0.63843,-0.11069,-0.75657,-0.08812,-0.14442,-0.41474,0.16784,
1413394967605760512,-1.20466,-0.73398,0.44103,0.61736,-0.09569,-0.77831,-0.06276,0.00963,-0.46152,0.12643,
1413394967705760512,-1.19710,-0.78072,0.45331,0.56992,-0.07679,-0.81694,-0.04358,0.05863,-0.45789,0.17319,
1413394967805760256,-1.19143,-0.82335,0.47871,0.55758,-0.05470,-0.82788,-0.02711,0.00892,-0.43006,0.29815,
1413394967905760512,-1.18984,-0.86161,0.51186,0.58066,-0.02729,-0.81358,-0.01302,-0.03098,-0.43600,0.36146,
1413394968005760512,-1.19123,-0.90270,0.54838,0.60953,0.00161,-0.79275,0.00423,0.01202,-0.44308,0.34941,
1413394968105760512,-1.18222,-0.94264,0.57509,0.60034,0.02823,-0.79892,0.02277,0.10469,-0.42850,0.17195,
1413394968205760512,-1.16781,-0.98797,0.58542,0.56699,0.04797,-0.82148,0.03726,0.11520,-0.41794,0.04920,
1413394968305760256,-1.15302,-1.02794,0.58793,0.55119,0.06312,-0.83065,0.04714,0.06664,-0.41697,0.00481,
1413394968405760512,-1.14486,-1.06211,0.58369,0.55240,0.07915,-0.82785,0.05702,0.01505,-0.41787,-0.07336,
1413394968505760512,-1.14546,-1.09887,0.57281,0.55608,0.09366,-0.82286,0.07002,-0.03726,-0.42157,-0.09612,
1413394968605760512,-1.15132,-1.13614,0.56047,0.54725,0.10634,-0.82638,0.07942,-0.09587,-0.40446,-0.09845,
1413394968705760512,-1.16370,-1.16961,0.55248,0.53948,0.12005,-0.82974,0.07791,-0.17610,-0.40377,-0.06211,
1413394968805760256,-1.18474,-1.21227,0.54753,0.54600,0.13496,-0.82417,0.06644,-0.24795,-0.44791,-0.03437,
1413394968905760512,-1.21256,-1.25960,0.54528,0.55472,0.13673,-0.81769,0.07052,-0.29749,-0.51627,-0.00706,
1413394969005760512,-1.24326,-1.31273,0.54764,0.56696,0.13516,-0.80776,0.08835,-0.30890,-0.56166,0.01059,
1413394969155760640,-1.29162,-1.39688,0.54640,0.58000,0.14264,-0.79385,0.11430,-0.31220,-0.56044,-0.09704,
1413394969355760640,-1.34849,-1.50088,0.49344,0.59575,0.15449,-0.77695,0.13254,-0.23246,-0.47102,-0.38700,
1413394969555760384,-1.37767,-1.57973,0.40538,0.60354,0.17249,-0.76945,0.11804,-0.05493,-0.37358,-0.46313,
1413394969755760384,-1.37034,-1.65334,0.32143,0.57647,0.19930,-0.78904,0.07335,0.09664,-0.46004,-0.37153,
1413394969955760384,-1.34192,-1.76840,0.25900,0.55640,0.19257,-0.80483,0.07477,0.16319,-0.70075,-0.22655,
1413394970155760640,-1.31688,-1.92478,0.24927,0.53914,0.17072,-0.81893,0.09768,0.06113,-0.85798,0.09285,
1413394970355760640,-1.31549,-2.09727,0.28148,0.57532,0.15160,-0.79397,0.12507,-0.02732,-0.88293,0.08346,
1413394970555760384,-1.31402,-2.25250,0.28315,0.60375,0.11984,-0.76917,0.17178,0.06994,-0.68168,-0.15671,
1413394970755760384,-1.29220,-2.35035,0.25082,0.60651,0.10434,-0.76441,0.19218,0.14755,-0.29018,-0.18936,
1413394970955760384,-1.25547,-2.37672,0.22430,0.58250,0.15104,-0.78972,0.11925,0.24382,-0.03678,-0.03683,
1413394971155760640,-1.20949,-2.38705,0.24866,0.55309,0.16508,-0.81197,0.08688,0.25182,-0.11316,0.19629,
1413394971355760640,-1.18023,-2.41961,0.28023,0.50426,0.16123,-0.84437,0.08220,0.07232,-0.25718,0.04682,
1413394971555760384,-1.21374,-2.48529,0.29213,-0.47728,-0.14902,0.86107,-0.09248,-0.34529,-0.45291,0.08429,
1413394971755760384,-1.33155,-2.57530,0.32641,0.52754,0.11678,-0.83177,0.12736,-0.70121,-0.44319,0.18248,
1413394971955760384,-1.49263,-2.63944,0.36316,0.58959,0.07697,-0.79286,0.13354,-0.78012,-0.21671,0.15132,
1413394972155760640,-1.63710,-2.65232,0.37441,0.62648,0.02643,-0.77263,0.09934,-0.61852,0.06761,-0.04626,
1413394972355760640,-1.73333,-2.60936,0.34819,0.63795,-0.04716,-0.76737,0.04409,-0.34009,0.34321,-0.18984,
1413394972555760384,-1.77236,-2.51818,0.29559,0.61023,-0.13610,-0.78018,-0.02043,-0.05462,0.56176,-0.27829,
1413394972755760384,-1.76678,-2.38535,0.25229,0.56628,-0.20860,-0.78880,-0.11669,0.05121,0.72206,-0.12130,
1413394972955760384,-1.75991,-2.24095,0.23436,0.54154,-0.27103,-0.76618,-0.21504,0.02880,0.66764,-0.06747,
1413394973055760384,-1.76413,-2.17530,0.22815,0.52989,-0.31141,-0.74954,-0.24582,-0.00218,0.61319,-0.07641,
1413394973155760640,-1.76835,-2.11485,0.22108,0.51745,-0.35533,-0.73090,-0.26789,-0.03956,0.55550,-0.09077,
1413394973255760384,-1.77561,-2.05840,0.21400,0.50372,-0.40145,-0.71064,-0.28301,-0.05480,0.53530,-0.07994,
1413394973355760640,-1.78274,-2.00315,0.21602,-0.48946,0.44367,0.68791,0.30060,-0.05678,0.52877,-0.04719,
1413394973455760384,-1.79123,-1.94908,0.21306,-0.47504,0.48149,0.66234,0.32220,-0.05886,0.54282,-0.02698,
1413394973555760384,-1.79093,-1.89240,0.21359,-0.45860,0.51769,0.63517,0.34385,-0.03551,0.56410,-0.00323,
1413394973655760640,-1.79350,-1.83462,0.21271,-0.43676,0.55137,0.60884,0.36680,-0.01160,0.57056,0.01590,
1413394973755760384,-1.79525,-1.77527,0.21557,-0.41658,0.57939,0.57852,0.39508,-0.00088,0.58339,0.05319,
1413394973855760640,-1.79893,-1.71422,0.21721,-0.39847,0.60753,0.54433,0.41931,-0.00228,0.57691,0.05167,
1413394973955760384,-1.79855,-1.65680,0.22118,-0.37866,0.63585,0.51003,0.43839,0.00701,0.56201,0.06723,
1413394974055760384,-1.79611,-1.60192,0.22796,-0.35870,0.66158,0.47469,0.45641,0.03507,0.51591,0.07668,
1413394974155760640,-1.79269,-1.54824,0.23770,-0.34006,0.68579,0.43727,0.47207,0.05521,0.49599,0.09582,
1413394974255760384,-1.78462,-1.49625,0.24572,-0.32246,0.70871,0.39757,0.48547,0.09192,0.46767,0.10076,
1413394974355760640,-1.77366,-1.44084,0.25619,-0.30271,0.73170,0.35845,0.49446,0.14438,0.43358,0.12843,
1413394974455760384,-1.75634,-1.39060,0.26838,-0.28183,0.75264,0.31973,0.50188,0.20855,0.39603,0.15652,
1413394974555760384,-1.73229,-1.34045,0.28284,-0.25984,0.76899,0.28181,0.51158,0.28567,0.34470,0.18300,
1413394974655760640,-1.69918,-1.30363,0.30023,-0.23622,0.77474,0.24705,0.53192,0.35853,0.29047,0.19575,
1413394974755760384,-1.66052,-1.27247,0.31600,-0.20889,0.78030,0.21780,0.54778,0.39201,0.21947,0.16096,
1413394974855760640,-1.61953,-1.24866,0.32868,-0.17993,0.78838,0.19313,0.55568,0.40634,0.16679,0.11687,
1413394974955760384,-1.57787,-1.22863,0.33123,-0.14840,0.79585,0.17327,0.56088,0.40954,0.14369,-0.01181,
1413394975055760384,-1.53917,-1.21852,0.31668,-0.12303,0.79795,0.15408,0.56957,0.39227,0.12498,-0.13730,
1413394975155760640,-1.50528,-1.21256,0.28979,-0.10406,0.79267,0.13532,0.58527,0.35194,0.11027,-0.25313,
1413394975255760384,-1.47723,-1.20706,0.25136,-0.09148,0.78862,0.11530,0.59701,0.29140,0.09665,-0.36824,
1413394975355760640,-1.45406,-1.20092,0.21000,-0.07841,0.78818,0.09815,0.60249,0.21111,0.07805,-0.38434,
1413394975455760384,-1.43409,-1.19263,0.17101,-0.06237,0.79377,0.08542,0.59895,0.15941,0.07376,-0.38172,
1413394975555760384,-1.41990,-1.18408,0.13525,-0.04685,0.80254,0.07623,0.58985,0.09792,0.08849,-0.34340,
1413394975655760640,-1.40851,-1.17177,0.10322,-0.03695,0.81100,0.06998,0.57966,0.08546,0.13675,-0.28203,
1413394975805760256,-1.39152,-1.14421,0.06699,-0.03031,0.81876,0.06487,0.56965,0.10828,0.20508,-0.20204,
1413394975955760384,-1.36952,-1.10674,0.04907,-0.02892,0.81128,0.06495,0.58032,0.13942,0.27067,-0.07546,
1413394976155760640,-1.34449,-1.04660,0.03801,-0.03245,0.79491,0.06679,0.60217,0.06625,0.32518,-0.08771,
1413394976355760640,-1.34115,-0.97633,0.02408,-0.03117,0.79287,0.07190,0.60433,-0.04869,0.36917,-0.05857,
1413394976505760512,-1.35832,-0.91858,0.01813,-0.03449,0.77755,0.07181,0.62376,-0.18526,0.39693,-0.04037,
1413394976705760512,-1.42160,-0.83632,0.01302,-0.05258,0.76519,0.06100,0.63875,-0.46886,0.40170,-0.03882,
1413394976805760256,-1.47491,-0.79663,0.01003,-0.06675,0.78019,0.05098,0.61988,-0.59054,0.35169,-0.03695,
1413394976905760512,-1.53830,-0.76434,0.00763,-0.07996,0.80971,0.04019,0.57997,-0.64443,0.27987,-0.04144,
1413394977005760512,-1.60012,-0.73908,0.00607,-0.08487,0.84192,0.03031,0.53202,-0.58532,0.19146,0.00926,
1413394977155760640,-1.66729,-0.72095,0.01644,-0.08829,0.87596,0.01097,0.47411,-0.30108,0.02572,0.09462,
1413394977305760256,-1.67121,-0.72946,0.04420,-0.06909,0.89213,0.01051,0.44634,0.22533,-0.15438,0.26794,
1413394977505760512,-1.56725,-0.76278,0.11969,-0.01417,0.88780,0.04646,0.45765,0.83091,-0.13789,0.43457,
1413394977705760512,-1.34331,-0.77354,0.21278,-0.00363,0.88358,0.05112,0.46547,1.39277,0.01491,0.51218,
1413394977905760512,-1.01762,-0.74983,0.32430,-0.00021,0.85680,0.05509,0.51271,1.80005,0.19481,0.57477,
1413394978105760512,-0.64262,-0.69589,0.43473,0.00451,0.82063,0.05904,0.56838,1.89201,0.35221,0.50843,
1413394978205760512,-0.45293,-0.65705,0.48134,0.00784,0.81278,0.06159,0.57925,1.87386,0.43550,0.38404,
1413394978305760256,-0.26489,-0.60999,0.51440,0.00977,0.80979,0.06353,0.58319,1.83908,0.52124,0.27099,
1413394978405760512,-0.08030,-0.55529,0.53618,0.01001,0.80886,0.06482,0.58433,1.78818,0.60794,0.14820,
1413394978505760512,0.09903,-0.50051,0.54995,0.00486,0.80918,0.06452,0.58398,1.74377,0.67533,0.04825,
1413394978605760512,0.27462,-0.43379,0.55820,-0.00499,0.80976,0.06066,0.58360,1.70963,0.74983,0.05305,
1413394978705760512,0.44863,-0.36206,0.56844,-0.02089,0.81115,0.05198,0.58216,1.67286,0.79145,0.09233,
1413394978805760256,0.61736,-0.28670,0.58377,-0.03515,0.81136,0.04328,0.58188,1.64035,0.79375,0.12855,
1413394978905760512,0.78142,-0.21104,0.60147,-0.04279,0.81084,0.03737,0.58250,1.60741,0.77569,0.14354,
1413394979005760512,0.94253,-0.13801,0.61831,-0.04593,0.80561,0.03236,0.58978,1.58447,0.74292,0.07831,
1413394979105760512,1.09874,-0.06817,0.62562,-0.04715,0.79410,0.02766,0.60532,1.51383,0.70070,-0.02234,
1413394979205760512,1.24548,-0.00192,0.62217,-0.05564,0.77736,0.01863,0.62632,1.40026,0.65022,-0.09582,
1413394979305760256,1.38269,0.05951,0.61079,-0.06760,0.76087,0.00975,0.64530,1.27114,0.56646,-0.15784,
1413394979405760512,1.50184,0.11037,0.59849,-0.08256,0.74301,0.00091,0.66417,1.06517,0.45112,-0.10994,
1413394979505760512,1.59857,0.14714,0.59322,-0.09387,0.72178,-0.00329,0.68572,0.78333,0.27806,0.00232,
1413394979605760512,1.66256,0.16606,0.59960,-0.09460,0.70307,0.00097,0.70480,0.46534,0.09882,0.11173,
1413394979705760512,1.69310,0.16739,0.61760,-0.08744,0.69929,0.01131,0.70938,0.09966,-0.06948,0.20929,
1413394979805760256,1.68143,0.15274,0.64357,-0.06251,0.72394,0.03010,0.68636,-0.27174,-0.20553,0.29676,
1413394979905760512,1.64184,0.12847,0.67878,-0.02508,0.76336,0.05142,0.64343,-0.50479,-0.24388,0.38197,
1413394980005760512,1.58410,0.10800,0.71890,-0.00060,0.78963,0.06118,0.61053,-0.61848,-0.18209,0.39217,
1413394980105760512,1.51779,0.09490,0.75515,0.00992,0.79751,0.06248,0.59998,-0.66408,-0.08944,0.33602,
1413394980205760512,1.44312,0.09080,0.78362,0.01161,0.79121,0.05936,0.60855,-0.72945,0.00652,0.24413,
1413394980305760256,1.35227,0.09561,0.79900,0.00492,0.78258,0.05187,0.62036,-0.80552,0.09733,0.14399,
1413394980405760512,1.25441,0.11218,0.79982,0.00011,0.78157,0.04588,0.62212,-0.91303,0.16738,0.03718,
1413394980505760512,1.15215,0.13525,0.79602,-0.00583,0.79043,0.03934,0.61125,-0.99293,0.23484,0.01575,
1413394980605760512,1.05342,0.16175,0.79818,-0.01653,0.80161,0.02965,0.59688,-1.03275,0.27000,0.04984,
1413394980705760512,0.94652,0.19063,0.80066,-0.02524,0.80851,0.02293,0.58750,-1.03657,0.27403,0.09472,
1413394980805760256,0.83713,0.21562,0.80768,-0.02996,0.81230,0.02103,0.58208,-1.02435,0.26270,0.12857,
1413394980905760512,0.73163,0.23889,0.81469,-0.03340,0.81393,0.02049,0.57964,-1.00624,0.24347,0.12404,
1413394981005760512,0.63055,0.26085,0.81742,-0.03623,0.81563,0.01922,0.57712,-0.96408,0.22394,0.02882,
1413394981105760512,0.53580,0.28187,0.80927,-0.04252,0.81672,0.01522,0.57526,-0.91704,0.19703,-0.07810,
1413394981205760512,0.44462,0.29772,0.79347,-0.04889,0.81844,0.01108,0.57240,-0.87824,0.14933,-0.18427,
1413394981305760256,0.35627,0.30694,0.77035,-0.05085,0.81971,0.00859,0.57045,-0.82592,0.08512,-0.26107,
1413394981405760512,0.27478,0.30794,0.74475,-0.04012,0.82019,0.01386,0.57052,-0.77976,0.02030,-0.22759,
1413394981505760512,0.19920,0.30571,0.72313,-0.02712,0.82020,0.01855,0.57113,-0.72788,-0.00209,-0.18365,
1413394981605760512,0.12633,0.30279,0.70401,-0.02218,0.82186,0.01768,0.56899,-0.68537,-0.00658,-0.17731,
1413394981705760512,0.05463,0.29897,0.68481,-0.01785,0.82738,0.01426,0.56118,-0.64037,-0.01716,-0.19018,
1413394981805760256,-0.00993,0.29456,0.66589,-0.01624,0.83227,0.00220,0.55414,-0.57873,-0.02358,-0.17988,
1413394981905760512,-0.06797,0.28792,0.64922,-0.01539,0.83405,-0.01471,0.55127,-0.50091,-0.06246,-0.16623,
1413394982005760512,-0.11663,0.27689,0.63566,-0.01341,0.83362,-0.03547,0.55103,-0.42943,-0.11129,-0.13013,
1413394982105760512,-0.15371,0.26065,0.62668,-0.01174,0.82987,-0.06169,0.55442,-0.34140,-0.19167,-0.09354,
1413394982205760512,-0.18090,0.23633,0.62240,-0.00951,0.82297,-0.09121,0.56063,-0.27113,-0.28752,-0.06300,
1413394982305760256,-0.20277,0.20047,0.62131,-0.00362,0.81634,-0.12270,0.56437,-0.22691,-0.41719,-0.02672,
1413394982405760512,-0.22585,0.15066,0.62265,0.00931,0.81037,-0.15219,0.56574,-0.21896,-0.57678,0.02538,
1413394982505760512,-0.25101,0.08517,0.62940,0.02398,0.80260,-0.18302,0.56723,-0.21526,-0.73559,0.08565,
1413394982605760512,-0.28017,0.00342,0.64032,0.04049,0.79463,-0.21331,0.56693,-0.25173,-0.88517,0.12463,
1413394982705760512,-0.31011,-0.09346,0.65560,0.06200,0.78691,-0.23859,0.56569,-0.28478,-1.03363,0.16591,
1413394982805760256,-0.34156,-0.20451,0.67343,0.08598,0.77881,-0.26153,0.56362,-0.32017,-1.16939,0.17532,
1413394982905760512,-0.37570,-0.32811,0.69229,0.11078,0.77075,-0.28269,0.56014,-0.34892,-1.28645,0.20299,
1413394983105760512,-0.45118,-0.60130,0.73452,0.16003,0.75967,-0.30564,0.55126,-0.38792,-1.41811,0.22426,
1413394983305760256,-0.53090,-0.89080,0.77987,0.18671,0.75408,-0.30861,0.54887,-0.39480,-1.45752,0.22914,
1413394983505760512,-0.61148,-1.18158,0.82516,0.21280,0.76123,-0.28898,0.54012,-0.38726,-1.42013,0.21158,
1413394983705760512,-0.68404,-1.45420,0.84543,0.23007,0.76781,-0.26710,0.53497,-0.30173,-1.29783,0.00013,
1413394983905760512,-0.73853,-1.69695,0.81930,0.23614,0.76919,-0.25689,0.53534,-0.19897,-1.12305,-0.24374,
1413394984105760512,-0.76781,-1.90223,0.75423,0.22942,0.77095,-0.25105,0.53850,-0.07420,-0.91476,-0.35555,
1413394984305760256,-0.76654,-2.07173,0.68744,0.21646,0.77966,-0.23651,0.53791,0.03537,-0.73377,-0.32881,
1413394984505760512,-0.74081,-2.20936,0.63119,0.20339,0.79266,-0.22653,0.52821,0.19723,-0.57755,-0.26545,
1413394984705760512,-0.67356,-2.31492,0.58921,0.18314,0.80405,-0.20118,0.52866,0.37962,-0.42734,-0.19792,
1413394984905760512,-0.56835,-2.38333,0.56434,0.15202,0.81352,-0.16782,0.53565,0.58628,-0.30549,-0.11161,
1413394985105760512,-0.43715,-2.43751,0.55397,0.12555,0.81634,-0.12488,0.54976,0.71559,-0.20490,-0.01829,
1413394985305760256,-0.28338,-2.46431,0.56529,0.10555,0.82060,-0.10566,0.55165,0.82384,-0.06749,0.15835,
1413394985505760512,-0.10907,-2.47611,0.62336,0.04877,0.82243,-0.13146,0.55131,0.94299,-0.10743,0.46709,
1413394985705760512,0.08645,-2.51535,0.73455,0.06918,0.82232,-0.11040,0.55390,1.00313,-0.23157,0.54205,
1413394985905760512,0.29574,-2.56084,0.81246,0.09931,0.82279,-0.08687,0.55283,1.07274,-0.17269,0.23356,
1413394986105760512,0.51970,-2.58361,0.84237,0.10535,0.82108,-0.08601,0.55438,1.14025,-0.03839,0.14175,
1413394986305760256,0.76125,-2.57984,0.87080,0.07108,0.81743,-0.11611,0.55970,1.21138,0.04479,0.20582,
1413394986505760512,1.01068,-2.58044,0.91964,0.06053,0.81546,-0.12713,0.56142,1.23509,-0.03093,0.31094,
1413394986705760512,1.26427,-2.59015,0.98526,0.09544,0.81919,-0.10322,0.55603,1.28327,-0.03076,0.31748,
1413394986905760512,1.53097,-2.58207,1.04863,0.10548,0.81485,-0.09729,0.56163,1.35728,0.11661,0.30542,
1413394987105760512,1.80175,-2.55365,1.08666,0.07452,0.80569,-0.12236,0.57475,1.31242,0.17918,0.04076,
1413394987305760256,2.06330,-2.52721,1.08075,0.07281,0.79920,-0.12622,0.58314,1.24526,0.12063,-0.09014,
1413394987505760512,2.31641,-2.50098,1.06529,0.11789,0.79245,-0.09554,0.59076,1.16349,0.22050,-0.04995,
1413394987705760512,2.55155,-2.43908,1.06513,0.13201,0.78135,-0.08471,0.60406,1.05663,0.45847,0.01343,
1413394987905760512,2.76076,-2.32290,1.08920,0.13536,0.77003,-0.08325,0.61790,0.87753,0.75202,0.11045,
1413394988105760512,2.93742,-2.15152,1.14064,0.12898,0.75918,-0.08973,0.63163,0.64732,1.02177,0.18116,
1413394988305760256,3.06099,-1.93708,1.20095,0.09129,0.75800,-0.12381,0.63386,0.37047,1.14967,0.19157,
1413394988505760512,3.12005,-1.72103,1.24077,0.06843,0.75604,-0.19112,0.62225,0.06886,1.03248,0.03727,
1413394988705760512,3.09347,-1.54028,1.24536,0.11271,0.75022,-0.25417,0.59989,-0.22309,0.84945,-0.06449,
1413394988905760512,3.01740,-1.38435,1.22654,0.17577,0.73903,-0.28116,0.58642,-0.40089,0.79338,-0.18867,
1413394989105760512,2.90816,-1.22350,1.19113,0.21323,0.73976,-0.28563,0.57070,-0.52544,0.86012,-0.18367,
1413394989305760256,2.79704,-1.04575,1.16131,0.21568,0.74744,-0.29000,0.55742,-0.54172,0.93194,-0.12400,
1413394989505760512,2.65903,-0.86392,1.14414,0.19833,0.75038,-0.29602,0.55674,-0.57767,0.95471,-0.15865,
1413394989705760512,2.48647,-0.69517,1.10706,0.17555,0.75565,-0.29622,0.55716,-0.63803,0.91193,-0.34019,
1413394989905760512,2.33974,-0.53114,1.02783,0.12507,0.77662,-0.26934,0.55559,-0.63238,0.79889,-0.50375,
1413394990105760512,2.20506,-0.39502,0.92555,0.09021,0.80563,-0.18612,0.55515,-0.60783,0.64168,-0.60475,
1413394990205760512,2.13637,-0.33838,0.86293,0.07444,0.81679,-0.13482,0.55600,-0.56971,0.60561,-0.66944,
1413394990355760640,2.05340,-0.25279,0.76510,0.04885,0.82741,-0.05820,0.55644,-0.49454,0.58933,-0.66498,
1413394990455760384,2.00695,-0.19909,0.69987,0.02985,0.83201,-0.01912,0.55363,-0.43529,0.58555,-0.63580,
1413394990555760384,1.96761,-0.14853,0.63765,0.01003,0.83417,0.00422,0.55140,-0.35460,0.58975,-0.59180,
1413394990655760640,1.93073,-0.09603,0.58057,-0.00542,0.83603,0.01650,0.54840,-0.27834,0.59630,-0.55298,
1413394990755760384,1.90247,-0.03859,0.52766,-0.01300,0.83606,0.02280,0.54801,-0.18241,0.59973,-0.53513,
1413394990855760640,1.88233,0.02517,0.47952,-0.01533,0.83618,0.02485,0.54767,-0.08461,0.60646,-0.49004,
1413394990955760384,1.87028,0.08836,0.43531,-0.01482,0.83587,0.02341,0.54823,-0.00987,0.61094,-0.44561,
1413394991055760384,1.86372,0.15117,0.39611,-0.01096,0.83534,0.02119,0.54921,0.07246,0.62683,-0.38981,
1413394991155760640,1.86477,0.21883,0.35924,-0.01373,0.83353,0.01248,0.55216,0.14396,0.63964,-0.35300,
1413394991255760384,1.87913,0.28379,0.32517,-0.01407,0.83255,0.00190,0.55376,0.20744,0.62289,-0.32883,
1413394991355760640,1.88593,0.35007,0.29876,-0.00953,0.83209,-0.01435,0.55438,0.24892,0.59210,-0.29745,
1413394991455760384,1.91644,0.40513,0.27271,0.00030,0.83111,-0.03585,0.55495,0.32062,0.56139,-0.25633,
1413394991555760384,1.94920,0.45390,0.25176,0.01455,0.82881,-0.05994,0.55612,0.35214,0.49898,-0.24341,
1413394991655760640,1.98738,0.49356,0.23540,0.03345,0.82406,-0.08193,0.55955,0.40728,0.44880,-0.18668,
1413394991755760384,2.02929,0.52634,0.22530,0.05497,0.81359,-0.09949,0.57022,0.44621,0.41158,-0.14606,
1413394991855760640,2.07099,0.56125,0.21531,0.06701,0.80096,-0.11527,0.58368,0.44322,0.39430,-0.13110,
1413394991955760384,2.10902,0.59699,0.20652,0.07156,0.79180,-0.12864,0.59277,0.41304,0.38037,-0.13049,
1413394992055760384,2.14279,0.62979,0.19705,0.07144,0.78794,-0.14547,0.59404,0.35126,0.34946,-0.14092,
1413394992155760640,2.17092,0.65776,0.18800,0.06841,0.78759,-0.16656,0.58930,0.27865,0.28492,-0.11988,
1413394992255760384,2.19567,0.68070,0.17950,0.07129,0.78972,-0.18619,0.58017,0.22819,0.19518,-0.06964,
1413394992355760640,2.21449,0.68970,0.17850,0.08598,0.78974,-0.20078,0.57325,0.18782,0.09469,-0.02448,
1413394992455760384,2.23026,0.69140,0.17947,0.11125,0.78825,-0.20974,0.56770,0.16379,0.02208,0.02324,
1413394992555760384,2.24348,0.68895,0.18313,0.14315,0.78855,-0.20951,0.56019,0.16012,0.00289,0.03319,
1413394992655760640,2.25778,0.68817,0.18823,0.15916,0.78444,-0.21322,0.56023,0.17310,0.02811,0.04605,
1413394992755760384,2.27375,0.68975,0.19277,0.15965,0.77783,-0.22356,0.56525,0.17143,0.04255,0.04236,
1413394992855760640,2.28792,0.69292,0.19733,0.15463,0.77215,-0.24025,0.56759,0.14681,0.04042,0.03306,
1413394992955760384,2.30018,0.69653,0.20073,0.15111,0.76887,-0.25437,0.56684,0.11803,0.02542,0.01194,
1413394993055760384,2.30919,0.69646,0.19665,0.15331,0.76810,-0.26109,0.56423,0.09638,-0.00486,-0.09141,
1413394993155760640,2.31590,0.69424,0.18043,0.16205,0.76984,-0.25995,0.55993,0.07850,-0.02613,-0.20101,
1413394993255760384,2.31910,0.68951,0.15458,0.17078,0.77237,-0.25552,0.55587,0.06002,-0.03726,-0.29177,
1413394993355760640,2.32300,0.68505,0.12116,0.18101,0.77470,-0.24826,0.55267,0.06364,-0.02279,-0.32223,
1413394993455760384,2.32751,0.68329,0.08939,0.18887,0.77675,-0.24138,0.55020,0.07915,0.00509,-0.30696,
1413394993555760384,2.33240,0.68475,0.05728,0.19247,0.77795,-0.23621,0.54950,0.09567,0.05167,-0.30001,
1413394993655760640,2.34240,0.69170,0.02794,0.19050,0.77782,-0.23736,0.54987,0.11595,0.09076,-0.29919,
1413394993755760384,2.35276,0.69583,-0.00673,0.18618,0.77356,-0.24883,0.55229,0.12061,0.10218,-0.35771,
1413394993855760640,2.36529,0.70484,-0.04702,0.18541,0.76726,-0.26929,0.55174,0.10931,0.09771,-0.44445,
1413394993955760384,2.37801,0.71049,-0.09642,0.18753,0.75796,-0.29654,0.54990,0.09521,0.07397,-0.50809,
1413394994055760384,2.38707,0.71402,-0.14596,0.19385,0.74584,-0.32647,0.54733,0.05057,0.03750,-0.48322,
1413394994155760640,2.38879,0.71694,-0.18767,0.20908,0.73318,-0.35304,0.54231,-0.01778,0.00709,-0.34026,
1413394994305760256,2.37940,0.71362,-0.22729,0.24605,0.71448,-0.38606,0.52909,-0.11960,-0.01026,-0.23086,
1413394994505760512,2.35421,0.70949,-0.25116,0.30205,0.70065,-0.41188,0.49822,-0.10505,0.00483,-0.05493,
1413394994705760512,2.34475,0.71611,-0.24085,0.33103,0.69059,-0.42322,0.48414,0.01020,0.08517,0.11366,
1413394994905760512,2.36065,0.74217,-0.20487,0.33749,0.67997,-0.42784,0.49061,0.13472,0.19285,0.12153,
1413394995105760512,2.39929,0.78244,-0.20047,0.32046,0.67227,-0.43663,0.50469,0.17457,0.28973,-0.25361,
1413394995305760256,2.43637,0.83376,-0.25711,0.28925,0.68118,-0.45295,0.49716,0.12967,0.28262,-0.45202,
1413394995505760512,2.46467,0.86632,-0.33633,0.28353,0.69720,-0.45444,0.47645,0.10851,0.14576,-0.43556,
1413394995705760512,2.48837,0.87263,-0.41250,0.29289,0.69347,-0.44775,0.48254,0.14346,0.00013,-0.34068,
1413394995905760512,2.51422,0.86510,-0.46582,0.30129,0.67932,-0.44221,0.50220,0.12192,-0.01284,-0.29988,
1413394996105760512,2.53009,0.87917,-0.48802,0.31509,0.67258,-0.43618,0.50804,-0.00973,0.12739,0.15408,
1413394996305760256,2.53805,0.89864,-0.49412,0.31670,0.67642,-0.42826,0.50867,0.02798,0.08692,0.14445,
1413394996505760512,2.51019,0.82074,-0.50263,0.31383,0.68207,-0.42785,0.50322,0.00101,0.00613,-0.02873,
1413394996705760512,2.50940,0.81787,-0.50168,0.31314,0.68072,-0.42801,0.50534,-0.00276,0.00622,0.00804,
1413394996905760512,2.50992,0.81752,-0.50282,0.31326,0.68008,-0.42775,0.50635,0.00439,0.00419,0.00052,
1413394997105760512,2.51006,0.81742,-0.50306,0.31305,0.67994,-0.42772,0.50669,0.00195,0.00005,0.00152,
1413394997305760256,2.51017,0.81722,-0.50339,0.31267,0.68005,-0.42777,0.50674,0.00499,-0.00031,0.00052,
1413394997505760512,2.51033,0.81719,-0.50364,0.31264,0.68005,-0.42773,0.50678,0.00200,-0.00023,0.00020,
1413394997705760512,2.51042,0.81721,-0.50384,0.31246,0.68013,-0.42771,0.50681,0.00124,0.00165,0.00067,
1413394997905760512,2.51051,0.81725,-0.50400,0.31238,0.68008,-0.42775,0.50689,0.00122,0.00118,0.00184,
1413394998105760512,2.51059,0.81715,-0.50422,0.31226,0.68001,-0.42775,0.50705,0.00227,-0.00317,-0.00357,
1413394998305760256,2.51068,0.81700,-0.50462,0.31220,0.67984,-0.42765,0.50741,0.00238,0.00160,-0.00096,
