1403638130095097088,0.01057,0.00843,0.15122,-0.03173,0.83094,0.00272,0.55545,0.02463,0.02080,0.39200,
1403638130195097088,0.01204,0.01149,0.19201,-0.03705,0.82850,0.00532,0.55874,0.02019,0.03228,0.39688,
1403638130295097088,0.01348,0.01428,0.23333,-0.04203,0.82589,0.00786,0.56221,0.01427,0.01561,0.42910,
1403638130395097088,0.01443,0.01599,0.27620,-0.05419,0.81913,-0.00141,0.57104,0.00429,0.01327,0.41595,
1403638130495096832,0.01519,0.01892,0.31643,-0.05737,0.81911,0.00391,0.57074,-0.00122,0.02960,0.39805,
1403638130595097088,0.01430,0.02198,0.35561,-0.05070,0.82077,0.01315,0.56886,-0.00809,0.02602,0.39706,
1403638130695097088,0.01299,0.02309,0.39521,-0.05426,0.81410,0.00799,0.57813,-0.01667,0.00482,0.38955,
1403638130795097088,0.01146,0.02336,0.43115,-0.07185,0.80723,-0.00572,0.58581,-0.02015,-0.00035,0.32503,
1403638130895097088,0.00918,0.02201,0.45790,-0.07823,0.80541,-0.00670,0.58750,-0.04539,-0.02684,0.19636,
1403638130995096832,0.00588,0.01761,0.47033,-0.07663,0.79558,-0.01351,0.60083,-0.04413,-0.04855,0.03595,
1403638131095097088,0.00353,0.01492,0.46468,-0.07387,0.78900,-0.01745,0.60968,-0.02001,-0.02023,-0.15694,
1403638131195097088,0.00498,0.01593,0.44200,-0.06482,0.79736,-0.00766,0.59996,-0.00550,0.00580,-0.27706,
1403638131295097088,0.01033,0.01691,0.41140,-0.05348,0.80861,0.00622,0.58588,-0.00703,-0.00380,-0.31793,
1403638131395097088,0.01087,0.01616,0.37924,-0.05088,0.81108,0.00751,0.58267,-0.02971,-0.02668,-0.34204,
1403638131495096832,0.00820,0.01344,0.34502,-0.04428,0.81090,0.00850,0.58344,-0.04109,-0.03475,-0.37745,
1403638131595097088,0.00441,0.01192,0.30563,-0.04135,0.81463,0.01017,0.57842,-0.04217,-0.02961,-0.41705,
1403638131695097088,0.00111,0.00870,0.26367,-0.03781,0.81593,0.01387,0.57675,-0.04211,-0.03666,-0.43770,
1403638131795097088,-0.00302,0.00475,0.21939,-0.03055,0.81635,0.01811,0.57646,-0.04894,-0.04143,-0.43715,
1403638131895097088,-0.00833,0.00261,0.17602,-0.02102,0.81793,0.02167,0.57453,-0.05006,-0.03440,-0.39573,
1403638131995096832,-0.01197,0.00151,0.14275,-0.01422,0.81977,0.02791,0.57183,-0.02917,-0.00377,-0.24125,
1403638132095097088,-0.01319,0.00356,0.12798,-0.00496,0.82551,0.04364,0.56267,-0.00793,0.03022,-0.00601,
1403638132195097088,-0.01281,0.00568,0.14360,-0.00455,0.82619,0.05019,0.56113,0.00163,0.03675,0.31356,
1403638132295097088,-0.01116,0.00445,0.18398,-0.01729,0.81811,0.04266,0.57321,0.00196,0.04378,0.51462,
1403638132395097088,-0.01074,0.00859,0.23969,-0.02995,0.81364,0.03727,0.57941,0.00535,0.06307,0.57436,
1403638132495096832,-0.01199,0.00575,0.29718,-0.04994,0.80522,0.02649,0.59028,-0.00073,0.03513,0.58510,
1403638132595097088,-0.01008,0.00992,0.35284,-0.06825,0.79112,0.01185,0.60773,0.01292,0.05811,0.50202,
1403638132695097088,-0.00781,0.01766,0.39341,-0.07493,0.79118,0.00796,0.60692,0.01200,0.10086,0.31886,
1403638132795097088,-0.00663,0.02860,0.41938,-0.07718,0.79668,0.00644,0.59942,-0.00948,0.10635,0.19002,
1403638132895097088,-0.00805,0.03656,0.43176,-0.08293,0.78918,-0.00205,0.60853,-0.01565,0.05371,0.02963,
1403638132995096832,-0.00877,0.03704,0.42728,-0.08947,0.78258,-0.00276,0.61608,0.00864,-0.02389,-0.12403,
1403638133095097088,-0.00629,0.02685,0.40949,-0.07983,0.78750,0.01156,0.61102,0.02858,-0.14027,-0.21754,
1403638133195097088,-0.00293,0.00571,0.38525,-0.06816,0.79193,0.01318,0.60665,0.02894,-0.26532,-0.23391,
1403638133295097088,0.00002,-0.02645,0.36132,-0.05260,0.79365,0.00319,0.60609,0.00437,-0.37146,-0.25163,
1403638133395097088,-0.00105,-0.06711,0.33534,-0.03497,0.79977,-0.00402,0.59927,-0.03477,-0.43399,-0.24472,
1403638133495096832,-0.00685,-0.11138,0.31435,-0.01525,0.80308,-0.01813,0.59541,-0.08635,-0.46785,-0.19727,
1403638133595097088,-0.01781,-0.15609,0.29684,-0.00736,0.80467,-0.04050,0.59229,-0.13318,-0.44085,-0.18658,
1403638133695097088,-0.03275,-0.19699,0.27969,-0.00591,0.80818,-0.05814,0.58602,-0.16104,-0.38394,-0.17452,
1403638133795097088,-0.04835,-0.23419,0.26239,0.00783,0.81002,-0.07196,0.58191,-0.11425,-0.31951,-0.16967,
1403638133895097088,-0.05557,-0.25864,0.24712,0.02428,0.81247,-0.07998,0.57698,-0.01710,-0.17987,-0.14341,
1403638133995096832,-0.04948,-0.26473,0.23824,0.03161,0.81153,-0.08600,0.57709,0.12910,0.03781,-0.05445,
1403638134095097088,-0.03106,-0.25548,0.23457,0.03466,0.81445,-0.08085,0.57352,0.22727,0.20515,-0.01990,
1403638134195097088,-0.00406,-0.23271,0.23593,0.03766,0.81582,-0.07467,0.57222,0.29999,0.29114,0.04178,
1403638134295097088,0.02939,-0.20058,0.24146,0.03381,0.80669,-0.08251,0.58421,0.33567,0.37197,0.04542,
1403638134395097088,0.06513,-0.16153,0.24482,0.02492,0.80816,-0.08733,0.58192,0.32471,0.43094,0.01293,
1403638134495096832,0.09867,-0.12129,0.24830,0.01757,0.80938,-0.09111,0.57990,0.27049,0.43868,0.03057,
1403638134595097088,0.12180,-0.07638,0.25184,0.00733,0.80762,-0.09621,0.58176,0.19244,0.46797,0.03598,
1403638134695097088,0.14282,-0.03197,0.25849,0.00238,0.81114,-0.09512,0.57705,0.12371,0.48361,0.05150,
1403638134795097088,0.15410,0.01652,0.26356,0.00004,0.81830,-0.08943,0.56779,0.09899,0.46768,0.09288,
1403638134895097088,0.16705,0.05719,0.27443,0.00231,0.82040,-0.08516,0.56540,0.05863,0.40123,0.11868,
1403638134995096832,0.17356,0.09226,0.28035,0.00143,0.81633,-0.08550,0.57122,0.02244,0.33933,0.03975,
1403638135095097088,0.17402,0.12285,0.28030,0.00473,0.82019,-0.07761,0.56678,-0.00196,0.25589,-0.02682,
1403638135195097088,0.17108,0.14147,0.27407,0.00600,0.82448,-0.06996,0.56152,-0.05310,0.11095,-0.07246,
1403638135295097088,0.16375,0.14378,0.26526,0.00828,0.82613,-0.06696,0.55942,-0.09040,-0.05917,-0.09589,
1403638135395097088,0.15400,0.13301,0.25322,0.01121,0.82347,-0.06896,0.56305,-0.13106,-0.16223,-0.09531,
1403638135495096832,0.13929,0.11390,0.24353,0.02046,0.82569,-0.06807,0.55962,-0.13895,-0.23831,-0.08662,
1403638135595097088,0.12567,0.08647,0.23927,0.02816,0.83030,-0.06806,0.55243,-0.13372,-0.34589,0.00974,
1403638135695097088,0.11484,0.05125,0.23824,0.03292,0.82604,-0.07773,0.55726,-0.16286,-0.38157,-0.00742,
1403638135795097088,0.10032,0.01690,0.23429,0.02973,0.82281,-0.09048,0.56028,-0.20479,-0.33118,-0.03919,
1403638135895097088,0.08021,-0.01606,0.23180,0.03958,0.82818,-0.08601,0.55241,-0.23658,-0.29741,0.01365,
1403638135995096832,0.05970,-0.04535,0.23909,0.05114,0.83362,-0.08187,0.54383,-0.22414,-0.32796,0.15087,
1403638136095097088,0.03799,-0.08235,0.25726,0.06026,0.82638,-0.08790,0.55294,-0.21200,-0.41167,0.19251,
1403638136195097088,0.01436,-0.12491,0.27133,0.05789,0.81598,-0.10165,0.56611,-0.24182,-0.43271,0.07859,
1403638136295097088,-0.01148,-0.16787,0.27212,0.06434,0.81339,-0.10691,0.56818,-0.23524,-0.40016,-0.04899,
1403638136395097088,-0.03481,-0.20106,0.26445,0.07408,0.81515,-0.10808,0.56424,-0.19447,-0.27284,-0.09597,
1403638136495096832,-0.05126,-0.21999,0.25900,0.07999,0.81750,-0.11039,0.55956,-0.11225,-0.08943,-0.02413,
1403638136595097088,-0.05825,-0.21818,0.26372,0.07428,0.81791,-0.12118,0.55752,-0.01949,0.11612,0.08426,
1403638136695097088,-0.05668,-0.19791,0.27661,0.06091,0.81663,-0.12308,0.56059,0.03703,0.28268,0.13336,
1403638136795097088,-0.04951,-0.16492,0.29172,0.04392,0.81637,-0.11907,0.56342,0.08611,0.39773,0.14197,
1403638136895097088,-0.03957,-0.12542,0.30244,0.01909,0.80909,-0.12064,0.57485,0.10758,0.44436,0.03885,
1403638136995096832,-0.02803,-0.08513,0.29822,0.00029,0.79914,-0.12372,0.58828,0.09836,0.43226,-0.13698,
1403638137095097088,-0.01777,-0.04794,0.27576,-0.00666,0.79963,-0.11793,0.58876,0.06541,0.37174,-0.29315,
1403638137195097088,-0.01011,-0.01587,0.24034,-0.00375,0.80781,-0.10459,0.58007,0.03279,0.31148,-0.38097,
1403638137295097088,-0.00570,0.01032,0.19950,-0.00026,0.81676,-0.09054,0.56984,0.00308,0.23446,-0.39593,
1403638137395097088,-0.00483,0.02936,0.15853,0.00192,0.82220,-0.08316,0.56308,-0.01847,0.15093,-0.39002,
1403638137495096832,-0.00473,0.04169,0.12020,0.01196,0.83017,-0.07447,0.55238,-0.01175,0.10652,-0.35449,
1403638137595097088,-0.00422,0.04858,0.08726,0.02640,0.83881,-0.06311,0.54011,-0.00177,0.05701,-0.27476,
1403638137695097088,-0.00445,0.05116,0.06159,0.03408,0.83944,-0.06274,0.53874,-0.01545,0.02367,-0.20026,
1403638137795097088,-0.00487,0.05289,0.04197,0.03631,0.83861,-0.06790,0.53926,-0.02061,0.01272,-0.16429,
1403638137895097088,-0.00471,0.05939,0.02649,0.04274,0.84431,-0.06448,0.53024,-0.00959,0.02069,-0.12526,
1403638137995096832,-0.00651,0.06185,0.01581,0.04835,0.85293,-0.05663,0.51670,0.00480,0.02349,-0.07589,
1403638138095097088,-0.00622,0.06341,0.01039,0.04988,0.85322,-0.05302,0.51645,0.01292,0.00099,-0.02073,
1403638138195097088,-0.00658,0.06252,0.01007,0.04660,0.84532,-0.06099,0.52871,0.00612,-0.00047,-0.04466,
1403638138295097088,-0.00784,0.06169,0.00990,0.04430,0.84140,-0.06368,0.53482,-0.00462,0.00768,0.01071,
1403638138395097088,-0.00909,0.06207,0.01072,0.04450,0.83679,-0.06422,0.54192,-0.01720,0.00009,-0.00916,
1403638138495096832,-0.00950,0.06192,0.01076,0.04503,0.83658,-0.06307,0.54233,-0.00180,-0.00031,-0.00461,
1403638138595097088,-0.00941,0.06201,0.01057,0.04430,0.83651,-0.06293,0.54251,-0.00074,-0.00295,-0.00074,
1403638138695097088,-0.00932,0.06224,0.01053,0.04316,0.83646,-0.06335,0.54264,0.00136,-0.00662,0.00043,
1403638138795097088,-0.00932,0.06216,0.01065,0.04283,0.83657,-0.06263,0.54259,-0.00090,-0.00474,-0.00128,
1403638138895097088,-0.00911,0.06257,0.01054,0.04110,0.83638,-0.06343,0.54292,0.00608,0.00896,0.00352,
1403638138995096832,-0.00915,0.06249,0.01068,0.04092,0.83648,-0.06278,0.54284,0.00207,0.01472,-0.00241,
1403638139095097088,-0.00913,0.06240,0.01073,0.04071,0.83654,-0.06219,0.54284,0.00240,0.01279,-0.00185,
1403638139195097088,-0.00912,0.06237,0.01078,0.04050,0.83651,-0.06173,0.54296,0.00395,0.00756,-0.00023,
1403638139295097088,-0.00911,0.06239,0.01082,0.04011,0.83650,-0.06143,0.54304,0.00049,0.00134,-0.00038,
1403638139395097088,-0.00908,0.06244,0.01088,0.03948,0.83651,-0.06130,0.54308,0.00134,-0.00316,0.00003,
1403638139495096832,-0.00908,0.06249,0.01092,0.03886,0.83653,-0.06118,0.54311,0.00138,-0.00328,0.00023,
1403638139595097088,-0.00905,0.06253,0.01095,0.03837,0.83652,-0.06097,0.54318,0.00025,-0.00223,-0.00015,
1403638139695097088,-0.00905,0.06255,0.01100,0.03796,0.83654,-0.06077,0.54321,0.00157,-0.00156,-0.00027,
1403638139795097088,-0.00902,0.06256,0.01105,0.03750,0.83656,-0.06058,0.54322,0.00010,-0.00027,-0.00103,
1403638139895097088,-0.00901,0.06257,0.01110,0.03727,0.83656,-0.06035,0.54326,0.00131,0.00134,-0.00015,
1403638139995096832,-0.00900,0.06257,0.01114,0.03690,0.83660,-0.06015,0.54324,0.00172,0.00050,0.00034,
1403638140095097088,-0.00897,0.06258,0.01119,0.03657,0.83663,-0.05997,0.54325,0.00075,0.00011,-0.00090,
1403638140195097088,-0.00897,0.06259,0.01121,0.03623,0.83663,-0.05982,0.54329,0.00252,-0.00052,0.00034,
1403638140295097088,-0.00896,0.06260,0.01122,0.03592,0.83662,-0.05967,0.54334,0.00046,0.00007,-0.00099,
1403638140395097088,-0.00895,0.06262,0.01124,0.03564,0.83662,-0.05957,0.54336,0.00112,-0.00105,-0.00095,
1403638140495096832,-0.00895,0.06264,0.01125,0.03539,0.83664,-0.05947,0.54336,0.00057,-0.00029,0.00033,
1403638140595097088,-0.00894,0.06263,0.01128,0.03515,0.83664,-0.05934,0.54340,0.00099,-0.00003,-0.00102,
1403638140695097088,-0.00895,0.06264,0.01130,0.03497,0.83663,-0.05919,0.54344,0.00168,-0.00147,-0.00007,
1403638140795097088,-0.00894,0.06265,0.01131,0.03477,0.83662,-0.05910,0.54348,0.00040,-0.00063,-0.00090,
1403638140895097088,-0.00893,0.06266,0.01134,0.03457,0.83663,-0.05902,0.54348,0.00147,-0.00061,0.00045,
1403638140995096832,-0.00893,0.06268,0.01136,0.03440,0.83664,-0.05891,0.54350,0.00180,-0.00078,-0.00050,
1403638141095097088,-0.00892,0.06269,0.01136,0.03425,0.83660,-0.05883,0.54357,0.00018,-0.00048,-0.00150,
1403638141195097088,-0.00892,0.06269,0.01137,0.03403,0.83659,-0.05874,0.54360,0.00121,-0.00077,-0.00057,
1403638141295097088,-0.00892,0.06269,0.01138,0.03392,0.83660,-0.05865,0.54361,0.00095,-0.00053,-0.00099,
1403638141395097088,-0.00892,0.06270,0.01139,0.03378,0.83658,-0.05860,0.54366,0.00044,-0.00087,0.00005,
1403638141495096832,-0.00892,0.06269,0.01140,0.03362,0.83659,-0.05853,0.54366,0.00087,-0.00017,-0.00058,
1403638141595097088,-0.00891,0.06269,0.01141,0.03356,0.83658,-0.05847,0.54368,0.00063,-0.00008,-0.00066,
1403638141695097088,-0.00891,0.06269,0.01142,0.03345,0.83659,-0.05842,0.54368,0.00158,0.00003,-0.00038,
1403638141795097088,-0.00890,0.06269,0.01143,0.03336,0.83659,-0.05835,0.54369,0.00120,-0.00127,-0.00028,
1403638141895097088,-0.00890,0.06269,0.01143,0.03327,0.83658,-0.05830,0.54372,0.00080,-0.00095,-0.00048,
1403638141995096832,-0.00891,0.06271,0.01144,0.03318,0.83657,-0.05823,0.54375,0.00186,0.00778,0.00012,
1403638142095097088,-0.00889,0.06273,0.01146,0.03312,0.83659,-0.05815,0.54373,0.00116,0.00323,-0.00092,
1403638142195097088,-0.00891,0.06271,0.01145,0.03322,0.83655,-0.05835,0.54376,-0.00121,-0.00909,0.00010,
1403638142295097088,-0.00893,0.06261,0.01146,0.03349,0.83656,-0.05868,0.54369,0.00036,0.00114,-0.00225,
1403638142395097088,-0.00892,0.06268,0.01149,0.03362,0.83662,-0.05860,0.54360,0.00426,0.02024,-0.00076,
1403638142495096832,-0.00890,0.06274,0.01149,0.03332,0.83670,-0.05847,0.54351,0.00327,0.01320,-0.00331,
1403638142595097088,-0.00887,0.06281,0.01147,0.03273,0.83674,-0.05798,0.54354,0.00128,0.00950,-0.00172,
1403638142695097088,-0.00886,0.06281,0.01149,0.03300,0.83685,-0.05808,0.54334,-0.00094,-0.00144,-0.00135,
1403638142795097088,-0.00887,0.06272,0.01151,0.03353,0.83689,-0.05838,0.54322,-0.00116,-0.00027,0.00007,
1403638142895097088,-0.00886,0.06271,0.01154,0.03355,0.83692,-0.05828,0.54318,0.00226,-0.00103,-0.00212,
1403638142995096832,-0.00886,0.06278,0.01151,0.03349,0.83690,-0.05794,0.54325,0.00320,0.01195,0.00167,
1403638143095097088,-0.00887,0.06275,0.01152,0.03360,0.83696,-0.05799,0.54314,0.00164,0.00971,0.00232,
1403638143195097088,-0.00887,0.06272,0.01154,0.03355,0.83701,-0.05814,0.54305,0.00156,0.00329,0.00002,
1403638143295097088,-0.00886,0.06271,0.01152,0.03355,0.83698,-0.05826,0.54309,-0.00023,-0.00220,-0.00215,
1403638143395097088,-0.00886,0.06272,0.01152,0.03370,0.83697,-0.05831,0.54309,0.00062,-0.00080,0.00051,
1403638143495096832,-0.00887,0.06272,0.01151,0.03385,0.83696,-0.05835,0.54309,0.00091,-0.00135,-0.00103,
1403638143595097088,-0.00888,0.06268,0.01150,0.03403,0.83696,-0.05854,0.54306,0.00134,-0.00376,0.00042,
1403638143695097088,-0.00888,0.06269,0.01150,0.03392,0.83694,-0.05855,0.54310,0.00023,-0.00332,-0.00034,
1403638143795097088,-0.00887,0.06269,0.01148,0.03390,0.83694,-0.05853,0.54310,0.00106,-0.00053,0.00054,
1403638143895097088,-0.00888,0.06269,0.01147,0.03389,0.83693,-0.05864,0.54311,-0.00006,-0.00211,-0.00115,
1403638143995096832,-0.00888,0.06269,0.01146,0.03394,0.83690,-0.05866,0.54314,0.00084,-0.00053,-0.00007,
1403638144095097088,-0.00888,0.06268,0.01145,0.03393,0.83693,-0.05867,0.54309,0.00128,-0.00200,-0.00032,
1403638144195097088,-0.00889,0.06267,0.01144,0.03401,0.83689,-0.05869,0.54315,0.00160,0.00048,-0.00037,
1403638144295097088,-0.00889,0.06267,0.01143,0.03397,0.83687,-0.05864,0.54320,0.00064,0.00089,-0.00119,
1403638144395097088,-0.00889,0.06266,0.01141,0.03395,0.83684,-0.05865,0.54324,0.00068,-0.00181,-0.00099,
1403638144495096832,-0.00890,0.06264,0.01140,0.03400,0.83683,-0.05871,0.54324,0.00137,-0.00220,-0.00112,
1403638144595097088,-0.00891,0.06265,0.01139,0.03398,0.83684,-0.05876,0.54323,0.00188,0.00006,0.00072,
1403638144695097088,-0.00890,0.06265,0.01141,0.03393,0.83679,-0.05864,0.54332,-0.00104,-0.00191,-0.00099,
1403638144795097088,-0.00891,0.06266,0.01140,0.03392,0.83679,-0.05870,0.54331,-0.00063,-0.00370,-0.00154,
1403638144895097088,-0.00890,0.06266,0.01139,0.03397,0.83681,-0.05871,0.54328,-0.00107,-0.00221,-0.00045,
1403638144995096832,-0.00889,0.06264,0.01140,0.03404,0.83678,-0.05869,0.54333,0.00066,-0.00149,-0.00088,
1403638145095097088,-0.00890,0.06264,0.01139,0.03402,0.83678,-0.05873,0.54332,-0.00077,-0.00400,0.00015,
1403638145195097088,-0.00890,0.06264,0.01140,0.03408,0.83677,-0.05872,0.54333,0.00004,-0.00083,0.00110,
1403638145295097088,-0.00890,0.06263,0.01140,0.03406,0.83678,-0.05872,0.54331,-0.00012,-0.00130,0.00012,
1403638145395097088,-0.00893,0.06262,0.01141,0.03418,0.83677,-0.05875,0.54333,-0.00335,-0.00407,0.00038,
1403638145495096832,-0.00892,0.06263,0.01144,0.03418,0.83675,-0.05874,0.54335,0.00052,0.00281,0.00034,
1403638145595097088,-0.00889,0.06261,0.01144,0.03413,0.83676,-0.05869,0.54334,0.00233,0.00101,0.00215,
1403638145695097088,-0.00888,0.06260,0.01145,0.03413,0.83673,-0.05870,0.54339,0.00060,0.00183,-0.00324,
1403638145795097088,-0.00889,0.06261,0.01144,0.03420,0.83677,-0.05865,0.54333,0.00098,0.00162,0.00069,
1403638145895097088,-0.00889,0.06261,0.01144,0.03421,0.83673,-0.05868,0.54339,0.00006,-0.00088,-0.00114,
1403638145995096832,-0.00888,0.06261,0.01144,0.03420,0.83672,-0.05871,0.54340,-0.00089,-0.00117,-0.00073,
1403638146095097088,-0.00886,0.06261,0.01146,0.03418,0.83677,-0.05864,0.54334,-0.00334,-0.00159,-0.00045,
1403638146195097088,-0.00887,0.06261,0.01145,0.03424,0.83670,-0.05868,0.54343,-0.00051,-0.00026,-0.00060,
1403638146295097088,-0.00885,0.06262,0.01147,0.03435,0.83671,-0.05869,0.54340,-0.00019,-0.00168,-0.00161,
1403638146395097088,-0.00884,0.06261,0.01148,0.03441,0.83673,-0.05866,0.54337,-0.00135,-0.00006,0.00049,
1403638146495096832,-0.00885,0.06260,0.01148,0.03446,0.83677,-0.05875,0.54331,0.00027,-0.00208,-0.00311,
1403638146595097088,-0.00884,0.06262,0.01147,0.03457,0.83672,-0.05876,0.54337,-0.00635,-0.00031,-0.00186,
1403638146695097088,-0.00882,0.06260,0.01151,0.03466,0.83677,-0.05878,0.54328,-0.00036,-0.00130,0.00276,
1403638146795097088,-0.00884,0.06263,0.01146,0.03470,0.83668,-0.05880,0.54342,-0.00028,0.00161,-0.00008,
1403638146895097088,-0.00879,0.06262,0.01152,0.03485,0.83677,-0.05875,0.54328,-0.00211,0.00101,-0.00105,
1403638146995096832,-0.00881,0.06263,0.01151,0.03497,0.83690,-0.05883,0.54307,-0.00128,-0.00103,0.00101,
1403638147095097088,-0.00878,0.06275,0.01145,0.03487,0.83696,-0.05875,0.54298,0.00311,0.00058,0.00185,
1403638147195097088,-0.00876,0.06277,0.01141,0.03496,0.83705,-0.05863,0.54285,-0.00331,-0.00230,0.00067,
1403638147295097088,-0.00874,0.06280,0.01143,0.03488,0.83702,-0.05875,0.54289,-0.00431,-0.00164,-0.00173,
1403638147395097088,-0.00872,0.06280,0.01147,0.03495,0.83689,-0.05869,0.54310,-0.00075,-0.00068,0.00063,
1403638147495096832,-0.00879,0.06268,0.01168,0.03485,0.83643,-0.05849,0.54383,-0.00203,-0.00320,0.00591,
1403638147595097088,-0.00879,0.06268,0.01184,0.03432,0.83597,-0.05863,0.54455,0.00511,-0.00304,0.00248,
1403638147695097088,-0.00834,0.06266,0.01169,0.03391,0.83612,-0.05780,0.54444,0.00977,0.00095,0.00508,
1403638147795097088,-0.00642,0.06223,0.01277,0.03450,0.83390,-0.05832,0.54774,0.03635,-0.01058,0.01851,
1403638147895097088,-0.00158,0.06087,0.01691,0.03712,0.82674,-0.06138,0.55799,0.06857,-0.01333,0.07599,
1403638147995096832,0.00726,0.05944,0.02736,0.03776,0.82003,-0.06337,0.56755,0.09120,-0.01101,0.13764,
1403638148095097088,0.01731,0.05774,0.04528,0.03855,0.81488,-0.06265,0.57494,0.10460,-0.01761,0.21885,
1403638148195097088,0.02790,0.05594,0.07239,0.03925,0.81204,-0.05951,0.57924,0.09609,-0.01885,0.33083,
1403638148295097088,0.03684,0.05437,0.11416,0.03762,0.81175,-0.05669,0.58002,0.08014,-0.01482,0.49263,
1403638148395097088,0.04432,0.05340,0.16456,0.03600,0.81149,-0.05366,0.58078,0.06369,-0.00689,0.46249,
1403638148495096832,0.04994,0.05290,0.19893,0.03593,0.81537,-0.05062,0.57561,0.05520,0.00230,0.21671,
1403638148595097088,0.05642,0.05347,0.20838,0.03599,0.81943,-0.04817,0.57002,0.05812,0.01215,-0.02306,
1403638148695097088,0.06349,0.05457,0.19994,0.03523,0.82312,-0.04604,0.56490,0.08749,0.02363,-0.11634,
1403638148795097088,0.07517,0.05672,0.19170,0.03331,0.82562,-0.04486,0.56145,0.10784,0.03445,-0.04451,
1403638148895097088,0.08809,0.05949,0.19312,0.03190,0.82635,-0.04349,0.56057,0.13914,0.03993,0.04814,
1403638148995096832,0.10856,0.06177,0.21146,0.03083,0.82452,-0.04233,0.56340,0.16905,0.04648,0.19679,
1403638149095097088,0.12524,0.06434,0.23707,0.03066,0.82078,-0.04086,0.56896,0.19427,0.05211,0.31459,
1403638149195097088,0.14502,0.06896,0.26868,0.03047,0.81847,-0.04035,0.57231,0.21183,0.06275,0.31411,
1403638149295097088,0.16847,0.07310,0.30114,0.02853,0.81723,-0.04168,0.57409,0.20688,0.06521,0.27988,
1403638149395097088,0.18922,0.07922,0.32761,0.02788,0.81591,-0.04185,0.57599,0.20183,0.07170,0.23231,
1403638149495096832,0.21263,0.08412,0.35229,0.02850,0.81512,-0.04139,0.57710,0.19880,0.07188,0.18044,
1403638149595097088,0.23235,0.09032,0.36771,0.02940,0.81500,-0.03993,0.57734,0.19099,0.08056,0.10648,
1403638149695097088,0.25221,0.09738,0.37795,0.02677,0.81521,-0.03528,0.57747,0.18845,0.09180,0.05840,
1403638149795097088,0.27698,0.10391,0.38886,0.02375,0.81550,-0.03008,0.57748,0.19134,0.09726,0.01120,
1403638149895097088,0.29761,0.11196,0.39270,0.02107,0.81552,-0.02636,0.57774,0.18331,0.09549,-0.02740,
1403638149995096832,0.32310,0.12136,0.39885,0.02096,0.81601,-0.02267,0.57721,0.18235,0.10271,-0.06707,
1403638150095097088,0.34529,0.13290,0.39560,0.02735,0.81608,-0.01639,0.57705,0.18449,0.12744,-0.12324,
1403638150195097088,0.37098,0.14760,0.39087,0.03479,0.81623,-0.01040,0.57658,0.18989,0.16311,-0.16958,
1403638150295097088,0.39555,0.16718,0.37800,0.03849,0.81727,-0.00813,0.57491,0.19795,0.22131,-0.22639,
1403638150395097088,0.42116,0.19203,0.36259,0.03575,0.82146,-0.00920,0.56907,0.20387,0.28937,-0.23081,
1403638150495096832,0.44839,0.22391,0.35273,0.02472,0.82714,-0.00961,0.56138,0.22896,0.34673,-0.14367,
1403638150595097088,0.47720,0.25802,0.34855,0.01691,0.83084,-0.00554,0.55623,0.27703,0.37495,-0.03084,
1403638150695097088,0.51205,0.29574,0.35658,0.01107,0.83104,-0.00167,0.55609,0.31342,0.38289,0.05331,
1403638150795097088,0.54935,0.33263,0.36917,0.00758,0.82987,0.00498,0.55788,0.37144,0.40045,0.13498,
1403638150895097088,0.59116,0.37205,0.38404,0.00346,0.82728,0.01437,0.56159,0.40332,0.40887,0.12263,
1403638150995096832,0.63662,0.41326,0.39625,-0.00053,0.82301,0.02259,0.56758,0.42022,0.43026,0.07050,
1403638151095097088,0.68313,0.45942,0.40195,-0.00619,0.82080,0.03487,0.57011,0.42343,0.45929,0.01549,
1403638151195097088,0.72799,0.50719,0.40105,-0.01547,0.81846,0.05230,0.57197,0.42401,0.49560,-0.06117,
1403638151295097088,0.77218,0.55782,0.39397,-0.02965,0.81817,0.07127,0.56977,0.42743,0.51917,-0.09870,
1403638151395097088,0.81597,0.61085,0.38680,-0.04511,0.81686,0.09165,0.56771,0.41872,0.55429,-0.06561,
1403638151495096832,0.85796,0.66461,0.38394,-0.06117,0.81459,0.11119,0.56598,0.40823,0.57081,-0.00686,
1403638151595097088,0.90003,0.71982,0.38630,-0.07391,0.81244,0.12788,0.56403,0.41269,0.57481,0.06655,
1403638151695097088,0.94285,0.77624,0.39490,-0.08295,0.81006,0.14039,0.56322,0.41555,0.58788,0.13186,
1403638151795097088,0.98597,0.83387,0.41196,-0.08809,0.80940,0.14907,0.56114,0.40790,0.60235,0.20930,
1403638151895097088,1.02878,0.89293,0.43693,-0.09135,0.80906,0.15396,0.55980,0.42009,0.61134,0.27751,
1403638151995096832,1.07253,0.95466,0.46583,-0.09116,0.80917,0.15768,0.55863,0.44109,0.63998,0.27401,
1403638152095097088,1.11567,1.01872,0.49190,-0.09119,0.80959,0.15851,0.55778,0.43268,0.65994,0.22469,
1403638152195097088,1.15823,1.08588,0.51182,-0.09056,0.80957,0.15887,0.55782,0.43890,0.68213,0.16350,
1403638152295097088,1.19950,1.15442,0.52513,-0.08790,0.80914,0.16019,0.55848,0.44090,0.70442,0.09430,
1403638152395097088,1.24231,1.22729,0.53135,-0.08412,0.80899,0.16117,0.55900,0.43519,0.74332,0.01441,
1403638152495096832,1.28382,1.30452,0.52972,-0.08042,0.80943,0.16179,0.55873,0.43707,0.79222,-0.04626,
1403638152595097088,1.32458,1.38654,0.52307,-0.08041,0.80946,0.16109,0.55889,0.42767,0.83461,-0.07259,
1403638152695097088,1.36047,1.47058,0.51549,-0.08612,0.81111,0.15955,0.55609,0.42053,0.87991,-0.05334,
1403638152795097088,1.40284,1.56022,0.51475,-0.09402,0.80949,0.16295,0.55618,0.45172,0.92948,0.03848,
1403638152895097088,1.44296,1.65115,0.52310,-0.10553,0.80537,0.16920,0.55823,0.45712,0.94793,0.12129,
1403638152995096832,1.48329,1.74283,0.53811,-0.11645,0.80128,0.18063,0.55836,0.44788,0.94571,0.16565,
1403638153095097088,1.52307,1.83395,0.55817,-0.12521,0.80159,0.19295,0.55186,0.44365,0.93898,0.19852,
1403638153195097088,1.56321,1.92393,0.57905,-0.13086,0.80212,0.20290,0.54617,0.46073,0.93636,0.17480,
1403638153295097088,1.60653,2.01505,0.59534,-0.13454,0.80124,0.21170,0.54322,0.47583,0.94584,0.12467,
1403638153395097088,1.64986,2.10582,0.60684,-0.14110,0.79936,0.22236,0.54007,0.48379,0.95700,0.07996,
1403638153495096832,1.69348,2.19738,0.61723,-0.14372,0.79563,0.23910,0.53772,0.48786,0.97052,0.10646,
1403638153595097088,1.73675,2.29193,0.63368,-0.14691,0.79117,0.25800,0.53470,0.48934,1.01285,0.17767,
1403638153695097088,1.77932,2.39177,0.65478,-0.15601,0.78526,0.27518,0.53226,0.48065,1.06846,0.18985,
1403638153795097088,1.82120,2.49551,0.67395,-0.16947,0.77859,0.28837,0.53096,0.47813,1.10218,0.14883,
1403638153895097088,1.86279,2.60212,0.68758,-0.18047,0.77243,0.29801,0.53101,0.46199,1.11828,0.09073,
1403638153995096832,1.90444,2.71237,0.69599,-0.19046,0.76720,0.30245,0.53259,0.44435,1.13215,0.01859,
1403638154095097088,1.94479,2.82578,0.69873,-0.19637,0.76328,0.30522,0.53449,0.42676,1.14000,-0.03188,
1403638154195097088,1.98496,2.94183,0.69762,-0.19891,0.75815,0.30691,0.53985,0.40086,1.14347,-0.07230,
1403638154295097088,2.02490,3.06019,0.69206,-0.19922,0.75408,0.30787,0.54487,0.37465,1.15016,-0.09808,
1403638154395097088,2.06353,3.18085,0.68449,-0.20193,0.74889,0.30536,0.55240,0.34231,1.15147,-0.11705,
1403638154495096832,2.09469,3.29646,0.67054,-0.20424,0.74554,0.30246,0.55765,0.28519,1.13767,-0.15082,
1403638154595097088,2.12120,3.41368,0.66162,-0.20601,0.74673,0.30212,0.55559,0.19975,1.11410,-0.08680,
1403638154695097088,2.13905,3.52582,0.65726,-0.20883,0.74930,0.30656,0.54860,0.15061,1.10790,-0.01122,
1403638154795097088,2.15052,3.63703,0.66305,-0.20828,0.75028,0.31643,0.54182,0.10496,1.09278,0.05672,
1403638154895097088,2.15790,3.74607,0.67481,-0.20756,0.74883,0.32573,0.53858,0.07504,1.10945,0.14078,
1403638154995096832,2.16035,3.85577,0.69498,-0.20927,0.74522,0.33525,0.53709,0.01077,1.11561,0.21020,
1403638155095097088,2.15481,3.96294,0.72138,-0.21568,0.73974,0.34543,0.53567,-0.05036,1.12127,0.25030,
1403638155195097088,2.14588,4.07386,0.74685,-0.22418,0.73437,0.35288,0.53472,-0.08106,1.12947,0.22530,
1403638155295097088,2.13122,4.18062,0.76579,-0.23159,0.72803,0.35801,0.53681,-0.13441,1.11839,0.15234,
1403638155395097088,2.11156,4.28874,0.77743,-0.23727,0.72082,0.36514,0.53926,-0.19131,1.10971,0.08528,
1403638155495096832,2.08819,4.40015,0.78187,-0.24215,0.71411,0.37482,0.53937,-0.26000,1.10586,0.01924,
1403638155595097088,2.05739,4.50945,0.77995,-0.25629,0.70873,0.38179,0.53503,-0.33225,1.09019,-0.03659,
1403638155695097088,2.01962,4.61417,0.77440,-0.27479,0.70016,0.38994,0.53124,-0.39332,1.05558,-0.07883,
1403638155795097088,1.97737,4.71558,0.76388,-0.28978,0.69207,0.40283,0.52420,-0.44448,1.00823,-0.13214,
1403638155895097088,1.93047,4.81181,0.74916,-0.30306,0.68570,0.41909,0.51218,-0.49224,0.95278,-0.14184,
1403638155995096832,1.88004,4.90149,0.73567,-0.31312,0.68132,0.44031,0.49384,-0.52708,0.89779,-0.10661,
1403638156095097088,1.82802,4.98614,0.73002,-0.32214,0.67581,0.46278,0.47470,-0.53262,0.86513,0.00096,
1403638156195097088,1.77576,5.06995,0.73384,-0.33408,0.66818,0.47889,0.46107,-0.51502,0.86514,0.08322,
1403638156295097088,1.72588,5.15535,0.74378,-0.34204,0.66118,0.49502,0.44811,-0.49309,0.87193,0.12516,
1403638156395097088,1.67835,5.24060,0.75317,-0.34830,0.65631,0.50675,0.43720,-0.46194,0.86276,0.07105,
1403638156495096832,1.63320,5.32590,0.75650,-0.35217,0.65335,0.51445,0.42948,-0.42290,0.88344,0.00232,
1403638156595097088,1.59149,5.41398,0.75397,-0.35528,0.65043,0.51853,0.42643,-0.38576,0.91382,-0.05434,
1403638156695097088,1.55267,5.50321,0.74533,-0.35610,0.64955,0.52054,0.42464,-0.36290,0.94217,-0.11434,
1403638156795097088,1.51643,5.59667,0.73143,-0.35608,0.64887,0.52135,0.42469,-0.31954,0.97360,-0.15071,
1403638156895097088,1.48294,5.69596,0.71500,-0.35492,0.64947,0.52107,0.42510,-0.29987,0.98886,-0.16690,
1403638156995096832,1.45018,5.79757,0.70118,-0.35312,0.65098,0.51980,0.42584,-0.27651,1.03331,-0.10006,
1403638157095097088,1.42300,5.90620,0.69469,-0.35057,0.65402,0.51889,0.42440,-0.23381,1.08989,-0.03657,
1403638157195097088,1.39823,6.01899,0.69449,-0.34619,0.65750,0.51885,0.42267,-0.21035,1.13134,0.02674,
1403638157295097088,1.37473,6.13400,0.70105,-0.34724,0.65760,0.51777,0.42297,-0.19552,1.16458,0.10144,
1403638157395097088,1.35712,6.25307,0.71272,-0.34643,0.65355,0.52075,0.42624,-0.17254,1.21814,0.10025,
1403638157495096832,1.34146,6.37560,0.72026,-0.34801,0.64778,0.52349,0.43038,-0.17410,1.26090,0.05172,
1403638157595097088,1.32350,6.50006,0.72369,-0.35420,0.63898,0.52825,0.43265,-0.17719,1.28974,0.00576,
1403638157695097088,1.30529,6.62696,0.72307,-0.36174,0.62538,0.53712,0.43536,-0.19728,1.29312,0.00322,
1403638157795097088,1.28546,6.75804,0.72565,-0.36971,0.61114,0.54990,0.43294,-0.22341,1.30026,0.06738,
1403638157895097088,1.26390,6.88593,0.73629,-0.38227,0.59807,0.56216,0.42445,-0.25162,1.29967,0.15476,
1403638157995096832,1.24027,7.01347,0.75375,-0.39248,0.58647,0.57382,0.41563,-0.25349,1.28035,0.17545,
1403638158095097088,1.21675,7.13594,0.76875,-0.40196,0.58122,0.58200,0.40235,-0.24968,1.26341,0.12561,
1403638158195097088,1.19487,7.25439,0.77966,-0.41093,0.57761,0.58604,0.39252,-0.22510,1.24663,0.06232,
1403638158295097088,1.17585,7.37615,0.78526,-0.41463,0.57291,0.59001,0.38955,-0.20070,1.23852,0.01799,
1403638158395097088,1.15832,7.49352,0.78599,-0.41373,0.56921,0.59417,0.38961,-0.18239,1.22064,-0.01641,
1403638158495096832,1.14067,7.60867,0.78302,-0.41157,0.56458,0.59736,0.39373,-0.17539,1.18834,-0.06585,
1403638158595097088,1.12131,7.72781,0.77531,-0.40968,0.56192,0.59860,0.39759,-0.19161,1.18402,-0.08429,
1403638158695097088,1.09854,7.84206,0.76742,-0.41080,0.56233,0.59684,0.39852,-0.22660,1.16525,-0.08587,
1403638158795097088,1.07458,7.95937,0.75955,-0.41179,0.56689,0.59499,0.39378,-0.24300,1.15252,-0.06709,
1403638158895097088,1.04806,8.07634,0.75960,-0.41062,0.57323,0.59383,0.38751,-0.25023,1.15856,0.01386,
1403638158995096832,1.02415,8.19036,0.76543,-0.40857,0.57814,0.59372,0.38252,-0.23550,1.14670,0.09657,
1403638159095097088,0.99973,8.30610,0.78253,-0.40164,0.58429,0.59696,0.37539,-0.22205,1.17576,0.15593,
1403638159195097088,0.97878,8.42719,0.79667,-0.39207,0.59148,0.60183,0.36638,-0.21203,1.22265,0.11661,
1403638159295097088,0.95875,8.55237,0.80971,-0.39288,0.59171,0.59997,0.36819,-0.19075,1.30193,0.10388,
1403638159395097088,0.94060,8.68082,0.81902,-0.40694,0.58550,0.58980,0.37911,-0.16871,1.34445,0.06829,
1403638159495096832,0.92532,8.81708,0.82780,-0.42512,0.57744,0.57646,0.39183,-0.14131,1.34367,0.11274,
1403638159595097088,0.91417,8.95129,0.84317,-0.44520,0.57482,0.56177,0.39471,-0.09271,1.28735,0.18181,
1403638159695097088,0.91031,9.07942,0.86632,-0.45913,0.57474,0.55157,0.39324,-0.00524,1.23131,0.26076,
1403638159795097088,0.91695,9.19736,0.89773,-0.46229,0.57340,0.54975,0.39405,0.10056,1.12908,0.34327,
1403638159895097088,0.93501,9.30037,0.93765,-0.45533,0.56735,0.55575,0.40241,0.19312,1.04158,0.44298,
1403638159995096832,0.95758,9.39231,0.98514,-0.44546,0.56175,0.56367,0.41022,0.23018,0.91230,0.53496,
1403638160095097088,0.98735,9.46006,1.04002,-0.43886,0.56013,0.56980,0.41108,0.25737,0.80444,0.58323,
1403638160195097088,1.01798,9.52112,1.10092,-0.42916,0.56389,0.57839,0.40412,0.26948,0.76133,0.68698,
1403638160295097088,1.04664,9.58930,1.17271,-0.41770,0.57058,0.58768,0.39319,0.28035,0.72486,0.75470,
1403638160395097088,1.07617,9.64059,1.24844,-0.40937,0.57409,0.59434,0.38678,0.28205,0.70472,0.78934,
1403638160495096832,1.10480,9.69675,1.32244,-0.40732,0.57581,0.59597,0.38387,0.28170,0.71474,0.74436,
1403638160595097088,1.13300,9.76700,1.39399,-0.40618,0.57653,0.59670,0.38287,0.27225,0.74437,0.69069,
1403638160695097088,1.16086,9.83753,1.45972,-0.40641,0.57680,0.59627,0.38287,0.26274,0.76851,0.65678,
1403638160795097088,1.18993,9.90921,1.52140,-0.41497,0.57694,0.58948,0.38399,0.28862,0.78153,0.62087,
1403638160895097088,1.22014,9.96842,1.57719,-0.42625,0.57824,0.57512,0.39139,0.31861,0.75236,0.58582,
1403638160995096832,1.25554,10.02847,1.63009,-0.42948,0.58234,0.56052,0.40280,0.37297,0.69582,0.53090,
1403638161095097088,1.29525,10.08610,1.68030,-0.42521,0.59103,0.54734,0.41268,0.41057,0.61831,0.50046,
1403638161195097088,1.33870,10.13836,1.72712,-0.41244,0.60322,0.53628,0.42240,0.45093,0.55337,0.45526,
1403638161295097088,1.38553,10.18832,1.77246,-0.39695,0.61896,0.52272,0.43137,0.48019,0.53284,0.45114,
1403638161395097088,1.43378,10.23543,1.81777,-0.38037,0.63540,0.51067,0.43681,0.48441,0.47357,0.42208,
1403638161495096832,1.48320,10.28260,1.86163,-0.36407,0.64931,0.50410,0.43787,0.49075,0.46705,0.39832,
1403638161595097088,1.53301,10.33023,1.90094,-0.35421,0.65882,0.49790,0.43884,0.50388,0.47203,0.34181,
1403638161695097088,1.58268,10.37859,1.93460,-0.35076,0.66608,0.49101,0.43842,0.51485,0.47956,0.29274,
1403638161795097088,1.63490,10.42853,1.96507,-0.35161,0.66951,0.48354,0.44082,0.54312,0.48678,0.25654,
1403638161895097088,1.69066,10.47889,1.99109,-0.35087,0.67075,0.47519,0.44853,0.57619,0.48422,0.21362,
1403638161995096832,1.74935,10.52631,2.01038,-0.34694,0.67429,0.46763,0.45418,0.59479,0.46678,0.20706,
1403638162095097088,1.80910,10.57389,2.03490,-0.34390,0.67774,0.46232,0.45681,0.62430,0.47466,0.27855,
1403638162195097088,1.87223,10.62032,2.06503,-0.34220,0.68315,0.45851,0.45385,0.63971,0.44791,0.33587,
1403638162295097088,1.93859,10.66455,2.09636,-0.34077,0.68745,0.45594,0.45101,0.68122,0.44861,0.31318,
1403638162395097088,2.00958,10.70879,2.12521,-0.34351,0.68960,0.45202,0.44960,0.73273,0.45036,0.27581,
1403638162495096832,2.08471,10.75232,2.14606,-0.34450,0.68844,0.45034,0.45229,0.77518,0.42799,0.23451,
1403638162595097088,2.16464,10.79387,2.17057,-0.34108,0.68657,0.45313,0.45493,0.82173,0.41928,0.28287,
1403638162695097088,2.24793,10.83199,2.19493,-0.33693,0.68427,0.45730,0.45730,0.84512,0.39085,0.34056,
1403638162795097088,2.33420,10.86815,2.23236,-0.33528,0.68563,0.45823,0.45556,0.86607,0.36789,0.39895,
1403638162895097088,2.42375,10.90272,2.26829,-0.33658,0.68893,0.45226,0.45558,0.90546,0.35953,0.47757,
1403638162995096832,2.51706,10.93817,2.31796,-0.34194,0.68846,0.44293,0.46142,0.94803,0.34460,0.50936,
1403638163095097088,2.61371,10.97198,2.35382,-0.34603,0.68689,0.43362,0.46948,0.98117,0.30698,0.33793,
1403638163195097088,2.71522,11.00368,2.37253,-0.34000,0.69061,0.42758,0.47395,1.00928,0.25829,0.14604,
1403638163295097088,2.82014,11.03113,2.37872,-0.32768,0.69598,0.42212,0.47964,1.04131,0.23067,0.04372,
1403638163395097088,2.92873,11.05565,2.38132,-0.31468,0.70151,0.41358,0.48766,1.05894,0.20306,0.01378,
1403638163495096832,3.03889,11.07754,2.38329,-0.30438,0.70816,0.40305,0.49337,1.06412,0.18998,0.03525,
1403638163595097088,3.14709,11.09660,2.39138,-0.29784,0.71347,0.39469,0.49646,1.05018,0.16175,0.11853,
1403638163695097088,3.25232,11.11198,2.40836,-0.29245,0.71598,0.38993,0.49981,1.04581,0.14169,0.21360,
1403638163795097088,3.35533,11.12464,2.43452,-0.28959,0.71705,0.38699,0.50221,1.02913,0.11550,0.31102,
1403638163895097088,3.45632,11.13287,2.46805,-0.29115,0.71809,0.38336,0.50260,1.00447,0.06521,0.36601,
1403638163995096832,3.55689,11.13822,2.50775,-0.29438,0.72081,0.38060,0.49891,1.00666,0.04524,0.42537,
1403638164095097088,3.65945,11.14159,2.55386,-0.29821,0.72237,0.37912,0.49550,1.01991,0.01825,0.49367,
1403638164195097088,3.76459,11.14056,2.60414,-0.30338,0.72219,0.37707,0.49419,1.04260,-0.02481,0.49837,
1403638164295097088,3.87024,11.13643,2.65119,-0.30735,0.72028,0.37624,0.49516,1.06210,-0.05992,0.44425,
1403638164395097088,3.98050,11.12766,2.69162,-0.31013,0.71871,0.37620,0.49573,1.07973,-0.11193,0.37786,
1403638164495096832,4.09077,11.11486,2.72632,-0.31216,0.71837,0.37669,0.49457,1.10986,-0.15484,0.33194,
1403638164595097088,4.20666,11.09738,2.75611,-0.31534,0.71894,0.37527,0.49281,1.13817,-0.21066,0.27764,
1403638164695097088,4.32214,11.07233,2.78116,-0.31274,0.72105,0.37209,0.49380,1.18081,-0.28278,0.22232,
1403638164795097088,4.44330,11.03990,2.80124,-0.30307,0.71891,0.37179,0.50308,1.20725,-0.33678,0.20322,
1403638164895097088,4.56711,11.00427,2.81840,-0.28951,0.71351,0.37496,0.51622,1.19372,-0.37761,0.15921,
1403638164995096832,4.68378,10.96447,2.83087,-0.28611,0.71135,0.37177,0.52336,1.14772,-0.40973,0.11027,
1403638165095097088,4.79502,10.92087,2.83802,-0.29250,0.71411,0.35849,0.52534,1.09972,-0.46398,0.03348,
1403638165195097088,4.90430,10.87315,2.83998,-0.29001,0.72191,0.35166,0.52064,1.07625,-0.51879,-0.01218,
1403638165295097088,5.01561,10.82071,2.83800,-0.28238,0.73358,0.35026,0.50935,1.06201,-0.55659,-0.05910,
1403638165395097088,5.12479,10.76510,2.83158,-0.28163,0.74058,0.34456,0.50350,1.07978,-0.57750,-0.07973,
1403638165495096832,5.23552,10.70618,2.82259,-0.28040,0.73832,0.34085,0.50997,1.10988,-0.61299,-0.10014,
1403638165595097088,5.34624,10.64288,2.81033,-0.28016,0.73047,0.33728,0.52362,1.09967,-0.65247,-0.13430,
1403638165695097088,5.45412,10.57488,2.79270,-0.27861,0.72122,0.33600,0.53788,1.06882,-0.71634,-0.19582,
1403638165795097088,5.55753,10.49975,2.76918,-0.27441,0.71798,0.33779,0.54323,1.00615,-0.78465,-0.26311,
1403638165895097088,5.65396,10.41860,2.74343,-0.26884,0.72367,0.34198,0.53580,0.94119,-0.84871,-0.21843,
1403638165995096832,5.74517,10.33357,2.72367,-0.26352,0.72986,0.34647,0.52709,0.89926,-0.87672,-0.15107,
1403638166095097088,5.83321,10.24654,2.71358,-0.25750,0.73524,0.35170,0.51906,0.87419,-0.88851,-0.04166,
1403638166195097088,5.92054,10.16030,2.71587,-0.25303,0.73659,0.35706,0.51568,0.85803,-0.85623,0.12228,
1403638166295097088,6.00610,10.07674,2.73843,-0.25160,0.73566,0.36083,0.51508,0.83738,-0.83178,0.33069,
1403638166395097088,6.08740,9.99652,2.78064,-0.24974,0.73457,0.36449,0.51497,0.79585,-0.82865,0.48837,
1403638166495096832,6.16172,9.92063,2.83110,-0.24885,0.73436,0.36677,0.51406,0.75791,-0.79665,0.47897,
1403638166595097088,6.23330,9.84881,2.87754,-0.25069,0.73366,0.36717,0.51390,0.73758,-0.76677,0.40722,
1403638166695097088,6.30308,9.78232,2.91696,-0.25382,0.73470,0.36605,0.51166,0.71901,-0.73021,0.32643,
1403638166795097088,6.37115,9.71761,2.94679,-0.26128,0.73945,0.36205,0.50385,0.70850,-0.69265,0.23357,
1403638166895097088,6.44114,9.65004,2.96602,-0.26703,0.75012,0.35860,0.48726,0.72136,-0.67918,0.14401,
1403638166995096832,6.51481,9.58846,2.97982,-0.26550,0.75850,0.35956,0.47424,0.77950,-0.63951,0.11605,
1403638167095097088,6.59723,9.53070,2.99464,-0.26002,0.76133,0.36343,0.46977,0.86919,-0.58487,0.17168,
1403638167195097088,6.68773,9.48014,3.01657,-0.25440,0.75958,0.36759,0.47244,0.94780,-0.49367,0.26186,
1403638167295097088,6.78534,9.43683,3.04567,-0.24999,0.75665,0.37075,0.47701,1.01291,-0.40132,0.32221,
1403638167395097088,6.88892,9.40035,3.08018,-0.24915,0.75508,0.37091,0.47980,1.05129,-0.32632,0.35737,
1403638167495096832,6.99770,9.36755,3.11352,-0.25227,0.75300,0.36806,0.48362,1.08639,-0.28114,0.29992,
1403638167595097088,7.11106,9.33666,3.14077,-0.25890,0.75011,0.36237,0.48888,1.11495,-0.24961,0.22662,
1403638167695097088,7.22741,9.30652,3.16052,-0.26673,0.75075,0.35167,0.49149,1.15629,-0.24911,0.15450,
1403638167795097088,7.34824,9.27609,3.17380,-0.27008,0.75405,0.33820,0.49405,1.20948,-0.25980,0.10756,
1403638167895097088,7.47400,9.24437,3.18319,-0.26799,0.75930,0.32382,0.49677,1.26742,-0.28870,0.07300,
1403638167995096832,7.60463,9.21015,3.18998,-0.26145,0.76419,0.31005,0.50151,1.32022,-0.31952,0.05135,
1403638168095097088,7.74086,9.17362,3.20001,-0.25602,0.76793,0.29763,0.50611,1.37837,-0.33940,0.12464,
1403638168195097088,7.87947,9.13193,3.21694,-0.24769,0.77118,0.28746,0.51117,1.40110,-0.41169,0.20659,
1403638168295097088,8.02031,9.08443,3.24049,-0.23385,0.77533,0.27863,0.51628,1.42869,-0.46992,0.27186,
1403638168395097088,8.16397,9.03426,3.27060,-0.22169,0.77840,0.26671,0.52327,1.45580,-0.49747,0.33660,
1403638168495096832,8.30968,8.98173,3.30310,-0.20476,0.78260,0.26153,0.52651,1.45929,-0.51067,0.29690,
1403638168595097088,8.45551,8.93010,3.32822,-0.18596,0.78801,0.26261,0.52487,1.46440,-0.49412,0.21909,
1403638168695097088,8.60180,8.88219,3.34508,-0.17114,0.79169,0.26448,0.52345,1.46543,-0.44940,0.12864,
1403638168795097088,8.74800,8.84070,3.35548,-0.16458,0.79366,0.26481,0.52240,1.45790,-0.39537,0.05812,
1403638168895097088,8.89507,8.80611,3.35962,-0.16050,0.79504,0.26588,0.52101,1.47551,-0.31490,0.01691,
1403638168995096832,9.04346,8.78092,3.35883,-0.16059,0.79492,0.26684,0.52068,1.48370,-0.23197,-0.02745,
1403638169095097088,9.19270,8.76396,3.35472,-0.16705,0.78925,0.26563,0.52785,1.48426,-0.15909,-0.07773,
1403638169195097088,9.34178,8.74958,3.34431,-0.17807,0.78556,0.26207,0.53151,1.47228,-0.12690,-0.14205,
1403638169295097088,9.49292,8.73953,3.33006,-0.19204,0.78379,0.25175,0.53424,1.47602,-0.11959,-0.19103,
1403638169395097088,9.64451,8.72755,3.31123,-0.20724,0.78213,0.23240,0.53974,1.49253,-0.15450,-0.21897,
1403638169495096832,9.79748,8.70887,3.29144,-0.21131,0.78138,0.21379,0.54689,1.50235,-0.23828,-0.19203,
1403638169595097088,9.94901,8.67973,3.27897,-0.20431,0.78227,0.19859,0.55397,1.49422,-0.36109,-0.11142,
1403638169695097088,10.09770,8.64080,3.27101,-0.18548,0.78627,0.18754,0.55876,1.46425,-0.45282,-0.06069,
1403638169795097088,10.24215,8.59256,3.27049,-0.16135,0.79018,0.17684,0.56418,1.41994,-0.53299,0.03253,
1403638169895097088,10.38328,8.53989,3.27892,-0.13263,0.79343,0.16671,0.57016,1.37578,-0.56280,0.13298,
1403638169995096832,10.51929,8.48624,3.29488,-0.10799,0.79058,0.15302,0.58301,1.30415,-0.54798,0.19575,
1403638170095097088,10.64748,8.43368,3.31281,-0.09412,0.78841,0.13181,0.59345,1.22026,-0.53551,0.16785,
1403638170195097088,10.76805,8.38184,3.32358,-0.08492,0.79112,0.10657,0.59629,1.12905,-0.53289,0.07551,
1403638170295097088,10.88159,8.33043,3.32710,-0.07732,0.79505,0.08032,0.59621,1.04867,-0.54490,0.01368,
1403638170395097088,10.98825,8.27675,3.32403,-0.06737,0.80072,0.05569,0.59262,0.98232,-0.56800,-0.04514,
1403638170495096832,11.08915,8.21984,3.31672,-0.05812,0.80512,0.03162,0.58942,0.94109,-0.59099,-0.05246,
1403638170595097088,11.18560,8.15912,3.31487,-0.05369,0.80439,0.00609,0.59164,0.91994,-0.64861,0.03495,
1403638170695097088,11.27689,8.09208,3.32347,-0.04414,0.80090,-0.01574,0.59696,0.84777,-0.71198,0.12584,
1403638170795097088,11.35551,8.01829,3.33909,-0.03187,0.79980,-0.03433,0.59843,0.76522,-0.77304,0.17074,
1403638170895097088,11.42541,7.93721,3.35526,-0.01749,0.79953,-0.05105,0.59820,0.67929,-0.83280,0.13686,
1403638170995096832,11.48354,7.85099,3.36535,-0.00277,0.79867,-0.06799,0.59790,0.59904,-0.89014,0.07831,
1403638171095097088,11.53217,7.76020,3.37048,0.00871,0.79601,-0.08414,0.59934,0.51971,-0.92549,0.03244,
1403638171195097088,11.57239,7.66580,3.37144,0.01604,0.79339,-0.09687,0.60074,0.42516,-0.96609,0.00342,
1403638171295097088,11.60216,7.56850,3.36932,0.02113,0.79123,-0.10567,0.60196,0.33110,-1.00284,-0.01736,
1403638171395097088,11.62141,7.46808,3.36506,0.02394,0.78892,-0.11204,0.60372,0.22651,-1.05047,-0.03416,
1403638171495096832,11.63279,7.36247,3.35906,0.02709,0.78651,-0.11920,0.60536,0.13077,-1.08728,-0.04453,
1403638171595097088,11.63573,7.25157,3.35118,0.02885,0.78345,-0.12635,0.60779,0.02534,-1.14779,-0.06915,
1403638171695097088,11.62979,7.13479,3.34205,0.02996,0.78009,-0.13651,0.60986,-0.09041,-1.20024,-0.08993,
1403638171795097088,11.61324,7.01265,3.33155,0.03357,0.77734,-0.14717,0.61070,-0.20975,-1.25482,-0.08149,
1403638171895097088,11.58700,6.88346,3.32473,0.03518,0.77249,-0.15730,0.61423,-0.33064,-1.32600,-0.01499,
1403638171995096832,11.54760,6.74699,3.32376,0.04372,0.76890,-0.16071,0.61730,-0.46632,-1.39186,0.03913,
1403638172095097088,11.49412,6.60508,3.32870,0.05147,0.76802,-0.16241,0.61734,-0.61043,-1.43347,0.06471,
1403638172195097088,11.42768,6.46006,3.33209,0.05509,0.76852,-0.16394,0.61601,-0.72541,-1.46253,0.00260,
1403638172295097088,11.34920,6.31348,3.32662,0.05865,0.76949,-0.16355,0.61457,-0.84501,-1.47671,-0.11021,
1403638172395097088,11.26027,6.16459,3.31128,0.05965,0.76933,-0.16307,0.61481,-0.93070,-1.49734,-0.21178,
1403638172495096832,11.16393,6.01221,3.28553,0.05795,0.76725,-0.16291,0.61760,-1.00333,-1.51839,-0.31922,
1403638172595097088,11.06006,5.85686,3.25091,0.05554,0.76527,-0.16218,0.62046,-1.09214,-1.54965,-0.39724,
1403638172695097088,10.94442,5.69905,3.20835,0.05099,0.76484,-0.16196,0.62145,-1.21540,-1.57837,-0.46474,
1403638172795097088,10.81632,5.53792,3.16129,0.04844,0.76525,-0.16037,0.62155,-1.33234,-1.61891,-0.50493,
1403638172895097088,10.67569,5.37356,3.11000,0.04434,0.76534,-0.15943,0.62199,-1.45519,-1.66144,-0.54161,
1403638172995096832,10.52301,5.20424,3.05511,0.03655,0.76802,-0.16013,0.61901,-1.57130,-1.70336,-0.59360,
1403638173095097088,10.35930,5.02885,2.99455,0.02928,0.77303,-0.16029,0.61309,-1.66389,-1.76281,-0.65527,
1403638173195097088,10.18640,4.84607,2.92805,0.02812,0.77809,-0.15794,0.60733,-1.75232,-1.83896,-0.71654,
1403638173295097088,10.00469,4.65771,2.85637,0.03402,0.78189,-0.15184,0.60369,-1.81835,-1.90016,-0.76444,
1403638173395097088,9.81745,4.46531,2.77908,0.04589,0.78554,-0.14314,0.60028,-1.87199,-1.94662,-0.81959,
1403638173495096832,9.62600,4.27188,2.69100,0.05954,0.78997,-0.13403,0.59534,-1.88645,-1.95348,-0.93835,
1403638173595097088,9.43496,4.07846,2.59739,0.06909,0.79142,-0.12833,0.59365,-1.86684,-1.94407,-0.96363,
1403638173695097088,9.24341,3.88770,2.50037,0.07097,0.79168,-0.12797,0.59315,-1.91158,-1.90192,-1.00194,
1403638173795097088,9.05031,3.69862,2.39959,0.07033,0.79232,-0.12940,0.59206,-1.91276,-1.88833,-1.01634,
1403638173895097088,8.85585,3.51305,2.30197,0.07154,0.79371,-0.12966,0.59000,-1.94783,-1.83709,-0.95415,
1403638173995096832,8.65732,3.33201,2.21134,0.07103,0.79285,-0.13071,0.59098,-1.99193,-1.79855,-0.88357,
1403638174095097088,8.45357,3.15596,2.12693,0.07040,0.79342,-0.13154,0.59011,-2.03709,-1.75541,-0.81939,
1403638174195097088,8.24817,2.98224,2.04524,0.07175,0.79661,-0.13102,0.58575,-2.04707,-1.73095,-0.82593,
1403638174295097088,8.04187,2.81149,1.95942,0.07071,0.80235,-0.13108,0.57797,-2.04598,-1.70562,-0.90795,
1403638174395097088,7.83946,2.64183,1.86921,0.07010,0.80591,-0.13102,0.57309,-1.99663,-1.68541,-0.93961,
1403638174495096832,7.64086,2.47525,1.77771,0.06927,0.80898,-0.13041,0.56899,-1.95158,-1.66248,-0.90049,
1403638174595097088,7.45034,2.30995,1.69118,0.07122,0.81266,-0.12826,0.56397,-1.88091,-1.66221,-0.82162,
1403638174695097088,7.26426,2.14586,1.61050,0.07330,0.81713,-0.12655,0.55760,-1.83087,-1.64847,-0.78169,
1403638174795097088,7.08033,1.98469,1.53811,0.07394,0.82121,-0.12601,0.55161,-1.77561,-1.61731,-0.68772,
1403638174895097088,6.90294,1.82699,1.47346,0.07612,0.82315,-0.12441,0.54877,-1.67819,-1.58193,-0.63446,
1403638174995096832,6.73432,1.67235,1.41438,0.07657,0.82441,-0.12500,0.54668,-1.60650,-1.54580,-0.58294,
1403638175095097088,6.57612,1.51925,1.36128,0.07771,0.82312,-0.12526,0.54840,-1.49262,-1.52616,-0.49863,
1403638175195097088,6.42696,1.36746,1.31436,0.08085,0.82285,-0.12498,0.54842,-1.40442,-1.50213,-0.44423,
1403638175295097088,6.28332,1.21621,1.27189,0.08307,0.82482,-0.12519,0.54506,-1.32154,-1.47680,-0.38105,
1403638175395097088,6.14679,1.06619,1.23657,0.08538,0.83010,-0.12504,0.53666,-1.24645,-1.45343,-0.31075,
1403638175495096832,6.01950,0.91795,1.20793,0.08901,0.83619,-0.12331,0.52694,-1.10692,-1.43218,-0.22954,
1403638175595097088,5.90526,0.77239,1.18847,0.08956,0.84363,-0.12281,0.51497,-0.99424,-1.39702,-0.15465,
1403638175695097088,5.80636,0.63052,1.17577,0.08758,0.85072,-0.12349,0.50334,-0.85974,-1.37033,-0.09804,
1403638175795097088,5.72026,0.49070,1.16622,0.08619,0.85476,-0.12355,0.49668,-0.71369,-1.35732,-0.13971,
1403638175895097088,5.65176,0.35372,1.14777,0.08827,0.85666,-0.12089,0.49369,-0.56249,-1.35434,-0.26231,
1403638175995096832,5.60132,0.21975,1.12152,0.09558,0.85536,-0.11385,0.49625,-0.39011,-1.32890,-0.30065,
1403638176095097088,5.57083,0.09198,1.09572,0.10335,0.84670,-0.10660,0.51093,-0.21298,-1.28258,-0.27946,
1403638176195097088,5.55603,-0.02952,1.07383,0.10532,0.83118,-0.10408,0.53593,-0.09408,-1.20080,-0.20956,
1403638176295097088,5.54975,-0.14387,1.05721,0.10295,0.81860,-0.10566,0.55510,-0.05463,-1.12019,-0.16629,
1403638176395097088,5.54717,-0.24968,1.04428,0.10308,0.81308,-0.10617,0.56303,-0.02846,-1.04084,-0.12782,
1403638176495096832,5.54869,-0.34680,1.03736,0.10495,0.81273,-0.10559,0.56329,-0.00268,-0.95343,-0.05100,
1403638176595097088,5.55356,-0.43610,1.03555,0.10555,0.81412,-0.10602,0.56109,0.02715,-0.86746,-0.02529,
1403638176695097088,5.55961,-0.51868,1.03859,0.10665,0.81486,-0.10601,0.55981,0.07664,-0.78623,0.06684,
1403638176795097088,5.57155,-0.59663,1.05071,0.10516,0.81528,-0.10698,0.55930,0.10337,-0.70417,0.14212,
1403638176895097088,5.58168,-0.66559,1.06608,0.10031,0.81552,-0.11054,0.55915,0.12038,-0.62833,0.16474,
1403638176995096832,5.59726,-0.73411,1.08040,0.10099,0.81603,-0.10994,0.55840,0.14450,-0.58585,0.12695,
1403638177095097088,5.61221,-0.79339,1.08802,0.10360,0.81720,-0.10828,0.55653,0.17172,-0.53932,0.05576,
1403638177195097088,5.63089,-0.84918,1.08744,0.10678,0.81765,-0.10642,0.55563,0.20021,-0.47692,-0.02750,
1403638177295097088,5.65505,-0.90402,1.07914,0.10806,0.81775,-0.10554,0.55540,0.23478,-0.41851,-0.09157,
1403638177395097088,5.68023,-0.94418,1.06704,0.10859,0.81763,-0.10548,0.55549,0.26409,-0.35372,-0.14609,
1403638177495096832,5.71122,-0.98434,1.04862,0.10462,0.81772,-0.10928,0.55537,0.29851,-0.28952,-0.18587,
1403638177595097088,5.74303,-1.01403,1.02810,0.09150,0.81638,-0.11941,0.55758,0.32196,-0.24764,-0.22133,
1403638177695097088,5.77788,-1.04359,1.00380,0.08228,0.81505,-0.12758,0.55915,0.33947,-0.24657,-0.26459,
1403638177795097088,5.81671,-1.07689,0.97563,0.07489,0.81081,-0.13670,0.56417,0.35456,-0.26618,-0.27971,
1403638177895097088,5.85151,-1.10517,0.94774,0.07143,0.80306,-0.14251,0.57419,0.33399,-0.29141,-0.24935,
1403638177995096832,5.88566,-1.14106,0.92466,0.07218,0.79735,-0.14486,0.58142,0.28597,-0.32829,-0.18529,
1403638178095097088,5.91466,-1.17778,0.90866,0.08067,0.79390,-0.14587,0.58475,0.24251,-0.37091,-0.10597,
1403638178195097088,5.93822,-1.21759,0.90019,0.08962,0.79069,-0.15365,0.58581,0.16681,-0.38633,-0.05085,
1403638178295097088,5.95535,-1.26078,0.89818,0.09915,0.78595,-0.16756,0.58684,0.10521,-0.40365,0.05531,
1403638178395097088,5.96400,-1.30065,0.90571,0.11079,0.78096,-0.18510,0.58614,0.00955,-0.39488,0.06690,
1403638178495096832,5.96468,-1.33928,0.91098,0.12188,0.77826,-0.20747,0.58001,-0.05304,-0.39070,0.00539,
1403638178595097088,5.95860,-1.37799,0.91126,0.13213,0.77736,-0.23186,0.56964,-0.10987,-0.39518,-0.03851,
1403638178695097088,5.94785,-1.41784,0.90731,0.14236,0.77373,-0.25496,0.56220,-0.14918,-0.41028,-0.07890,
1403638178795097088,5.93300,-1.46082,0.90070,0.15488,0.76820,-0.27525,0.55689,-0.19075,-0.43696,-0.10849,
1403638178895097088,5.91478,-1.50649,0.89141,0.16617,0.76631,-0.29176,0.54775,-0.21330,-0.45530,-0.13586,
1403638178995096832,5.89418,-1.55483,0.87820,0.17346,0.76729,-0.30385,0.53745,-0.22606,-0.47548,-0.17722,
1403638179095097088,5.87272,-1.60615,0.86185,0.18073,0.76982,-0.31052,0.52754,-0.22356,-0.51686,-0.20742,
1403638179195097088,5.85208,-1.66233,0.84107,0.18934,0.77115,-0.31604,0.51923,-0.21496,-0.56457,-0.23880,
1403638179295097088,5.83440,-1.72351,0.81613,0.19856,0.77205,-0.32221,0.51058,-0.17950,-0.61050,-0.27129,
1403638179395097088,5.82032,-1.78961,0.78933,0.20923,0.76772,-0.33169,0.50677,-0.13976,-0.65449,-0.26974,
1403638179495096832,5.80949,-1.85980,0.76208,0.21955,0.75407,-0.34581,0.51340,-0.11800,-0.69020,-0.29397,
1403638179595097088,5.79930,-1.93192,0.73138,0.23212,0.74052,-0.36199,0.51644,-0.12418,-0.71455,-0.29818,
1403638179695097088,5.78779,-2.00411,0.70263,0.24491,0.72852,-0.37929,0.51518,-0.14531,-0.70935,-0.26078,
1403638179795097088,5.77388,-2.07549,0.68070,0.25829,0.71790,-0.39706,0.51015,-0.16858,-0.70002,-0.17818,
1403638179895097088,5.75809,-2.14602,0.66645,0.27108,0.70793,-0.41450,0.50353,-0.16820,-0.70729,-0.14180,
1403638179995096832,5.74200,-2.21767,0.65673,0.27783,0.70362,-0.43057,0.49228,-0.16567,-0.71853,-0.09297,
1403638180095097088,5.72720,-2.29064,0.65132,0.28047,0.70013,-0.44368,0.48405,-0.15656,-0.74381,-0.04386,
1403638180195097088,5.71202,-2.36613,0.64964,0.28474,0.69658,-0.45057,0.48030,-0.15780,-0.76389,-0.03688,
1403638180295097088,5.69659,-2.44475,0.64414,0.28663,0.69506,-0.45502,0.47717,-0.15862,-0.79614,-0.08227,
1403638180395097088,5.68071,-2.52669,0.63329,0.28777,0.69477,-0.45695,0.47505,-0.15826,-0.83234,-0.14300,
1403638180495096832,5.66504,-2.61221,0.61688,0.29097,0.69603,-0.45535,0.47279,-0.15159,-0.86826,-0.17849,
1403638180595097088,5.64920,-2.70028,0.59688,0.29361,0.69773,-0.45265,0.47125,-0.14833,-0.89289,-0.18607,
1403638180695097088,5.63413,-2.79063,0.58009,0.29354,0.70152,-0.45076,0.46746,-0.12184,-0.91970,-0.13906,
1403638180795097088,5.62131,-2.88473,0.56955,0.28975,0.70606,-0.45037,0.46335,-0.09344,-0.96478,-0.05660,
1403638180895097088,5.61173,-2.98342,0.56776,0.28624,0.70784,-0.44926,0.46390,-0.06409,-1.00878,-0.00301,
1403638180995096832,5.60509,-3.08746,0.56566,0.28343,0.70742,-0.44806,0.46740,-0.04262,-1.05043,-0.03892,
1403638181095097088,5.59913,-3.19546,0.55788,0.28084,0.70674,-0.44658,0.47139,-0.02900,-1.08813,-0.11537,
1403638181195097088,5.59013,-3.30913,0.54627,0.27838,0.70427,-0.44595,0.47711,-0.02623,-1.12752,-0.15154,
1403638181295097088,5.58498,-3.42457,0.52981,0.27842,0.69626,-0.44761,0.48718,-0.05396,-1.15865,-0.18951,
1403638181395097088,5.57298,-3.54427,0.50898,0.28178,0.68533,-0.45505,0.49382,-0.10824,-1.16775,-0.25165,
1403638181495096832,5.55666,-3.66647,0.48275,0.28704,0.67076,-0.46853,0.49817,-0.17141,-1.19172,-0.26764,
1403638181595097088,5.53378,-3.78436,0.45794,0.30132,0.65004,-0.48077,0.50548,-0.26772,-1.16689,-0.26701,
1403638181695097088,5.50183,-3.90024,0.43580,0.31840,0.63879,-0.49292,0.49760,-0.35961,-1.11994,-0.20720,
1403638181795097088,5.46154,-4.01417,0.42201,0.33407,0.63156,-0.50621,0.48299,-0.43870,-1.08258,-0.11194,
1403638181895097088,5.41533,-4.12791,0.41777,0.34910,0.62708,-0.51904,0.46422,-0.47967,-1.03892,-0.03181,
1403638181995096832,5.36700,-4.23643,0.42093,0.35645,0.62193,-0.53273,0.44982,-0.48474,-1.01240,0.02495,
1403638182095097088,5.31852,-4.34735,0.43024,0.35769,0.61891,-0.54494,0.43823,-0.49669,-1.01628,0.10884,
1403638182195097088,5.27102,-4.45323,0.44596,0.35835,0.61628,-0.55386,0.43014,-0.49948,-1.03276,0.10906,
1403638182295097088,5.22332,-4.56198,0.45741,0.35305,0.61301,-0.56314,0.42714,-0.49771,-1.05913,0.06549,
1403638182395097088,5.17365,-4.67370,0.46479,0.34801,0.61125,-0.56895,0.42611,-0.52402,-1.10070,0.05613,
1403638182495096832,5.12015,-4.78706,0.47750,0.35096,0.61587,-0.56734,0.41913,-0.55098,-1.14112,0.14408,
1403638182595097088,5.06535,-4.90405,0.49807,0.35706,0.62271,-0.56207,0.41088,-0.54905,-1.19654,0.22543,
1403638182695097088,5.01112,-5.02597,0.52536,0.35810,0.62667,-0.55895,0.40820,-0.53454,-1.23232,0.28860,
1403638182795097088,4.96016,-5.15024,0.55385,0.35719,0.62733,-0.55720,0.41037,-0.50480,-1.27789,0.26094,
1403638182895097088,4.91169,-5.27923,0.57801,0.35766,0.62646,-0.55465,0.41472,-0.48505,-1.31301,0.20353,
1403638182995096832,4.86206,-5.41446,0.59739,0.36040,0.62356,-0.55070,0.42191,-0.48323,-1.34317,0.16095,
1403638183095097088,4.81342,-5.54946,0.61203,0.36528,0.62142,-0.54525,0.42791,-0.47918,-1.35839,0.11590,
1403638183195097088,4.76463,-5.68585,0.62207,0.37039,0.62188,-0.54028,0.42916,-0.46488,-1.35769,0.05962,
1403638183295097088,4.71750,-5.82184,0.62653,0.37011,0.62671,-0.53937,0.42347,-0.44363,-1.33858,-0.00807,
1403638183395097088,4.67409,-5.95496,0.62594,0.36405,0.63125,-0.54299,0.41732,-0.42018,-1.34883,-0.02858,
1403638183495096832,4.63267,-6.09305,0.62273,0.36115,0.63612,-0.54473,0.41011,-0.38334,-1.37150,-0.06030,
1403638183595097088,4.59473,-6.23341,0.61701,0.35992,0.63860,-0.54528,0.40661,-0.34998,-1.40694,-0.07937,
1403638183695097088,4.56150,-6.37734,0.61352,0.36566,0.63599,-0.54124,0.41094,-0.30289,-1.45669,-0.00440,
1403638183795097088,4.53260,-6.52301,0.61660,0.37344,0.63085,-0.53595,0.41872,-0.26773,-1.44243,0.05420,
1403638183895097088,4.50748,-6.66621,0.62656,0.38080,0.62623,-0.53095,0.42533,-0.23150,-1.40037,0.11608,
1403638183995096832,4.48600,-6.80379,0.64319,0.38165,0.62541,-0.53081,0.42597,-0.19352,-1.35765,0.18753,
1403638184095097088,4.46962,-6.93787,0.66549,0.37745,0.62731,-0.53427,0.42258,-0.15308,-1.34262,0.22310,
1403638184195097088,4.45676,-7.07044,0.68665,0.37109,0.63107,-0.53949,0.41592,-0.11752,-1.32607,0.16595,
1403638184295097088,4.44816,-7.20189,0.70246,0.36811,0.63254,-0.54242,0.41251,-0.08797,-1.33497,0.11449,
1403638184395097088,4.44243,-7.33447,0.71316,0.37103,0.63036,-0.54096,0.41516,-0.04452,-1.35041,0.08250,
1403638184495096832,4.44260,-7.46794,0.72195,0.37547,0.62837,-0.53833,0.41758,-0.00971,-1.34512,0.05655,
1403638184595097088,4.44620,-7.60171,0.73044,0.37727,0.62647,-0.53773,0.41959,0.02805,-1.33550,0.06427,
1403638184695097088,4.45360,-7.73421,0.73858,0.37805,0.62573,-0.53750,0.42028,0.06542,-1.32390,0.06398,
1403638184795097088,4.46351,-7.86888,0.74695,0.37733,0.62442,-0.53822,0.42195,0.09460,-1.31299,0.06971,
1403638184895097088,4.47408,-8.00111,0.75435,0.37850,0.62495,-0.53802,0.42036,0.12943,-1.30383,0.08308,
1403638184995096832,4.48869,-8.13660,0.76537,0.37952,0.62355,-0.53760,0.42207,0.15592,-1.28943,0.09861,
1403638185095097088,4.50579,-8.26797,0.77731,0.37928,0.62427,-0.53778,0.42099,0.18104,-1.28123,0.12046,
1403638185195097088,4.52501,-8.39918,0.79019,0.37999,0.62546,-0.53701,0.41955,0.20854,-1.27461,0.11869,
1403638185295097088,4.54795,-8.52542,0.80215,0.38307,0.62775,-0.53428,0.41682,0.24539,-1.26124,0.12560,
1403638185395097088,4.57427,-8.65374,0.81531,0.38690,0.62912,-0.52997,0.41671,0.30554,-1.24604,0.12987,
1403638185495096832,4.60645,-8.78144,0.82907,0.38967,0.63249,-0.52032,0.42117,0.36793,-1.21883,0.13953,
1403638185595097088,4.64552,-8.90458,0.84322,0.38776,0.63863,-0.50878,0.42772,0.43161,-1.18738,0.13290,
1403638185695097088,4.69051,-9.02427,0.85730,0.38348,0.64351,-0.49916,0.43551,0.48846,-1.14714,0.13177,
1403638185795097088,4.74078,-9.14196,0.87109,0.37107,0.64497,-0.49761,0.44575,0.53186,-1.10505,0.12626,
1403638185895097088,4.79352,-9.25553,0.88079,0.34867,0.64387,-0.50590,0.45599,0.53024,-1.07198,0.08552,
1403638185995096832,4.84380,-9.36662,0.88601,0.33370,0.64389,-0.51109,0.46134,0.48836,-1.06721,0.03127,
1403638186095097088,4.89002,-9.47829,0.88693,0.33338,0.64899,-0.50856,0.45721,0.45043,-1.07805,-0.01658,
1403638186195097088,4.93321,-9.58792,0.88526,0.33827,0.65326,-0.50402,0.45253,0.42855,-1.07501,-0.02510,
1403638186295097088,4.97625,-9.69498,0.88574,0.34097,0.65538,-0.50170,0.45002,0.42520,-1.07544,0.03467,
1403638186395097088,5.01894,-9.80582,0.89475,0.34290,0.65683,-0.50060,0.44766,0.43238,-1.07381,0.10850,
1403638186495096832,5.06175,-9.91230,0.90732,0.34491,0.65603,-0.49983,0.44815,0.42575,-1.04776,0.13791,
1403638186595097088,5.10585,-10.02152,0.92283,0.34777,0.65720,-0.49885,0.44530,0.44279,-1.04452,0.10588,
1403638186695097088,5.15137,-10.12638,0.93012,0.35206,0.65893,-0.49678,0.44168,0.47282,-1.05019,0.04769,
1403638186795097088,5.20033,-10.23254,0.93605,0.35714,0.66297,-0.48993,0.43919,0.51293,-1.04920,0.00144,
1403638186895097088,5.25465,-10.33671,0.93372,0.35749,0.67018,-0.48069,0.43817,0.57272,-1.03462,-0.04219,
1403638186995096832,5.31743,-10.44299,0.93411,0.34999,0.67866,-0.46998,0.44277,0.65816,-1.01726,-0.01501,
1403638187095097088,5.38773,-10.54429,0.94081,0.33526,0.68481,-0.45645,0.45857,0.72615,-1.01215,0.08150,
1403638187195097088,5.46261,-10.64350,0.95582,0.31973,0.69097,-0.43805,0.47796,0.75564,-0.96685,0.14846,
1403638187295097088,5.53897,-10.74098,0.97861,0.30584,0.69727,-0.41620,0.49704,0.75572,-0.93816,0.22373,
1403638187395097088,5.61336,-10.83249,1.00714,0.29494,0.70290,-0.39608,0.51192,0.73336,-0.88290,0.29465,
1403638187495096832,5.68511,-10.91767,1.03878,0.28660,0.70827,-0.38097,0.52066,0.69572,-0.81868,0.30990,
1403638187595097088,5.75237,-10.99559,1.06925,0.27773,0.71614,-0.37327,0.52026,0.65911,-0.75903,0.28455,
1403638187695097088,5.81658,-11.07091,1.09703,0.27114,0.72353,-0.36993,0.51588,0.63888,-0.71878,0.24883,
1403638187795097088,5.87910,-11.14115,1.12011,0.27083,0.72812,-0.36616,0.51226,0.63356,-0.68659,0.18965,
1403638187895097088,5.94127,-11.20772,1.13834,0.27619,0.73028,-0.36129,0.50978,0.63795,-0.63311,0.15644,
1403638187995096832,6.00571,-11.26916,1.15301,0.28380,0.72871,-0.35690,0.51093,0.64567,-0.57690,0.12880,
1403638188095097088,6.07159,-11.32377,1.16388,0.29261,0.72673,-0.35259,0.51179,0.65870,-0.50077,0.08172,
1403638188195097088,6.13840,-11.37119,1.17235,0.30011,0.72359,-0.34939,0.51408,0.68281,-0.40951,0.03234,
1403638188295097088,6.20733,-11.40565,1.17537,0.30039,0.71307,-0.35086,0.52744,0.69690,-0.30269,-0.01143,
1403638188395097088,6.27697,-11.43202,1.17495,0.29962,0.69997,-0.35239,0.54415,0.66747,-0.19467,-0.04492,
1403638188495096832,6.34223,-11.44626,1.17106,0.29840,0.69011,-0.35413,0.55615,0.60558,-0.06703,-0.07429,
1403638188595097088,6.40202,-11.44902,1.16607,0.29706,0.68478,-0.35443,0.56322,0.53120,0.08228,-0.06158,
1403638188695097088,6.45322,-11.43495,1.16674,0.29259,0.68880,-0.35210,0.56212,0.44841,0.23771,0.02725,
1403638188795097088,6.49284,-11.40442,1.17230,0.28435,0.69841,-0.34961,0.55601,0.34388,0.37673,0.08360,
1403638188895097088,6.53011,-11.36919,1.19207,0.27731,0.70615,-0.34711,0.55133,0.31794,0.43705,0.22476,
1403638188995096832,6.56167,-11.32622,1.22115,0.27182,0.71226,-0.34485,0.54761,0.27099,0.51942,0.31732,
1403638189095097088,6.58566,-11.27108,1.25629,0.26400,0.71651,-0.33991,0.54898,0.22893,0.59363,0.35859,
1403638189195097088,6.60726,-11.21069,1.28969,0.25335,0.72170,-0.33123,0.55249,0.18329,0.66273,0.30254,
1403638189295097088,6.62321,-11.14287,1.31597,0.23969,0.72991,-0.31968,0.55460,0.13491,0.71020,0.24983,
1403638189395097088,6.63354,-11.07039,1.33549,0.22542,0.74371,-0.30880,0.54839,0.08135,0.73984,0.19087,
1403638189495096832,6.63897,-10.99447,1.35348,0.21250,0.75816,-0.30067,0.53817,0.05183,0.75690,0.23900,
1403638189595097088,6.64100,-10.91775,1.37835,0.20290,0.76673,-0.29500,0.53286,0.04955,0.73603,0.34316,
1403638189695097088,6.64613,-10.84318,1.40869,0.19416,0.77310,-0.29281,0.52809,0.06469,0.70586,0.31957,
1403638189795097088,6.65255,-10.77170,1.43433,0.18630,0.77837,-0.29403,0.52248,0.07459,0.66165,0.24970,
1403638189895097088,6.65798,-10.70263,1.45149,0.18341,0.78368,-0.29406,0.51550,0.10652,0.61261,0.19945,
1403638189995096832,6.66942,-10.64101,1.46400,0.18362,0.78502,-0.29391,0.51347,0.14645,0.54972,0.14407,
1403638190095097088,6.68597,-10.58586,1.47109,0.18771,0.77970,-0.29191,0.52118,0.19383,0.49709,0.10666,
1403638190195097088,6.70481,-10.53801,1.47734,0.19480,0.77214,-0.28847,0.53163,0.21178,0.46779,0.03852,
1403638190295097088,6.72598,-10.48921,1.47156,0.20879,0.76567,-0.27760,0.54138,0.21481,0.48230,-0.02238,
1403638190395097088,6.74881,-10.43912,1.46042,0.22097,0.76343,-0.26104,0.54791,0.22052,0.53341,-0.07170,
1403638190495096832,6.77262,-10.38479,1.44458,0.22555,0.76543,-0.24816,0.54924,0.22249,0.61098,-0.14618,
1403638190595097088,6.79699,-10.32242,1.42477,0.21962,0.76861,-0.24344,0.54931,0.23457,0.68544,-0.17654,
1403638190695097088,6.82201,-10.25460,1.40481,0.21274,0.77040,-0.24167,0.55029,0.23022,0.75160,-0.16188,
1403638190795097088,6.84637,-10.17809,1.38837,0.20431,0.77059,-0.24218,0.55298,0.21090,0.82474,-0.15279,
1403638190895097088,6.87177,-10.09571,1.37829,0.19309,0.77103,-0.24639,0.55454,0.21807,0.85416,-0.04961,
1403638190995096832,6.89472,-10.00770,1.37737,0.18782,0.77103,-0.24765,0.55579,0.17708,0.89632,0.02237,
1403638191095097088,6.91378,-9.91565,1.38505,0.18681,0.76803,-0.24703,0.56055,0.13810,0.92277,0.09310,
1403638191195097088,6.92992,-9.82154,1.39819,0.18444,0.77186,-0.24841,0.55543,0.11859,0.93440,0.13788,
1403638191295097088,6.94451,-9.72970,1.41801,0.17995,0.77904,-0.25220,0.54508,0.10211,0.94834,0.18854,
1403638191395097088,6.95876,-9.63848,1.44227,0.18032,0.78375,-0.25277,0.53790,0.10783,0.93574,0.18372,
1403638191495096832,6.97510,-9.55331,1.46427,0.17940,0.78518,-0.25456,0.53526,0.14213,0.90991,0.14570,
1403638191595097088,6.99576,-9.47475,1.48220,0.18154,0.78540,-0.25406,0.53445,0.16931,0.88496,0.08281,
1403638191695097088,7.01362,-9.38699,1.48837,0.18527,0.78627,-0.25234,0.53271,0.19619,0.86789,0.02473,
1403638191795097088,7.04411,-9.31515,1.49649,0.19110,0.78761,-0.24883,0.53031,0.24934,0.85192,-0.01649,
1403638191895097088,7.07261,-9.22720,1.49197,0.19355,0.78803,-0.24788,0.52925,0.29007,0.86070,-0.05269,
1403638191995096832,7.11677,-9.15653,1.49511,0.19274,0.78813,-0.24859,0.52907,0.34358,0.85132,-0.01586,
1403638192095097088,7.15332,-9.07041,1.49833,0.19422,0.78810,-0.24760,0.52902,0.39215,0.86252,0.06657,
1403638192195097088,7.21322,-9.00249,1.51704,0.19193,0.78659,-0.24908,0.53141,0.46831,0.84489,0.18690,
1403638192295097088,7.26101,-8.91871,1.54070,0.19019,0.78191,-0.24979,0.53857,0.51413,0.83846,0.28681,
1403638192395097088,7.31795,-8.83932,1.57531,0.18949,0.77765,-0.24975,0.54496,0.53988,0.84069,0.35443,
1403638192495096832,7.37446,-8.75278,1.61474,0.18875,0.77537,-0.24997,0.54835,0.53274,0.85652,0.43227,
1403638192595097088,7.42951,-8.65896,1.65879,0.19044,0.77178,-0.24900,0.55325,0.53070,0.87430,0.45835,
1403638192695097088,7.48599,-8.55666,1.70284,0.19191,0.76439,-0.24866,0.56307,0.50443,0.91361,0.41186,
1403638192795097088,7.53789,-8.45165,1.74020,0.19284,0.75714,-0.24849,0.57254,0.45375,0.95525,0.34700,
1403638192895097088,7.58168,-8.34621,1.77120,0.18996,0.74869,-0.25025,0.58373,0.38778,1.00796,0.31905,
1403638192995096832,7.61601,-8.23562,1.79919,0.18236,0.73620,-0.25404,0.60019,0.27979,1.04393,0.27796,
1403638193095097088,7.63823,-8.12019,1.82637,0.17351,0.73378,-0.25360,0.60593,0.13722,1.08483,0.29520,
1403638193195097088,7.64526,-8.00246,1.85876,0.16879,0.74367,-0.24687,0.59793,0.00599,1.11230,0.37384,
1403638193295097088,7.63570,-7.88562,1.90045,0.16677,0.75260,-0.23895,0.59049,-0.14000,1.15075,0.47281,
1403638193395097088,7.61373,-7.77094,1.95161,0.16981,0.75863,-0.22950,0.58564,-0.22236,1.15273,0.56011,
1403638193495096832,7.58288,-7.65783,2.00488,0.17163,0.75989,-0.22291,0.58602,-0.29031,1.16831,0.53914,
1403638193595097088,7.54210,-7.54382,2.05170,0.17030,0.76181,-0.21991,0.58505,-0.36292,1.19903,0.45237,
1403638193695097088,7.49440,-7.42810,2.09009,0.16663,0.76944,-0.22030,0.57590,-0.42975,1.21455,0.36926,
1403638193795097088,7.44267,-7.31034,2.12192,0.16103,0.77684,-0.22284,0.56651,-0.47977,1.21983,0.30432,
1403638193895097088,7.38816,-7.19221,2.14837,0.15927,0.78100,-0.22402,0.56078,-0.50618,1.21526,0.25800,
1403638193995096832,7.33322,-7.07375,2.16971,0.15743,0.78331,-0.22545,0.55750,-0.50220,1.20661,0.20300,
1403638194095097088,7.27845,-6.95693,2.18599,0.15981,0.78127,-0.22446,0.56008,-0.50721,1.18488,0.15642,
1403638194195097088,7.22629,-6.84062,2.19781,0.16268,0.77584,-0.22344,0.56717,-0.52527,1.17523,0.10368,
1403638194295097088,7.16791,-6.72597,2.20119,0.16379,0.77266,-0.22313,0.57130,-0.55690,1.18961,0.02980,
1403638194395097088,7.10758,-6.61035,2.20286,0.16112,0.77632,-0.22560,0.56611,-0.59099,1.18971,0.06276,
1403638194495096832,7.04714,-6.49239,2.21096,0.15795,0.78012,-0.22874,0.56048,-0.60678,1.17321,0.12614,
1403638194595097088,6.98075,-6.37831,2.22386,0.15734,0.78381,-0.22989,0.55500,-0.64470,1.17601,0.15601,
1403638194695097088,6.91580,-6.26377,2.24079,0.15578,0.78933,-0.23181,0.54677,-0.61910,1.14132,0.16568,
1403638194795097088,6.85529,-6.15067,2.25647,0.15586,0.79333,-0.23286,0.54046,-0.59624,1.11092,0.13317,
1403638194895097088,6.79529,-6.04149,2.26605,0.15624,0.79635,-0.23372,0.53553,-0.56417,1.07748,0.06434,
1403638194995096832,6.74059,-5.93483,2.27071,0.15629,0.79792,-0.23410,0.53300,-0.53001,1.03860,0.00604,
1403638195095097088,6.69134,-5.83229,2.26914,0.15658,0.79907,-0.23399,0.53124,-0.47569,1.00467,-0.05066,
1403638195195097088,6.64749,-5.73298,2.26257,0.15419,0.80237,-0.23605,0.52602,-0.42349,0.97576,-0.11070,
1403638195295097088,6.60702,-5.63858,2.24941,0.14920,0.81025,-0.23940,0.51373,-0.35787,0.91784,-0.14832,
1403638195395097088,6.57693,-5.55222,2.23530,0.14799,0.81265,-0.24021,0.50990,-0.25609,0.83694,-0.14917,
1403638195495096832,6.55555,-5.47454,2.22044,0.15136,0.80394,-0.23806,0.52354,-0.18202,0.77868,-0.16363,
1403638195595097088,6.53813,-5.40016,2.20053,0.15515,0.79447,-0.23526,0.53796,-0.13783,0.73566,-0.21257,
1403638195695097088,6.52519,-5.33262,2.17802,0.15608,0.79188,-0.23394,0.54207,-0.11932,0.70508,-0.20494,
1403638195795097088,6.51736,-5.27121,2.15995,0.15408,0.79371,-0.23478,0.53959,-0.08906,0.66836,-0.14768,
1403638195895097088,6.50996,-5.20586,2.14888,0.15268,0.79866,-0.23519,0.53247,-0.05100,0.63089,-0.08197,
1403638195995096832,6.51020,-5.14880,2.14403,0.15047,0.80307,-0.23639,0.52589,0.02244,0.56939,-0.00866,
1403638196095097088,6.51770,-5.09631,2.14874,0.15064,0.80324,-0.23613,0.52570,0.10774,0.50455,0.09243,
1403638196195097088,6.53056,-5.04444,2.16365,0.15309,0.79863,-0.23409,0.53287,0.15831,0.46381,0.19005,
1403638196295097088,6.54179,-4.99219,2.18158,0.15541,0.79360,-0.23238,0.54042,0.17042,0.45470,0.18903,
1403638196395097088,6.55718,-4.94488,2.19705,0.15555,0.79191,-0.23228,0.54290,0.17750,0.45179,0.10990,
1403638196495096832,6.57446,-4.90226,2.20553,0.15493,0.79239,-0.23308,0.54203,0.19256,0.42413,0.03414,
1403638196595097088,6.59576,-4.86552,2.20695,0.15217,0.79549,-0.23566,0.53713,0.21011,0.39894,-0.04070,
1403638196695097088,6.61911,-4.83222,2.20221,0.14855,0.80154,-0.23894,0.52761,0.24563,0.34574,-0.09407,
1403638196795097088,6.64308,-4.80222,2.19363,0.14839,0.80380,-0.23957,0.52393,0.28792,0.30293,-0.12105,
1403638196895097088,6.67305,-4.77375,2.18326,0.14971,0.80133,-0.23913,0.52752,0.33977,0.24594,-0.12610,
1403638196995096832,6.70929,-4.75184,2.17402,0.15199,0.79622,-0.23718,0.53542,0.37182,0.20044,-0.05667,
1403638197095097088,6.74693,-4.73412,2.17133,0.15374,0.79268,-0.23625,0.54057,0.37394,0.18443,-0.00714,
1403638197195097088,6.78288,-4.71790,2.17642,0.15686,0.79141,-0.23416,0.54243,0.40189,0.15208,0.05480,
1403638197295097088,6.82423,-4.70400,2.18754,0.16439,0.78919,-0.22864,0.54578,0.40852,0.14773,0.15613,
1403638197395097088,6.86046,-4.68904,2.20716,0.17315,0.78675,-0.22244,0.54914,0.40229,0.16901,0.20112,
1403638197495096832,6.90225,-4.67120,2.23082,0.17675,0.78468,-0.21985,0.55200,0.40865,0.21328,0.27181,
1403638197595097088,6.94024,-4.64916,2.26160,0.17562,0.78339,-0.22018,0.55405,0.39942,0.24361,0.32831,
1403638197695097088,6.98100,-4.62416,2.29649,0.17575,0.78323,-0.21986,0.55438,0.40192,0.27304,0.34849,
1403638197795097088,7.02082,-4.59579,2.32928,0.17505,0.78329,-0.21981,0.55453,0.39458,0.29989,0.29035,
1403638197895097088,7.06071,-4.56457,2.35597,0.17089,0.77970,-0.22204,0.55997,0.39599,0.32074,0.23608,
1403638197995096832,7.09957,-4.53111,2.37460,0.16994,0.77053,-0.22191,0.57285,0.37054,0.34666,0.09343,
1403638198095097088,7.13691,-4.49532,2.37599,0.16890,0.76805,-0.22236,0.57631,0.32511,0.37117,-0.11594,
1403638198195097088,7.17053,-4.45513,2.35865,0.16573,0.77094,-0.22471,0.57244,0.26691,0.40941,-0.29735,
1403638198295097088,7.19806,-4.41085,2.32674,0.16555,0.77432,-0.22501,0.56780,0.22265,0.44166,-0.37082,
1403638198395097088,7.22496,-4.36324,2.28985,0.16687,0.77821,-0.22398,0.56247,0.19744,0.45815,-0.41538,
1403638198495096832,7.25557,-4.31172,2.25349,0.17252,0.78162,-0.22018,0.55752,0.19036,0.48523,-0.44188,
1403638198595097088,7.27837,-4.25902,2.20970,0.18554,0.78410,-0.21065,0.55353,0.19381,0.52507,-0.45037,
1403638198695097088,7.31187,-4.19892,2.16707,0.20289,0.78365,-0.19810,0.55271,0.21986,0.60815,-0.42949,
1403638198795097088,7.33587,-4.13079,2.12759,0.21568,0.78179,-0.18838,0.55390,0.23596,0.74460,-0.34774,
1403638198895097088,7.36965,-4.04774,2.09842,0.21853,0.78141,-0.18573,0.55421,0.25504,0.89467,-0.25694,
1403638198995096832,7.39824,-3.95099,2.07752,0.21600,0.78256,-0.18763,0.55293,0.27526,1.03653,-0.18103,
1403638199095097088,7.43749,-3.84119,2.06530,0.21271,0.78328,-0.19043,0.55223,0.32815,1.15862,-0.06027,
1403638199195097088,7.47868,-3.71997,2.06472,0.21034,0.78219,-0.19290,0.55383,0.35975,1.28320,0.04607,
1403638199295097088,7.52072,-3.58727,2.07422,0.20891,0.77865,-0.19394,0.55896,0.39520,1.39065,0.14763,
1403638199395097088,7.56271,-3.44270,2.08960,0.21135,0.77750,-0.19287,0.56003,0.37951,1.50345,0.19045,
1403638199495096832,7.60435,-3.28669,2.11128,0.21540,0.77975,-0.19130,0.55587,0.39192,1.61758,0.26383,
1403638199595097088,7.64893,-3.11952,2.13939,0.21578,0.78392,-0.18775,0.55105,0.43920,1.73312,0.30880,
1403638199695097088,7.69353,-2.94078,2.17539,0.20653,0.78639,-0.18368,0.55245,0.46871,1.86046,0.37130,
1403638199795097088,7.74172,-2.75372,2.21171,0.18738,0.78919,-0.18669,0.55427,0.47413,1.92780,0.33332,
1403638199895097088,7.79080,-2.56124,2.24485,0.17185,0.79162,-0.18912,0.55502,0.48344,1.96227,0.27662,
1403638199995096832,7.84048,-2.36563,2.27253,0.16249,0.79315,-0.18805,0.55601,0.49304,1.98651,0.23751,
1403638200095097088,7.88960,-2.16871,2.29663,0.15717,0.79563,-0.17954,0.55681,0.49480,1.99422,0.19217,
1403638200195097088,7.93786,-1.96927,2.32090,0.15645,0.79590,-0.16258,0.56181,0.49633,2.02201,0.24172,
1403638200295097088,7.98597,-1.76556,2.35118,0.14969,0.79341,-0.14594,0.57166,0.48810,2.07739,0.30631,
1403638200395097088,8.03245,-1.55674,2.38858,0.14149,0.79204,-0.12949,0.57956,0.47726,2.12291,0.37120,
1403638200495096832,8.07562,-1.34360,2.43176,0.14031,0.79498,-0.11201,0.57946,0.46126,2.17405,0.45168,
1403638200595097088,8.11637,-1.12289,2.48162,0.13753,0.79839,-0.09672,0.57819,0.43142,2.25730,0.50771,
1403638200695097088,8.15528,-0.89377,2.53656,0.13675,0.80103,-0.07806,0.57755,0.42714,2.32920,0.54756,
1403638200795097088,8.19203,-0.65493,2.59065,0.13171,0.80531,-0.06645,0.57420,0.40392,2.41668,0.52321,
1403638200895097088,8.22483,-0.40684,2.63876,0.12388,0.80887,-0.06212,0.57142,0.39938,2.50512,0.45264,
1403638200995096832,8.25736,-0.15095,2.67962,0.10776,0.80923,-0.06741,0.57358,0.39145,2.56950,0.38678,
1403638201095097088,8.28713,0.10906,2.71340,0.09578,0.80848,-0.07276,0.57611,0.36891,2.60036,0.30185,
1403638201195097088,8.31448,0.37130,2.73922,0.09023,0.80797,-0.07656,0.57721,0.34307,2.61524,0.23334,
1403638201295097088,8.33808,0.63348,2.75785,0.08811,0.80736,-0.07968,0.57798,0.31559,2.62315,0.15959,
1403638201395097088,8.35705,0.89588,2.77029,0.09073,0.80759,-0.07965,0.57726,0.28821,2.61941,0.09924,
1403638201495096832,8.37320,1.15792,2.77449,0.09141,0.80613,-0.08173,0.57890,0.26444,2.62784,0.02016,
1403638201595097088,8.38873,1.41969,2.77210,0.09498,0.80443,-0.08186,0.58066,0.23365,2.63523,-0.04355,
1403638201695097088,8.40320,1.68126,2.76204,0.09474,0.80280,-0.08386,0.58267,0.19257,2.63619,-0.13924,
1403638201795097088,8.41623,1.94296,2.74264,0.09660,0.80260,-0.08449,0.58255,0.15188,2.63870,-0.21407,
1403638201895097088,8.42710,2.20646,2.71656,0.09487,0.80257,-0.08604,0.58265,0.11325,2.65862,-0.25366,
1403638201995096832,8.43384,2.47190,2.69070,0.09091,0.80363,-0.08168,0.58245,0.04583,2.68202,-0.21076,
1403638202095097088,8.43525,2.74033,2.66904,0.08044,0.80528,-0.07930,0.58204,-0.00513,2.69080,-0.18148,
1403638202195097088,8.43470,3.00917,2.65379,0.06868,0.80915,-0.07936,0.57816,-0.05807,2.67498,-0.12025,
1403638202295097088,8.43078,3.27673,2.64577,0.06090,0.81419,-0.07847,0.57204,-0.05260,2.64347,-0.04410,
1403638202395097088,8.43016,3.53880,2.64423,0.05714,0.81589,-0.07696,0.57021,-0.03936,2.58902,-0.03332,
1403638202495096832,8.43186,3.79639,2.63914,0.05471,0.81671,-0.07577,0.56943,-0.02616,2.55086,-0.10059,
1403638202595097088,8.43559,4.04907,2.62683,0.05040,0.81744,-0.07760,0.56853,-0.01043,2.49012,-0.16849,
1403638202695097088,8.44088,4.29540,2.60823,0.04955,0.81875,-0.07816,0.56664,0.01496,2.42773,-0.20683,
1403638202795097088,8.44769,4.53422,2.58416,0.05097,0.81830,-0.07770,0.56723,0.02553,2.35879,-0.25060,
1403638202895097088,8.45666,4.76667,2.55711,0.05285,0.81704,-0.07700,0.56896,0.03589,2.31553,-0.26045,
1403638202995096832,8.46451,4.99354,2.53036,0.05183,0.81624,-0.07842,0.57001,0.03228,2.26687,-0.22718,
1403638203095097088,8.47181,5.21348,2.50665,0.05141,0.81556,-0.07895,0.57095,0.01967,2.21068,-0.16741,
1403638203195097088,8.47884,5.42861,2.49108,0.05508,0.81293,-0.07685,0.57463,0.01444,2.16281,-0.09624,
1403638203295097088,8.48459,5.63868,2.48121,0.05593,0.81008,-0.07608,0.57866,-0.00988,2.12311,-0.03383,
1403638203395097088,8.48905,5.84264,2.47251,0.05431,0.80890,-0.07679,0.58037,-0.02626,2.07135,-0.07792,
1403638203495096832,8.49179,6.04160,2.45874,0.05257,0.80899,-0.07798,0.58025,-0.03173,2.02541,-0.13786,
1403638203595097088,8.49362,6.23719,2.44174,0.04959,0.80935,-0.08004,0.57973,-0.05007,1.97120,-0.14941,
1403638203695097088,8.49301,6.42606,2.42781,0.04901,0.81064,-0.08008,0.57797,-0.07252,1.91634,-0.08955,
1403638203795097088,8.48939,6.61287,2.42229,0.05058,0.81057,-0.07889,0.57809,-0.08036,1.85777,-0.01341,
1403638203895097088,8.48304,6.79388,2.42309,0.05095,0.81021,-0.07779,0.57872,-0.10979,1.80513,0.04556,
1403638203995096832,8.47378,6.97151,2.43003,0.04933,0.81085,-0.07760,0.57798,-0.12392,1.75992,0.09806,
1403638204095097088,8.46092,7.14640,2.44418,0.04748,0.81318,-0.07747,0.57488,-0.14723,1.72242,0.18436,
1403638204195097088,8.44604,7.31539,2.46682,0.04189,0.81575,-0.08022,0.57128,-0.15239,1.67041,0.25546,
1403638204295097088,8.43078,7.47633,2.49586,0.03264,0.81917,-0.08644,0.56606,-0.13689,1.60203,0.29799,
1403638204395097088,8.41580,7.62788,2.52753,0.02165,0.82333,-0.09498,0.55915,-0.12220,1.49997,0.31897,
1403638204495096832,8.40176,7.76860,2.55793,0.01731,0.82455,-0.09941,0.55671,-0.10384,1.39306,0.27404,
1403638204595097088,8.38911,7.90087,2.58319,0.01562,0.82267,-0.09987,0.55947,-0.07514,1.28897,0.21142,
1403638204695097088,8.37686,8.02720,2.59966,0.01543,0.82281,-0.09235,0.56055,-0.06528,1.20330,0.14576,
1403638204795097088,8.36459,8.14423,2.60880,0.01780,0.82389,-0.07523,0.56145,-0.05889,1.12269,0.07638,
1403638204895097088,8.35373,8.25390,2.61100,0.02146,0.82300,-0.04820,0.56559,-0.04695,1.08947,0.00059,
1403638204995096832,8.34433,8.36000,2.60450,0.01439,0.82298,-0.01846,0.56759,-0.04138,1.08049,-0.06003,
1403638205095097088,8.33970,8.46741,2.59292,0.00025,0.82235,0.01630,0.56875,-0.03040,1.09934,-0.10746,
1403638205195097088,8.33515,8.57518,2.58149,-0.02492,0.81994,0.05298,0.56945,-0.03446,1.11311,-0.05845,
1403638205295097088,8.33181,8.68299,2.57653,-0.05248,0.81507,0.09344,0.56937,-0.02680,1.12102,0.02339,
1403638205395097088,8.32928,8.78999,2.57917,-0.08047,0.80646,0.13403,0.57025,-0.03141,1.11609,0.10063,
1403638205495096832,8.32545,8.89614,2.58897,-0.09897,0.79566,0.17259,0.57213,-0.04822,1.09755,0.16034,
1403638205595097088,8.31656,9.00224,2.60580,-0.10640,0.78510,0.20451,0.57487,-0.11502,1.09143,0.23342,
1403638205695097088,8.30186,9.11065,2.62891,-0.10885,0.77347,0.22753,0.58148,-0.17608,1.12621,0.28736,
1403638205795097088,8.27921,9.22610,2.65727,-0.11533,0.76569,0.24450,0.58364,-0.27773,1.18189,0.30995,
1403638205895097088,8.24526,9.34735,2.68998,-0.12651,0.76160,0.26108,0.57948,-0.37647,1.24548,0.34926,
1403638205995096832,8.20294,9.47402,2.72803,-0.14478,0.75782,0.27671,0.57287,-0.46756,1.30486,0.41768,
1403638206095097088,8.15086,9.60261,2.77290,-0.16183,0.75233,0.29408,0.56686,-0.57217,1.31314,0.46584,
1403638206195097088,8.08996,9.73259,2.82121,-0.17823,0.74483,0.31100,0.56280,-0.64139,1.33140,0.46003,
1403638206295097088,8.02193,9.86331,2.86606,-0.19537,0.73730,0.32531,0.55893,-0.71277,1.34532,0.39912,
1403638206395097088,7.94724,9.99259,2.90476,-0.21561,0.73343,0.33146,0.55292,-0.76069,1.30341,0.33796,
1403638206495096832,7.86783,10.11651,2.93843,-0.22982,0.72977,0.33431,0.55033,-0.80391,1.26156,0.27584,
1403638206595097088,7.78381,10.23444,2.96549,-0.23800,0.72693,0.33623,0.54944,-0.84123,1.19978,0.20817,
1403638206695097088,7.69503,10.34799,2.98678,-0.24567,0.72400,0.33868,0.54842,-0.88912,1.15216,0.14809,
1403638206795097088,7.60147,10.45706,3.00219,-0.25195,0.72158,0.34564,0.54440,-0.92229,1.08138,0.08166,
1403638206895097088,7.50499,10.56061,3.01216,-0.25645,0.71825,0.35120,0.54315,-0.94652,1.03306,0.02978,
1403638206995096832,7.40617,10.65956,3.01533,-0.26271,0.71467,0.35262,0.54396,-0.97649,0.97100,-0.02222,
1403638207095097088,7.30440,10.75129,3.01173,-0.26567,0.71123,0.35400,0.54613,-0.99921,0.89471,-0.08704,
1403638207195097088,7.19924,10.83390,2.99929,-0.26974,0.70978,0.35436,0.54578,-1.04613,0.81621,-0.17911,
1403638207295097088,7.08807,10.91077,2.97998,-0.27407,0.70565,0.35971,0.54548,-1.09483,0.74102,-0.24239,
1403638207395097088,6.97159,10.98181,2.95600,-0.28322,0.69857,0.36767,0.54462,-1.14172,0.67207,-0.27284,
1403638207495096832,6.84971,11.04563,2.93479,-0.29415,0.68947,0.38122,0.54110,-1.20604,0.57317,-0.21861,
1403638207595097088,6.72408,11.09934,2.91904,-0.30233,0.68468,0.39711,0.53114,-1.24950,0.46480,-0.15081,
1403638207695097088,6.59597,11.14303,2.90800,-0.30905,0.68642,0.40950,0.51539,-1.25326,0.37349,-0.08521,
1403638207795097088,6.46931,11.17927,2.90540,-0.31467,0.68770,0.41733,0.50387,-1.23955,0.30622,0.01226,
1403638207895097088,6.34641,11.20914,2.91065,-0.31600,0.69167,0.42350,0.49233,-1.19973,0.26659,0.10045,
1403638207995096832,6.22698,11.23451,2.92224,-0.31534,0.69330,0.42720,0.48723,-1.15696,0.23026,0.13619,
1403638208095097088,6.11014,11.25516,2.93289,-0.31620,0.69212,0.42743,0.48816,-1.12881,0.18233,0.08922,
1403638208195097088,5.99461,11.27502,2.93744,-0.32082,0.68924,0.42342,0.49268,-1.09979,0.14910,0.02066,
1403638208295097088,5.88278,11.29216,2.93436,-0.32000,0.68822,0.42174,0.49607,-1.08258,0.11841,-0.05686,
1403638208395097088,5.77305,11.30538,2.92359,-0.31617,0.69151,0.42256,0.49325,-1.06331,0.08053,-0.13436,
1403638208495096832,5.66549,11.31467,2.91034,-0.31462,0.69290,0.42550,0.48975,-1.05000,0.05780,-0.11361,
1403638208595097088,5.55529,11.32285,2.90143,-0.31723,0.69059,0.43311,0.48463,-1.03716,0.03216,-0.04242,
1403638208695097088,5.44883,11.32835,2.89991,-0.32398,0.68529,0.44078,0.48075,-1.01429,0.02114,0.02649,
1403638208795097088,5.34615,11.32989,2.90567,-0.33088,0.68086,0.44687,0.47672,-0.97422,-0.01470,0.09227,
1403638208895097088,5.24647,11.32838,2.91207,-0.33470,0.67563,0.45259,0.47609,-0.94328,-0.03248,0.05417,
1403638208995096832,5.14997,11.32345,2.91279,-0.33738,0.67170,0.45687,0.47567,-0.91906,-0.07322,-0.03033,
1403638209095097088,5.05719,11.31528,2.90677,-0.34025,0.66999,0.45918,0.47380,-0.89920,-0.10303,-0.10482,
1403638209195097088,4.96681,11.30441,2.89380,-0.34074,0.66911,0.46112,0.47283,-0.87500,-0.13558,-0.15993,
1403638209295097088,4.87749,11.29081,2.87540,-0.34270,0.66919,0.46089,0.47151,-0.84407,-0.15052,-0.22494,
1403638209395097088,4.79000,11.27480,2.85113,-0.34386,0.66969,0.46053,0.47030,-0.82276,-0.16947,-0.27730,
1403638209495096832,4.70598,11.25756,2.82110,-0.34562,0.66907,0.45934,0.47106,-0.78533,-0.18079,-0.34579,
1403638209595097088,4.61987,11.23948,2.77892,-0.34707,0.66767,0.45763,0.47363,-0.76197,-0.20306,-0.52761,
1403638209695097088,4.54029,11.21833,2.71756,-0.34653,0.66938,0.45670,0.47252,-0.73421,-0.22400,-0.71003,
1403638209795097088,4.45482,11.19480,2.63833,-0.34338,0.66830,0.45799,0.47509,-0.72414,-0.24377,-0.88488,
1403638209895097088,4.37887,11.16910,2.54415,-0.34156,0.66628,0.45852,0.47871,-0.71119,-0.27106,-0.98063,
1403638209995096832,4.29209,11.13493,2.44576,-0.34306,0.66231,0.45689,0.48467,-0.71888,-0.30780,-1.00426,
1403638210095097088,4.21769,11.10087,2.34658,-0.34642,0.65807,0.45405,0.49069,-0.71590,-0.35445,-0.95589,
1403638210195097088,4.13515,11.05621,2.25498,-0.35018,0.65446,0.45117,0.49548,-0.73781,-0.44582,-0.89369,
1403638210295097088,4.05900,11.00938,2.16690,-0.35084,0.65487,0.45051,0.49507,-0.74986,-0.53292,-0.84190,
1403638210395097088,3.97601,10.94776,2.08293,-0.35003,0.65552,0.45080,0.49452,-0.76280,-0.61294,-0.85376,
1403638210495096832,3.89990,10.88298,1.99534,-0.35097,0.65573,0.44990,0.49440,-0.75933,-0.67968,-0.89400,
1403638210595097088,3.81825,10.80995,1.90274,-0.35076,0.65528,0.44934,0.49565,-0.77042,-0.74677,-0.95388,
1403638210695097088,3.74046,10.73246,1.80567,-0.35319,0.65559,0.44706,0.49558,-0.76641,-0.81465,-0.96623,
1403638210795097088,3.65995,10.64690,1.71217,-0.35310,0.65564,0.44672,0.49587,-0.78032,-0.90563,-0.90869,
1403638210895097088,3.58183,10.55272,1.62465,-0.35283,0.65880,0.44712,0.49149,-0.76907,-0.96129,-0.83293,
1403638210995096832,3.50340,10.45317,1.54581,-0.35046,0.66234,0.44913,0.48659,-0.77088,-1.03672,-0.77578,
1403638211095097088,3.42687,10.34711,1.47580,-0.34895,0.66525,0.45066,0.48226,-0.75034,-1.06835,-0.65872,
1403638211195097088,3.35399,10.23947,1.41513,-0.34863,0.66815,0.45147,0.47772,-0.71523,-1.07973,-0.59189,
1403638211295097088,3.28699,10.13360,1.36288,-0.34699,0.66932,0.45210,0.47667,-0.67347,-1.07858,-0.51183,
1403638211395097088,3.22283,10.02588,1.31353,-0.34363,0.67236,0.44811,0.47860,-0.63788,-1.11317,-0.53357,
1403638211495096832,3.15957,9.91232,1.25784,-0.33775,0.67881,0.43965,0.48151,-0.61427,-1.15199,-0.57372,
1403638211595097088,3.09963,9.79582,1.19872,-0.33160,0.68732,0.42635,0.48566,-0.58324,-1.17946,-0.64474,
1403638211695097088,3.04255,9.67625,1.13368,-0.32432,0.69699,0.40820,0.49234,-0.54724,-1.21553,-0.68951,
1403638211795097088,2.98863,9.55275,1.06466,-0.31365,0.71019,0.38700,0.49748,-0.50757,-1.25253,-0.68632,
1403638211895097088,2.93817,9.42574,0.99786,-0.30337,0.72376,0.36331,0.50214,-0.46112,-1.27547,-0.64854,
1403638211995096832,2.89305,9.29501,0.93886,-0.28956,0.73528,0.34138,0.50889,-0.41184,-1.31917,-0.55284,
1403638212095097088,2.85322,9.16006,0.88816,-0.27452,0.74467,0.32122,0.51665,-0.35299,-1.34963,-0.47743,
1403638212195097088,2.81852,9.02209,0.84743,-0.25693,0.75199,0.30313,0.52594,-0.31279,-1.39132,-0.38500,
1403638212295097088,2.78480,8.87917,0.81602,-0.24102,0.75971,0.28338,0.53333,-0.31373,-1.43293,-0.28059,
1403638212395097088,2.75359,8.73337,0.79076,-0.22380,0.76640,0.26487,0.54073,-0.28185,-1.45158,-0.21485,
1403638212495096832,2.72228,8.58274,0.77242,-0.20938,0.77275,0.24415,0.54718,-0.28631,-1.50695,-0.12375,
1403638212595097088,2.69078,8.42693,0.75970,-0.19505,0.77982,0.22323,0.55136,-0.27875,-1.53570,-0.05536,
1403638212695097088,2.65977,8.26818,0.75380,-0.18107,0.78660,0.20130,0.55493,-0.28267,-1.57128,0.00903,
1403638212795097088,2.62977,8.10654,0.75649,-0.16402,0.79218,0.18019,0.55954,-0.28450,-1.60511,0.07188,
1403638212895097088,2.60014,7.94158,0.76265,-0.14891,0.79832,0.15601,0.56230,-0.29550,-1.63501,0.10085,
1403638212995096832,2.57250,7.77427,0.77356,-0.13091,0.80395,0.13189,0.56491,-0.27727,-1.66605,0.16515,
1403638213095097088,2.54678,7.60500,0.78981,-0.11411,0.80857,0.10549,0.56751,-0.26454,-1.68394,0.18885,
1403638213195097088,2.52285,7.43552,0.80481,-0.09979,0.81533,0.07691,0.56513,-0.25511,-1.70380,0.12810,
1403638213295097088,2.50213,7.26424,0.81350,-0.08843,0.82413,0.04627,0.55754,-0.21498,-1.73173,0.06667,
1403638213395097088,2.48641,7.09136,0.81697,-0.07850,0.83180,0.01453,0.54930,-0.16671,-1.76591,0.00172,
1403638213495096832,2.47749,6.91446,0.81721,-0.06949,0.83550,-0.01691,0.54481,-0.10008,-1.83659,-0.03909,
1403638213595097088,2.47623,6.72954,0.81439,-0.05195,0.83292,-0.03741,0.54967,-0.01667,-1.90585,-0.04199,
1403638213695097088,2.47989,6.53793,0.81312,-0.02826,0.82412,-0.04375,0.56401,0.01798,-1.94423,0.00511,
1403638213795097088,2.48602,6.34394,0.81640,-0.00844,0.81720,-0.04445,0.57458,0.04362,-1.95187,0.05872,
1403638213895097088,2.49401,6.15049,0.82498,0.00241,0.81424,-0.04491,0.57879,0.05874,-1.94531,0.11986,
1403638213995096832,2.50085,5.95774,0.83777,0.00700,0.81489,-0.04470,0.57784,0.03673,-1.92587,0.15858,
1403638214095097088,2.50709,5.76636,0.85447,0.00951,0.82084,-0.04266,0.56949,0.03759,-1.90428,0.18847,
1403638214195097088,2.51499,5.57555,0.87561,0.00850,0.82782,-0.04021,0.55948,0.07497,-1.87604,0.23062,
1403638214295097088,2.52730,5.38609,0.89451,0.00641,0.83317,-0.03721,0.55172,0.11652,-1.85285,0.17042,
1403638214395097088,2.54375,5.19564,0.90653,0.00474,0.83669,-0.03323,0.54665,0.18656,-1.84435,0.11359,
1403638214495096832,2.56558,5.00689,0.91322,0.00334,0.83474,-0.02862,0.54990,0.24436,-1.84110,0.05517,
1403638214595097088,2.58992,4.81718,0.91394,0.00237,0.82855,-0.02450,0.55938,0.28116,-1.82349,-0.00646,
1403638214695097088,2.61688,4.63190,0.90995,0.00088,0.82200,-0.02085,0.56911,0.28648,-1.80719,-0.05049,
1403638214795097088,2.64235,4.44837,0.90220,-0.00089,0.81679,-0.01755,0.57667,0.26616,-1.78041,-0.10232,
1403638214895097088,2.66589,4.26800,0.88886,-0.00197,0.81373,-0.01455,0.58106,0.23934,-1.76013,-0.17043,
1403638214995096832,2.68679,4.09022,0.87022,-0.00294,0.81192,-0.01266,0.58363,0.22013,-1.73532,-0.22649,
1403638215095097088,2.70725,3.91614,0.84630,-0.00274,0.81178,-0.01070,0.58386,0.19196,-1.70577,-0.26377,
1403638215195097088,2.72549,3.74661,0.81811,-0.00251,0.81303,-0.00976,0.58214,0.16319,-1.67768,-0.30903,
1403638215295097088,2.74423,3.57725,0.78715,0.00090,0.81505,-0.00732,0.57934,0.15297,-1.64602,-0.32024,
1403638215395097088,2.76323,3.41084,0.75636,0.00503,0.81574,-0.00481,0.57837,0.16440,-1.59924,-0.28968,
1403638215495096832,2.78247,3.24934,0.73261,0.00880,0.81544,-0.00198,0.57878,0.15606,-1.55105,-0.20228,
1403638215595097088,2.80042,3.09401,0.71799,0.01022,0.81423,-0.00115,0.58045,0.14414,-1.49042,-0.13016,
1403638215695097088,2.81649,2.94641,0.71044,0.00705,0.81350,-0.00325,0.58152,0.12589,-1.42727,-0.07592,
1403638215795097088,2.83098,2.80277,0.70462,0.00424,0.81299,-0.00713,0.58222,0.10965,-1.39686,-0.09591,
1403638215895097088,2.84035,2.66418,0.69207,0.00532,0.81303,-0.01290,0.58205,0.08569,-1.36031,-0.14004,
1403638215995096832,2.84828,2.52522,0.67508,0.00671,0.81277,-0.01762,0.58228,0.04736,-1.33699,-0.20339,
1403638216095097088,2.85239,2.39127,0.65372,0.01023,0.81253,-0.01979,0.58249,0.02907,-1.29975,-0.20354,
1403638216195097088,2.85399,2.26349,0.63629,0.01275,0.81251,-0.02136,0.58242,0.00297,-1.25839,-0.13198,
1403638216295097088,2.85296,2.13857,0.62555,0.01526,0.81136,-0.02239,0.58392,-0.01112,-1.21617,-0.07721,
1403638216395097088,2.84994,2.01726,0.62120,0.01720,0.80992,-0.02280,0.58584,-0.04134,-1.17235,-0.01506,
1403638216495096832,2.84395,1.90122,0.62290,0.01783,0.80943,-0.02327,0.58649,-0.07479,-1.12090,0.00670,
1403638216595097088,2.83542,1.78958,0.62132,0.01995,0.81018,-0.02267,0.58540,-0.09862,-1.08364,-0.06670,
1403638216695097088,2.82485,1.68328,0.61143,0.02287,0.81202,-0.02115,0.58279,-0.11481,-1.03764,-0.14435,
1403638216795097088,2.81354,1.57909,0.59693,0.02625,0.81118,-0.01957,0.58388,-0.12122,-0.99454,-0.18024,
1403638216895097088,2.80036,1.48158,0.57643,0.03047,0.80735,-0.02404,0.58879,-0.14387,-0.94330,-0.22014,
1403638216995096832,2.78559,1.38559,0.55438,0.03389,0.80627,-0.03447,0.58957,-0.18031,-0.90681,-0.25332,
1403638217095097088,2.76701,1.29469,0.52900,0.03796,0.80793,-0.04931,0.58599,-0.22308,-0.86286,-0.27920,
1403638217195097088,2.74456,1.20744,0.50170,0.04405,0.80960,-0.06387,0.58184,-0.23576,-0.82880,-0.29312,
1403638217295097088,2.72188,1.12428,0.47614,0.05072,0.81085,-0.07319,0.57845,-0.23155,-0.78978,-0.23270,
1403638217395097088,2.69815,1.04567,0.45865,0.05622,0.81189,-0.07955,0.57562,-0.24621,-0.74545,-0.12452,
1403638217495096832,2.67199,0.97204,0.44984,0.06128,0.81231,-0.08265,0.57408,-0.25435,-0.71534,-0.04410,
1403638217595097088,2.64573,0.90294,0.44899,0.06817,0.81329,-0.08208,0.57200,-0.25159,-0.66661,0.03882,
1403638217695097088,2.61961,0.83808,0.45470,0.07668,0.81369,-0.07809,0.57091,-0.25623,-0.61328,0.11355,
1403638217795097088,2.59335,0.78001,0.46694,0.08294,0.81520,-0.07357,0.56847,-0.25671,-0.53451,0.18170,
1403638217895097088,2.56807,0.72955,0.48574,0.08533,0.81571,-0.07107,0.56770,-0.24242,-0.44930,0.18903,
1403638217995096832,2.54603,0.68399,0.49890,0.08635,0.81354,-0.06829,0.57099,-0.22353,-0.36983,0.13003,
1403638218095097088,2.52405,0.64813,0.50775,0.08663,0.81211,-0.06617,0.57323,-0.21539,-0.29322,0.06577,
1403638218195097088,2.50332,0.61904,0.51003,0.08425,0.81038,-0.06576,0.57607,-0.21796,-0.21931,0.01577,
1403638218295097088,2.48612,0.59199,0.50423,0.08195,0.80681,-0.06436,0.58155,-0.21953,-0.15114,-0.03005,
1403638218395097088,2.46358,0.57987,0.50260,0.07535,0.80458,-0.06626,0.58530,-0.24443,-0.06482,0.01590,
1403638218495096832,2.43945,0.57194,0.50759,0.06991,0.80481,-0.06796,0.58547,-0.25709,-0.00730,0.09378,
1403638218595097088,2.42204,0.55755,0.51747,0.06738,0.80604,-0.06813,0.58405,-0.28409,0.03858,0.16982,
1403638218695097088,2.39225,0.55954,0.53362,0.06485,0.80986,-0.07003,0.57880,-0.31964,0.06838,0.14014,
1403638218795097088,2.36183,0.56687,0.54677,0.06791,0.81419,-0.07561,0.57164,-0.31907,0.08853,0.10197,
1403638218895097088,2.33949,0.57578,0.55211,0.07163,0.81606,-0.08354,0.56740,-0.28875,0.12369,0.04396,
1403638218995096832,2.31737,0.58963,0.55318,0.06226,0.81519,-0.09857,0.56733,-0.27216,0.14544,-0.00777,
1403638219095097088,2.29099,0.60390,0.55214,0.05491,0.81243,-0.11054,0.56985,-0.26220,0.12810,-0.02842,
1403638219195097088,2.27194,0.61672,0.54684,0.05875,0.80991,-0.11279,0.57260,-0.26954,0.10810,-0.04773,
1403638219295097088,2.24503,0.62748,0.53958,0.06791,0.80431,-0.10976,0.58002,-0.27883,0.10637,-0.08582,
1403638219395097088,2.21716,0.63853,0.53080,0.07442,0.79682,-0.10687,0.59001,-0.30378,0.11649,-0.05769,
1403638219495096832,2.19255,0.65049,0.52471,0.07856,0.79169,-0.10445,0.59679,-0.33300,0.14153,-0.01511,
1403638219595097088,2.16149,0.66385,0.52350,0.07627,0.79236,-0.10599,0.59591,-0.37505,0.16549,0.00998,
1403638219695097088,2.12014,0.68050,0.52796,0.07048,0.79480,-0.10956,0.59273,-0.42275,0.18253,0.01350,
1403638219795097088,2.07407,0.69754,0.52999,0.06307,0.79810,-0.11431,0.58821,-0.46064,0.17524,-0.03551,
1403638219895097088,2.02450,0.71252,0.52664,0.05435,0.80094,-0.12005,0.58406,-0.49467,0.14994,-0.09192,
1403638219995096832,1.97454,0.72239,0.51735,0.04700,0.80324,-0.12494,0.58051,-0.51992,0.10325,-0.13722,
1403638220095097088,1.92050,0.72923,0.50276,0.04481,0.80549,-0.12644,0.57722,-0.54739,0.04573,-0.15261,
1403638220195097088,1.86436,0.72986,0.49129,0.05298,0.80778,-0.12109,0.57448,-0.53471,-0.02832,-0.07725,
1403638220295097088,1.81080,0.72658,0.48649,0.06820,0.81039,-0.11076,0.57127,-0.52931,-0.04893,0.00665,
1403638220395097088,1.75143,0.72319,0.49072,0.07702,0.81095,-0.10511,0.57043,-0.56750,-0.02258,0.07688,
1403638220495096832,1.69146,0.72184,0.50147,0.08045,0.81120,-0.10291,0.57000,-0.57272,-0.00310,0.13837,
1403638220595097088,1.63570,0.72281,0.51506,0.08135,0.81060,-0.10337,0.57064,-0.55256,0.01980,0.12943,
1403638220695097088,1.58042,0.72533,0.52411,0.08232,0.81014,-0.10423,0.57100,-0.54833,0.03810,0.05882,
1403638220795097088,1.52096,0.72850,0.52664,0.08156,0.81022,-0.10617,0.57063,-0.54725,0.05901,-0.00664,
1403638220895097088,1.46739,0.73441,0.52255,0.08179,0.81008,-0.10743,0.57055,-0.53924,0.07387,-0.07988,
1403638220995096832,1.41350,0.74225,0.51075,0.08089,0.81085,-0.10929,0.56925,-0.52669,0.09001,-0.14112,
1403638221095097088,1.36097,0.75126,0.49546,0.08110,0.81124,-0.11023,0.56847,-0.52378,0.11169,-0.16638,
1403638221195097088,1.30524,0.76008,0.48306,0.08108,0.81254,-0.11091,0.56648,-0.51235,0.11860,-0.10218,
1403638221295097088,1.25513,0.77159,0.47717,0.07957,0.81393,-0.11249,0.56439,-0.50305,0.13418,-0.02582,
1403638221395097088,1.20540,0.78352,0.47781,0.07735,0.81500,-0.11483,0.56268,-0.48628,0.13732,0.00337,
1403638221495096832,1.15357,0.79457,0.48092,0.07506,0.81521,-0.11693,0.56225,-0.47134,0.13172,-0.04060,
1403638221595097088,1.10830,0.80604,0.47571,0.07356,0.81440,-0.11891,0.56321,-0.45443,0.11662,-0.08654,
1403638221695097088,1.06535,0.81524,0.46668,0.07287,0.81269,-0.11943,0.56565,-0.43168,0.09953,-0.11782,
1403638221795097088,1.02440,0.82272,0.45855,0.07068,0.81057,-0.12065,0.56870,-0.41554,0.08504,-0.07465,
1403638221895097088,0.98497,0.82937,0.45697,0.07271,0.80949,-0.11868,0.57040,-0.40595,0.06963,0.01906,
1403638221995096832,0.94590,0.83530,0.46335,0.07660,0.80895,-0.11531,0.57135,-0.40768,0.06386,0.09193,
1403638222095097088,0.90732,0.84038,0.47525,0.07991,0.81069,-0.11289,0.56890,-0.40148,0.07098,0.10623,
1403638222195097088,0.87244,0.84423,0.48820,0.08013,0.81455,-0.11305,0.56330,-0.39492,0.07754,0.05790,
1403638222295097088,0.83339,0.85244,0.49114,0.07918,0.81796,-0.11422,0.55823,-0.36891,0.08186,0.00340,
1403638222395097088,0.80273,0.85802,0.49018,0.07830,0.82087,-0.11521,0.55387,-0.32698,0.07130,-0.03925,
1403638222495096832,0.77114,0.86516,0.48341,0.07799,0.82316,-0.11524,0.55050,-0.28708,0.06899,-0.07548,
1403638222595097088,0.75103,0.86989,0.47318,0.07820,0.81944,-0.11496,0.55605,-0.23022,0.05929,-0.09866,
1403638222695097088,0.72953,0.87543,0.46018,0.07729,0.81408,-0.11555,0.56387,-0.20663,0.05305,-0.13002,
1403638222795097088,0.70953,0.88118,0.44465,0.07820,0.81173,-0.11499,0.56724,-0.19715,0.06069,-0.16149,
1403638222895097088,0.68927,0.88718,0.42874,0.07971,0.80616,-0.11361,0.57518,-0.18952,0.06746,-0.15422,
1403638222995096832,0.67328,0.89329,0.41005,0.07887,0.80153,-0.11368,0.58173,-0.21409,0.07964,-0.15927,
1403638223095097088,0.64761,0.90129,0.39707,0.07898,0.80428,-0.11337,0.57797,-0.26186,0.09830,-0.09506,
1403638223195097088,0.61884,0.91027,0.38831,0.07643,0.81329,-0.11560,0.56512,-0.27867,0.10435,-0.07005,
1403638223295097088,0.59130,0.91990,0.38331,0.07060,0.82081,-0.11999,0.55397,-0.25092,0.09580,-0.04423,
1403638223395097088,0.56450,0.92807,0.37887,0.06769,0.81889,-0.12242,0.55664,-0.22673,0.07535,-0.06797,
1403638223495096832,0.54076,0.93428,0.37281,0.05754,0.81376,-0.12945,0.56367,-0.21161,0.03879,-0.09201,
1403638223595097088,0.51990,0.93479,0.36349,0.05650,0.81127,-0.13027,0.56717,-0.21153,-0.02024,-0.09717,
1403638223695097088,0.49785,0.93130,0.35416,0.06732,0.81117,-0.12307,0.56773,-0.20444,-0.05142,-0.12032,
1403638223795097088,0.47711,0.92656,0.33989,0.07804,0.81232,-0.11595,0.56621,-0.20760,-0.05647,-0.14090,
1403638223895097088,0.45717,0.92240,0.32506,0.08343,0.81300,-0.11196,0.56528,-0.19978,-0.04333,-0.15078,
1403638223995096832,0.44012,0.91965,0.31053,0.08715,0.81340,-0.10930,0.56465,-0.18705,-0.02425,-0.17455,
1403638224095097088,0.42239,0.91889,0.29183,0.08634,0.81740,-0.10966,0.55892,-0.16966,0.00614,-0.20414,
1403638224195097088,0.40702,0.91983,0.27217,0.08394,0.82368,-0.11128,0.54965,-0.12632,0.02122,-0.19398,
