4888655492145,0.00012,-0.00284,0.01541,0.99969,-0.00741,0.00712,-0.02251,0.00328,-0.01629,0.03436,
4888755031457,0.00099,-0.00589,0.02042,0.99942,-0.00808,0.00319,-0.03301,0.01439,-0.04013,0.06378,
4888854611197,0.00292,-0.01070,0.02639,0.99886,-0.01715,-0.00034,-0.04458,0.03165,-0.05532,0.05430,
4888954049406,0.00818,-0.01699,0.03055,0.99818,-0.03198,-0.00127,-0.05118,0.08000,-0.06452,0.02286,
4889053617901,0.01962,-0.02341,0.03098,0.99764,-0.04229,-0.00309,-0.05400,0.15720,-0.06139,-0.00974,
4889153183849,0.03941,-0.02859,0.02731,0.99723,-0.05073,-0.00886,-0.05364,0.23949,-0.04260,-0.06559,
4889252778969,0.04515,-0.02865,0.06242,0.99494,-0.08650,-0.01626,-0.04848,0.21734,0.01127,-0.06677,
4889352225969,0.04094,-0.03440,0.13811,0.99819,-0.03568,-0.01790,-0.04508,0.08227,0.08276,-0.05729,
4889451744969,0.02242,-0.02158,0.14821,0.99627,-0.07066,-0.02047,-0.04520,-0.18399,0.07045,-0.09667,
4889551275073,-0.01966,-0.01462,0.16490,0.99488,-0.08232,-0.01448,-0.05675,-0.41343,0.02961,-0.03137,
4889650854917,-0.06785,-0.01193,0.17408,0.99315,-0.08603,-0.00219,-0.07899,-0.46158,0.01779,0.04024,
4889750302917,-0.10652,-0.01024,0.17831,0.99081,-0.08506,0.01527,-0.10405,-0.30654,-0.00132,0.02975,
4889849840125,-0.12085,-0.00956,0.18124,0.98890,-0.07977,0.02290,-0.12323,-0.02495,-0.00257,0.03701,
4889949340021,-0.10754,-0.00943,0.18218,0.98922,-0.07852,0.01688,-0.12244,0.23703,-0.01702,0.02067,
4890048939917,-0.07149,-0.01166,0.18216,0.99114,-0.07512,-0.00179,-0.10951,0.42388,-0.03057,0.04167,
4890148378969,-0.02198,-0.01420,0.18358,0.99293,-0.07267,-0.02696,-0.08986,0.49178,-0.01310,0.08160,
4890247896177,0.02589,-0.01354,0.18552,0.99434,-0.07004,-0.04952,-0.06266,0.39909,0.01183,0.05267,
4890347502698,0.05761,-0.01062,0.18260,0.99549,-0.06760,-0.05489,-0.03756,0.16495,0.04660,-0.00676,
4890446976021,0.06112,-0.00367,0.17559,0.99656,-0.06411,-0.04763,-0.02207,-0.12395,0.08787,-0.05488,
4890546454229,0.03924,0.00656,0.16802,0.99731,-0.05614,-0.03988,-0.02512,-0.28969,0.12364,-0.06093,
4890646014073,0.00878,0.01866,0.16223,0.99746,-0.05410,-0.02642,-0.03793,-0.29797,0.09484,-0.06128,
4890745534073,-0.01461,0.01934,0.15869,0.99731,-0.05350,-0.01644,-0.04724,-0.19906,-0.11374,-0.01580,
4890845009969,-0.02861,-0.00221,0.16096,0.99682,-0.05430,-0.01534,-0.05619,-0.12418,-0.35150,0.04896,
4890944603178,-0.03550,-0.03972,0.16904,0.99569,-0.06526,-0.01684,-0.06367,-0.05817,-0.40176,0.10750,
4891044048917,-0.03664,-0.06715,0.18076,0.99475,-0.06869,-0.02712,-0.07090,0.00664,-0.18376,0.12466,
4891143607917,-0.03239,-0.06500,0.19003,0.99397,-0.07144,-0.03240,-0.07661,0.01888,0.17157,0.05110,
4891243085917,-0.02771,-0.03367,0.18919,0.99432,-0.07282,-0.02764,-0.07252,-0.00282,0.39960,-0.04567,
4891342646917,-0.02708,0.00899,0.18362,0.99434,-0.05867,-0.03707,-0.08043,-0.00779,0.44284,-0.04352,
4891442123917,-0.02816,0.04821,0.17596,0.99411,-0.04688,-0.03668,-0.09057,-0.04191,0.34934,-0.04309,
4891541647802,-0.03418,0.06592,0.17224,0.99412,-0.04132,-0.02890,-0.09585,-0.11255,0.03914,0.01789,
4891641163073,-0.04747,0.04604,0.17492,0.99220,-0.04836,-0.02592,-0.11196,-0.16979,-0.31200,0.10401,
4891740683073,-0.06309,0.00171,0.18586,0.99035,-0.05619,-0.02343,-0.12453,-0.12896,-0.48162,0.15561,
4891840201385,-0.06465,-0.04509,0.20998,0.98877,-0.07373,-0.02871,-0.12678,0.12995,-0.35822,0.32506,
4891939827917,-0.04023,-0.06656,0.24144,0.98907,-0.09467,-0.04560,-0.10346,0.33982,-0.05057,0.24710,
4892039352437,-0.00394,-0.05806,0.25750,0.98998,-0.10815,-0.05275,-0.07390,0.36029,0.24571,0.06957,
4892138762115,0.02285,-0.02553,0.25265,0.99274,-0.09233,-0.06658,-0.03875,0.13109,0.38301,-0.15540,
4892238278073,0.02029,0.01043,0.23004,0.99579,-0.07230,-0.05271,-0.02002,-0.18213,0.31980,-0.23645,
4892370971334,-0.02482,0.03335,0.20323,0.99795,-0.04779,-0.02223,-0.03629,-0.46898,0.00128,-0.16824,
4892437413281,-0.05696,0.02946,0.19573,0.99725,-0.04226,-0.00778,-0.06046,-0.50059,-0.12287,-0.05976,
4892536835125,-0.10322,0.00885,0.19811,0.99466,-0.04435,0.00091,-0.09318,-0.39465,-0.31504,0.10871,
4892636436074,-0.12817,-0.02656,0.21791,0.99049,-0.06491,0.00093,-0.12131,-0.08025,-0.40424,0.26983,
4892735955938,-0.11734,-0.05647,0.24861,0.98787,-0.09218,-0.01200,-0.12437,0.25608,-0.23832,0.37374,
4892868566334,-0.07276,-0.06812,0.27961,0.98539,-0.13585,-0.03466,-0.09666,0.39699,0.03435,0.02216,
4892934911479,-0.04530,-0.05995,0.27306,0.98789,-0.12664,-0.04425,-0.07794,0.39550,0.15453,-0.21139,
4893034441522,-0.01087,-0.03626,0.24099,0.99347,-0.08999,-0.04737,-0.05175,0.24482,0.27788,-0.41244,
4893133948073,0.00248,-0.00539,0.20151,0.99717,-0.05011,-0.04062,-0.03867,0.03445,0.28466,-0.35962,
4893233467177,0.00024,0.01833,0.17246,0.99857,-0.01500,-0.03295,-0.03939,-0.09820,0.15211,-0.18184,
4893332985022,-0.01277,0.02254,0.16757,0.99861,-0.00219,-0.02256,-0.04761,-0.14422,-0.01846,0.13767,
4893432573969,-0.02618,0.01363,0.19788,0.99776,-0.01597,-0.02891,-0.05819,-0.11913,-0.08975,0.45772,
4893532022970,-0.03714,0.00254,0.25027,0.99608,-0.04283,-0.03786,-0.06756,-0.11148,-0.09077,0.59276,
4893631574073,-0.04570,-0.00597,0.30907,0.99468,-0.06394,-0.03948,-0.07052,-0.09359,-0.04503,0.57357,
4893731101021,-0.05722,-0.00902,0.35811,0.99304,-0.09061,-0.02780,-0.06995,-0.08680,-0.04115,0.33509,
4893830580969,-0.06111,-0.00711,0.37376,0.99098,-0.11425,-0.02191,-0.06658,-0.00143,-0.00253,-0.02674,
4893930100334,-0.05694,-0.00465,0.35060,0.99077,-0.11137,-0.03704,-0.06778,0.05137,0.02423,-0.42749,
4894062793948,-0.04679,0.00063,0.27278,0.99431,-0.07133,-0.03748,-0.06969,0.09827,0.08123,-0.61681,
4894129224917,-0.03991,0.00672,0.23293,0.99573,-0.04152,-0.04116,-0.07145,0.08796,0.09702,-0.58166,
4894228655917,-0.03256,0.01434,0.18280,0.99619,-0.00628,-0.03886,-0.07786,0.05276,0.09137,-0.39381,
4894328217022,-0.02899,0.01893,0.15980,0.99648,0.01232,-0.03598,-0.07471,0.02990,0.06865,-0.06817,
4894427695022,-0.02967,0.02550,0.16962,0.99661,0.00472,-0.03505,-0.07428,0.01932,0.14152,0.17197,
4894527212864,-0.02936,0.04689,0.19087,0.99783,-0.00907,-0.03238,-0.05653,0.04169,0.31137,0.18099,
4894626870021,-0.02395,0.07671,0.20735,0.99904,-0.00041,-0.03670,-0.02386,0.03274,0.24847,0.20283,
4894726320126,-0.02735,0.08865,0.23266,0.99951,-0.00373,-0.03015,-0.00779,-0.04450,0.02278,0.28312,
4894825771073,-0.03156,0.08047,0.26404,0.99931,-0.02842,-0.02287,-0.00704,-0.07068,-0.16425,0.36303,
4894925288969,-0.03923,0.05734,0.29921,0.99819,-0.05429,-0.01688,-0.01947,-0.06695,-0.30238,0.31645,
4895024853282,-0.04654,0.02252,0.32180,0.99472,-0.09789,-0.01121,-0.02876,-0.05394,-0.39053,0.08710,
4895124327969,-0.04856,-0.01111,0.31592,0.99333,-0.10849,-0.01434,-0.03628,0.02419,-0.27694,-0.22965,
4895223886282,-0.04310,-0.02802,0.28090,0.99435,-0.09244,-0.02320,-0.04673,0.09502,-0.01968,-0.47170,
4895323444074,-0.03213,-0.01279,0.23308,0.99715,-0.04599,-0.02953,-0.05198,0.12991,0.31973,-0.46180,
4895422925969,-0.01894,0.02785,0.19792,0.99817,-0.00314,-0.03871,-0.04626,0.12342,0.47642,-0.26068,
4895522405021,-0.01003,0.07439,0.18486,0.99810,0.03104,-0.03992,-0.03524,0.06598,0.43448,-0.03358,
4895621922917,-0.01027,0.10886,0.19881,0.99906,0.03209,-0.02887,-0.00460,-0.02719,0.24407,0.22215,
4895721518917,-0.01651,0.11560,0.23406,0.99986,0.00641,-0.01207,0.00987,-0.06803,-0.03757,0.42502,
4895821001126,-0.02563,0.09464,0.28246,0.99931,-0.03487,-0.01228,0.00213,-0.08641,-0.27026,0.44810,
4895920550074,-0.03479,0.05497,0.31923,0.99731,-0.07111,-0.00710,-0.01651,-0.06617,-0.37300,0.23108,
4896020039178,-0.03675,0.01503,0.33021,0.99513,-0.09352,-0.00799,-0.03002,0.03335,-0.28007,-0.00413,
4896119516969,-0.03223,-0.00857,0.31657,0.99456,-0.09661,-0.01551,-0.03565,0.10122,-0.11716,-0.27545,
4896219076969,-0.02341,-0.00901,0.28089,0.99604,-0.07890,-0.01687,-0.03723,0.13967,0.13913,-0.41304,
4896318594969,-0.01392,0.01334,0.24025,0.99839,-0.04271,-0.02326,-0.02926,0.09759,0.31625,-0.40910,
4896418074917,-0.01526,0.04854,0.20877,0.99952,-0.00271,-0.02355,-0.01972,-0.03675,0.38104,-0.27928,
4896517626969,-0.02805,0.08300,0.19162,0.99940,0.02275,-0.01891,-0.01787,-0.19378,0.26974,-0.11110,
4896617115917,-0.05540,0.09905,0.18796,0.99892,0.02735,-0.00542,-0.03710,-0.34658,0.02466,0.01177,
4896716633542,-0.09184,0.09031,0.19716,0.99733,0.01901,0.00163,-0.07047,-0.36727,-0.20213,0.14448,
4896816264333,-0.12708,0.05923,0.21401,0.99477,-0.00385,0.01004,-0.10155,-0.28268,-0.38604,0.16740,
4896915669865,-0.14402,0.01488,0.23339,0.99232,-0.03182,0.01208,-0.11889,-0.01982,-0.44777,0.22442,
4897015196021,-0.12929,-0.02295,0.25460,0.99171,-0.06088,0.00172,-0.11315,0.31631,-0.28754,0.22202,
4897114710281,-0.08848,-0.03955,0.26943,0.99286,-0.08143,-0.01557,-0.08575,0.48631,-0.04725,0.10864,
4897214230313,-0.04348,-0.03210,0.26728,0.99449,-0.08694,-0.02789,-0.05153,0.40789,0.19130,-0.07580,
4897346919021,-0.01151,0.00795,0.24291,0.99790,-0.05129,-0.03876,-0.00769,0.03970,0.36034,-0.25389,
4897446567073,-0.02428,0.04275,0.21709,0.99945,-0.02199,-0.02478,0.00298,-0.29599,0.26994,-0.23348,
4897512783970,-0.05008,0.05579,0.20527,0.99987,-0.01094,-0.00879,-0.00786,-0.44628,0.10490,-0.12834,
4897612302969,-0.09745,0.05537,0.20405,0.99892,-0.01176,0.01128,-0.04360,-0.45868,-0.11160,0.06886,
4897711822021,-0.13699,0.04155,0.21335,0.99569,-0.04054,0.03234,-0.07688,-0.24925,-0.15268,0.03228,
4897811385282,-0.14500,0.03087,0.20992,0.99448,-0.04656,0.02817,-0.08970,0.07093,-0.07760,-0.11732,
4897910901969,-0.12249,0.02752,0.19384,0.99590,-0.03555,0.01432,-0.08191,0.33572,0.03080,-0.21484,
4898010379229,-0.08279,0.03362,0.17815,0.99833,-0.01231,0.00038,-0.05652,0.46265,0.08599,-0.08580,
4898109897969,-0.03699,0.04264,0.17951,0.99963,-0.00091,-0.01963,-0.01879,0.43065,0.06891,0.08021,
4898209486969,0.00204,0.04944,0.19685,0.99944,-0.00546,-0.02884,0.01618,0.30648,0.04611,0.28055,
4898342109073,0.02535,0.05300,0.24083,0.99720,-0.02819,-0.04308,0.05423,0.00742,-0.02622,0.36238,
4898408454969,0.02546,0.05154,0.26238,0.99652,-0.04143,-0.04212,0.05886,-0.08610,-0.05615,0.40889,
4898507973282,0.01127,0.04408,0.29923,0.99545,-0.06711,-0.04111,0.05373,-0.22466,-0.08805,0.38359,
4898607492917,-0.01660,0.03423,0.33076,0.99441,-0.09648,-0.02309,0.03623,-0.34482,-0.07382,0.30167,
4898707052917,-0.05225,0.02742,0.35210,0.99224,-0.12334,-0.00617,0.01451,-0.41799,-0.06429,0.14159,
4898806531969,-0.09487,0.02515,0.35847,0.99009,-0.13871,0.01069,-0.01908,-0.40771,-0.00427,-0.06362,
4898906050969,-0.13320,0.02963,0.34040,0.98920,-0.13668,0.02435,-0.04699,-0.31381,0.06201,-0.29728,
4899005569126,-0.15731,0.03955,0.30460,0.99135,-0.10998,0.01828,-0.06922,-0.15388,0.08335,-0.42253,
4899105086917,-0.16470,0.04943,0.26033,0.99308,-0.07691,0.00948,-0.08823,0.00967,0.11543,-0.46368,
4899204653969,-0.15410,0.06170,0.22039,0.99525,-0.04669,-0.00250,-0.08536,0.18343,0.10581,-0.34132,
4899304126865,-0.13438,0.06645,0.19331,0.99619,-0.03745,-0.01277,-0.07771,0.20932,0.01902,-0.20612,
4899403644021,-0.11612,0.06227,0.17679,0.99636,-0.04456,-0.02157,-0.06940,0.15500,-0.02492,-0.13001,
4899503210021,-0.09932,0.05360,0.16837,0.99615,-0.04895,-0.03228,-0.06515,0.08513,-0.04989,-0.08495,
4899602753230,-0.08709,0.04244,0.16179,0.99556,-0.05057,-0.04136,-0.06780,0.04033,-0.05223,-0.06576,
4899702202074,-0.08247,0.03442,0.15465,0.99558,-0.05002,-0.03927,-0.06911,0.00390,-0.02607,-0.08331,
4899801720969,-0.08148,0.02984,0.14618,0.99603,-0.05129,-0.03310,-0.06476,-0.00789,-0.01245,-0.07874,
4899901278865,-0.08125,0.02801,0.13626,0.99617,-0.04985,-0.03469,-0.06285,-0.01470,-0.01761,-0.10707,
4900000895917,-0.08044,0.02457,0.12180,0.99645,-0.04041,-0.03656,-0.06414,-0.01451,-0.01773,-0.11647,
4900100277917,-0.08198,0.02125,0.10975,0.99658,-0.03702,-0.03468,-0.06521,-0.02728,-0.03845,-0.11279,
4900199798074,-0.08386,0.01765,0.09662,0.99666,-0.03744,-0.02719,-0.06723,-0.04506,-0.05466,-0.11017,
4900299315917,-0.08643,0.01486,0.08604,0.99634,-0.03473,-0.02788,-0.07291,-0.03853,-0.03932,-0.09051,
4900398834865,-0.08364,0.01611,0.07230,0.99632,-0.03065,-0.02919,-0.07449,-0.01225,0.01370,-0.11692,
4900498353073,-0.07817,0.02014,0.05674,0.99717,-0.02254,-0.02612,-0.06686,0.00598,0.01875,-0.13143,
4900597872126,-0.07350,0.02207,0.04315,0.99748,-0.01637,-0.02455,-0.06445,0.01964,0.00414,-0.11439,
4900697391969,-0.06992,0.02298,0.03183,0.99783,-0.01199,-0.02157,-0.06105,0.02190,0.01220,-0.09576,
4900796911125,-0.06805,0.02337,0.02212,0.99822,-0.00962,-0.01815,-0.05599,0.01338,-0.00397,-0.07195,
4900896468917,-0.06742,0.02342,0.01691,0.99827,-0.00880,-0.01857,-0.05505,0.00248,-0.01170,-0.05890,
4900995957178,-0.06782,0.02279,0.01167,0.99817,-0.00662,-0.01774,-0.05737,-0.00536,-0.00661,-0.05680,
4901095513813,-0.06876,0.02204,0.00659,0.99795,-0.00293,-0.01809,-0.06130,-0.01500,-0.00806,-0.06242,
4901195027230,-0.07018,0.02107,0.00155,0.99777,-0.00065,-0.01841,-0.06416,-0.00656,-0.00207,-0.04633,
4901294505969,-0.07128,0.02043,-0.00249,0.99770,0.00318,-0.01966,-0.06485,-0.01236,-0.00310,-0.04761,
4901394024865,-0.07218,0.01944,-0.00596,0.99755,0.00331,-0.01861,-0.06729,-0.00075,-0.00576,-0.02490,
4901493589969,-0.07202,0.01919,-0.00735,0.99747,0.00378,-0.01852,-0.06859,0.00806,-0.00701,-0.01364,
4901593102969,-0.07106,0.01868,-0.00815,0.99741,0.00219,-0.01722,-0.06982,0.01199,-0.01258,-0.00924,
4901692582073,-0.06997,0.01742,-0.00918,0.99720,0.00018,-0.01635,-0.07291,0.00974,-0.01471,-0.01443,
4901792177334,-0.06906,0.01622,-0.01036,0.99698,-0.00302,-0.01603,-0.07598,0.00353,-0.01024,-0.01709,
4901891619386,-0.06853,0.01567,-0.01161,0.99684,-0.00638,-0.01618,-0.07749,0.00720,-0.00059,-0.01151,
4901991139073,-0.06810,0.01548,-0.01370,0.99663,-0.01131,-0.01567,-0.07976,0.00378,0.01068,-0.02716,
4902090702178,-0.06805,0.01724,-0.01584,0.99665,-0.01636,-0.01485,-0.07868,-0.00181,0.01191,-0.00311,
4902190178917,-0.06784,0.01655,-0.01625,0.99663,-0.01745,-0.01462,-0.07881,-0.00108,-0.00403,0.00091,
4902289709969,-0.06806,0.01698,-0.01661,0.99664,-0.01690,-0.01384,-0.07891,-0.00163,0.00227,-0.00585,
4902389217125,-0.06795,0.01702,-0.01696,0.99670,-0.01714,-0.01340,-0.07826,-0.00156,-0.01009,-0.00211,
4902488739969,-0.06823,0.01680,-0.01720,0.99670,-0.01663,-0.01252,-0.07840,-0.00320,-0.00319,0.00157,
4902588252969,-0.06817,0.01679,-0.01720,0.99674,-0.01686,-0.01260,-0.07792,0.00200,-0.01715,-0.00227,
4902687797906,-0.06835,0.01693,-0.01749,0.99675,-0.01641,-0.01201,-0.07795,-0.00189,-0.00832,-0.00133,
4902787290969,-0.06827,0.01673,-0.01745,0.99674,-0.01644,-0.01204,-0.07803,-0.00194,0.00374,-0.00159,
4902886813969,-0.06808,0.01678,-0.01752,0.99676,-0.01674,-0.01136,-0.07790,-0.00073,0.00900,0.00961,
4902986332282,-0.06790,0.01713,-0.01730,0.99675,-0.01674,-0.01187,-0.07786,-0.00512,0.00325,-0.00386,
4903085863074,-0.06794,0.01700,-0.01736,0.99676,-0.01650,-0.01186,-0.07786,-0.00004,0.00173,-0.00003,
4903185367022,-0.06805,0.01696,-0.01737,0.99676,-0.01657,-0.01177,-0.07785,0.00274,0.00391,0.00224,
4903284887073,-0.06806,0.01685,-0.01744,0.99676,-0.01660,-0.01165,-0.07783,0.00196,0.00383,0.00252,
4903384403917,-0.06806,0.01679,-0.01744,0.99676,-0.01661,-0.01165,-0.07781,-0.00057,0.00180,-0.00024,
4903483925917,-0.06800,0.01676,-0.01746,0.99677,-0.01661,-0.01169,-0.07776,-0.00235,0.00002,-0.00152,
4903583442073,-0.06794,0.01670,-0.01749,0.99677,-0.01657,-0.01174,-0.07772,-0.00129,0.00002,-0.00179,
4903683034917,-0.06793,0.01664,-0.01756,0.99677,-0.01659,-0.01175,-0.07767,-0.00003,0.00048,-0.00154,
4903782621073,-0.06793,0.01659,-0.01758,0.99677,-0.01665,-0.01173,-0.07765,0.00148,0.00031,-0.00100,
4903882001105,-0.06791,0.01658,-0.01761,0.99677,-0.01670,-0.01170,-0.07765,0.00190,-0.00040,-0.00150,
4903981647261,-0.06789,0.01657,-0.01762,0.99677,-0.01669,-0.01171,-0.07764,0.00145,-0.00102,-0.00112,
4904081078178,-0.06788,0.01655,-0.01760,0.99677,-0.01673,-0.01170,-0.07764,0.00031,-0.00048,-0.00132,
4904180684969,-0.06791,0.01653,-0.01758,0.99678,-0.01674,-0.01172,-0.07760,-0.00047,-0.00057,-0.00144,
4904280076021,-0.06791,0.01650,-0.01757,0.99677,-0.01679,-0.01172,-0.07761,0.00006,-0.00090,-0.00164,
4904379625969,-0.06794,0.01651,-0.01753,0.99677,-0.01682,-0.01172,-0.07768,-0.00008,-0.00103,-0.00068,
4904479155073,-0.06798,0.01654,-0.01748,0.99677,-0.01685,-0.01173,-0.07768,0.00046,-0.00094,0.00079,
4904578632073,-0.06799,0.01655,-0.01745,0.99677,-0.01685,-0.01174,-0.07766,0.00031,-0.00079,0.00097,
4904678278073,-0.06801,0.01656,-0.01744,0.99677,-0.01688,-0.01176,-0.07766,-0.00044,-0.00007,0.00047,
4904777669969,-0.06805,0.01658,-0.01743,0.99677,-0.01691,-0.01176,-0.07768,-0.00090,0.00032,0.00038,
4904877190073,-0.06807,0.01657,-0.01742,0.99677,-0.01693,-0.01179,-0.07765,-0.00098,-0.00037,0.00097,
4905009880969,-0.06806,0.01657,-0.01740,0.99677,-0.01696,-0.01180,-0.07764,-0.00085,0.00037,0.00087,
4905076230177,-0.06804,0.01659,-0.01741,0.99677,-0.01696,-0.01182,-0.07764,-0.00148,-0.00013,0.00173,
4905175749917,-0.06808,0.01660,-0.01739,0.99677,-0.01700,-0.01182,-0.07763,-0.00128,0.00030,0.00142,
4905275335865,-0.06809,0.01662,-0.01739,0.99677,-0.01701,-0.01183,-0.07761,-0.00088,0.00067,0.00092,
4905374823865,-0.06807,0.01665,-0.01741,0.99677,-0.01703,-0.01182,-0.07760,-0.00035,0.00044,0.00089,
4905474382022,-0.06805,0.01665,-0.01742,0.99677,-0.01704,-0.01184,-0.07760,-0.00069,0.00057,0.00087,
4905573862177,-0.06805,0.01667,-0.01741,0.99677,-0.01706,-0.01185,-0.07759,-0.00089,0.00073,0.00080,
4905673416177,-0.06805,0.01668,-0.01741,0.99677,-0.01707,-0.01186,-0.07757,-0.00115,0.00051,0.00057,
4905772900917,-0.06810,0.01668,-0.01740,0.99677,-0.01707,-0.01188,-0.07756,-0.00136,0.00058,0.00092,
4905872379969,-0.06814,0.01667,-0.01738,0.99677,-0.01707,-0.01187,-0.07755,-0.00141,0.00043,0.00099,
4905971898969,-0.06815,0.01667,-0.01739,0.99677,-0.01708,-0.01188,-0.07755,-0.00105,0.00056,0.00040,
4906071417969,-0.06811,0.01666,-0.01740,0.99677,-0.01710,-0.01188,-0.07753,-0.00091,0.00057,0.00065,
4906170983917,-0.06809,0.01666,-0.01742,0.99677,-0.01714,-0.01189,-0.07752,-0.00072,0.00078,0.00073,
4906270495969,-0.06809,0.01666,-0.01741,0.99677,-0.01712,-0.01189,-0.07751,-0.00080,0.00102,0.00099,
4906369975917,-0.06808,0.01667,-0.01742,0.99678,-0.01711,-0.01193,-0.07747,-0.00085,0.00028,0.00054,
4906469506865,-0.06805,0.01666,-0.01742,0.99678,-0.01712,-0.01194,-0.07747,-0.00068,0.00088,0.00099,
4906569052917,-0.06803,0.01667,-0.01742,0.99678,-0.01710,-0.01197,-0.07747,-0.00087,0.00127,0.00113,
4906668530969,-0.06804,0.01670,-0.01741,0.99678,-0.01706,-0.01197,-0.07746,-0.00108,0.00109,0.00103,
4906768050969,-0.06806,0.01668,-0.01742,0.99678,-0.01704,-0.01198,-0.07744,-0.00119,0.00070,0.00107,
4906867569917,-0.06809,0.01665,-0.01741,0.99678,-0.01704,-0.01199,-0.07741,-0.00153,0.00060,0.00074,
4906967155969,-0.06812,0.01665,-0.01741,0.99678,-0.01707,-0.01200,-0.07743,-0.00196,0.00093,0.00057,
4907066608073,-0.06815,0.01664,-0.01742,0.99678,-0.01705,-0.01202,-0.07741,-0.00189,0.00081,0.00072,
4907166128281,-0.06813,0.01660,-0.01745,0.99679,-0.01696,-0.01214,-0.07733,0.00027,0.00029,-0.00284,
4907265645917,-0.06811,0.01658,-0.01748,0.99679,-0.01703,-0.01210,-0.07734,-0.00268,0.00217,0.00246,
4907365175073,-0.06816,0.01658,-0.01742,0.99679,-0.01702,-0.01211,-0.07735,-0.00267,0.00121,0.00090,
4907464684970,-0.06817,0.01656,-0.01742,0.99679,-0.01695,-0.01211,-0.07737,-0.00186,-0.00372,-0.00048,
4907564205073,-0.06802,0.01663,-0.01748,0.99679,-0.01696,-0.01215,-0.07730,0.00065,0.00191,0.00061,
4907663722542,-0.06799,0.01667,-0.01748,0.99679,-0.01691,-0.01219,-0.07728,-0.00002,0.00018,-0.00026,
4907763240917,-0.06801,0.01666,-0.01749,0.99679,-0.01700,-0.01218,-0.07733,-0.00026,0.00261,0.00053,
4907862759021,-0.06796,0.01659,-0.01752,0.99679,-0.01698,-0.01219,-0.07726,0.00121,0.00134,-0.00020,
4907962278177,-0.06795,0.01657,-0.01755,0.99679,-0.01700,-0.01228,-0.07726,0.00016,0.00064,0.00091,
4908061838073,-0.06800,0.01659,-0.01750,0.99679,-0.01700,-0.01226,-0.07727,-0.00234,0.00125,0.00243,
4908161318125,-0.06811,0.01662,-0.01743,0.99679,-0.01700,-0.01221,-0.07728,-0.00663,0.00175,0.00486,
4908260837021,-0.06851,0.01669,-0.01718,0.99679,-0.01722,-0.01216,-0.07721,-0.01327,-0.00365,0.00368,
4908360355073,-0.06876,0.01643,-0.01734,0.99679,-0.01785,-0.01223,-0.07705,-0.00482,-0.00919,-0.00707,
4908459916969,-0.06837,0.01643,-0.01748,0.99678,-0.01789,-0.01231,-0.07720,-0.00201,0.00061,-0.00975,
4908559436969,-0.06819,0.01660,-0.01769,0.99679,-0.01773,-0.01221,-0.07715,-0.00558,0.00903,0.00190,
4908658951969,-0.06851,0.01715,-0.01743,0.99679,-0.01777,-0.01229,-0.07715,-0.00330,0.00769,0.00183,
4908758431969,-0.06886,0.01784,-0.01697,0.99679,-0.01764,-0.01230,-0.07717,-0.00300,0.00533,0.00287,
4908857948970,-0.06930,0.01884,-0.01623,0.99677,-0.01778,-0.01265,-0.07726,-0.00578,0.01124,0.00595,
4908957467917,-0.07014,0.02076,-0.01477,0.99678,-0.01781,-0.01283,-0.07718,-0.01503,0.02394,0.01666,
4909057062334,-0.07169,0.02319,-0.01304,0.99674,-0.01797,-0.01277,-0.07762,-0.01822,0.03548,0.02516,
4909156507917,-0.07378,0.02668,-0.01048,0.99676,-0.01815,-0.01263,-0.07739,-0.02302,0.03459,0.03268,
4909256024917,-0.07519,0.02990,-0.00762,0.99676,-0.01795,-0.01272,-0.07733,-0.01200,0.03482,0.03143,
4909355615917,-0.07606,0.03334,-0.00532,0.99677,-0.01814,-0.01260,-0.07717,-0.01137,0.03611,0.01651,
4909455144969,-0.07676,0.03728,-0.00412,0.99680,-0.01757,-0.01235,-0.07695,-0.00042,0.04245,0.00099,
4909554621969,-0.07425,0.04168,-0.00318,0.99678,-0.01755,-0.01063,-0.07757,0.03382,0.05028,0.01248,
4909654101969,-0.07167,0.04582,-0.00164,0.99674,-0.01790,-0.01060,-0.07792,0.01487,0.03933,0.01777,
4909753622230,-0.06957,0.05011,0.00010,0.99672,-0.01799,-0.00888,-0.07844,0.02302,0.03900,0.01860,
4909853140126,-0.06532,0.05385,0.00165,0.99672,-0.01944,-0.00423,-0.07847,0.06635,0.04477,0.01611,
4909952698969,-0.05750,0.05824,0.00463,0.99662,-0.02173,0.00132,-0.07920,0.10482,0.04457,0.05824,
4910052177917,-0.04505,0.06392,0.01594,0.99645,-0.02465,0.00086,-0.08055,0.14736,0.06253,0.17041,
4910151696074,-0.02814,0.07267,0.04205,0.99638,-0.02222,-0.00044,-0.08203,0.18818,0.10392,0.33227,
4910251216073,-0.00866,0.08483,0.07962,0.99654,-0.01672,0.00020,-0.08141,0.20598,0.14664,0.42976,
4910350734917,0.01274,0.09906,0.12583,0.99738,-0.00335,0.00045,-0.07225,0.21610,0.14674,0.50488,
4910450253229,0.03260,0.11464,0.17685,0.99796,0.02374,0.01609,-0.05705,0.18604,0.14426,0.52047,
4910549813970,0.05556,0.12262,0.23350,0.99700,0.05177,0.04109,-0.04026,0.29435,-0.00983,0.62054,
4910649375073,0.09121,0.11198,0.29821,0.99705,0.05462,0.04550,-0.02898,0.42128,-0.20062,0.67401,
4910748811022,0.13642,0.08513,0.36560,0.99716,0.05026,0.05043,-0.02474,0.51414,-0.33843,0.69406,
4910848420021,0.19430,0.04458,0.43864,0.99789,0.03578,0.04960,-0.02188,0.64671,-0.46471,0.76361,
4910947889969,0.22802,-0.02571,0.50576,0.99847,0.01711,0.04972,-0.01726,0.71795,-0.54852,0.83389,
4911047367126,0.29654,-0.09436,0.58861,0.99864,0.00211,0.05171,-0.00665,0.83006,-0.54986,0.92635,
4911146956917,0.38043,-0.15403,0.67545,0.99841,-0.01446,0.05402,0.00755,0.94737,-0.57726,0.93407,
4911246406021,0.48023,-0.20877,0.76770,0.99764,-0.03643,0.05433,0.02080,1.07758,-0.52302,0.98209,
4911345924865,0.59297,-0.25376,0.86231,0.99610,-0.04417,0.06769,0.03550,1.17880,-0.40936,0.98732,
4911445451021,0.72050,-0.28987,0.95815,0.99365,-0.05137,0.08499,0.05283,1.35490,-0.33023,1.00059,
4911545004022,0.86646,-0.31541,1.05535,0.99014,-0.05468,0.10495,0.07492,1.50853,-0.19464,0.96704,
4911644522073,1.02669,-0.33230,1.14736,0.98372,-0.05182,0.14073,0.09905,1.69560,-0.10236,0.87931,
4911744041021,1.20879,-0.33838,1.22873,0.97374,-0.03607,0.18928,0.12128,1.98308,0.01884,0.77495,
4911843597021,1.42711,-0.33960,1.30219,0.96371,-0.02691,0.22269,0.14475,2.40861,0.06035,0.67001,
4911943038917,1.68930,-0.33648,1.36292,0.95674,-0.02472,0.23731,0.16648,2.82649,0.12474,0.55886,
4912042558438,1.99576,-0.32607,1.41315,0.95295,-0.03245,0.22919,0.19574,3.26776,0.20319,0.44294,
4912142158073,2.34186,-0.30556,1.45261,0.94612,-0.05619,0.21987,0.23099,3.65644,0.34574,0.35921,
4912241717104,2.72374,-0.26652,1.48253,0.93679,-0.08611,0.20662,0.26892,3.99733,0.55553,0.28824,
4912341116230,3.13586,-0.20341,1.50075,0.92470,-0.12189,0.18320,0.31065,4.23849,0.83304,0.20698,
4912473908125,3.71548,-0.06883,1.51754,0.90147,-0.16725,0.15349,0.36855,4.44048,1.30273,0.08137,
4912540159156,4.01175,0.02418,1.51894,0.88685,-0.18913,0.13745,0.39854,4.48047,1.57350,0.03686,
4912672782573,4.60363,0.26943,1.51601,0.85091,-0.23137,0.10130,0.46061,4.40636,2.17928,-0.01657,
4912772295156,5.03458,0.50771,1.51213,0.81598,-0.26108,0.07366,0.51048,4.23376,2.68155,-0.01113,
4912838643453,5.31183,0.69262,1.50888,0.78882,-0.28082,0.05276,0.54416,4.05871,3.02472,-0.02246,
4912938088473,5.69730,1.01259,1.50732,0.73950,-0.31175,0.01857,0.59633,3.63544,3.51304,-0.01783,
4913037607057,6.03842,1.38296,1.50563,0.68179,-0.33603,-0.01676,0.64959,3.06818,3.99981,-0.06319,
4913170300161,6.39026,1.94561,1.49125,0.59838,-0.33939,-0.05447,0.72373,2.13752,4.52535,-0.13179,
4913269899141,6.57885,2.40309,1.47574,0.52636,-0.32538,-0.09796,0.77941,1.44152,4.76616,-0.15888,
4913369430109,6.69231,2.87586,1.45935,0.44836,-0.31787,-0.15787,0.82037,0.68563,4.79522,-0.19053,
4913435625653,6.72024,3.18543,1.44704,0.40307,-0.31241,-0.19140,0.83863,0.13097,4.68615,-0.23627,
4913535143653,6.69147,3.63291,1.42016,0.34566,-0.30071,-0.22110,0.86094,-0.67610,4.42519,-0.34424,
4913634706757,6.57465,4.04478,1.38216,0.29763,-0.28981,-0.22778,0.88065,-1.45893,4.00777,-0.46471,
4913734219705,6.37595,4.40678,1.33154,0.27255,-0.28426,-0.17672,0.90204,-2.18904,3.57702,-0.55784,
4913833740861,6.10722,4.73087,1.27771,0.26249,-0.26386,-0.08515,0.92424,-2.83648,3.39022,-0.52965,
4913933220758,5.78699,5.05084,1.22684,0.25399,-0.23858,0.00459,0.93731,-3.32614,3.40325,-0.43492,
4914032738705,5.42556,5.37698,1.18497,0.23533,-0.22245,0.05597,0.94446,-3.67990,3.59968,-0.37569,
4914132297757,5.02937,5.72788,1.15119,0.20309,-0.22000,0.05289,0.95266,-4.02154,3.79717,-0.33293,
4914231818809,4.60225,6.09642,1.12426,0.17327,-0.22042,0.04824,0.95868,-4.36499,3.93662,-0.28115,
4914331295757,4.14427,6.48160,1.09873,0.15092,-0.22340,0.02989,0.96251,-4.69784,4.06205,-0.29961,
4914430815757,3.65241,6.86667,1.06947,0.14211,-0.22722,0.00169,0.96342,-5.02737,4.10073,-0.35555,
4914530334809,3.13174,7.24517,1.03106,0.13890,-0.23248,-0.03596,0.96196,-5.35775,4.03807,-0.44354,
4914629853653,2.57903,7.61860,0.98086,0.14188,-0.23280,-0.05196,0.96072,-5.70965,3.85285,-0.54689,
4914729413705,1.99360,7.98165,0.92297,0.15488,-0.22573,-0.03212,0.96126,-6.05415,3.70945,-0.62319,
4914828969705,1.37510,8.34724,0.85602,0.17763,-0.21454,0.02212,0.96017,-6.34717,3.71723,-0.69953,
4914928411705,0.73272,8.71498,0.78495,0.20379,-0.20118,0.07718,0.95501,-6.56670,3.84705,-0.79202,
4915027930705,0.07282,9.09618,0.70196,0.21817,-0.19384,0.10553,0.95063,-6.68575,4.07505,-0.96334,
4915127448653,-0.59786,9.50484,0.59751,0.21567,-0.19934,0.07907,0.95263,-6.82706,4.30378,-1.14296,
4915226968653,-1.28876,9.93040,0.48542,0.20872,-0.20749,0.03664,0.95501,-7.05528,4.41108,-1.13403,
4915326529653,-2.00860,10.36071,0.37973,0.20141,-0.20462,0.02711,0.95751,-7.41454,4.42498,-1.00169,
4915426006706,-2.76542,10.79819,0.30002,0.18358,-0.16180,0.02217,0.96934,-7.74587,4.49638,-0.61829,
4915525524758,-3.54578,11.23923,0.26457,0.15863,-0.11333,0.01437,0.98071,-7.91049,4.52649,-0.12472,
4915625043809,-4.33404,11.68446,0.27977,0.12634,-0.08391,0.00808,0.98840,-7.93309,4.50810,0.38776,
4915724476059,-5.11914,12.12364,0.34627,0.08840,-0.07222,-0.00655,0.99344,-7.90050,4.45100,0.78886,
4915823995841,-5.89967,12.55849,0.44193,0.03893,-0.06816,-0.03339,0.99636,-7.87939,4.31854,0.99828,
4915923548434,-6.67569,12.98382,0.54848,-0.02026,-0.06073,-0.08450,0.99436,-7.83965,4.19005,1.07225,
4916023055382,-7.44456,13.38246,0.66324,-0.07658,-0.04814,-0.17413,0.98056,-7.78866,3.85593,1.18711,
4916122504487,-8.20496,13.72740,0.79444,-0.13095,-0.02572,-0.26575,0.95476,-7.63095,3.12912,1.37025,
4916222024330,-8.93772,13.98351,0.94588,-0.19694,0.00504,-0.33371,0.92186,-7.29343,2.14590,1.55575,
4916321542330,-9.61723,14.13237,1.11310,-0.26490,0.02943,-0.36970,0.89010,-6.71910,1.06116,1.64024,
4916421069643,-10.21301,14.15876,1.29685,-0.33736,0.04418,-0.38810,0.85651,-6.00582,0.03065,1.71726,
4916520678862,-10.71585,14.08633,1.48576,-0.40803,0.04701,-0.39947,0.81958,-5.23186,-0.87579,1.64234,
4916620200862,-11.11470,13.93060,1.65442,-0.48592,0.02277,-0.38855,0.78255,-4.52579,-1.38323,1.18595,
4916719753657,-11.44119,13.71831,1.77443,0.57659,0.02367,0.36569,-0.73024,-4.00976,-1.78154,0.75843,
4916852527862,-11.86237,13.39943,1.86613,0.69522,0.04323,0.33652,-0.63368,-3.42400,-2.36591,0.40893,
4916918873810,-12.02645,13.19220,1.89892,0.74212,0.02706,0.33195,-0.58167,-3.07622,-2.67108,0.28349,
4917051655296,-12.37408,12.79198,1.90534,0.80766,-0.03014,0.33686,-0.48302,-2.48035,-2.96967,-0.21935,
4917151174349,-12.59210,12.48579,1.86010,0.83757,-0.05789,0.33787,-0.42540,-1.93636,-3.02034,-0.65914,
4917217626453,-12.69976,12.27359,1.80713,0.85376,-0.05049,0.32944,-0.40002,-1.53798,-3.05297,-0.89104,
4917317236720,-12.80001,11.95168,1.69991,0.87293,-0.03109,0.30504,-0.37944,-1.01508,-3.13935,-1.22829,
4917416725649,-12.85633,11.62858,1.55566,0.88333,0.00277,0.27810,-0.37733,-0.57557,-3.24050,-1.54565,
4917549408232,-12.90599,11.18051,1.32944,0.89433,-0.00194,0.26342,-0.36164,-0.09348,-3.40652,-1.85714,
4917615896012,-12.90961,10.94625,1.20248,0.89664,-0.00713,0.26510,-0.35454,0.17597,-3.47305,-1.96101,
4917715433959,-12.87647,10.58661,1.00456,0.89903,-0.02354,0.27131,-0.34289,0.68273,-3.59239,-2.02523,
4917814975953,-12.79536,10.21712,0.80717,0.90284,-0.03057,0.27264,-0.33107,1.28959,-3.63073,-2.02156,
4917914471641,-12.65709,9.84467,0.61285,0.90859,-0.00004,0.26185,-0.32543,1.86902,-3.66428,-1.93138,
4918014128405,-12.45354,9.46099,0.43496,0.91597,0.02500,0.25051,-0.31243,2.39606,-3.93411,-1.65513,
4918146702123,-12.09794,8.91647,0.24128,0.92607,0.01741,0.24759,-0.28423,3.07593,-4.18705,-1.26945,
4918213103026,-11.89143,8.62613,0.16340,0.93151,0.00102,0.24575,-0.26814,3.42683,-4.28245,-1.08468,
4918312618974,-11.53777,8.18309,0.06955,0.93920,-0.02406,0.24021,-0.24419,3.93003,-4.32548,-0.82328,
4918412200234,-11.13383,7.73850,0.00130,0.94370,-0.04292,0.23872,-0.22496,4.38982,-4.35577,-0.56384,
4918511780641,-10.67901,7.29704,-0.04301,0.94492,-0.08652,0.24092,-0.20395,4.89884,-4.19904,-0.33256,
4918611297610,-10.17187,6.88606,-0.06863,0.94619,-0.07246,0.24248,-0.20167,5.39832,-3.95211,-0.20603,
4918710874801,-9.61715,6.48872,-0.08405,0.94853,-0.06248,0.23963,-0.19738,5.84662,-3.88677,-0.07525,
4918810434769,-9.01984,6.10141,-0.08789,0.94976,-0.05908,0.23776,-0.19478,6.23563,-3.76022,-0.00678,
4918909928614,-8.38457,5.73492,-0.09231,0.95363,0.00221,0.22712,-0.19748,6.60642,-3.53952,-0.06260,
4919009429509,-7.71154,5.37042,-0.08448,0.96116,0.07019,0.19639,-0.18077,6.97137,-3.81159,0.27052,
4919108950353,-7.00684,4.97484,-0.04062,0.97238,0.06581,0.16025,-0.15641,7.15218,-4.07395,0.66674,
4919208468614,-6.28519,4.56470,0.04489,0.97673,0.05933,0.14219,-0.14919,7.33929,-4.17428,1.03687,
4919308036301,-5.54993,4.14483,0.15909,0.97770,0.07400,0.12318,-0.15313,7.41059,-4.28998,1.26724,
4919407608457,-4.80777,3.71037,0.29197,0.97875,0.06815,0.10906,-0.15971,7.42555,-4.41665,1.38815,
4919507024458,-4.07069,3.27166,0.42511,0.98306,0.04721,0.11146,-0.13766,7.42282,-4.41593,1.24015,
4919606474225,-3.33450,2.82402,0.53539,0.99106,-0.03619,0.10795,-0.06959,7.42527,-4.47618,1.03049,
4919706009277,-2.59145,2.38916,0.64017,0.98139,-0.16552,0.09718,0.00533,7.49007,-4.18686,1.09482,
4919805554787,-1.84596,2.00301,0.75366,0.94659,-0.29575,0.09366,0.08785,7.48632,-3.48648,1.17922,
4919905034516,-1.10393,1.70080,0.86991,0.90000,-0.39611,0.08832,0.15902,7.42646,-2.52797,1.14428,
4920004549173,-0.38066,1.51209,0.97328,0.86910,-0.43734,0.09686,0.20980,7.13709,-1.28456,0.88491,
4920137324881,0.54393,1.45529,1.08159,0.87882,-0.37746,0.12758,0.26255,6.83979,0.43904,0.81139,
4920203588954,0.98771,1.50864,1.14247,0.88640,-0.33131,0.13919,0.29180,6.72968,1.13715,0.89908,
4920303153278,1.64797,1.65117,1.23523,0.88482,-0.28176,0.15825,0.33565,6.63257,1.79689,0.89755,
4920402626329,2.30266,1.84988,1.32177,0.86164,-0.28417,0.16662,0.38608,6.64910,2.31612,0.74674,
4920535320225,3.16925,2.21807,1.41257,0.81882,-0.30893,0.12600,0.46715,6.40899,3.15265,0.50940,
4920634935589,3.79047,2.56288,1.45280,0.78014,-0.30946,0.09434,0.53546,6.10900,3.64460,0.26730,
4920734397225,4.38208,2.94605,1.46660,0.72719,-0.31053,0.05498,0.60970,5.71362,4.07043,0.07803,
4920800621534,4.74959,3.22859,1.46863,0.67404,-0.32249,0.01632,0.66438,5.37020,4.39278,0.05656,
4920900141429,5.24897,3.68412,1.47481,0.57066,-0.34812,-0.06924,0.74052,4.53082,4.76482,0.09947,
4920999597611,5.64880,4.15783,1.48328,0.45072,-0.36232,-0.14314,0.80317,3.35017,4.83408,0.15041,
4921099156767,5.92061,4.62619,1.50728,0.32689,-0.36592,-0.19824,0.84850,2.11874,4.64216,0.21771,
4921198634664,6.06707,5.06546,1.53436,0.21338,-0.37140,-0.24262,0.87044,0.92844,4.14101,0.18626,
4921298153767,6.10363,5.44302,1.54806,0.14129,-0.37856,-0.22630,0.88630,-0.18809,3.49753,0.07198,
4921397671767,6.02802,5.76872,1.54710,0.09994,-0.36180,-0.19365,0.90643,-1.20397,3.09394,-0.00841,
4921497191663,5.88506,6.06360,1.53712,0.08482,-0.34958,-0.18711,0.91411,-1.84940,2.77585,-0.18744,
4921596751715,5.67549,6.32784,1.50858,0.08759,-0.34990,-0.18233,0.91469,-2.59564,2.41120,-0.36173,
4921696270611,5.38717,6.55085,1.46319,0.10404,-0.33625,-0.15508,0.92307,-3.28464,2.03765,-0.56107,
4921795782611,5.03501,6.74713,1.39437,0.12473,-0.32636,-0.12038,0.92921,-3.76918,1.91555,-0.79040,
4921895308767,4.62546,6.93058,1.30080,0.14079,-0.31812,-0.11325,0.93067,-4.33764,1.72741,-0.99585,
4921994788611,4.15604,7.08595,1.19238,0.18109,-0.29706,-0.02371,0.93723,-4.88795,1.55247,-1.13018,
4922094306611,3.64598,7.24978,1.07483,0.21706,-0.26929,0.08174,0.93471,-5.28454,1.75714,-1.20771,
4922193824664,3.10677,7.44510,0.94609,0.23873,-0.24604,0.15396,0.92670,-5.55937,2.14327,-1.29278,
4922293344611,2.54657,7.68315,0.80451,0.24612,-0.23370,0.18054,0.92315,-5.74796,2.66363,-1.33763,
4922392961820,1.96472,7.96222,0.67391,0.24720,-0.23060,0.18329,0.92310,-5.95273,3.17069,-1.29988,
4922492512715,1.35911,8.30230,0.54686,0.24826,-0.23151,0.17329,0.92452,-6.21160,3.66446,-1.17081,
4922591902715,0.72739,8.69135,0.43841,0.25661,-0.22765,0.18271,0.92138,-6.46094,4.14013,-1.02797,
4922691538559,0.07522,9.12665,0.33789,0.25748,-0.22421,0.17289,0.92388,-6.61626,4.63578,-1.04898,
4922791062663,-0.59059,9.60897,0.23026,0.25062,-0.22138,0.12130,0.93459,-6.81933,4.99482,-1.04405,
4922890538173,-1.28986,10.12396,0.14533,0.25406,-0.18032,0.09433,0.94554,-7.21144,5.35385,-0.60316,
4922990082976,-2.01528,10.66757,0.11480,0.25674,-0.12999,0.07689,0.95461,-7.35092,5.57488,0.01869,
4923089500903,-2.74616,11.22949,0.13967,0.24253,-0.10879,0.04352,0.96304,-7.34008,5.71631,0.40448,
4923222243007,-3.72056,11.98286,0.20174,0.18388,-0.11323,-0.02865,0.97598,-7.37012,5.61546,0.54719,
4923321738218,-4.46072,12.53218,0.27112,0.12408,-0.11440,-0.09431,0.98113,-7.50800,5.41188,0.87036,
4923387978802,-4.96166,12.88064,0.33700,0.08439,-0.11156,-0.14535,0.97944,-7.61386,5.10516,1.14950,
4923487495803,-5.72738,13.35316,0.47317,0.02194,-0.10461,-0.19768,0.97442,-7.77054,4.39401,1.60842,
4923587048750,-6.50475,13.74976,0.65360,-0.05365,-0.09275,-0.24390,0.96386,-7.82331,3.54956,2.00463,
4923686529750,-7.28040,14.06246,0.86142,-0.14554,-0.08208,-0.30918,0.93621,-7.75015,2.71162,2.17882,
4923786047750,-8.04336,14.27004,1.08771,-0.26019,-0.04868,-0.37297,0.88928,-7.48206,1.41961,2.39432,
4923885639219,-8.75533,14.34890,1.33513,-0.37164,-0.01300,-0.41566,0.83002,-6.84693,0.26765,2.45879,
4923985088146,-9.39984,14.32950,1.56780,-0.47049,0.00248,-0.45064,0.75866,-6.15110,-0.61785,2.15594,
4924084664336,-9.97327,14.22499,1.76708,0.57114,-0.02524,0.45794,-0.68078,-5.38454,-1.35450,1.82298,
4924184184388,-10.46704,14.05620,1.92948,0.65242,-0.04910,0.45351,-0.60520,-4.51960,-1.86738,1.45580,
4924283702284,-10.87152,13.84122,2.05148,0.71886,-0.04245,0.43805,-0.53810,-3.65895,-2.24231,1.05434,
4924383359388,-11.18782,13.58494,2.13554,0.77042,-0.02292,0.40937,-0.48822,-2.94279,-2.55970,0.65257,
4924482807469,-11.44500,13.31095,2.17471,0.80770,-0.00422,0.38007,-0.45071,-2.42678,-2.77870,0.19583,
4924582331626,-11.65376,13.01667,2.17013,0.83150,0.00983,0.36388,-0.41964,-1.94040,-2.98399,-0.24090,
4924681982927,-11.81445,12.69860,2.11977,0.85428,0.01036,0.34200,-0.39131,-1.44734,-3.18313,-0.63268,
4924781426135,-11.93060,12.36956,2.03378,0.86977,0.00565,0.32785,-0.36876,-1.07056,-3.28427,-1.06011,
4924880946979,-12.01113,12.03413,1.90862,0.87396,0.00927,0.32824,-0.35829,-0.58806,-3.41996,-1.44552,
4925013695505,-12.04716,11.56258,1.68424,0.88305,-0.00119,0.31989,-0.34334,0.01774,-3.62414,-1.83417,
4925080082505,-12.03251,11.31835,1.55959,0.88767,-0.01635,0.31854,-0.33211,0.36100,-3.69527,-1.97509,
4925179560661,-11.96907,10.94572,1.35673,0.89446,-0.03144,0.31659,-0.31420,0.96325,-3.76135,-2.07494,
4925279080557,-11.83969,10.56815,1.14855,0.90373,-0.03716,0.30644,-0.29662,1.58370,-3.79493,-2.08727,
4925378639557,-11.64842,10.18799,0.93942,0.91124,-0.03758,0.29607,-0.28386,2.19496,-3.83250,-2.08274,
4925478118557,-11.38743,9.80950,0.73718,0.92043,-0.01792,0.27006,-0.28206,2.86691,-3.82084,-1.91807,
4925577638505,-11.07209,9.41628,0.56485,0.92816,0.00154,0.24255,-0.28229,3.42400,-4.04115,-1.56102,
4925677286505,-10.70684,9.00166,0.43183,0.93405,-0.01981,0.23092,-0.27173,3.93031,-4.14330,-1.16584,
4925776675661,-10.29275,8.58643,0.33667,0.93693,-0.04007,0.22968,-0.26038,4.46158,-4.09946,-0.77627,
4925876193921,-9.82614,8.17838,0.27989,0.93818,-0.05402,0.23410,-0.24918,5.01778,-4.03392,-0.37598,
4925975712817,-9.30486,7.78395,0.25311,0.94028,-0.04873,0.23750,-0.23896,5.51541,-3.85650,-0.20391,
4926075232505,-8.73721,7.40708,0.23154,0.94404,0.00970,0.23039,-0.23582,5.89367,-3.80250,-0.19825,
4926174751661,-8.13717,7.02196,0.21183,0.94743,0.05527,0.21440,-0.23099,6.19667,-3.96125,-0.13544,
4926274270505,-7.50628,6.61058,0.20770,0.95443,0.06777,0.18437,-0.22465,6.49924,-4.27635,0.13442,
4926373922293,-6.84933,6.17095,0.23862,0.96210,0.05866,0.14687,-0.22215,6.70325,-4.45239,0.51293,
4926473406241,-6.17877,5.71968,0.30583,0.97304,0.02946,0.12147,-0.19381,6.81091,-4.57093,0.79058,
4926572923814,-5.49920,5.26516,0.38878,0.98413,-0.05319,0.09893,-0.13736,6.84021,-4.49535,0.82325,
4926672400241,-4.81715,4.83017,0.47154,0.98280,-0.14240,0.09120,-0.07416,6.86981,-4.20998,0.84055,
4926771936345,-4.13252,4.43493,0.55687,0.97347,-0.20863,0.09309,-0.01300,6.88825,-3.63088,0.90085,
4926871438189,-3.44489,4.10776,0.65204,0.97044,-0.21459,0.10575,0.03173,6.93803,-2.91899,1.03604,
4926970997502,-2.74941,3.84283,0.75761,0.96901,-0.20496,0.11666,0.07352,6.99281,-2.33799,1.14619,
4927070476241,-2.04996,3.63549,0.87801,0.96440,-0.20309,0.12389,0.11549,7.06590,-1.76721,1.29242,
4927169995137,-1.34370,3.48562,1.00769,0.96188,-0.18837,0.12327,0.15525,7.09396,-1.18557,1.31823,
4927269514241,-0.63942,3.38522,1.12740,0.96037,-0.14313,0.12875,0.20157,7.05032,-0.81439,1.11464,
4927369034294,0.06393,3.30562,1.22315,0.95327,-0.12045,0.12861,0.24541,7.08331,-0.65233,0.87347,
4927468551397,0.76895,3.24277,1.29568,0.93907,-0.14427,0.11190,0.29123,7.09035,-0.47576,0.59794,
4927568071293,1.47017,3.20603,1.34464,0.91551,-0.19296,0.09249,0.34066,7.00159,-0.17324,0.39500,
4927667687449,2.16490,3.20723,1.37152,0.88846,-0.23305,0.07218,0.38873,6.85088,0.23264,0.21703,
4927767189501,2.84346,3.24813,1.37469,0.85515,-0.26552,0.04892,0.44251,6.58814,0.71086,0.04774,
4927866713189,3.48727,3.34042,1.36917,0.81584,-0.29109,0.02669,0.49897,6.20983,1.22651,-0.06244,
4927966192293,4.08789,3.48556,1.35676,0.77255,-0.30617,0.01381,0.55609,5.75445,1.74982,-0.17301,
4928065667397,4.64328,3.68003,1.33849,0.71623,-0.32580,-0.01245,0.61702,5.27440,2.23122,-0.26668,
4928165315231,5.13938,3.92105,1.31596,0.64908,-0.34668,-0.05020,0.67527,4.57795,2.64536,-0.34984,
4928264704293,5.55398,4.20081,1.28475,0.57800,-0.35464,-0.07542,0.73107,3.70183,3.00249,-0.37496,
4928364222346,5.88143,4.51085,1.25180,0.49839,-0.35179,-0.10248,0.78572,2.79402,3.21793,-0.40937,
4928463742293,6.12028,4.83187,1.21152,0.42452,-0.34087,-0.11893,0.83033,1.90354,3.26150,-0.46359,
4928563261189,6.26315,5.15540,1.16235,0.36465,-0.31204,-0.11056,0.87031,0.97129,3.23092,-0.44566,
4928662780345,6.33245,5.47434,1.12311,0.30524,-0.27144,-0.10584,0.90661,0.23110,3.18326,-0.32167,
4928762302575,6.33744,5.78213,1.09768,0.25051,-0.25023,-0.10088,0.92976,-0.34719,3.05498,-0.19254,
4928861827127,6.28086,6.08301,1.08776,0.19937,-0.24338,-0.12367,0.94113,-0.95446,2.95667,-0.01219,
4928961378606,6.15581,6.36249,1.09151,0.16698,-0.24505,-0.15099,0.94301,-1.53744,2.66490,0.07507,
4929060856450,5.97369,6.61255,1.09840,0.16215,-0.24688,-0.14095,0.94493,-2.10368,2.39697,0.04917,
4929193594293,5.64649,6.90945,1.10241,0.17400,-0.23777,-0.10028,0.95033,-2.78026,2.15162,0.02264,
4929259982241,5.45051,7.04649,1.10215,0.18119,-0.23380,-0.08414,0.95154,-3.08845,2.08147,0.02715,
4929359497346,5.12142,7.24730,1.10186,0.20672,-0.22568,-0.05275,0.95055,-3.51766,1.97607,0.03671,
4929459031450,4.75010,7.43750,1.10221,0.24129,-0.21554,0.02651,0.94584,-3.90174,1.94723,0.04267,
4929558451502,4.34679,7.64030,1.10493,0.25891,-0.21065,0.09041,0.93830,-4.17022,2.20640,0.01449,
4929658012346,3.91892,7.87362,1.10081,0.26864,-0.20095,0.13384,0.93249,-4.39937,2.53322,-0.09803,
4929757488189,3.47249,8.14024,1.08547,0.27547,-0.18902,0.16163,0.92858,-4.53249,2.92076,-0.20497,
4929857007241,3.01603,8.44706,1.05872,0.27609,-0.18633,0.16130,0.92900,-4.63133,3.30315,-0.30668,
4929989741606,2.39165,8.90971,1.00303,0.27471,-0.18929,0.14795,0.93103,-4.76771,3.70811,-0.57221,
4930056126345,2.07138,9.15458,0.95752,0.27181,-0.19210,0.12511,0.93465,-4.82891,3.89435,-0.72071,
4930155611022,1.58315,9.54903,0.87798,0.26461,-0.19737,0.06881,0.94143,-4.98137,4.08695,-0.85351,
4930255086241,1.07661,9.95620,0.78545,0.25756,-0.20565,0.01642,0.94398,-5.20180,4.14526,-0.98739,
4930354603449,0.54384,10.36929,0.68501,0.25496,-0.21264,-0.01085,0.94322,-5.51264,4.13406,-0.99452,
4930454198189,-0.02114,10.78220,0.58969,0.25829,-0.20957,-0.00745,0.94303,-5.83729,4.12583,-0.91693,
4930553710293,-0.62092,11.18972,0.50369,0.26509,-0.19952,0.01694,0.94320,-6.13466,4.13227,-0.81604,
4930653247293,-1.24306,11.60928,0.42877,0.26398,-0.19474,0.02590,0.94431,-6.34489,4.28858,-0.70547,
4930752766189,-1.88983,12.04072,0.37310,0.25400,-0.19111,0.02208,0.94788,-6.64214,4.38866,-0.39884,
4930852237397,-2.57133,12.48057,0.35742,0.23728,-0.17375,0.01695,0.95563,-6.97052,4.48137,0.04821,
4930951789293,-3.28217,12.92741,0.38885,0.19591,-0.15578,-0.00121,0.96817,-7.25960,4.50379,0.59144,
4931051220714,-4.01980,13.36997,0.47611,0.12097,-0.12915,-0.04762,0.98307,-7.50023,4.37547,1.16980,
4931150723847,-4.77908,13.79029,0.62498,0.03277,-0.09338,-0.10654,0.98937,-7.67788,4.05938,1.85054,
4931250159639,-5.54501,14.16468,0.83997,-0.05404,-0.05088,-0.17708,0.98139,-7.65506,3.46950,2.45603,
4931349678378,-6.30265,14.47405,1.10255,-0.12799,-0.01337,-0.26161,0.95656,-7.46585,2.79815,2.75107,
4931449196378,-7.02691,14.71332,1.37463,-0.19241,0.01269,-0.34231,0.91959,-7.13074,2.02587,2.63318,
4931548718534,-7.71414,14.87395,1.62232,-0.25244,0.02774,-0.38696,0.88644,-6.74528,1.25370,2.33042,
4931648363587,-8.36376,14.95512,1.83934,-0.32342,0.05199,-0.43637,0.83802,-6.29160,0.45707,2.01674,
4931781019188,-9.13148,14.93527,2.07193,-0.41774,0.07571,-0.48732,0.76307,-5.21250,-0.76596,1.47464,
4931847365499,-9.44833,14.85599,2.16319,-0.47063,0.06206,-0.47872,0.73856,-4.51454,-1.36960,1.20771,
4931946953151,-9.85077,14.67562,2.27003,0.56294,-0.03056,0.46009,-0.68592,-3.75982,-1.97730,0.82975,
4932046432203,-10.17307,14.44534,2.33930,0.65065,0.02465,0.44981,-0.61133,-3.11876,-2.30886,0.39777,
4932146007750,-10.41622,14.16785,2.37521,0.73080,0.09449,0.42405,-0.52649,-2.42159,-2.89019,0.14572,
4932245568594,-10.60586,13.82691,2.38615,0.79944,0.12929,0.38471,-0.44292,-1.79496,-3.54709,0.01281,
4932345106623,-10.75351,13.43616,2.38050,0.84472,0.13310,0.35679,-0.37608,-1.25621,-4.13141,-0.12097,
4932444624571,-10.85213,12.99828,2.35735,0.87611,0.10253,0.33874,-0.32738,-0.73176,-4.53836,-0.32791,
4932544144571,-10.89386,12.53062,2.31497,0.89648,0.06408,0.31378,-0.30621,-0.19534,-4.78327,-0.57486,
4932643737987,-10.89010,12.04559,2.24589,0.90840,0.03126,0.28389,-0.30533,0.18349,-4.89119,-0.87962,
4932743294873,-10.85271,11.55520,2.14007,0.91033,-0.02581,0.28623,-0.29785,0.45694,-4.96608,-1.27221,
4932842705696,-10.77901,11.06318,1.99846,0.90446,-0.09561,0.30022,-0.28756,0.87150,-4.87969,-1.65169,
4932942220092,-10.66218,10.58453,1.82055,0.89679,-0.15020,0.30893,-0.27887,1.42265,-4.68864,-1.91681,
4933074978228,-10.39898,9.99128,1.56614,0.89122,-0.18281,0.31070,-0.27528,2.52602,-4.24447,-1.89448,
4933141326228,-10.20703,9.71906,1.44431,0.89230,-0.17679,0.30775,-0.27900,3.08835,-4.02261,-1.80554,
4933240970258,-9.85320,9.33482,1.27483,0.89454,-0.16967,0.30250,-0.28198,3.92777,-3.70779,-1.63001,
4933340443207,-9.42259,8.97809,1.12527,0.89667,-0.16428,0.30004,-0.28101,4.71473,-3.43750,-1.45324,
4933473111258,-8.73834,8.54899,0.93770,0.91623,-0.09641,0.28727,-0.26210,5.62322,-3.00511,-1.44317,
4933572629154,-8.15614,8.24697,0.80782,0.93706,-0.01308,0.26886,-0.22239,6.09300,-3.00924,-1.34592,
4933639020206,-7.74688,8.03434,0.73129,0.94408,0.02675,0.25909,-0.20217,6.36130,-3.15188,-1.22764,
4933738494154,-7.08909,7.70867,0.62527,0.94850,0.07876,0.23720,-0.19461,6.84041,-3.42351,-0.88621,
4933838013988,-6.38649,7.34920,0.55665,0.95230,0.10630,0.20901,-0.19530,7.23198,-3.81782,-0.43985,
4933937533259,-5.65487,6.94855,0.52992,0.95607,0.10105,0.19563,-0.19352,7.46756,-4.12520,-0.07770,
4934037059206,-4.90213,6.52229,0.53320,0.96283,0.07258,0.19863,-0.16803,7.69967,-4.34803,0.13909,
4934169786206,-3.86254,5.93716,0.56006,0.97857,-0.00902,0.19000,-0.07893,7.95212,-4.37744,0.18990,
4934236168259,-3.33202,5.64511,0.57068,0.98011,-0.06876,0.18473,-0.02301,8.07740,-4.30958,0.14603,
4934335610206,-2.51733,5.23150,0.59065,0.97003,-0.17133,0.16022,0.06342,8.30500,-3.89691,0.30782,
4934435128154,-1.68478,4.87980,0.63182,0.95112,-0.24453,0.12468,0.14156,8.39611,-3.09636,0.55618,
4934534647154,-0.85349,4.61402,0.69472,0.92936,-0.29265,0.10193,0.20065,8.26404,-2.19216,0.69553,
4934634166102,-0.03989,4.43402,0.75724,0.90953,-0.31402,0.10573,0.25096,8.07065,-1.42725,0.56875,
4934733725206,0.75307,4.32616,0.80174,0.89360,-0.31464,0.12251,0.29574,7.87640,-0.74710,0.28918,
4934833204258,1.52982,4.28330,0.81722,0.88403,-0.29142,0.13493,0.33965,7.74604,-0.11420,0.02701,
4934932658734,2.29548,4.30670,0.81504,0.87637,-0.25638,0.12276,0.38882,7.61963,0.58358,0.01075,
4935032216734,3.04748,4.39745,0.81967,0.86760,-0.22938,0.09301,0.43129,7.45044,1.22096,0.15848,
4935131617384,3.77616,4.54594,0.83736,0.85564,-0.21076,0.06436,0.46831,7.16150,1.72189,0.26511,
4935231136488,4.47619,4.73771,0.85897,0.82680,-0.21422,0.03737,0.51876,6.88023,2.07480,0.19876,
4935330573117,5.14977,4.96704,0.87020,0.75886,-0.27270,-0.03459,0.59040,6.55696,2.41836,0.06476,
4935430113661,5.76659,5.22648,0.87277,0.65715,-0.33972,-0.13187,0.65981,5.72890,2.74904,-0.06685,
4935529559453,6.28239,5.50796,0.85849,0.54918,-0.37363,-0.19799,0.72083,4.59467,2.90228,-0.23547,
4935629079504,6.68313,5.79486,0.81730,0.45931,-0.38360,-0.21102,0.77289,3.46332,2.81942,-0.54604,
4935728637348,6.97383,6.07019,0.75139,0.39117,-0.37980,-0.17636,0.81953,2.41277,2.72200,-0.76303,
4935828122557,7.16767,6.33695,0.67038,0.32320,-0.36550,-0.15090,0.85976,1.49133,2.66044,-0.91644,
4935927708348,7.28055,6.58862,0.57690,0.27361,-0.33032,-0.13348,0.89343,0.54644,2.53458,-0.93764,
4936027233348,7.30163,6.82508,0.48956,0.24428,-0.28009,-0.09425,0.92358,-0.29734,2.37006,-0.78261,
4936159849244,7.22015,7.12895,0.41186,0.23569,-0.20943,-0.02313,0.94871,-1.16159,2.28099,-0.36827,
4936226192348,7.15348,7.27621,0.39683,0.24724,-0.17267,0.05338,0.95195,-1.47074,2.28417,-0.10322,
4936325712453,7.00742,7.52548,0.40398,0.25069,-0.14049,0.12381,0.94978,-1.57699,2.77474,0.13800,
4936425367452,6.84171,7.81864,0.42944,0.23888,-0.14796,0.08958,0.95552,-1.72865,3.18177,0.30170,
4936524751556,6.65602,8.14266,0.46766,0.22766,-0.17096,0.00565,0.95860,-1.97550,3.37472,0.43002,
4936624271244,6.43044,8.46678,0.51166,0.22206,-0.18820,-0.06561,0.95445,-2.37364,3.23048,0.45225,
4936723829296,6.17587,8.77506,0.54458,0.22616,-0.19981,-0.08915,0.94920,-2.67133,3.06259,0.25554,
4936823347400,5.88866,9.06405,0.55816,0.23294,-0.21316,-0.09056,0.94451,-3.00229,2.89526,0.07700,
4936922866296,5.57063,9.34119,0.55649,0.23820,-0.22602,-0.08325,0.94088,-3.31431,2.78047,-0.10970,
4937022345349,5.22234,9.61290,0.53991,0.23505,-0.24030,-0.07576,0.93876,-3.72815,2.71393,-0.21738,
4937121905504,4.82743,9.87708,0.51732,0.22549,-0.23225,-0.06565,0.94388,-4.19710,2.58062,-0.26227,
4937221423453,4.39113,10.13140,0.49185,0.21335,-0.21871,-0.01045,0.95212,-4.60889,2.50284,-0.22088,
4937320941296,3.91917,10.38565,0.47027,0.19633,-0.20066,0.05345,0.95830,-4.88322,2.61473,-0.21844,
4937420421348,3.42384,10.65994,0.45020,0.19039,-0.19169,0.08705,0.95887,-5.04263,2.95770,-0.24591,
4937519940348,2.91148,10.96470,0.42648,0.18331,-0.19346,0.06836,0.96141,-5.24870,3.17318,-0.27531,
4937619589348,2.37800,11.28598,0.40046,0.18023,-0.19567,0.05166,0.96258,-5.46537,3.31044,-0.33392,
4937719057452,1.82397,11.62405,0.36264,0.17648,-0.19496,0.02031,0.96459,-5.69760,3.43351,-0.39767,
4937818507401,1.24710,11.97089,0.31922,0.16787,-0.18479,-0.02079,0.96811,-5.92595,3.43194,-0.50779,
4937918095661,0.64966,12.31011,0.25703,0.16316,-0.17942,-0.04287,0.96920,-6.10449,3.31551,-0.66862,
4938017540629,0.02772,12.63384,0.19650,0.16475,-0.16405,-0.04183,0.97170,-6.37567,3.22114,-0.54687,
4938117056452,-0.61665,12.94989,0.14929,0.16377,-0.14530,-0.04592,0.97466,-6.55791,3.10527,-0.42522,
4938216576453,-1.27514,13.25359,0.11032,0.15871,-0.14483,-0.04063,0.97580,-6.71168,2.98356,-0.38625,
4938316098348,-1.95226,13.54811,0.07437,0.14535,-0.13912,-0.03457,0.97894,-6.89191,2.90660,-0.32960,
4938415623348,-2.64643,13.83380,0.05036,0.12167,-0.12866,-0.04478,0.98318,-7.04714,2.82060,-0.17756,
4938515130349,-3.35530,14.10541,0.04304,0.09261,-0.11710,-0.05956,0.98700,-7.16743,2.63352,0.02159,
4938614597982,-4.07762,14.35857,0.05950,0.06125,-0.10714,-0.06017,0.99053,-7.30524,2.47722,0.29929,
4938747382617,-5.06048,14.66794,0.13265,-0.00411,-0.07178,-0.11782,0.99043,-7.42994,2.15403,0.75980,
4938813732607,-5.55380,14.79902,0.18893,-0.05292,-0.04883,-0.15924,0.98461,-7.37549,1.84717,0.93004,
4938913151565,-6.27943,14.95636,0.29423,-0.12281,-0.01791,-0.21162,0.96944,-7.20864,1.28425,1.17423,
4939045841200,-7.21238,15.07216,0.47367,-0.20979,0.02828,-0.27489,0.93788,-6.78911,0.38836,1.46258,
4939112227408,-7.64955,15.08172,0.57666,-0.25062,0.04846,-0.29629,0.92035,-6.42207,-0.12776,1.55244,
4939211708825,-8.25675,15.02870,0.73772,-0.30440,0.06675,-0.29979,0.90167,-5.84777,-0.87708,1.70689,
4939311228492,-8.80064,14.90533,0.91604,-0.34742,0.09363,-0.30439,0.88197,-5.19980,-1.52381,1.84444,
4939410784356,-9.27365,14.71455,1.10384,-0.39009,0.11500,-0.31511,0.85750,-4.44310,-2.11279,1.83162,
4939510383592,-9.67407,14.48759,1.27225,-0.46838,0.10303,-0.31518,0.81894,-3.78182,-2.49639,1.42274,
4939609885695,-10.02359,14.23426,1.39666,0.58983,-0.11405,0.34164,-0.72276,-3.40451,-2.64515,0.96989,
4939709427475,-10.34468,13.96746,1.46537,0.69820,-0.15339,0.39477,-0.57718,-3.02994,-2.68565,0.35842,
4939809037788,-10.62213,13.69780,1.46932,0.77602,-0.16439,0.42056,-0.44033,-2.50238,-2.66096,-0.25492,
4939908594172,-10.83802,13.43202,1.41829,0.82818,-0.14133,0.42329,-0.33907,-1.85637,-2.62217,-0.72775,
4940008085442,-10.99278,13.17048,1.32683,0.85719,-0.11265,0.42609,-0.26642,-1.12042,-2.59837,-1.10734,
4940140911943,-11.06561,12.82141,1.15564,0.88516,-0.06597,0.39866,-0.23068,0.07644,-2.64835,-1.39353,
4940240473078,-11.01437,12.55407,1.01285,0.89778,-0.04864,0.37138,-0.23173,0.90355,-2.76647,-1.48186,
4940306716786,-10.94014,12.37045,0.91652,0.90508,-0.04896,0.34489,-0.24388,1.49252,-2.81998,-1.44975,
4940439420630,-10.66689,11.99623,0.73916,0.91856,-0.02014,0.26752,-0.29029,2.47214,-2.87798,-1.21083,
4940505801630,-10.48455,11.80464,0.66489,0.92054,0.00532,0.23310,-0.31345,2.84736,-2.97761,-1.01659,
4940605285786,-10.17612,11.50434,0.57860,0.91945,0.04533,0.18412,-0.34446,3.23238,-3.12478,-0.75960,
4940704762890,-9.84165,11.18340,0.51083,0.91329,0.09661,0.14392,-0.36858,3.39376,-3.37423,-0.60531,
4940804280734,-9.50047,10.83764,0.45140,0.90913,0.11774,0.12891,-0.37816,3.39162,-3.65542,-0.59823,
4940903873943,-9.15809,10.46582,0.38360,0.90629,0.12323,0.12891,-0.38318,3.43841,-3.89789,-0.67064,
4941003367255,-8.81137,10.07079,0.30951,0.90547,0.11772,0.13053,-0.38630,3.48065,-4.14688,-0.72467,
4941102838838,-8.45137,9.65485,0.23726,0.90464,0.11568,0.12811,-0.38966,3.57454,-4.39450,-0.65703,
4941202373630,-8.08964,9.21088,0.17505,0.90660,0.11265,0.12200,-0.38794,3.63895,-4.59193,-0.60097,
4941301875891,-7.72051,8.74997,0.12418,0.92211,0.08535,0.11631,-0.35904,3.67046,-4.82546,-0.48974,
4941401436734,-7.34990,8.26605,0.08902,0.94077,0.03702,0.11463,-0.31692,3.76202,-4.92973,-0.25603,
4941500915943,-6.96964,7.77651,0.08113,0.95468,0.00338,0.11602,-0.27408,3.91986,-4.88561,0.02509,
4941600435630,-6.57300,7.29193,0.10185,0.96513,0.00551,0.11591,-0.23463,4.09496,-4.81580,0.33085,
4941700036151,-6.16058,6.80829,0.15211,0.97312,-0.01537,0.11895,-0.19662,4.23483,-4.82822,0.62348,
4941799556994,-5.72643,6.33760,0.22780,0.97808,-0.04931,0.12076,-0.16228,4.43254,-4.66766,0.92153,
4941899029734,-5.27403,5.88730,0.33097,0.98153,-0.08087,0.12405,-0.12112,4.63424,-4.43151,1.19760,
4941998509682,-4.79881,5.46308,0.46072,0.98063,-0.13174,0.12159,-0.07888,4.83249,-4.11782,1.41490,
4942098068682,-4.31046,5.07546,0.60491,0.97412,-0.18627,0.12088,-0.04212,4.97843,-3.69972,1.41591,
4942197546734,-3.80760,4.73349,0.74356,0.96340,-0.23835,0.12247,-0.00691,5.11514,-3.21292,1.32956,
4942297066943,-3.29069,4.45191,0.87098,0.95876,-0.25428,0.12558,0.01858,5.22422,-2.49294,1.22909,
4942396584682,-2.76252,4.24032,0.99139,0.96288,-0.22794,0.13505,0.05159,5.33568,-1.81829,1.19761,
4942496147682,-2.22115,4.08343,1.11000,0.96078,-0.21062,0.14787,0.10334,5.46963,-1.37358,1.20658,
4942595710047,-1.66436,3.97225,1.22404,0.95174,-0.21684,0.15636,0.15074,5.60238,-0.88762,1.10727,
4942695231838,-1.10350,3.91783,1.32691,0.94803,-0.19717,0.16866,0.18416,5.65023,-0.40431,0.91091,
4942794688839,-0.53615,3.91035,1.40654,0.95157,-0.13986,0.18443,0.20235,5.75264,-0.01752,0.67372,
4942894180735,0.04715,3.92675,1.46128,0.95433,-0.07476,0.19808,0.21080,5.91371,0.18960,0.46972,
4943026872838,0.85187,3.95785,1.49484,0.95182,-0.05989,0.19581,0.22827,6.15808,0.22701,0.06133,
4943093316255,1.26703,3.97952,1.48847,0.94705,-0.08850,0.18277,0.24872,6.28875,0.31228,-0.11206,
4943192741994,1.90065,4.02486,1.46956,0.93401,-0.14970,0.14551,0.28990,6.39953,0.61820,-0.18047,
4943325420463,2.74580,4.14578,1.44211,0.90252,-0.22918,0.08626,0.35425,6.29708,1.20500,-0.22695,
4943391771620,3.15751,4.24245,1.42585,0.87844,-0.27003,0.05617,0.39023,6.12517,1.57261,-0.24770,
4943491239775,3.74689,4.43616,1.39616,0.83299,-0.32243,0.01779,0.44928,5.70023,2.17934,-0.32229,
4943590827567,4.28508,4.69193,1.35980,0.78038,-0.34654,-0.01872,0.52016,5.11174,2.80771,-0.39551,
4943690209900,4.76200,4.99867,1.31811,0.72075,-0.35246,-0.05502,0.59436,4.42920,3.29568,-0.50182,
4943789730952,5.16909,5.34248,1.26582,0.65243,-0.35656,-0.08570,0.66322,3.65011,3.65735,-0.59958,
4943889190144,5.50402,5.71281,1.20855,0.57407,-0.35058,-0.12452,0.72941,2.83778,3.89512,-0.68343,
4943988792144,5.76367,6.10102,1.14176,0.48838,-0.35491,-0.16911,0.77905,2.11327,3.94074,-0.86101,
4944088269248,5.94075,6.48913,1.05258,0.41199,-0.34489,-0.18851,0.82206,1.09192,3.84489,-1.06726,
4944187787196,6.02219,6.86414,0.94735,0.33142,-0.30469,-0.19542,0.87129,0.27241,3.63254,-1.14925,
4944287266092,6.02520,7.21004,0.82936,0.25803,-0.28606,-0.18914,0.90323,-0.42409,3.28195,-1.22810,
4944386903092,5.95415,7.52207,0.70903,0.19568,-0.27055,-0.15913,0.92908,-1.17817,2.94261,-1.14983,
4944486302092,5.81131,7.80269,0.60371,0.13764,-0.25236,-0.13759,0.94786,-1.80563,2.66595,-0.97831,
4944585915248,5.61199,8.05701,0.51587,0.10837,-0.23621,-0.10528,0.95988,-2.42237,2.34563,-0.78473,
4944685382145,5.35051,8.28131,0.44889,0.12100,-0.22121,-0.02489,0.96737,-2.97320,2.13138,-0.55073,
4944784861092,5.03647,8.50351,0.40821,0.13851,-0.20469,0.04061,0.96813,-3.43373,2.31527,-0.27631,
4944884385664,4.68191,8.75060,0.39359,0.14293,-0.20128,0.03554,0.96840,-3.82470,2.51202,-0.01500,
4944983898144,4.28599,9.00929,0.40266,0.15012,-0.20332,0.02766,0.96714,-4.21228,2.61006,0.18064,
4945083458092,3.85824,9.28354,0.41905,0.15273,-0.20903,0.00384,0.96590,-4.48841,2.73517,0.13858,
4945182939197,3.39942,9.56088,0.42824,0.14952,-0.21894,-0.04365,0.96322,-4.81506,2.71471,0.07259,
4945282457248,2.90716,9.82961,0.42767,0.14636,-0.22650,-0.08526,0.95917,-5.14657,2.57745,-0.02012,
4945381975560,2.37652,10.07583,0.41950,0.14971,-0.22820,-0.09383,0.95745,-5.54407,2.32178,-0.06895,
4945481540457,1.80642,10.30313,0.40900,0.15788,-0.22298,-0.07293,0.95918,-5.90768,2.17082,-0.11357,
4945581053300,1.20705,10.52350,0.39045,0.16856,-0.21764,-0.03517,0.96072,-6.17197,2.09544,-0.23161,
4945680622092,0.58335,10.73906,0.36220,0.17431,-0.22433,-0.00827,0.95876,-6.38975,2.16433,-0.34197,
4945813223092,-0.29088,11.04164,0.31025,0.17414,-0.22855,-0.00969,0.95778,-6.85101,2.20411,-0.38604,
4945879570092,-0.75236,11.19427,0.28374,0.18162,-0.21874,0.02035,0.95852,-7.09028,2.19183,-0.32663,
4946012261092,-1.71756,11.50804,0.24545,0.18964,-0.19547,0.08946,0.95803,-7.44732,2.51260,-0.15077,
4946078609144,-2.21814,11.68455,0.23571,0.18646,-0.17750,0.08678,0.96239,-7.60099,2.77211,0.00252,
4946178126196,-2.98423,11.97142,0.24306,0.17681,-0.15315,0.06268,0.97023,-7.75898,3.00318,0.24079,
4946277646508,-3.76247,12.27367,0.27473,0.15993,-0.14180,0.04587,0.97581,-7.86392,3.08945,0.42802,
4946377250196,-4.55119,12.59091,0.32566,0.13379,-0.13289,0.02639,0.98171,-7.99241,3.20183,0.60090,
4946476677357,-5.35010,12.91511,0.39495,0.09801,-0.11505,-0.01635,0.98838,-8.10040,3.19680,0.76917,
4946576172431,-6.15724,13.23217,0.47920,0.05579,-0.09453,-0.07378,0.99122,-8.15535,3.06114,0.92812,
4946675605275,-6.96756,13.52336,0.58383,0.00255,-0.06556,-0.15357,0.98596,-8.16934,2.70529,1.19493,
4946775195379,-7.77629,13.76463,0.71830,-0.05594,-0.02877,-0.23846,0.96911,-8.08293,2.06856,1.44296,
4946874643275,-8.56710,13.93224,0.87315,-0.11963,0.01639,-0.30645,0.94420,-7.82927,1.22946,1.61436,
4946974165275,-9.32094,14.01409,1.03557,-0.18905,0.05337,-0.35520,0.91391,-7.33697,0.28768,1.64934,
4947073721275,-10.01947,13.99826,1.20347,-0.26710,0.09120,-0.38889,0.87699,-6.66410,-0.68614,1.66430,
4947173200275,-10.63764,13.89484,1.36110,-0.34203,0.10075,-0.38839,0.84972,-5.84550,-1.51123,1.46257,
4947272759483,-11.18214,13.72445,1.49575,-0.42107,0.08434,-0.35844,0.82892,-5.14974,-2.10024,1.28561,
4947372306595,-11.66316,13.50044,1.61933,-0.49609,0.08097,-0.34858,0.79110,-4.54310,-2.59244,1.21146,
4947471888262,-12.07432,13.22001,1.73739,0.56199,-0.09295,0.35837,-0.73966,-3.84805,-3.03611,1.09330,
4947571409314,-12.41556,12.90352,1.83855,0.62795,-0.09126,0.35759,-0.68519,-3.00805,-3.45164,0.96733,
4947671005119,-12.67508,12.55309,1.93184,0.69637,-0.08847,0.34130,-0.62510,-2.20676,-3.77010,0.92674,
4947770523119,-12.87077,12.17371,2.02152,0.75886,-0.09851,0.33148,-0.55186,-1.44939,-3.99584,0.86798,
4947870115245,-12.98618,11.77767,2.09830,0.81668,-0.10815,0.31832,-0.46904,-0.79648,-4.06586,0.69795,
4947969717296,-13.03666,11.37724,2.15308,0.85280,-0.13452,0.31461,-0.39453,-0.28367,-4.07678,0.45035,
4948069153244,-13.03506,10.98243,2.17767,0.87100,-0.16601,0.31995,-0.33382,0.21659,-3.93014,0.03247,
4948168671557,-12.97694,10.61287,2.15483,0.88776,-0.13895,0.32370,-0.29629,0.73120,-3.68238,-0.45159,
4948268191380,-12.87026,10.25534,2.08846,0.90440,-0.07367,0.31308,-0.28037,1.18355,-3.65186,-0.87432,
4948367712317,-12.72804,9.89399,1.98505,0.91522,-0.02053,0.29622,-0.27242,1.57274,-3.66485,-1.21918,
4948467227400,-12.55297,9.52639,1.84576,0.92176,0.00428,0.28768,-0.25997,1.87950,-3.81292,-1.54320,
4948566747140,-12.33709,9.14835,1.67609,0.92830,-0.02537,0.28568,-0.23665,2.27741,-3.88857,-1.83399,
4948666309192,-12.07780,8.77401,1.48077,0.93085,-0.04543,0.28641,-0.22231,2.71029,-3.79363,-2.09842,
4948765784192,-11.77199,8.40907,1.26429,0.93248,-0.02510,0.27952,-0.22743,3.24434,-3.71253,-2.21283,
4948865304817,-11.41397,8.04801,1.04304,0.93280,0.03709,0.25915,-0.24768,3.72190,-3.76399,-2.20415,
4948964953244,-11.01361,7.67211,0.82292,0.93072,0.08181,0.24252,-0.26124,4.08694,-4.05905,-2.11633,
4949064395995,-10.58504,7.25768,0.61548,0.93687,0.05699,0.23489,-0.25270,4.45444,-4.38119,-1.98138,
4949163914827,-10.11489,6.81974,0.42921,0.94676,-0.00516,0.22605,-0.22916,4.88505,-4.51069,-1.71605,
4949263470359,-9.60189,6.37313,0.27640,0.95213,-0.06777,0.21546,-0.20598,5.36178,-4.46333,-1.36336,
4949362952942,-9.04134,5.94661,0.15868,0.95524,-0.10437,0.20306,-0.18814,5.87084,-4.10835,-1.00242,
4949462470994,-8.42866,5.55939,0.08070,0.96301,-0.07608,0.18257,-0.18302,6.35591,-3.76615,-0.54277,
4949562044046,-7.77540,5.19722,0.05044,0.97218,-0.02973,0.15892,-0.16951,6.67797,-3.63572,-0.06586,
4949661510942,-7.10189,4.83790,0.06240,0.98016,-0.03126,0.14870,-0.12730,6.87656,-3.55275,0.30466,
4949761028098,-6.40842,4.48669,0.10950,0.98536,-0.04839,0.14637,-0.07283,7.07638,-3.45655,0.64215,
4949860637942,-5.69611,4.14992,0.18962,0.98649,-0.07936,0.14209,-0.01849,7.25014,-3.26934,0.92327,
4949960159942,-4.96912,3.83287,0.29121,0.97969,-0.14472,0.13431,0.03496,7.39204,-2.98830,1.06322,
4950059621942,-4.23116,3.56009,0.40193,0.96911,-0.19610,0.12673,0.07938,7.46760,-2.48686,1.11137,
4950159106942,-3.48354,3.34568,0.51756,0.95981,-0.23284,0.11387,0.10759,7.49788,-1.89602,1.15964,
4950258704942,-2.73911,3.19600,0.63449,0.96168,-0.21833,0.11772,0.11679,7.47056,-1.19351,1.17695,
4950358141890,-1.99671,3.10720,0.75288,0.97134,-0.16065,0.12541,0.12231,7.47357,-0.69786,1.18423,
4950457661890,-1.25344,3.05476,0.87089,0.97305,-0.12537,0.13155,0.14198,7.49768,-0.45596,1.12039,
4950557180942,-0.50646,3.02276,0.97676,0.96632,-0.13365,0.12734,0.17929,7.53903,-0.24617,0.97877,
4950689821968,0.49539,3.01964,1.09838,0.93905,-0.20664,0.09235,0.25876,7.49089,0.19282,0.85643,
4950756166968,0.98946,3.04911,1.15489,0.91582,-0.24954,0.07320,0.30602,7.37700,0.49978,0.78570,
4950855708228,1.71415,3.13402,1.23011,0.86880,-0.31429,0.03916,0.38062,7.09352,1.13157,0.73163,
4950955153221,2.39662,3.28834,1.30123,0.82025,-0.34614,0.00087,0.45539,6.56805,1.87591,0.69769,
4951054672429,3.01465,3.51418,1.36536,0.77322,-0.34785,-0.02841,0.52945,5.91227,2.43308,0.55639,
4951154197735,3.57600,3.78061,1.40942,0.71746,-0.35098,-0.06019,0.59870,5.37138,2.81332,0.32645,
4951253642193,4.06921,4.08537,1.43286,0.65245,-0.35347,-0.10557,0.66198,4.61664,3.18399,0.14863,
4951353139717,4.48461,4.41366,1.44143,0.58087,-0.35774,-0.15945,0.71357,3.80313,3.35710,-0.06051,
4951452620029,4.81224,4.75425,1.42309,0.50493,-0.36505,-0.21198,0.75289,2.87933,3.40614,-0.31236,
4951552152925,5.04279,5.09169,1.37183,0.43715,-0.36777,-0.23733,0.78570,1.85132,3.23781,-0.67182,
4951651654133,5.16691,5.41043,1.29048,0.38475,-0.35333,-0.21213,0.82591,0.82093,3.05722,-0.86984,
4951751173873,5.19517,5.71038,1.19354,0.31825,-0.33500,-0.20016,0.86396,-0.09997,2.85538,-0.96863,
4951850824821,5.16576,5.98566,1.09155,0.25684,-0.31467,-0.18740,0.89437,-0.96171,2.53940,-0.98925,
4951950211926,5.05070,6.22680,0.99591,0.20861,-0.28641,-0.14528,0.92377,-1.72004,2.24006,-0.91808,
4952049730717,4.86248,6.44808,0.90930,0.16361,-0.26329,-0.11313,0.94399,-2.28602,2.07937,-0.86409,
4952149250769,4.61621,6.65384,0.82248,0.13602,-0.24279,-0.08215,0.95698,-2.81534,1.89839,-0.82151,
4952248767717,4.31884,6.84391,0.74590,0.12647,-0.22220,-0.02626,0.96641,-3.28153,1.82590,-0.72688,
4952348329769,3.97882,7.03387,0.67899,0.12228,-0.20267,0.02054,0.97136,-3.65000,1.90169,-0.59863,
4952447846873,3.60626,7.23973,0.62205,0.11965,-0.19645,0.02517,0.97286,-3.93312,2.09111,-0.52532,
4952547326133,3.20968,7.46275,0.56964,0.11870,-0.19855,0.00449,0.97287,-4.25336,2.15921,-0.45125,
4952646846499,2.77681,7.68370,0.52388,0.12359,-0.19868,-0.00121,0.97224,-4.59681,2.12845,-0.40029,
4952746364665,2.30487,7.89857,0.48232,0.12890,-0.19883,0.00006,0.97152,-4.90425,2.17060,-0.38609,
4952846017717,1.80237,8.11451,0.44232,0.13488,-0.19589,0.00899,0.97126,-5.21113,2.11923,-0.37670,
4952945402769,1.27053,8.32862,0.40430,0.15095,-0.18212,0.07355,0.96883,-5.46391,2.22437,-0.33458,
4953044923030,0.71932,8.56616,0.37284,0.15187,-0.17824,0.07918,0.96897,-5.62643,2.51455,-0.30001,
4953144443769,0.15010,8.83053,0.34609,0.14640,-0.18241,0.05264,0.97084,-5.84123,2.67026,-0.20045,
4953277131769,-0.64757,9.20063,0.33143,0.14411,-0.18392,0.02996,0.97186,-6.20254,2.78023,0.01603,
4953343477717,-1.06181,9.39437,0.33381,0.14396,-0.18414,0.02614,0.97195,-6.35529,2.85181,0.07680,
4953442996769,-1.70675,9.68127,0.34370,0.14280,-0.18120,0.01450,0.97292,-6.63026,2.91921,0.17181,
4953575691030,-2.60385,10.06716,0.37250,0.14016,-0.16918,0.00577,0.97555,-6.86193,2.86668,0.26030,
4953642076134,-3.06113,10.26275,0.38510,0.13583,-0.17170,0.00558,0.97572,-6.97432,2.89941,0.22110,
4953741633977,-3.76472,10.55452,0.40369,0.12093,-0.16805,-0.01215,0.97826,-7.17829,2.87737,0.21672,
4953874255009,-4.73230,10.93055,0.44281,0.09140,-0.14698,-0.01537,0.98479,-7.44814,2.75733,0.42301,
4953940594717,-5.22826,11.11564,0.47768,0.07144,-0.12840,-0.02419,0.98885,-7.56596,2.72371,0.66043,
4954040110769,-5.98858,11.38372,0.55679,0.03429,-0.08694,-0.06511,0.99349,-7.67176,2.59035,1.00496,
4954139566759,-6.75178,11.62431,0.66825,-0.00675,-0.05311,-0.10262,0.99328,-7.60295,2.24776,1.26832,
4954239130603,-7.49936,11.83785,0.80114,-0.05106,-0.03267,-0.12740,0.99000,-7.49341,1.91449,1.45210,
4954338603603,-8.23632,12.01503,0.94901,-0.09994,-0.00320,-0.17229,0.97996,-7.34487,1.57422,1.53857,
4954438160707,-8.95150,12.15258,1.10598,-0.14919,0.02968,-0.23148,0.96087,-7.06681,1.10475,1.54800,
4954571149655,-9.85150,12.25029,1.31246,-0.21788,0.06114,-0.29144,0.92944,-6.53069,0.25048,1.58704,
4954637205707,-10.26754,12.25550,1.41629,-0.25486,0.08468,-0.31805,0.90924,-6.14760,-0.23066,1.59720,
4954736718759,-10.84276,12.20198,1.56644,-0.31296,0.10177,-0.34182,0.88026,-5.43694,-0.91501,1.44167,
4954836197603,-11.35074,12.09140,1.69816,-0.38763,0.07795,-0.33122,0.85672,-4.80858,-1.47525,1.26268,
4954935840096,-11.80290,11.93052,1.81780,-0.46333,0.05312,-0.31683,0.82591,-4.24731,-1.97475,1.18098,
4955035285784,-12.21018,11.72712,1.93291,0.53281,-0.04365,0.30739,-0.78722,-3.74089,-2.41204,1.15700,
4955134872182,-12.55937,11.48023,2.04337,0.58766,-0.04169,0.30260,-0.74923,-3.17543,-2.80883,1.10862,
4955234468183,-12.86181,11.19277,2.14689,0.63335,-0.06865,0.31595,-0.70308,-2.75006,-3.15784,1.00524,
4955333988984,-13.12484,10.87586,2.23186,0.67288,-0.12943,0.34996,-0.63876,-2.21078,-3.35789,0.70744,
4955433545036,-13.31518,10.54472,2.27600,0.70455,-0.15938,0.37908,-0.57837,-1.48102,-3.41606,0.24895,
4955566281816,-13.45045,10.08592,2.27433,0.75872,-0.12176,0.38085,-0.51427,-0.44762,-3.59706,-0.17498,
4955632625816,-13.48335,9.84785,2.25721,0.79005,-0.11314,0.37139,-0.47444,0.02608,-3.69765,-0.33936,
4955732225516,-13.45935,9.48180,2.21087,0.84158,-0.10232,0.33714,-0.40940,0.78174,-3.71249,-0.47540,
4955831725974,-13.37112,9.11426,2.15482,0.88379,-0.08224,0.29805,-0.35118,1.33834,-3.70761,-0.58159,
4955931244620,-13.21897,8.74432,2.08709,0.91176,-0.06447,0.26125,-0.31031,1.83126,-3.74252,-0.70338,
4956030762516,-13.02100,8.37274,2.00985,0.92929,-0.05228,0.22742,-0.28630,2.22123,-3.70614,-0.82352,
4956130281568,-12.78410,8.00880,1.92249,0.93847,-0.01820,0.20462,-0.27761,2.56969,-3.66198,-0.91860,
4956229801673,-12.51248,7.64261,1.82678,0.94270,0.01104,0.19214,-0.27255,2.83680,-3.77866,-0.98772,
4956329330620,-12.21505,7.26541,1.72150,0.94887,-0.00395,0.18235,-0.25766,3.09775,-3.82094,-1.10487,
4956428944984,-11.89554,6.88551,1.60351,0.95471,-0.02970,0.17353,-0.23985,3.32869,-3.82912,-1.20447,
4956528356568,-11.55544,6.50900,1.47782,0.95866,-0.06311,0.16867,-0.22032,3.58930,-3.69425,-1.24175,
4956627984464,-11.18326,6.15304,1.35217,0.96248,-0.06350,0.16862,-0.20288,3.87529,-3.52572,-1.20754,
4956727394516,-10.78001,5.81408,1.23562,0.96645,-0.05789,0.16876,-0.18476,4.17006,-3.40336,-1.12865,
4956826992568,-10.34895,5.48313,1.12699,0.97014,-0.05602,0.16761,-0.16611,4.45481,-3.29589,-1.03824,
4956926472672,-9.89010,5.16201,1.03150,0.97341,-0.05115,0.16570,-0.14967,4.76145,-3.14511,-0.91411,
4957025951932,-9.40320,4.84949,0.94787,0.97735,-0.03262,0.15544,-0.13985,5.02378,-3.08314,-0.80432,
4957125471620,-8.89460,4.53766,0.87323,0.98026,-0.02684,0.14381,-0.13301,5.23795,-3.04927,-0.70955,
4957225030881,-8.36665,4.24163,0.80548,0.98237,-0.03455,0.14093,-0.11787,5.41545,-2.90653,-0.56370,
4957324509516,-7.81661,3.96068,0.75897,0.98528,-0.03922,0.13514,-0.09712,5.64407,-2.80172,-0.32955,
4957457203600,-7.05064,3.60215,0.73140,0.98935,-0.05358,0.12294,-0.05650,5.89663,-2.61875,-0.07947,
4957523586828,-6.65494,3.43524,0.72701,0.99130,-0.06872,0.10908,-0.02636,6.01071,-2.51771,0.03307,
4957656225564,-5.85225,3.12119,0.73958,0.99014,-0.11460,0.07375,0.03231,6.08101,-2.18798,0.19637,
4957722528532,-5.44902,2.98167,0.75137,0.98680,-0.13841,0.05835,0.06050,6.08892,-1.96179,0.25895,
4957822049459,-4.84896,2.80988,0.77951,0.98103,-0.15499,0.04723,0.10641,5.97939,-1.50784,0.30133,
4957921567376,-4.25978,2.68174,0.80971,0.97717,-0.13244,0.05475,0.15682,5.89310,-1.11262,0.32812,
4958021084324,-3.67503,2.58077,0.84227,0.96579,-0.13423,0.04921,0.21638,5.86265,-0.88818,0.33678,
4958120554012,-3.09509,2.50545,0.87624,0.94368,-0.17566,0.01865,0.27977,5.74787,-0.54587,0.36508,
4958253292012,-2.35508,2.46884,0.92470,0.90443,-0.22586,-0.02724,0.36090,5.38312,0.00590,0.34315,
4958319590856,-2.00797,2.47812,0.94704,0.88112,-0.24667,-0.04701,0.40072,5.11552,0.29877,0.32161,
4958419085216,-1.52179,2.53703,0.97458,0.84592,-0.25856,-0.07271,0.46074,4.63312,0.79995,0.24937,
4958551736205,-0.96215,2.67849,1.00626,0.79086,-0.24272,-0.09076,0.55443,3.86373,1.25909,0.17417,
4958618002638,-0.72298,2.76964,1.02150,0.75535,-0.23240,-0.09650,0.60508,3.47862,1.43117,0.16643,
4958750692805,-0.32020,2.97926,1.04453,0.66562,-0.20399,-0.11945,0.70786,2.71628,1.57920,0.12291,
4958817065671,-0.15878,3.08499,1.05409,0.61600,-0.19426,-0.12280,0.75348,2.37149,1.55272,0.09337,
4958916558670,0.04551,3.23903,1.06905,0.53476,-0.18923,-0.13108,0.81304,1.87785,1.51511,0.07813,
4959016101618,0.20122,3.38771,1.07513,0.44693,-0.18746,-0.13946,0.86352,1.38123,1.40622,0.01349,
4959148817670,0.33366,3.56535,1.07609,0.32065,-0.17975,-0.14938,0.91791,0.74008,1.16512,-0.00290,
4959215069618,0.35968,3.64083,1.07493,0.25244,-0.16628,-0.15421,0.94066,0.42590,0.98016,-0.01144,
4959314576670,0.36496,3.72671,1.07037,0.14292,-0.13553,-0.15016,0.96884,0.09331,0.67868,-0.05364,
4959414119399,0.34962,3.77929,1.07000,0.02912,-0.11060,-0.14014,0.98350,-0.09399,0.39579,-0.05426,
4959513667595,0.32244,3.80525,1.06956,-0.08690,-0.08689,-0.12970,0.98391,-0.24557,0.12305,-0.02108,
4959613185543,0.28821,3.80410,1.07512,-0.20244,-0.05638,-0.11859,0.97045,-0.29013,-0.13773,0.01147,
4959712705543,0.25780,3.78376,1.07974,-0.31413,-0.03201,-0.11888,0.94136,-0.26754,-0.31826,0.00545,
4959812265168,0.22045,3.75304,1.08130,-0.42060,-0.00511,-0.12619,0.89841,-0.20185,-0.48596,-0.04795,
4959911742491,0.19466,3.70269,1.07487,0.51778,-0.01375,0.13482,-0.84471,-0.06133,-0.64083,-0.08534,
4960011262543,0.18258,3.63165,1.06347,0.60458,-0.02985,0.14267,-0.78309,0.11256,-0.79659,-0.09803,
4960110781751,0.19071,3.54697,1.05079,0.67945,-0.04234,0.14741,-0.71752,0.32121,-0.88968,-0.15611,
4960210300595,0.22590,3.45476,1.03645,0.74274,-0.04641,0.14426,-0.65220,0.58926,-0.99428,-0.15324,
4960309819543,0.29236,3.35638,1.02354,0.80197,-0.05119,0.12765,-0.58131,0.81709,-1.02163,-0.14874,
4960409340699,0.37190,3.25376,1.00865,0.85192,-0.05643,0.12075,-0.50642,1.00676,-1.04039,-0.13919,
4960508858647,0.47101,3.14862,0.99509,0.89400,-0.07529,0.11108,-0.42750,1.20690,-1.02147,-0.15604,
4960608377491,0.58827,3.05013,0.97642,0.92598,-0.08948,0.10121,-0.35257,1.38197,-0.93932,-0.20373,
4960707998168,0.71651,2.95870,0.95359,0.94574,-0.08912,0.09527,-0.29758,1.55167,-0.84087,-0.22391,
4960807464349,0.86736,2.87829,0.93171,0.96180,-0.09097,0.07879,-0.24587,1.75030,-0.70732,-0.20092,
4960906984349,1.03437,2.80814,0.90751,0.97438,-0.09630,0.05574,-0.19547,1.85666,-0.57094,-0.20865,
4961006554687,1.20870,2.74941,0.88043,0.98300,-0.10648,0.03846,-0.14458,1.91660,-0.43549,-0.26324,
4961106115562,1.38365,2.70177,0.84796,0.98822,-0.11985,0.02561,-0.09170,1.94586,-0.23869,-0.36432,
4961205709530,1.56431,2.67993,0.80861,0.99171,-0.12217,0.01424,-0.03712,1.94994,-0.00621,-0.46741,
4961305110854,1.74829,2.67858,0.75908,0.99223,-0.12352,0.00231,0.01478,1.92482,0.17012,-0.61136,
4961437886906,1.99815,2.71698,0.66297,0.98814,-0.13223,-0.00547,0.07791,1.87321,0.45734,-0.79664,
4961537372541,2.18113,2.77785,0.58088,0.98354,-0.13057,-0.01179,0.12433,1.81495,0.68033,-0.89721,
4961603669645,2.29798,2.82958,0.51799,0.98107,-0.11820,-0.01495,0.15267,1.74468,0.85075,-0.97059,
4961703279645,2.46650,2.92050,0.41537,0.97746,-0.08635,-0.01256,0.19225,1.70055,0.99228,-1.04921,
4961835877906,2.68161,3.06318,0.27613,0.97064,-0.04198,-0.01306,0.23650,1.60155,1.10410,-1.06937,
4961902357697,2.78271,3.14184,0.21009,0.96703,-0.00982,-0.01092,0.25425,1.57502,1.11017,-1.01128,
4962001838218,2.91992,3.23463,0.19090,0.96336,-0.01348,0.01213,0.26761,1.36462,0.84093,0.95182,
4962101265958,3.03819,3.32015,0.26621,0.95883,-0.00245,-0.01095,0.28375,1.30429,0.77902,0.57784,
4962233958520,3.19163,3.42684,0.28192,0.94785,-0.00749,-0.00750,0.31855,1.21380,0.76719,-0.46032,
4962333550343,3.29350,3.51468,0.19573,0.92777,-0.01065,-0.00622,0.37294,1.16119,0.80719,-1.34725,
4962432991541,3.37240,3.60759,0.09672,0.91404,-0.01667,-0.00638,0.40524,0.72678,0.98134,-0.51794,
4962499338593,3.41052,3.67361,0.04690,0.91031,-0.02340,-0.00487,0.41324,0.76102,0.92931,-0.92741,
4962598844186,3.47087,3.76842,-0.09748,0.90879,-0.01647,-0.00520,0.41689,0.70073,0.91863,-1.89315,
4962698320925,3.52743,3.85515,-0.29385,0.90498,-0.01090,0.01964,0.42487,0.49442,0.71033,-1.05715,
4962797840925,3.58902,3.91853,-0.38601,0.90753,-0.00881,-0.02926,0.41888,0.58360,0.62712,-1.27990,
4962897359925,3.63738,3.97388,-0.55102,0.91090,-0.00394,0.02304,0.41197,0.64237,0.60730,-1.29730,
4962996878029,3.69339,4.03148,-0.67727,0.91063,-0.01286,0.00157,0.41301,0.54727,0.57288,-1.31785,
4963096396134,3.73120,4.09391,-0.80981,0.91192,-0.00884,0.00191,0.41026,0.40902,0.63905,-1.35692,
4963195913873,3.77370,4.15669,-0.94271,0.91239,-0.00953,0.00174,0.40920,0.37706,0.66836,-1.36036,
4963295434925,3.81558,4.22048,-1.07713,0.91256,-0.00999,0.00139,0.40882,0.40739,0.65774,-1.35182,
4963428171873,3.87396,4.30747,-1.25642,0.91243,-0.00965,0.00176,0.40911,0.42558,0.65871,-1.35468,
4963494472186,3.90328,4.35108,-1.34621,0.91232,-0.00933,0.00176,0.40938,0.45544,0.65049,-1.35706,
4963593991081,3.94830,4.41637,-1.48122,0.91227,-0.00918,0.00198,0.40947,0.46071,0.66107,-1.35673,
4963693510134,3.99434,4.48153,-1.61638,0.91235,-0.00944,0.00204,0.40930,0.46158,0.66304,-1.35331,
4963793028977,4.04145,4.54682,-1.75150,0.91236,-0.00961,0.00206,0.40927,0.47926,0.65936,-1.35661,
4963892547925,4.08995,4.61237,-1.88707,0.91231,-0.00945,0.00199,0.40938,0.49767,0.65955,-1.36528,
4963992067925,4.14041,4.67844,-2.02305,0.91229,-0.00947,0.00209,0.40944,0.50952,0.66166,-1.36986,
4964091631029,4.19264,4.74497,-2.15912,0.91227,-0.00938,0.00210,0.40949,0.52271,0.66422,-1.37187,
4964191104977,4.24559,4.81138,-2.29530,0.91223,-0.00946,0.00201,0.40956,0.53593,0.66644,-1.37598,
4964290724925,4.29959,4.87805,-2.43203,0.91220,-0.00956,0.00196,0.40963,0.54746,0.66697,-1.38102,
4964390144082,4.35472,4.94461,-2.56880,0.91220,-0.00960,0.00220,0.40963,0.56064,0.67186,-1.37953,
4964489765185,4.41142,5.01151,-2.70608,0.91217,-0.00939,0.00219,0.40970,0.58104,0.66579,-1.37989,
4964589182185,4.46924,5.07815,-2.84366,0.91216,-0.00925,0.00238,0.40973,0.58340,0.67784,-1.38675,
4964690670977,4.52962,5.14619,-2.98450,0.91218,-0.00910,0.00248,0.40967,0.58860,0.68580,-1.39167,
4964788219873,4.58828,5.21193,-3.12018,0.91217,-0.00906,0.00256,0.40970,0.60250,0.68637,-1.39572,
4964887738977,4.64889,5.27919,-3.25909,0.91214,-0.00906,0.00268,0.40977,0.61943,0.68288,-1.39817,
4964987259185,4.71111,5.34626,-3.39842,0.91207,-0.00944,0.00253,0.40991,0.64181,0.68118,-1.39918,
4965086776925,4.77535,5.41325,-3.53811,0.91211,-0.00926,0.00258,0.40982,0.66051,0.67753,-1.40521,
4965186375030,4.84186,5.48048,-3.67806,0.91208,-0.00932,0.00263,0.40990,0.67406,0.68292,-1.40661,
4965285816029,4.90949,5.54807,-3.81820,0.91202,-0.00959,0.00262,0.41002,0.68830,0.68303,-1.40848,
4965385408811,4.97892,5.61561,-3.95864,0.91198,-0.00971,0.00260,0.41011,0.70043,0.68295,-1.41293,
4965484855081,5.04958,5.68296,-4.09921,0.91196,-0.00966,0.00250,0.41016,0.71741,0.68263,-1.41610,
4965584373706,5.12218,5.75061,-4.24037,0.91194,-0.00965,0.00260,0.41019,0.73451,0.68590,-1.42495,
4965683931873,5.19624,5.81845,-4.38198,0.91198,-0.00958,0.00264,0.41011,0.74520,0.69074,-1.42621,
4965783453873,5.27169,5.88668,-4.52356,0.91197,-0.00971,0.00264,0.41014,0.75648,0.68737,-1.42248,
4965883007925,5.34816,5.95473,-4.66530,0.91182,-0.00950,0.00289,0.41046,0.76473,0.68500,-1.42360,
4965982446821,5.42489,6.02200,-4.80662,0.91181,-0.00972,0.00293,0.41048,0.78083,0.68302,-1.41186,
4966082075873,5.50381,6.08939,-4.94746,0.91184,-0.00985,0.00279,0.41043,0.79292,0.68432,-1.42355,
4966181485873,5.58422,6.15675,-5.08829,0.91176,-0.01018,0.00283,0.41060,0.81863,0.68544,-1.42006,
4966281007394,5.66724,6.22412,-5.22944,0.91174,-0.01014,0.00295,0.41064,0.83446,0.68386,-1.42223,
4966380522821,5.75121,6.29211,-5.37079,0.91175,-0.01001,0.00303,0.41062,0.84610,0.69107,-1.42206,
4966480097925,5.83616,6.35977,-5.51258,0.91172,-0.01009,0.00297,0.41067,0.85955,0.68791,-1.42681,
4966579698873,5.92360,6.42716,-5.65419,0.91174,-0.01001,0.00304,0.41062,0.87250,0.69020,-1.42585,
4966679080873,6.01187,6.49437,-5.79560,0.91172,-0.01009,0.00307,0.41067,0.88599,0.69258,-1.42404,
4966778598977,6.10096,6.56289,-5.93758,0.91169,-0.01003,0.00312,0.41074,0.89931,0.69693,-1.42873,
4966878116925,6.19201,6.63158,-6.07953,0.91170,-0.01008,0.00329,0.41071,0.91497,0.69988,-1.43040,
4966977637186,6.28464,6.69997,-6.22178,0.91175,-0.01011,0.00333,0.41062,0.93012,0.70325,-1.43364,
4967110329925,6.40844,6.79456,-6.41104,0.91165,-0.01025,0.00339,0.41083,0.94725,0.70801,-1.42534,
4967176679134,6.47861,6.83393,-6.50508,0.91169,-0.01015,0.00345,0.41074,0.95851,0.71341,-1.42700,
4967276205873,6.57389,6.90515,-6.64663,0.91167,-0.01005,0.00362,0.41078,0.97581,0.72006,-1.42830,
4967375844873,6.67129,6.97655,-6.78877,0.91164,-0.01034,0.00371,0.41085,0.98871,0.72374,-1.42891,
4967475272873,6.77092,7.04791,-6.93125,0.91163,-0.01008,0.00373,0.41087,1.01302,0.72899,-1.44281,
4967574759873,6.87275,7.11993,-7.07535,0.91161,-0.00996,0.00370,0.41093,1.03284,0.73444,-1.45198,
4967674270873,6.97705,7.19208,-7.21943,0.91159,-0.01001,0.00384,0.41097,1.05232,0.74011,-1.45295,
4967773789925,7.08476,7.26401,-7.36329,0.91162,-0.01011,0.00373,0.41090,1.06794,0.74232,-1.45767,
4967873348925,7.19410,7.33596,-7.50760,0.91159,-0.00998,0.00387,0.41097,1.09182,0.74408,-1.45748,
4967972869978,7.30507,7.40772,-7.65221,0.91157,-0.01001,0.00395,0.41101,1.11004,0.74685,-1.45815,
4968072346133,7.41760,7.48007,-7.79745,0.91159,-0.00992,0.00412,0.41096,1.13336,0.75281,-1.46583,
4968171864977,7.53130,7.55484,-7.94374,0.91155,-0.00997,0.00401,0.41104,1.14744,0.75523,-1.47130,
4968271385925,7.64838,7.62718,-8.08976,0.91151,-0.01002,0.00414,0.41113,1.16898,0.75718,-1.47552,
4968370978925,7.76577,7.70141,-8.23702,0.91154,-0.00975,0.00417,0.41108,1.18025,0.76593,-1.48108,
4968470424029,7.88521,7.77616,-8.38386,0.91156,-0.00989,0.00422,0.41102,1.19420,0.77475,-1.46852,
4968569941977,8.00614,7.85127,-8.53018,0.91155,-0.00996,0.00455,0.41104,1.21009,0.77675,-1.47403,
4968669461821,8.12893,7.92631,-8.67578,0.91153,-0.00998,0.00479,0.41109,1.23457,0.77521,-1.48150,
4968768980238,8.25413,8.00069,-8.82136,0.91151,-0.00994,0.00458,0.41114,1.25212,0.77815,-1.48417,
4968868568029,8.38171,8.07543,-8.96562,0.91115,-0.01028,0.00428,0.41193,1.25135,0.79669,-1.49021,
4968968126758,8.51768,8.14887,-9.10951,0.91135,-0.00978,0.00471,0.41148,1.31408,0.78568,-1.49130,
4969067669873,8.65678,8.22226,-9.25650,0.91134,-0.00949,0.00537,0.41150,1.33063,0.77932,-1.49925,
4969167080030,8.78907,8.30085,-9.40526,0.91129,-0.00926,0.00526,0.41162,1.33953,0.78422,-1.50251,
4969266577707,8.92346,8.37975,-9.55460,0.91134,-0.00939,0.00519,0.41150,1.34980,0.79787,-1.50212,
4969399313341,9.10253,8.49145,-9.75240,0.91124,-0.00936,0.00533,0.41174,1.37715,0.80317,-1.50913,
4969465623446,9.20723,8.52969,-9.85195,0.91132,-0.00969,0.00518,0.41156,1.39903,0.79907,-1.51030,
4969565131133,9.35092,8.60546,-10.00063,0.91133,-0.00955,0.00531,0.41153,1.42276,0.79946,-1.51448,
4969697899821,9.53679,8.72013,-10.19877,0.91127,-0.00959,0.00531,0.41167,1.44346,0.80884,-1.51690,
4969797382978,9.68749,8.79334,-10.34903,0.91126,-0.00946,0.00545,0.41168,1.46674,0.81069,-1.52072,
4969863762977,9.79714,8.83159,-10.44986,0.91123,-0.00950,0.00550,0.41175,1.47630,0.81298,-1.52198,
4969963210821,9.94670,8.90884,-10.60071,0.91126,-0.00955,0.00556,0.41169,1.49691,0.81369,-1.52439,
4970062815030,10.10006,8.98560,-10.75083,0.91126,-0.00950,0.00557,0.41169,1.51940,0.81555,-1.52654,
4970162244925,10.25212,9.06707,-10.90272,0.91122,-0.00943,0.00561,0.41177,1.54028,0.82033,-1.52917,
4970294938289,10.45809,9.17639,-11.10592,0.91121,-0.00947,0.00567,0.41178,1.56551,0.82593,-1.53438,
4970361419821,10.56258,9.23146,-11.20799,0.91120,-0.00946,0.00571,0.41182,1.57913,0.83071,-1.53625,
4970460804654,10.72045,9.31413,-11.36087,0.91117,-0.00947,0.00576,0.41187,1.59810,0.83463,-1.53974,
4970560322873,10.88051,9.39736,-11.51428,0.91114,-0.00947,0.00580,0.41194,1.61810,0.83810,-1.54345,
4970659881873,11.04261,9.48106,-11.66808,0.91113,-0.00946,0.00585,0.41196,1.63771,0.84206,-1.54617,
4970759446029,11.20669,9.56518,-11.82215,0.91112,-0.00945,0.00587,0.41200,1.65762,0.84656,-1.54921,
4970858881394,11.37255,9.64959,-11.97638,0.91110,-0.00944,0.00592,0.41204,1.67818,0.85124,-1.55241,
