1403638129795097088,0.00841,0.00019,0.06194,-0.02277,0.83383,0.00299,0.55154,0.01806,0.02384,0.15835,
1403638129895097088,0.01130,0.00259,0.08115,-0.02189,0.84066,0.00872,0.54105,0.02746,0.03367,0.23856,
1403638129995096832,0.01520,0.00480,0.11098,-0.02233,0.83997,0.01166,0.54205,0.03895,0.02263,0.34291,
1403638130095097088,0.01904,0.00544,0.14869,-0.03176,0.83075,0.00321,0.55572,0.03434,0.01058,0.38097,
1403638130195097088,0.02228,0.00648,0.18658,-0.03703,0.82842,0.00528,0.55885,0.03046,0.01697,0.37773,
1403638130295097088,0.02556,0.00690,0.22490,-0.04195,0.82581,0.00743,0.56234,0.02527,-0.00403,0.40336,
1403638130395097088,0.02824,0.00547,0.26334,-0.05396,0.81895,-0.00240,0.57132,0.01531,-0.01207,0.38214,
1403638130495096832,0.03018,0.00452,0.29798,-0.05691,0.81882,0.00225,0.57123,0.00814,-0.00198,0.35646,
1403638130595097088,0.03025,0.00350,0.33107,-0.04982,0.82046,0.01070,0.56943,-0.00061,-0.01158,0.34911,
1403638130695097088,0.02887,0.00084,0.36682,-0.05307,0.81376,0.00520,0.57875,-0.01281,-0.03549,0.34165,
1403638130795097088,0.02772,-0.00375,0.39763,-0.07046,0.80686,-0.00877,0.58646,-0.01849,-0.04521,0.27468,
1403638130895097088,0.02529,-0.01211,0.41763,-0.07638,0.80506,-0.01039,0.58816,-0.04731,-0.07990,0.14103,
1403638130995096832,0.01909,-0.02716,0.41788,-0.07468,0.79511,-0.01747,0.60160,-0.05520,-0.11521,-0.03096,
1403638131095097088,0.01232,-0.03415,0.40198,-0.07160,0.78849,-0.02152,0.61049,-0.03932,-0.08561,-0.23159,
1403638131195097088,0.01232,-0.03497,0.37640,-0.06190,0.79690,-0.01207,0.60082,-0.02700,-0.05343,-0.34811,
1403638131295097088,0.01456,-0.02994,0.34505,-0.04912,0.80820,0.00114,0.58685,-0.03270,-0.04652,-0.38372,
1403638131395097088,0.01435,-0.02239,0.31397,-0.04477,0.81072,0.00168,0.58372,-0.05635,-0.04697,-0.40080,
1403638131495096832,0.00845,-0.00923,0.27963,-0.03657,0.81044,0.00229,0.58467,-0.07364,-0.02582,-0.43114,
1403638131595097088,0.00107,-0.00480,0.23219,-0.03282,0.81419,0.00362,0.57966,-0.07854,-0.00858,-0.47504,
1403638131695097088,-0.00490,-0.00082,0.18647,-0.02856,0.81551,0.00706,0.57799,-0.08126,-0.00336,-0.49518,
1403638131795097088,-0.00089,0.03207,0.15306,-0.01925,0.81622,0.01071,0.57732,-0.07575,0.04262,-0.47941,
1403638131895097088,-0.01060,0.03665,0.10062,-0.00942,0.81768,0.01429,0.57542,-0.08132,0.05693,-0.44330,
1403638131995096832,-0.01805,0.04525,0.05951,-0.00231,0.81944,0.02043,0.57280,-0.06384,0.09811,-0.29270,
1403638132095097088,-0.00268,0.07917,0.05583,0.00751,0.82561,0.03521,0.56309,-0.02072,0.16212,-0.04462,
1403638132195097088,-0.00921,0.07989,0.06678,0.00753,0.82602,0.04201,0.56202,-0.02102,0.16431,0.27417,
1403638132295097088,-0.00048,0.09850,0.10681,-0.00476,0.81786,0.03460,0.57436,-0.01389,0.18760,0.47828,
1403638132395097088,-0.00294,0.10315,0.15374,-0.01767,0.81316,0.02968,0.58101,-0.01402,0.20167,0.53260,
1403638132495096832,0.01358,0.09083,0.22007,-0.03882,0.80481,0.01937,0.59194,0.00080,0.14981,0.55453,
1403638132595097088,0.02083,0.08699,0.27824,-0.05839,0.79044,0.00557,0.60972,0.01909,0.15004,0.47512,
1403638132695097088,0.03523,0.07503,0.32302,-0.06667,0.79036,0.00217,0.60900,0.02933,0.15896,0.29671,
1403638132795097088,0.04610,0.04222,0.35559,-0.07171,0.79561,0.00161,0.60155,0.01413,0.10531,0.17381,
1403638132895097088,0.04895,0.02923,0.36986,-0.07878,0.78773,-0.00610,0.61093,0.00832,0.02857,0.01522,
1403638132995096832,0.05149,0.02602,0.36131,-0.08549,0.78104,-0.00670,0.61857,0.03344,-0.05300,-0.14114,
1403638133095097088,0.05608,0.01229,0.34067,-0.07605,0.78594,0.00759,0.61356,0.05222,-0.17270,-0.23594,
1403638133195097088,0.04406,-0.02485,0.31322,-0.06481,0.79006,0.00915,0.60953,0.03273,-0.31762,-0.25293,
1403638133295097088,0.04406,-0.06153,0.28951,-0.04901,0.79167,-0.00118,0.60898,0.00440,-0.42314,-0.26818,
1403638133395097088,0.04372,-0.10125,0.26740,-0.03073,0.79766,-0.00918,0.60226,-0.03413,-0.47818,-0.25575,
1403638133495096832,0.04075,-0.14821,0.24662,-0.01089,0.80068,-0.02357,0.59853,-0.08410,-0.50994,-0.20708,
1403638133595097088,0.03455,-0.19614,0.22998,-0.00286,0.80198,-0.04615,0.59556,-0.12677,-0.48118,-0.19483,
1403638133695097088,0.02389,-0.23850,0.21672,-0.00126,0.80522,-0.06392,0.58952,-0.15109,-0.42127,-0.17797,
1403638133795097088,0.00232,-0.27963,0.19202,0.01257,0.80651,-0.07776,0.58596,-0.11526,-0.35716,-0.17970,
1403638133895097088,0.00254,-0.34061,0.20093,0.02638,0.80932,-0.08417,0.58071,-0.00768,-0.26331,-0.12549,
1403638133995096832,0.01175,-0.36044,0.19923,0.03247,0.80832,-0.08923,0.58104,0.14045,-0.06036,-0.02743,
1403638134095097088,0.03189,-0.36096,0.20027,0.03482,0.81108,-0.08349,0.57790,0.23743,0.09953,0.01239,
1403638134195097088,0.05899,-0.34107,0.20181,0.03794,0.81217,-0.07727,0.57703,0.30681,0.18916,0.07117,
1403638134295097088,0.09167,-0.31875,0.21111,0.03370,0.80270,-0.08475,0.58937,0.33832,0.26428,0.07705,
1403638134395097088,0.12544,-0.28909,0.21761,0.02453,0.80391,-0.08927,0.58750,0.32247,0.31860,0.04489,
1403638134495096832,0.15499,-0.23599,0.21037,0.01863,0.80492,-0.09399,0.58560,0.26397,0.34803,0.04510,
1403638134595097088,0.17819,-0.20498,0.21858,0.00829,0.80300,-0.09897,0.58765,0.18451,0.36731,0.05249,
1403638134695097088,0.19908,-0.17656,0.23504,0.00306,0.80632,-0.09746,0.58339,0.11221,0.37076,0.07650,
1403638134795097088,0.20642,-0.14599,0.25332,0.00044,0.81328,-0.09154,0.57462,0.08094,0.34150,0.12830,
1403638134895097088,0.21633,-0.11434,0.27491,0.00316,0.81517,-0.08740,0.57259,0.03694,0.27456,0.16092,
1403638134995096832,0.21858,-0.07502,0.28876,0.00362,0.81081,-0.08847,0.57857,-0.00007,0.22745,0.08576,
1403638135095097088,0.21490,-0.03922,0.29222,0.00813,0.81453,-0.08147,0.57431,-0.02637,0.15714,0.01874,
1403638135195097088,0.21168,-0.01610,0.29365,0.01039,0.81873,-0.07461,0.56922,-0.07802,0.02364,-0.02388,
1403638135295097088,0.20678,0.00655,0.29396,0.01417,0.82027,-0.07274,0.56716,-0.11585,-0.12030,-0.04364,
1403638135395097088,0.20907,0.04521,0.28509,0.01975,0.81750,-0.07651,0.57048,-0.15009,-0.17068,-0.04398,
1403638135495096832,0.21078,0.07183,0.27608,0.03086,0.81993,-0.07714,0.56640,-0.14764,-0.20397,-0.03788,
1403638135595097088,0.20994,0.09886,0.28010,0.04023,0.82474,-0.07854,0.55858,-0.13894,-0.26496,0.06272,
1403638135695097088,0.20238,0.13491,0.28492,0.04701,0.82047,-0.08948,0.56269,-0.16862,-0.24451,0.04764,
1403638135795097088,0.20585,0.14446,0.27096,0.04514,0.81733,-0.10305,0.56508,-0.19758,-0.16077,0.00352,
1403638135895097088,0.19570,0.16556,0.27274,0.05629,0.82300,-0.09962,0.55640,-0.22679,-0.08713,0.05553,
1403638135995096832,0.17971,0.17575,0.28831,0.06830,0.82883,-0.09601,0.54695,-0.21599,-0.09162,0.19655,
1403638136095097088,0.19704,0.22051,0.30080,0.07799,0.82146,-0.10223,0.55558,-0.19512,-0.12813,0.23115,
1403638136195097088,0.16980,0.22103,0.30215,0.07533,0.81111,-0.11557,0.56839,-0.23445,-0.13231,0.10331,
1403638136295097088,0.14401,0.22676,0.29275,0.08204,0.80865,-0.12127,0.56978,-0.22815,-0.08050,-0.03633,
1403638136395097088,0.12339,0.24355,0.27618,0.09315,0.81081,-0.12379,0.56443,-0.17846,0.07565,-0.09356,
1403638136495096832,0.10318,0.27312,0.27647,0.10154,0.81344,-0.12816,0.55819,-0.08709,0.28946,-0.02087,
1403638136595097088,0.06262,0.30240,0.32035,0.09587,0.81445,-0.13915,0.55509,-0.00713,0.49703,0.11286,
1403638136695097088,0.07973,0.40305,0.32202,0.08490,0.81318,-0.14246,0.55789,0.07095,0.71440,0.14777,
1403638136795097088,0.08409,0.48201,0.34554,0.06823,0.81366,-0.13839,0.56049,0.12215,0.84491,0.15832,
1403638136895097088,0.09112,0.56399,0.36008,0.04409,0.80698,-0.13974,0.57211,0.14007,0.90392,0.05369,
1403638136995096832,0.09884,0.65421,0.35981,0.02644,0.79739,-0.14288,0.58571,0.12294,0.91087,-0.12248,
1403638137095097088,0.11228,0.75120,0.34452,0.02068,0.79845,-0.13795,0.58568,0.08845,0.87887,-0.27286,
1403638137195097088,0.11662,0.83786,0.31465,0.02404,0.80726,-0.12531,0.57624,0.04725,0.84016,-0.35662,
1403638137295097088,0.11772,0.91962,0.27696,0.02783,0.81666,-0.11211,0.56544,0.00781,0.78441,-0.36880,
1403638137395097088,0.11386,0.99567,0.24274,0.03081,0.82251,-0.10559,0.55801,-0.02165,0.72329,-0.35637,
1403638137495096832,0.10963,1.06655,0.20846,0.04150,0.83073,-0.09803,0.54640,-0.02004,0.69848,-0.31828,
1403638137595097088,0.10745,1.13322,0.17832,0.05626,0.83966,-0.08761,0.53304,-0.01312,0.66723,-0.23666,
1403638137695097088,0.10223,1.19625,0.15621,0.06466,0.84032,-0.08789,0.53100,-0.03104,0.65173,-0.15932,
1403638137795097088,0.09501,1.25800,0.13917,0.06773,0.83933,-0.09363,0.53120,-0.04154,0.65519,-0.12277,
1403638137895097088,0.08468,1.31840,0.12495,0.07426,0.84503,-0.09084,0.52169,-0.03861,0.66627,-0.08526,
1403638137995096832,0.07657,1.38220,0.11650,0.08022,0.85379,-0.08418,0.50747,-0.02475,0.68150,-0.03509,
1403638138095097088,0.06910,1.44614,0.11205,0.08260,0.85421,-0.08126,0.50685,-0.02018,0.67303,0.02012,
1403638138195097088,0.05798,1.50565,0.10866,0.08048,0.84614,-0.08927,0.51923,-0.03282,0.67940,-0.01003,
1403638138295097088,0.02986,1.54098,0.09363,0.07799,0.84231,-0.09162,0.52538,-0.05838,0.66572,0.02479,
1403638138395097088,0.00170,1.58523,0.08587,0.07873,0.83761,-0.09221,0.53265,-0.09358,0.64363,-0.00356,
1403638138495096832,-0.00915,1.65190,0.08663,0.08100,0.83716,-0.09214,0.53303,-0.08166,0.65864,0.00129,
1403638138595097088,-0.05270,1.69147,0.07512,0.08081,0.83683,-0.09238,0.53352,-0.11631,0.63851,-0.00453,
1403638138695097088,-0.06141,1.76214,0.07694,0.08173,0.83656,-0.09409,0.53352,-0.10969,0.65520,0.00036,
1403638138795097088,-0.07253,1.83209,0.07877,0.08340,0.83645,-0.09466,0.53332,-0.10992,0.67452,0.00362,
1403638138895097088,-0.08403,1.90389,0.08090,0.08364,0.83605,-0.09670,0.53355,-0.09843,0.70473,0.01246,
1403638138995096832,-0.09669,1.97671,0.08330,0.08527,0.83597,-0.09722,0.53333,-0.10157,0.72702,0.01035,
1403638139095097088,-0.10708,2.05201,0.08678,0.08683,0.83589,-0.09779,0.53310,-0.09703,0.74198,0.01616,
1403638139195097088,-0.11767,2.12896,0.09033,0.08828,0.83569,-0.09841,0.53305,-0.09382,0.75327,0.02196,
1403638139295097088,-0.12903,2.20732,0.09384,0.08944,0.83553,-0.09914,0.53298,-0.09637,0.76357,0.02518,
1403638139395097088,-0.14143,2.28710,0.09781,0.09027,0.83539,-0.09999,0.53289,-0.09479,0.77484,0.02993,
1403638139495096832,-0.15417,2.36863,0.10222,0.09104,0.83526,-0.10078,0.53282,-0.09438,0.79135,0.03384,
1403638139595097088,-0.16743,2.45172,0.10691,0.09186,0.83512,-0.10144,0.53277,-0.09398,0.80915,0.03679,
1403638139695097088,-0.18076,2.53648,0.11199,0.09269,0.83501,-0.10206,0.53268,-0.09181,0.82619,0.04056,
1403638139795097088,-0.19348,2.62302,0.11749,0.09340,0.83492,-0.10266,0.53258,-0.09156,0.84388,0.04374,
1403638139895097088,-0.20826,2.71067,0.12330,0.09424,0.83481,-0.10318,0.53251,-0.09011,0.86065,0.04876,
1403638139995096832,-0.22257,2.80022,0.12975,0.09491,0.83474,-0.10369,0.53240,-0.08957,0.87620,0.05351,
1403638140095097088,-0.23686,2.89161,0.13695,0.09556,0.83468,-0.10420,0.53228,-0.08902,0.89211,0.05689,
1403638140195097088,-0.25203,2.98472,0.14445,0.09614,0.83458,-0.10470,0.53223,-0.08711,0.90729,0.06200,
1403638140295097088,-0.26601,3.08094,0.15167,0.09673,0.83449,-0.10516,0.53217,-0.08750,0.92538,0.06403,
1403638140395097088,-0.27998,3.17983,0.15905,0.09730,0.83442,-0.10565,0.53209,-0.08561,0.94199,0.06703,
1403638140495096832,-0.29380,3.27967,0.16732,0.09782,0.83435,-0.10609,0.53202,-0.08524,0.96011,0.07152,
1403638140595097088,-0.30416,3.37769,0.17550,0.09807,0.83431,-0.10631,0.53198,-0.08162,0.97604,0.07463,
1403638140695097088,-0.31553,3.47880,0.18377,0.09834,0.83428,-0.10652,0.53193,-0.07846,0.98984,0.07863,
1403638140795097088,-0.32608,3.58172,0.19240,0.09856,0.83425,-0.10676,0.53190,-0.07653,1.00632,0.08130,
1403638140895097088,-0.33611,3.68616,0.20197,0.09881,0.83424,-0.10700,0.53183,-0.07254,1.02264,0.08704,
1403638140995096832,-0.34579,3.79198,0.21189,0.09906,0.83423,-0.10722,0.53174,-0.06864,1.03837,0.09035,
1403638141095097088,-0.35190,3.89895,0.22190,0.09931,0.83419,-0.10746,0.53171,-0.06460,1.05401,0.09306,
1403638141195097088,-0.35578,4.01180,0.23307,0.09967,0.83415,-0.10779,0.53165,-0.05865,1.07143,0.09770,
1403638141295097088,-0.35673,4.11699,0.24383,0.09984,0.83416,-0.10792,0.53157,-0.05242,1.08558,0.10044,
1403638141395097088,-0.35356,4.22471,0.25476,0.09996,0.83414,-0.10810,0.53153,-0.04536,1.09884,0.10505,
1403638141495096832,-0.34412,4.33472,0.26641,0.10006,0.83418,-0.10823,0.53143,-0.03503,1.11405,0.10841,
1403638141595097088,-0.33200,4.44658,0.27855,0.10023,0.83420,-0.10836,0.53133,-0.02437,1.12868,0.11208,
1403638141695097088,-0.32549,4.56046,0.29131,0.10035,0.83423,-0.10849,0.53124,-0.01520,1.14388,0.11551,
1403638141795097088,-0.32070,4.67470,0.30521,0.10046,0.83426,-0.10861,0.53116,-0.00773,1.15679,0.12003,
1403638141895097088,-0.31564,4.79159,0.32062,0.10057,0.83427,-0.10872,0.53109,0.00006,1.17208,0.12418,
1403638141995096832,-0.31251,4.91203,0.33568,0.10069,0.83428,-0.10882,0.53103,0.00915,1.19605,0.12807,
1403638142095097088,-0.31022,5.03233,0.34964,0.10078,0.83430,-0.10889,0.53097,0.01193,1.20653,0.12954,
1403638142195097088,-0.30608,5.15321,0.36383,0.10101,0.83424,-0.10927,0.53094,0.01294,1.20806,0.13433,
1403638142295097088,-0.30230,5.27549,0.37938,0.10150,0.83421,-0.10972,0.53080,0.02225,1.23564,0.13413,
1403638142395097088,-0.29826,5.39848,0.39530,0.10172,0.83424,-0.10987,0.53068,0.03196,1.26514,0.13755,
1403638142495096832,-0.29486,5.52416,0.41157,0.10154,0.83431,-0.10997,0.53059,0.03195,1.27174,0.13770,
1403638142595097088,-0.29833,5.65474,0.42895,0.10107,0.83437,-0.10951,0.53067,0.03078,1.28829,0.14164,
1403638142695097088,-0.29950,5.78436,0.44466,0.10131,0.83441,-0.10965,0.53053,0.02446,1.29332,0.14275,
1403638142795097088,-0.29738,5.91628,0.45955,0.10183,0.83439,-0.11008,0.53038,0.02501,1.30710,0.14533,
1403638142895097088,-0.29569,6.05212,0.47601,0.10190,0.83442,-0.11009,0.53033,0.03048,1.32177,0.14651,
1403638142995096832,-0.29439,6.18808,0.49220,0.10186,0.83445,-0.10986,0.53032,0.03943,1.34820,0.15212,
1403638143095097088,-0.29759,6.32626,0.50859,0.10199,0.83448,-0.11005,0.53022,0.03693,1.36036,0.15702,
1403638143195097088,-0.30364,6.46350,0.52812,0.10198,0.83450,-0.11025,0.53015,0.03530,1.37082,0.15815,
1403638143295097088,-0.30687,6.60228,0.54696,0.10204,0.83445,-0.11036,0.53019,0.03440,1.38367,0.15705,
1403638143395097088,-0.31211,6.74403,0.56438,0.10221,0.83444,-0.11050,0.53015,0.03797,1.39957,0.16237,
1403638143495096832,-0.31934,6.88695,0.58240,0.10239,0.83442,-0.11068,0.53011,0.03892,1.41268,0.16537,
1403638143595097088,-0.32462,7.03009,0.60098,0.10265,0.83441,-0.11102,0.53001,0.04257,1.42506,0.17094,
1403638143695097088,-0.33001,7.17478,0.62050,0.10264,0.83441,-0.11113,0.52998,0.04573,1.44189,0.17404,
1403638143795097088,-0.33832,7.32253,0.64046,0.10269,0.83441,-0.11120,0.52994,0.04877,1.46079,0.17875,
1403638143895097088,-0.34133,7.47336,0.66160,0.10279,0.83440,-0.11142,0.52990,0.05086,1.47646,0.18174,
1403638143995096832,-0.35018,7.62734,0.68275,0.10297,0.83436,-0.11159,0.52989,0.05393,1.49498,0.18665,
1403638144095097088,-0.37313,7.78198,0.70458,0.10306,0.83438,-0.11176,0.52981,0.05237,1.50974,0.18994,
1403638144195097088,-0.39022,7.93434,0.72618,0.10323,0.83434,-0.11194,0.52980,0.05382,1.52648,0.19410,
1403638144295097088,-0.40405,8.08835,0.74622,0.10331,0.83432,-0.11202,0.52979,0.05467,1.54291,0.19680,
1403638144395097088,-0.41761,8.24616,0.76554,0.10339,0.83430,-0.11218,0.52978,0.05561,1.55561,0.19982,
1403638144495096832,-0.42746,8.40469,0.78666,0.10353,0.83429,-0.11237,0.52973,0.05862,1.57012,0.20251,
1403638144595097088,-0.44917,8.56784,0.80947,0.10362,0.83428,-0.11260,0.52968,0.05836,1.58826,0.20895,
1403638144695097088,-0.48038,8.73415,0.83142,0.10369,0.83419,-0.11268,0.52978,0.04897,1.60245,0.21237,
1403638144795097088,-0.50317,8.89830,0.85222,0.10377,0.83417,-0.11291,0.52977,0.04566,1.61522,0.21353,
1403638144895097088,-0.50960,9.06267,0.87539,0.10391,0.83418,-0.11308,0.52968,0.04771,1.63121,0.21702,
1403638144995096832,-0.48300,9.23089,0.90413,0.10412,0.83418,-0.11318,0.52962,0.06017,1.64847,0.22091,
1403638145095097088,-0.46374,9.40290,0.93301,0.10423,0.83421,-0.11335,0.52952,0.06766,1.66328,0.22742,
1403638145195097088,-0.45495,9.57681,0.96462,0.10444,0.83420,-0.11349,0.52945,0.07512,1.68338,0.23519,
1403638145295097088,-0.44928,9.74893,0.99881,0.10460,0.83421,-0.11364,0.52937,0.07891,1.70087,0.24062,
1403638145395097088,-0.43324,9.91876,1.02677,0.10483,0.83421,-0.11384,0.52929,0.08231,1.71272,0.24629,
1403638145495096832,-0.41162,10.08917,1.05443,0.10494,0.83421,-0.11402,0.52923,0.09417,1.73241,0.25148,
1403638145595097088,-0.39496,10.27080,1.08747,0.10504,0.83424,-0.11413,0.52914,0.10169,1.74782,0.25827,
1403638145695097088,-0.37425,10.46236,1.12359,0.10523,0.83423,-0.11429,0.52907,0.10868,1.76864,0.25795,
1403638145795097088,-0.35816,10.64042,1.15735,0.10545,0.83430,-0.11441,0.52890,0.11626,1.78406,0.26591,
1403638145895097088,-0.33470,10.81930,1.18863,0.10561,0.83429,-0.11463,0.52884,0.12412,1.79542,0.26781,
1403638145995096832,-0.30908,11.00384,1.22315,0.10574,0.83429,-0.11486,0.52877,0.13018,1.81048,0.27164,
1403638146095097088,-0.28137,11.18901,1.26123,0.10583,0.83434,-0.11495,0.52864,0.13371,1.82570,0.27607,
1403638146195097088,-0.25744,11.37132,1.30030,0.10601,0.83429,-0.11511,0.52866,0.14323,1.84225,0.28051,
1403638146295097088,-0.23527,11.55253,1.33768,0.10618,0.83431,-0.11527,0.52855,0.15007,1.85303,0.28080,
1403638146395097088,-0.20750,11.73479,1.37520,0.10635,0.83434,-0.11535,0.52845,0.15560,1.87024,0.28676,
1403638146495096832,-0.17932,11.91755,1.41504,0.10649,0.83439,-0.11557,0.52829,0.16572,1.88239,0.28851,
1403638146595097088,-0.14158,12.10420,1.45173,0.10672,0.83437,-0.11571,0.52825,0.17033,1.89995,0.29268,
1403638146695097088,-0.09371,12.29157,1.48420,0.10689,0.83442,-0.11586,0.52811,0.18396,1.91406,0.29949,
1403638146795097088,-0.04828,12.48080,1.51155,0.10696,0.83435,-0.11594,0.52818,0.19631,1.92996,0.29622,
1403638146895097088,-0.01695,12.67264,1.54491,0.10716,0.83441,-0.11592,0.52806,0.19691,1.94859,0.29491,
1403638146995096832,0.00292,12.86034,1.58857,0.10730,0.83454,-0.11612,0.52778,0.20372,1.95994,0.30520,
1403638147095097088,0.00850,13.05269,1.62435,0.10728,0.83464,-0.11616,0.52762,0.21262,1.97542,0.31705,
1403638147195097088,0.01268,13.24872,1.65588,0.10739,0.83478,-0.11618,0.52737,0.21250,1.98543,0.31976,
1403638147295097088,0.03110,13.44686,1.68856,0.10738,0.83470,-0.11639,0.52745,0.20974,2.00280,0.32355,
1403638147395097088,0.07139,13.64114,1.71744,0.10749,0.83458,-0.11638,0.52761,0.22106,2.01735,0.32945,
1403638147495096832,0.10156,13.81921,1.75327,0.10749,0.83420,-0.11616,0.52826,0.22914,2.02966,0.34185,
1403638147595097088,0.18239,14.00600,1.80068,0.10713,0.83388,-0.11628,0.52881,0.26277,2.04445,0.34671,
1403638147695097088,0.24078,14.22412,1.85242,0.10690,0.83420,-0.11554,0.52852,0.28972,2.07023,0.35645,
1403638147795097088,0.28656,14.34582,1.89342,0.10768,0.83200,-0.11597,0.53173,0.32068,2.05276,0.36894,
1403638147895097088,0.62497,14.44433,1.91765,0.11098,0.82501,-0.11810,0.54138,0.43359,2.03467,0.42850,
1403638147995096832,-0.04986,14.33988,1.90593,0.11158,0.81803,-0.11968,0.55141,0.32497,1.97054,0.48797,
1403638148095097088,-1.05203,14.09928,1.86658,0.11174,0.81283,-0.11883,0.55919,0.16008,1.86073,0.56089,
1403638148195097088,-1.55658,13.82588,1.84528,0.11180,0.81023,-0.11555,0.56363,0.06281,1.77078,0.66453,
1403638148295097088,-1.48722,13.57340,1.93619,0.10968,0.81033,-0.11285,0.56445,0.06494,1.70624,0.83287,
1403638148395097088,-1.30542,13.36724,2.06142,0.10777,0.81051,-0.11008,0.56510,0.08464,1.64485,0.81342,
1403638148495096832,-1.08880,13.11457,2.14908,0.10680,0.81467,-0.10777,0.55973,0.10346,1.56080,0.57528,
1403638148595097088,-0.78995,12.61742,2.28693,0.10574,0.81907,-0.10619,0.55377,0.15270,1.43151,0.35433,
1403638148695097088,-0.75481,12.47763,2.32987,0.10437,0.82304,-0.10458,0.54843,0.19321,1.38624,0.26515,
1403638148795097088,-0.30586,11.46229,2.60628,0.10114,0.82617,-0.10419,0.54438,0.31504,1.17512,0.37665,
1403638148895097088,-0.11221,10.32774,2.80784,0.09824,0.82762,-0.10297,0.54295,0.40318,0.93896,0.49461,
1403638148995096832,0.06523,9.28829,2.88834,0.08805,0.82813,-0.09642,0.54511,0.56749,-0.05621,0.65567,
1403638149095097088,0.00675,9.20420,2.76286,0.08867,0.82372,-0.09483,0.55194,0.50801,-0.11181,0.61876,
1403638149195097088,0.04220,9.19475,2.80271,0.08835,0.82113,-0.09389,0.55599,0.52352,-0.10763,0.60374,
1403638149295097088,0.01848,9.20611,2.78260,0.08684,0.81902,-0.09549,0.55906,0.46185,-0.08851,0.51174,
1403638149395097088,0.02417,9.21366,2.79137,0.08591,0.81715,-0.09522,0.56198,0.43310,-0.07364,0.43790,
1403638149495096832,-0.05044,9.25309,2.71004,0.08683,0.81522,-0.09491,0.56469,0.34042,-0.03472,0.30035,
1403638149595097088,-0.05577,9.26955,2.69365,0.08702,0.81446,-0.09283,0.56610,0.30865,-0.01079,0.19925,
1403638149695097088,-0.03910,9.27237,2.70011,0.08324,0.81453,-0.08744,0.56743,0.30021,-0.00043,0.14383,
1403638149795097088,-0.01170,9.26422,2.71491,0.07893,0.81486,-0.08148,0.56845,0.30053,-0.00575,0.09222,
1403638149895097088,-0.01526,9.27159,2.70669,0.07592,0.81453,-0.07793,0.56983,0.26728,-0.00409,0.04314,
1403638149995096832,0.01013,9.27029,2.71143,0.07474,0.81502,-0.07349,0.56988,0.26436,-0.00130,-0.00364,
1403638150095097088,0.01014,9.27983,2.69159,0.08059,0.81498,-0.06726,0.56990,0.24924,0.02370,-0.07527,
1403638150195097088,0.03285,9.29621,2.67793,0.08740,0.81523,-0.06079,0.56927,0.25588,0.06758,-0.13058,
1403638150295097088,0.05566,9.31416,2.65669,0.09031,0.81616,-0.05814,0.56775,0.26893,0.12874,-0.19465,
1403638150395097088,0.08200,9.33421,2.63941,0.08660,0.82012,-0.05912,0.56250,0.28313,0.19871,-0.20227,
1403638150495096832,0.10245,9.35465,2.64007,0.07462,0.82565,-0.06017,0.55598,0.30873,0.24641,-0.11003,
1403638150595097088,0.14536,9.36129,2.65067,0.06548,0.82975,-0.05570,0.55147,0.36898,0.25235,0.00776,
1403638150695097088,0.18198,9.38055,2.67303,0.05926,0.83012,-0.05200,0.55198,0.40120,0.24440,0.09710,
1403638150795097088,0.23079,9.40720,2.69832,0.05600,0.82930,-0.04575,0.55410,0.46291,0.25023,0.18270,
1403638150895097088,0.28157,9.42505,2.71643,0.05176,0.82746,-0.03595,0.55797,0.50117,0.24583,0.16931,
1403638150995096832,0.33506,9.45460,2.73858,0.04825,0.82363,-0.02787,0.56438,0.51685,0.25581,0.12058,
1403638151095097088,0.38747,9.48531,2.75082,0.04284,0.82215,-0.01583,0.56743,0.51774,0.27366,0.06682,
1403638151195097088,0.44283,9.52188,2.75185,0.03401,0.82085,0.00140,0.57012,0.51807,0.30569,-0.00940,
1403638151295097088,0.49558,9.55336,2.74411,0.01962,0.82189,0.02029,0.56894,0.52380,0.32131,-0.04987,
1403638151395097088,0.54492,9.58068,2.73805,0.00348,0.82216,0.04082,0.56778,0.51902,0.34320,-0.01823,
1403638151495096832,0.60327,9.61707,2.73968,-0.01283,0.82134,0.06078,0.56705,0.52114,0.36310,0.04222,
1403638151595097088,0.65557,9.64524,2.74714,-0.02619,0.82038,0.07796,0.56588,0.53037,0.35688,0.11686,
1403638151695097088,0.70986,9.66896,2.75692,-0.03590,0.81888,0.09096,0.56558,0.54028,0.35350,0.17783,
1403638151795097088,0.76633,9.69111,2.77970,-0.04188,0.81885,0.10005,0.56367,0.54238,0.34967,0.25794,
1403638151895097088,0.82696,9.71049,2.80682,-0.04585,0.81891,0.10529,0.56232,0.56813,0.33413,0.32368,
1403638151995096832,0.89092,9.72136,2.83769,-0.04665,0.81943,0.10950,0.56069,0.60768,0.32304,0.31822,
1403638152095097088,0.94822,9.75354,2.86894,-0.04687,0.82016,0.11019,0.55947,0.60748,0.33384,0.27054,
1403638152195097088,1.00929,9.77243,2.89416,-0.04669,0.82032,0.11082,0.55912,0.62507,0.32943,0.21142,
1403638152295097088,1.06971,9.81655,2.91070,-0.04364,0.82022,0.11180,0.55932,0.63829,0.35265,0.14113,
1403638152395097088,1.13248,9.86057,2.92024,-0.03965,0.82027,0.11257,0.55938,0.64495,0.38838,0.06027,
1403638152495096832,1.19656,9.90951,2.91983,-0.03572,0.82086,0.11289,0.55872,0.66230,0.43419,-0.00295,
1403638152595097088,1.26739,9.95984,2.90003,-0.03518,0.82091,0.11181,0.55890,0.67204,0.47907,-0.04568,
1403638152695097088,1.32655,10.01694,2.89693,-0.04040,0.82251,0.10961,0.55662,0.68011,0.52641,-0.02477,
1403638152795097088,1.38740,10.07259,2.90569,-0.04801,0.82108,0.11282,0.55749,0.71958,0.56868,0.07264,
1403638152895097088,1.45059,10.13000,2.90929,-0.05876,0.81736,0.11889,0.56066,0.73218,0.59021,0.14908,
1403638152995096832,1.49811,10.19210,2.92165,-0.06910,0.81387,0.13010,0.56206,0.71343,0.59593,0.18886,
1403638153095097088,1.52684,10.25113,2.94061,-0.07793,0.81463,0.14192,0.55692,0.68493,0.59421,0.21876,
1403638153195097088,1.56224,10.31207,2.96034,-0.08365,0.81550,0.15137,0.55231,0.68481,0.59364,0.19299,
1403638153295097088,1.57829,10.36644,2.97255,-0.08751,0.81472,0.15999,0.55042,0.66617,0.59792,0.13865,
1403638153395097088,1.57693,10.41170,2.97752,-0.09479,0.81307,0.17084,0.54840,0.63056,0.59414,0.08838,
1403638153495096832,1.60693,10.46343,2.98551,-0.09842,0.81021,0.18817,0.54632,0.61791,0.59288,0.11253,
1403638153595097088,1.74020,10.57211,3.01503,-0.10038,0.80777,0.20655,0.54293,0.70435,0.68038,0.19618,
1403638153695097088,1.81589,10.63806,3.03751,-0.10923,0.80341,0.22393,0.54079,0.72572,0.73236,0.20895,
1403638153795097088,1.87988,10.69334,3.05440,-0.12260,0.79803,0.23748,0.54012,0.73729,0.74370,0.16446,
1403638153895097088,1.94433,10.74527,3.06011,-0.13366,0.79288,0.24753,0.54056,0.73282,0.73226,0.09653,
1403638153995096832,2.00540,10.78944,3.05396,-0.14419,0.78820,0.25266,0.54233,0.72207,0.70526,0.00776,
1403638154095097088,2.05494,10.82334,3.03852,-0.15120,0.78453,0.25631,0.54402,0.69875,0.65842,-0.06185,
1403638154195097088,2.10663,10.86870,3.02229,-0.15419,0.77958,0.25880,0.54910,0.66575,0.62749,-0.11588,
1403638154295097088,2.16712,10.92854,3.00800,-0.15452,0.77563,0.26027,0.55387,0.64041,0.62092,-0.14600,
1403638154395097088,2.21514,10.98416,2.99121,-0.15715,0.77017,0.25835,0.56160,0.59437,0.60608,-0.16940,
1403638154495096832,2.26686,11.03985,2.97044,-0.15964,0.76666,0.25588,0.56681,0.53939,0.58367,-0.20445,
1403638154595097088,2.31023,11.10393,2.95665,-0.16128,0.76776,0.25528,0.56513,0.44576,0.57171,-0.13915,
1403638154695097088,2.34788,11.15863,2.94835,-0.16483,0.77056,0.25946,0.55835,0.39847,0.56136,-0.06165,
1403638154795097088,2.37890,11.22888,2.95302,-0.16381,0.77220,0.26866,0.55200,0.34855,0.56795,0.01161,
1403638154895097088,2.38331,11.29198,2.96860,-0.16215,0.77123,0.27725,0.54959,0.29612,0.60147,0.10709,
1403638154995096832,2.37158,11.34726,2.99331,-0.16325,0.76805,0.28631,0.54906,0.20253,0.61516,0.18663,
1403638155095097088,2.39659,11.41358,3.01281,-0.16960,0.76339,0.29642,0.54827,0.15976,0.63315,0.22186,
1403638155195097088,2.39083,11.47565,3.04091,-0.17779,0.75861,0.30381,0.54827,0.12274,0.63971,0.20321,
1403638155295097088,2.36467,11.52038,3.06600,-0.18531,0.75250,0.30929,0.55112,0.04859,0.61251,0.13951,
1403638155395097088,2.35257,11.57918,3.08218,-0.19084,0.74581,0.31673,0.55409,-0.01148,0.60041,0.07963,
1403638155495096832,2.32690,11.62369,3.09206,-0.19671,0.73959,0.32749,0.55413,-0.08927,0.57563,0.02082,
1403638155595097088,2.33138,11.70606,3.09464,-0.21115,0.73491,0.33495,0.55057,-0.14045,0.58160,-0.02800,
1403638155695097088,2.32353,11.77530,3.09255,-0.22971,0.72712,0.34351,0.54821,-0.18927,0.56211,-0.06494,
1403638155795097088,2.30525,11.82452,3.08282,-0.24516,0.72017,0.35678,0.54218,-0.23369,0.50922,-0.11576,
1403638155895097088,2.29068,11.88054,3.07087,-0.25892,0.71535,0.37305,0.53109,-0.26730,0.46168,-0.12087,
1403638155995096832,2.27502,11.93442,3.06369,-0.26981,0.71293,0.39406,0.51347,-0.28572,0.42019,-0.07742,
1403638156095097088,2.25984,11.97966,3.06430,-0.27990,0.70942,0.41649,0.49490,-0.26948,0.39283,0.03663,
1403638156195097088,2.24859,12.02056,3.07428,-0.29268,0.70331,0.43286,0.48200,-0.22145,0.38984,0.12325,
1403638156295097088,2.24155,12.06310,3.09209,-0.30138,0.69782,0.44919,0.46951,-0.16880,0.39412,0.17033,
1403638156395097088,2.24008,12.10723,3.11199,-0.30811,0.69416,0.46095,0.45906,-0.10803,0.38388,0.12456,
1403638156495096832,2.24784,12.15440,3.12800,-0.31208,0.69218,0.46857,0.45160,-0.02809,0.40703,0.06565,
1403638156595097088,2.27166,12.20646,3.13824,-0.31487,0.69008,0.47262,0.44863,0.06441,0.44396,0.01736,
1403638156695097088,2.30141,12.26168,3.14072,-0.31497,0.69003,0.47424,0.44694,0.13970,0.48421,-0.03834,
1403638156795097088,2.31365,12.31440,3.13255,-0.31398,0.69005,0.47433,0.44751,0.20439,0.51638,-0.07701,
1403638156895097088,2.33972,12.38687,3.12275,-0.31159,0.69132,0.47310,0.44852,0.24842,0.55274,-0.09583,
1403638156995096832,2.36237,12.44981,3.11774,-0.30893,0.69317,0.47107,0.44963,0.29598,0.60427,-0.02768,
1403638157095097088,2.39032,12.51945,3.11869,-0.30597,0.69641,0.46933,0.44847,0.36090,0.66194,0.03541,
1403638157195097088,2.42644,12.61611,3.12864,-0.30042,0.70054,0.46798,0.44719,0.40305,0.73300,0.09998,
1403638157295097088,2.46086,12.70452,3.13953,-0.30053,0.70104,0.46614,0.44826,0.43376,0.78362,0.17061,
1403638157395097088,2.51260,12.79376,3.15340,-0.29908,0.69749,0.46905,0.45172,0.48583,0.84531,0.16400,
1403638157495096832,2.55225,12.90861,3.16211,-0.29910,0.69259,0.47133,0.45683,0.49284,0.92132,0.10868,
1403638157595097088,2.60618,13.00560,3.17092,-0.30466,0.68456,0.47653,0.45986,0.51494,0.96375,0.06195,
1403638157695097088,2.64620,13.14498,3.17336,-0.31067,0.67252,0.48573,0.46397,0.49536,1.01908,0.05630,
1403638157795097088,2.68103,13.28471,3.17961,-0.31759,0.66019,0.49880,0.46313,0.46548,1.07673,0.11897,
1403638157895097088,2.70765,13.42248,3.19095,-0.32983,0.64901,0.51133,0.45666,0.42756,1.12583,0.20190,
1403638157995096832,2.72863,13.57272,3.21193,-0.33990,0.63923,0.52324,0.44952,0.41111,1.15592,0.22134,
1403638158095097088,2.74399,13.71426,3.22619,-0.34974,0.63545,0.53098,0.43811,0.39910,1.18101,0.16648,
1403638158195097088,2.77113,13.86598,3.23570,-0.35881,0.63296,0.53454,0.42999,0.41881,1.21064,0.09877,
1403638158295097088,2.80779,14.01676,3.24452,-0.36208,0.62924,0.53826,0.42807,0.44493,1.24512,0.05444,
1403638158395097088,2.87111,14.18186,3.24744,-0.36049,0.62650,0.54241,0.42818,0.48942,1.29178,0.01896,
1403638158495096832,2.91271,14.30090,3.24747,-0.35758,0.62237,0.54570,0.43244,0.49458,1.27703,-0.03013,
1403638158595097088,2.98258,14.46206,3.23822,-0.35478,0.62018,0.54700,0.43623,0.51021,1.32971,-0.05281,
1403638158695097088,3.03451,14.59748,3.23243,-0.35557,0.62065,0.54506,0.43736,0.49030,1.34678,-0.05545,
1403638158795097088,3.08251,14.73305,3.22193,-0.35673,0.62518,0.54246,0.43317,0.47889,1.35875,-0.04141,
1403638158895097088,3.13183,14.86882,3.22201,-0.35612,0.63152,0.54047,0.42692,0.48696,1.38726,0.03637,
1403638158995096832,3.17811,15.00641,3.23071,-0.35437,0.63659,0.53953,0.42199,0.50519,1.39690,0.12008,
1403638159095097088,3.20781,15.13005,3.24932,-0.34786,0.64306,0.54161,0.41487,0.51039,1.42990,0.17846,
1403638159195097088,3.25726,15.26846,3.26403,-0.33918,0.65077,0.54534,0.40503,0.53727,1.48682,0.13657,
1403638159295097088,3.27275,15.39785,3.27960,-0.33927,0.65098,0.54281,0.40802,0.54122,1.56305,0.12273,
1403638159395097088,3.26839,15.51140,3.29543,-0.35171,0.64395,0.53276,0.42165,0.52151,1.58764,0.09070,
1403638159495096832,3.31508,15.65569,3.30319,-0.36887,0.63453,0.52060,0.43623,0.54742,1.58800,0.13239,
1403638159595097088,3.28014,15.73380,3.32468,-0.38820,0.63062,0.50550,0.44282,0.50444,1.48235,0.20598,
1403638159695097088,3.26611,15.83938,3.34717,-0.40167,0.62985,0.49461,0.44419,0.51663,1.39697,0.28254,
1403638159795097088,3.12155,15.74714,3.37232,-0.40486,0.62790,0.49156,0.44743,0.43499,1.11893,0.35958,
1403638159895097088,3.00221,15.67806,3.41553,-0.39757,0.62184,0.49742,0.45588,0.36433,0.88583,0.45753,
1403638159995096832,2.99085,15.68688,3.45967,-0.38778,0.61647,0.50613,0.46198,0.32721,0.70830,0.54442,
1403638160095097088,3.03255,15.84412,3.52520,-0.37984,0.61608,0.51209,0.46253,0.31636,0.69041,0.60022,
1403638160195097088,3.06018,15.90047,3.59130,-0.37065,0.62099,0.51983,0.45472,0.30515,0.66691,0.70943,
1403638160295097088,3.09238,15.99365,3.67014,-0.35996,0.62897,0.52794,0.44284,0.29684,0.66771,0.78438,
1403638160395097088,3.12338,16.05510,3.75540,-0.35212,0.63346,0.53380,0.43566,0.29153,0.67467,0.82755,
1403638160495096832,3.15950,16.13198,3.84148,-0.35010,0.63565,0.53508,0.43252,0.29828,0.71962,0.79565,
1403638160595097088,3.19036,16.19693,3.91747,-0.34909,0.63652,0.53556,0.43145,0.29383,0.75574,0.74209,
1403638160695097088,3.22303,16.26985,3.98982,-0.34931,0.63684,0.53498,0.43151,0.28928,0.79290,0.71038,
1403638160795097088,3.26034,16.34861,4.05868,-0.35776,0.63635,0.52824,0.43363,0.31979,0.81304,0.67721,
1403638160895097088,3.30421,16.42123,4.12659,-0.36845,0.63607,0.51386,0.44228,0.35212,0.79526,0.65151,
1403638160995096832,3.33914,16.47923,4.18047,-0.37045,0.63848,0.49879,0.45422,0.38627,0.73429,0.59396,
1403638161095097088,3.36172,16.51781,4.21910,-0.36512,0.64555,0.48442,0.46400,0.38297,0.64472,0.54940,
1403638161195097088,3.37149,16.53289,4.23842,-0.35129,0.65634,0.47147,0.47279,0.37653,0.55460,0.47841,
1403638161295097088,3.39322,16.56897,4.26530,-0.33460,0.67055,0.45538,0.48067,0.37622,0.52701,0.45731,
1403638161395097088,3.43481,16.63592,4.31555,-0.31685,0.68586,0.44051,0.48492,0.35724,0.49064,0.42864,
1403638161495096832,3.48500,16.71962,4.37668,-0.29997,0.69915,0.43184,0.48448,0.35918,0.51845,0.41468,
1403638161595097088,3.51199,16.78053,4.41093,-0.28964,0.70801,0.42410,0.48473,0.35218,0.53571,0.35156,
1403638161695097088,3.53306,16.84362,4.43824,-0.28594,0.71457,0.41599,0.48433,0.33951,0.55592,0.29483,
1403638161795097088,3.54800,16.90706,4.45977,-0.28599,0.71731,0.40771,0.48728,0.33549,0.57034,0.24907,
1403638161895097088,3.58265,16.96213,4.48101,-0.28443,0.71749,0.39918,0.49494,0.35846,0.56094,0.20251,
1403638161995096832,3.58733,17.03390,4.49213,-0.27883,0.72046,0.39036,0.50082,0.32512,0.56525,0.18951,
1403638162095097088,3.57135,17.10727,4.49572,-0.27393,0.72383,0.38338,0.50403,0.28759,0.59277,0.24303,
1403638162195097088,3.55433,17.17341,4.50543,-0.27134,0.72931,0.37775,0.50179,0.23188,0.57976,0.28522,
1403638162295097088,3.57301,17.22906,4.53203,-0.27008,0.73338,0.37445,0.49899,0.25197,0.57550,0.26443,
1403638162395097088,3.60528,17.30585,4.55124,-0.27289,0.73522,0.37022,0.49792,0.29987,0.58698,0.22235,
1403638162495096832,3.64807,17.36456,4.58102,-0.27372,0.73379,0.36869,0.50070,0.33579,0.55972,0.19505,
1403638162595097088,3.69431,17.42816,4.61157,-0.27009,0.73224,0.37163,0.50276,0.37502,0.55265,0.25139,
1403638162695097088,3.73282,17.45740,4.62560,-0.26604,0.73024,0.37574,0.50478,0.38385,0.49903,0.30548,
1403638162795097088,3.76689,17.51128,4.65785,-0.26402,0.73196,0.37598,0.50316,0.37815,0.48607,0.36328,
1403638162895097088,3.85613,17.57993,4.71564,-0.26581,0.73440,0.36977,0.50326,0.44270,0.48243,0.46148,
1403638162995096832,3.90183,17.63598,4.76459,-0.27020,0.73284,0.36039,0.50995,0.46491,0.47069,0.49449,
1403638163095097088,3.97959,17.66043,4.81021,-0.27407,0.72972,0.35141,0.51856,0.50785,0.40078,0.33182,
1403638163195097088,4.01263,17.59837,4.81634,-0.26890,0.73187,0.34474,0.52271,0.50816,0.26010,0.13422,
1403638163295097088,3.99594,17.36673,4.76882,-0.25959,0.73466,0.33923,0.52708,0.48464,0.01416,-0.00326,
1403638163395097088,4.03224,17.30190,4.74800,-0.24644,0.73868,0.33006,0.53356,0.46612,-0.06227,-0.04661,
1403638163495096832,4.09075,17.28809,4.74515,-0.23579,0.74391,0.31893,0.53785,0.45374,-0.07543,-0.02420,
1403638163595097088,4.13843,17.28562,4.74795,-0.22869,0.74831,0.30983,0.54013,0.41046,-0.08742,0.06025,
1403638163695097088,4.16894,17.28499,4.75633,-0.22240,0.75043,0.30430,0.54295,0.37029,-0.09347,0.15531,
1403638163795097088,4.20120,17.29334,4.78373,-0.21866,0.75148,0.30106,0.54482,0.32477,-0.08906,0.26394,
1403638163895097088,4.24898,17.30862,4.82932,-0.22023,0.75235,0.29762,0.54487,0.29456,-0.09632,0.34007,
1403638163995096832,4.28394,17.29895,4.86603,-0.22425,0.75481,0.29480,0.54135,0.28721,-0.11615,0.40011,
1403638164095097088,4.34444,17.31584,4.92852,-0.22880,0.75645,0.29355,0.53783,0.31592,-0.11166,0.48980,
1403638164195097088,4.37565,17.30068,4.97520,-0.23420,0.75609,0.29160,0.53708,0.31543,-0.16012,0.49225,
1403638164295097088,4.45146,17.29954,5.03672,-0.23914,0.75399,0.29173,0.53777,0.36729,-0.18883,0.45239,
1403638164395097088,4.48587,17.27096,5.07706,-0.24189,0.75239,0.29173,0.53879,0.35876,-0.25253,0.38482,
1403638164495096832,4.58561,17.25022,5.12180,-0.24578,0.75182,0.29328,0.53697,0.43781,-0.30635,0.34500,
1403638164595097088,4.63605,17.22128,5.15657,-0.24915,0.75227,0.29168,0.53566,0.44661,-0.36562,0.29375,
1403638164695097088,4.75214,17.18969,5.18281,-0.24828,0.75375,0.28935,0.53524,0.54190,-0.44659,0.23619,
1403638164795097088,4.80923,17.14452,5.20349,-0.23751,0.75153,0.28902,0.54337,0.55117,-0.50388,0.21607,
1403638164895097088,4.94269,17.09932,5.21402,-0.22422,0.74616,0.29375,0.55379,0.59823,-0.54255,0.16211,
1403638164995096832,5.05408,17.04916,5.21794,-0.22106,0.74342,0.29139,0.55995,0.59175,-0.56412,0.10336,
1403638165095097088,5.14329,16.99599,5.21910,-0.22760,0.74465,0.27810,0.56245,0.55751,-0.60381,0.02088,
1403638165195097088,5.22306,16.93776,5.22063,-0.22581,0.75173,0.27044,0.55748,0.53600,-0.65012,-0.02469,
1403638165295097088,5.28342,16.87926,5.21783,-0.21902,0.76350,0.26721,0.54561,0.51015,-0.67524,-0.06898,
1403638165395097088,5.35681,16.81527,5.22027,-0.21905,0.76996,0.26063,0.53967,0.53518,-0.69648,-0.07822,
1403638165495096832,5.44021,16.74873,5.22687,-0.21742,0.76736,0.25719,0.54566,0.58154,-0.73395,-0.08029,
1403638165595097088,5.54676,16.67351,5.23422,-0.21674,0.75901,0.25505,0.55846,0.61640,-0.77376,-0.09398,
1403638165695097088,5.63829,16.59787,5.22707,-0.21453,0.74957,0.25528,0.57179,0.61532,-0.82989,-0.14763,
1403638165795097088,5.71452,16.51755,5.20728,-0.21019,0.74657,0.25772,0.57623,0.56525,-0.88221,-0.21709,
1403638165895097088,5.77736,16.43647,5.18470,-0.20551,0.75288,0.26146,0.56795,0.50245,-0.92411,-0.17505,
1403638165995096832,5.83540,16.35092,5.16847,-0.20135,0.75968,0.26552,0.55843,0.47098,-0.93890,-0.10884,
1403638166095097088,5.89618,16.26078,5.16227,-0.19670,0.76565,0.27054,0.54945,0.46659,-0.94726,0.00097,
1403638166195097088,5.95747,16.16719,5.16851,-0.19318,0.76751,0.27606,0.54535,0.47882,-0.92025,0.16612,
1403638166295097088,6.02138,16.07973,5.19385,-0.19231,0.76699,0.28019,0.54428,0.48859,-0.89395,0.37558,
1403638166395097088,6.08038,15.99361,5.23767,-0.19091,0.76626,0.28410,0.54377,0.46928,-0.88822,0.53163,
1403638166495096832,6.12392,15.90854,5.29175,-0.19011,0.76629,0.28626,0.54288,0.44428,-0.85856,0.52103,
1403638166595097088,6.17889,15.82952,5.34007,-0.19243,0.76557,0.28688,0.54274,0.45468,-0.83478,0.44850,
1403638166695097088,6.22206,15.75056,5.38173,-0.19583,0.76641,0.28562,0.54100,0.44893,-0.80832,0.36521,
1403638166795097088,6.27533,15.68009,5.41658,-0.20452,0.77069,0.28122,0.53397,0.46720,-0.77698,0.27500,
1403638166895097088,6.31996,15.60389,5.44183,-0.21202,0.78102,0.27657,0.51823,0.48860,-0.77301,0.18774,
1403638166995096832,6.37940,15.53183,5.46465,-0.21219,0.78943,0.27666,0.50521,0.56941,-0.75556,0.16555,
1403638167095097088,6.44373,15.45804,5.48869,-0.20733,0.79257,0.28011,0.50038,0.67479,-0.73147,0.22718,
1403638167195097088,6.51706,15.38649,5.51859,-0.20140,0.79116,0.28427,0.50269,0.77347,-0.66961,0.32234,
1403638167295097088,6.60147,15.32318,5.55421,-0.19640,0.78852,0.28760,0.50691,0.86142,-0.59774,0.38640,
1403638167395097088,6.69196,15.26925,5.59446,-0.19494,0.78702,0.28773,0.50972,0.91769,-0.53042,0.42369,
1403638167495096832,6.78638,15.22350,5.63174,-0.19722,0.78470,0.28495,0.51396,0.96228,-0.48497,0.36524,
1403638167595097088,6.88293,15.18350,5.66237,-0.20281,0.78127,0.27949,0.51998,0.99514,-0.44725,0.28951,
1403638167695097088,6.98425,15.14002,5.68588,-0.21007,0.78076,0.26874,0.52352,1.03505,-0.44819,0.21428,
1403638167795097088,7.09103,15.09481,5.70245,-0.21299,0.78261,0.25486,0.52650,1.08627,-0.46514,0.16392,
1403638167895097088,7.20490,15.04736,5.71369,-0.21058,0.78635,0.23978,0.52898,1.14167,-0.50260,0.12506,
1403638167995096832,7.32202,14.99746,5.72239,-0.20341,0.78981,0.22524,0.53300,1.18959,-0.53983,0.10030,
1403638168095097088,7.44328,14.94565,5.73509,-0.19728,0.79225,0.21218,0.53703,1.24179,-0.56578,0.17262,
1403638168195097088,7.56546,14.88705,5.75744,-0.18815,0.79443,0.20142,0.54122,1.24647,-0.63669,0.25659,
1403638168295097088,7.68818,14.82021,5.78987,-0.17352,0.79759,0.19189,0.54491,1.25789,-0.69719,0.32786,
1403638168395097088,7.81204,14.74921,5.83165,-0.16039,0.79927,0.17939,0.55070,1.27363,-0.72963,0.40135,
1403638168495096832,7.93628,14.67622,5.87744,-0.14294,0.80278,0.17343,0.55230,1.26957,-0.74322,0.37131,
1403638168595097088,8.06116,14.60439,5.91744,-0.12421,0.80823,0.17352,0.54884,1.27494,-0.72948,0.30367,
1403638168695097088,8.18817,14.53588,5.95025,-0.10947,0.81205,0.17460,0.54599,1.28409,-0.68903,0.22305,
1403638168795097088,8.31709,14.47420,5.97783,-0.10292,0.81404,0.17438,0.54437,1.28791,-0.63750,0.16217,
1403638168895097088,8.44802,14.42052,6.00150,-0.09884,0.81555,0.17495,0.54268,1.32157,-0.56389,0.13271,
1403638168995096832,8.58092,14.37816,6.02245,-0.09870,0.81559,0.17554,0.54246,1.34544,-0.48302,0.10106,
1403638169095097088,8.71735,14.34568,6.03905,-0.10404,0.80982,0.17465,0.55033,1.36115,-0.40868,0.06003,
1403638169195097088,8.85371,14.30250,6.03930,-0.11463,0.80573,0.17152,0.55520,1.35499,-0.38697,-0.00797,
1403638169295097088,8.99402,14.27500,6.04477,-0.12802,0.80281,0.16119,0.55957,1.35960,-0.37957,-0.05131,
1403638169395097088,9.14090,14.24681,6.04460,-0.14259,0.79899,0.14204,0.56666,1.37454,-0.41606,-0.07564,
1403638169495096832,9.29241,14.21129,6.03275,-0.14606,0.79615,0.12358,0.57405,1.37523,-0.50014,-0.05727,
1403638169595097088,9.44291,14.16206,6.02182,-0.13862,0.79534,0.10835,0.58006,1.35075,-0.62240,0.00909,
1403638169695097088,9.58971,14.09035,6.01737,-0.11986,0.79807,0.09689,0.58252,1.31244,-0.72369,0.04935,
1403638169795097088,9.72506,14.01209,6.02167,-0.09543,0.80081,0.08558,0.58504,1.25584,-0.80462,0.13643,
1403638169895097088,9.84666,13.92934,6.03836,-0.06625,0.80288,0.07473,0.58771,1.19974,-0.83728,0.23625,
1403638169995096832,9.95442,13.84805,6.05430,-0.04027,0.79833,0.06096,0.59777,1.11733,-0.81956,0.28855,
1403638170095097088,10.05455,13.77211,6.07661,-0.02512,0.79362,0.03969,0.60660,1.02420,-0.79590,0.25640,
1403638170195097088,10.15049,13.69421,6.09689,-0.01570,0.79332,0.01403,0.60844,0.92648,-0.78512,0.16545,
1403638170295097088,10.23642,13.61774,6.11064,-0.00824,0.79405,-0.01282,0.60767,0.83113,-0.79168,0.10504,
1403638170395097088,10.31561,13.54001,6.12010,0.00119,0.79675,-0.03831,0.60309,0.74824,-0.81189,0.04970,
1403638170495096832,10.38780,13.45656,6.12550,0.00983,0.79823,-0.06301,0.59896,0.68860,-0.84206,0.04536,
1403638170595097088,10.45995,13.37016,6.13371,0.01437,0.79446,-0.08858,0.60065,0.64602,-0.90853,0.13200,
1403638170695097088,10.51556,13.27519,6.15447,0.02430,0.78829,-0.11013,0.60488,0.54097,-0.97259,0.22359,
1403638170795097088,10.57961,13.17677,6.18090,0.03658,0.78517,-0.12871,0.60465,0.45600,-1.02785,0.26826,
1403638170895097088,10.62572,13.07200,6.20859,0.05068,0.78301,-0.14547,0.60263,0.35885,-1.08140,0.23514,
1403638170995096832,10.66631,12.96424,6.23279,0.06512,0.78031,-0.16237,0.60042,0.27609,-1.13272,0.18064,
1403638171095097088,10.70519,12.85160,6.25188,0.07649,0.77598,-0.17812,0.60023,0.20786,-1.16447,0.13859,
1403638171195097088,10.74094,12.73559,6.27058,0.08382,0.77212,-0.19052,0.60042,0.12826,-1.19794,0.11721,
1403638171295097088,10.77385,12.61405,6.28836,0.08890,0.76918,-0.19908,0.60068,0.05677,-1.23199,0.10581,
1403638171395097088,10.80633,12.48792,6.30549,0.09184,0.76643,-0.20525,0.60168,-0.01825,-1.27651,0.09890,
1403638171495096832,10.84567,12.35499,6.31995,0.09517,0.76357,-0.21234,0.60234,-0.06773,-1.31444,0.09645,
1403638171595097088,10.87444,12.21751,6.32854,0.09735,0.75996,-0.21948,0.60400,-0.13878,-1.37201,0.07407,
1403638171695097088,10.89242,12.07801,6.33310,0.09905,0.75560,-0.22978,0.60537,-0.22389,-1.41491,0.05187,
1403638171795097088,10.90405,11.93348,6.33126,0.10309,0.75177,-0.24068,0.60522,-0.31147,-1.45993,0.05362,
1403638171895097088,10.91278,11.78512,6.32130,0.10563,0.74592,-0.25088,0.60788,-0.40001,-1.51791,0.10148,
1403638171995096832,10.87642,11.64817,6.30242,0.11504,0.74194,-0.25433,0.60960,-0.54078,-1.54850,0.12307,
1403638172095097088,10.80782,11.53134,6.28283,0.12389,0.74059,-0.25657,0.60856,-0.70398,-1.52601,0.11255,
1403638172195097088,10.70630,11.44480,6.27167,0.12930,0.74028,-0.25911,0.60673,-0.85600,-1.46206,0.02904,
1403638172295097088,10.58509,11.37946,6.26215,0.13509,0.74055,-0.26008,0.60472,-1.01253,-1.36427,-0.09176,
1403638172395097088,10.46211,11.31564,6.24945,0.13838,0.73985,-0.26081,0.60452,-1.12285,-1.28844,-0.19323,
1403638172495096832,10.33129,11.24140,6.22691,0.13882,0.73737,-0.26140,0.60719,-1.21871,-1.23418,-0.30064,
1403638172595097088,10.20049,11.16355,6.19741,0.13829,0.73518,-0.26133,0.60999,-1.32171,-1.19502,-0.37680,
1403638172695097088,10.06312,11.03656,6.15543,0.13397,0.73479,-0.26127,0.61145,-1.44867,-1.20345,-0.44692,
1403638172795097088,9.90971,10.95575,6.11158,0.13234,0.73520,-0.26035,0.61171,-1.57846,-1.17861,-0.48786,
1403638172895097088,9.74981,10.84888,6.06195,0.12893,0.73532,-0.26005,0.61242,-1.70396,-1.18131,-0.52559,
1403638172995096832,9.57119,10.76911,6.00825,0.12148,0.73771,-0.26161,0.61040,-1.83289,-1.16240,-0.58050,
1403638173095097088,9.37981,10.68474,5.94862,0.11404,0.74247,-0.26289,0.60550,-1.94477,-1.17136,-0.64452,
1403638173195097088,9.18034,10.60409,5.88871,0.11304,0.74757,-0.26197,0.59977,-2.05239,-1.18944,-0.70133,
1403638173295097088,8.96343,10.50673,5.82304,0.11905,0.75198,-0.25686,0.59530,-2.14003,-1.21246,-0.74521,
1403638173395097088,8.74192,10.40732,5.75281,0.13109,0.75658,-0.24930,0.59012,-2.20795,-1.22388,-0.79543,
1403638173495096832,8.51592,10.30514,5.67173,0.14463,0.76206,-0.24147,0.58313,-2.22583,-1.21186,-0.90971,
1403638173595097088,8.29094,10.20097,5.58528,0.15449,0.76411,-0.23658,0.57991,-2.20515,-1.19574,-0.93056,
1403638173695097088,8.07043,10.10008,5.49488,0.15702,0.76425,-0.23706,0.57885,-2.23242,-1.12962,-0.96622,
1403638173795097088,7.84948,10.00445,5.39846,0.15705,0.76452,-0.23945,0.57751,-2.22519,-1.09892,-0.98098,
1403638173895097088,7.63107,9.91822,5.30413,0.15887,0.76564,-0.24090,0.57491,-2.23687,-1.01727,-0.92116,
1403638173995096832,7.41279,9.84253,5.21485,0.15945,0.76444,-0.24283,0.57554,-2.25820,-0.94192,-0.85534,
1403638174095097088,7.19494,9.77747,5.12902,0.15960,0.76469,-0.24472,0.57436,-2.27614,-0.85957,-0.79920,
1403638174195097088,6.97811,9.71627,5.04409,0.16104,0.76774,-0.24558,0.56951,-2.26553,-0.80799,-0.81452,
1403638174295097088,6.76247,9.65601,4.95477,0.15940,0.77325,-0.24733,0.56170,-2.24448,-0.76586,-0.90359,
1403638174395097088,6.54924,9.59384,4.86290,0.15848,0.77661,-0.24850,0.55679,-2.18229,-0.74731,-0.93824,
1403638174495096832,6.34331,9.52647,4.77687,0.15727,0.77967,-0.24888,0.55266,-2.12003,-0.73447,-0.89255,
1403638174595097088,6.14964,9.45495,4.70202,0.15856,0.78365,-0.24766,0.54720,-2.03595,-0.75410,-0.80089,
1403638174695097088,5.95395,9.38025,4.63186,0.15959,0.78832,-0.24680,0.54053,-1.97711,-0.75866,-0.75074,
1403638174795097088,5.75762,9.30340,4.56691,0.15919,0.79242,-0.24699,0.53454,-1.91356,-0.75276,-0.65105,
1403638174895097088,5.57554,9.23048,4.51172,0.16087,0.79456,-0.24594,0.53133,-1.80157,-0.75168,-0.59117,
1403638174995096832,5.38693,9.15289,4.45473,0.16089,0.79560,-0.24682,0.52936,-1.73307,-0.74697,-0.54163,
1403638175095097088,5.20417,9.07515,4.40160,0.16224,0.79413,-0.24703,0.53104,-1.63388,-0.76760,-0.46184,
1403638175195097088,5.03197,8.99750,4.35434,0.16543,0.79374,-0.24697,0.53067,-1.55439,-0.77387,-0.41223,
1403638175295097088,4.86073,8.92014,4.30879,0.16728,0.79547,-0.24783,0.52709,-1.48271,-0.77548,-0.35612,
1403638175395097088,4.70546,8.84544,4.27293,0.16854,0.80053,-0.24900,0.51840,-1.40816,-0.77273,-0.28958,
1403638175495096832,4.56179,8.77019,4.24570,0.17083,0.80665,-0.24872,0.50820,-1.27045,-0.79207,-0.20912,
1403638175595097088,4.42688,8.69516,4.22756,0.16974,0.81389,-0.24987,0.49632,-1.15964,-0.78874,-0.13457,
1403638175695097088,4.30805,8.62220,4.21954,0.16622,0.82061,-0.25211,0.48519,-1.03024,-0.79784,-0.07393,
1403638175795097088,4.20766,8.54512,4.21713,0.16392,0.82448,-0.25318,0.47882,-0.88702,-0.82883,-0.10871,
1403638175895097088,4.12845,8.46352,4.20713,0.16559,0.82666,-0.25116,0.47553,-0.73865,-0.87387,-0.22394,
1403638175995096832,4.04979,8.37580,4.18452,0.17322,0.82628,-0.24422,0.47709,-0.58429,-0.90594,-0.26135,
1403638176095097088,3.98311,8.28449,4.15896,0.18314,0.81860,-0.23587,0.49063,-0.42913,-0.92174,-0.24396,
1403638176195097088,3.93182,8.19168,4.13644,0.18889,0.80342,-0.23103,0.51523,-0.31799,-0.88831,-0.17955,
1403638176295097088,3.88609,8.10064,4.11605,0.18939,0.79053,-0.23067,0.53477,-0.28550,-0.83362,-0.14575,
1403638176395097088,3.83498,8.01351,4.09406,0.19063,0.78478,-0.23032,0.54289,-0.27642,-0.77758,-0.12231,
1403638176495096832,3.78949,7.93515,4.07294,0.19247,0.78432,-0.22969,0.54317,-0.26381,-0.70941,-0.06585,
1403638176595097088,3.74908,7.86198,4.05569,0.19282,0.78546,-0.23045,0.54108,-0.24128,-0.64507,-0.05828,
1403638176695097088,3.73556,7.80210,4.05780,0.19392,0.78614,-0.23081,0.53955,-0.17032,-0.58423,0.03665,
1403638176795097088,3.72315,7.74061,4.05807,0.19235,0.78638,-0.23201,0.53925,-0.12682,-0.52088,0.10289,
1403638176895097088,3.71058,7.68901,4.07203,0.18761,0.78602,-0.23571,0.53983,-0.09477,-0.45982,0.12893,
1403638176995096832,3.70470,7.64123,4.08631,0.18838,0.78651,-0.23545,0.53896,-0.06380,-0.42620,0.09588,
1403638177095097088,3.71911,7.59246,4.09165,0.19057,0.78806,-0.23412,0.53650,-0.00899,-0.40444,0.02928,
1403638177195097088,3.72791,7.55782,4.09205,0.19383,0.78872,-0.23263,0.53501,0.03985,-0.35115,-0.04904,
1403638177295097088,3.73850,7.52323,4.08563,0.19533,0.78886,-0.23205,0.53450,0.08958,-0.30291,-0.10742,
1403638177395097088,3.77739,7.48511,4.07244,0.19568,0.78895,-0.23208,0.53423,0.15874,-0.26809,-0.15721,
1403638177495096832,3.79824,7.45790,4.05525,0.19188,0.78837,-0.23606,0.53473,0.20732,-0.21871,-0.19321,
1403638177595097088,3.80412,7.42179,4.03473,0.17919,0.78541,-0.24587,0.53905,0.22326,-0.20162,-0.22630,
1403638177695097088,3.80939,7.38672,4.01086,0.17028,0.78276,-0.25374,0.54213,0.21920,-0.21821,-0.26737,
1403638177795097088,3.84166,7.33442,3.98534,0.16343,0.77730,-0.26184,0.54821,0.22524,-0.26679,-0.27720,
1403638177895097088,3.86228,7.30950,3.95351,0.16175,0.76860,-0.26654,0.55861,0.18989,-0.28620,-0.25109,
1403638177995096832,3.88751,7.26142,3.93201,0.16361,0.76271,-0.26763,0.56558,0.12928,-0.32023,-0.18582,
1403638178095097088,3.90977,7.22760,3.92332,0.17277,0.75921,-0.26791,0.56742,0.07535,-0.34667,-0.10110,
1403638178195097088,3.92187,7.20291,3.91849,0.18224,0.75461,-0.27553,0.56695,-0.00081,-0.32843,-0.04198,
1403638178295097088,3.93189,7.18025,3.92712,0.19234,0.74765,-0.28859,0.56634,-0.06041,-0.31117,0.07137,
1403638178395097088,3.93301,7.16229,3.94172,0.20424,0.73988,-0.30521,0.56365,-0.14348,-0.25852,0.08542,
1403638178495096832,3.92453,7.13993,3.94597,0.21448,0.73371,-0.32688,0.55571,-0.19709,-0.22711,0.01914,
1403638178595097088,3.91360,7.12152,3.94308,0.22340,0.72901,-0.35096,0.54357,-0.24339,-0.20493,-0.03068,
1403638178695097088,3.89770,7.11036,3.93653,0.23272,0.72177,-0.37313,0.53447,-0.27869,-0.19337,-0.07667,
1403638178795097088,3.87948,7.10097,3.92841,0.24446,0.71311,-0.39224,0.52712,-0.31859,-0.19126,-0.11016,
1403638178895097088,3.85917,7.08114,3.91572,0.25449,0.70856,-0.40852,0.51603,-0.33716,-0.19863,-0.14261,
1403638178995096832,3.83346,7.05610,3.90401,0.26014,0.70766,-0.42082,0.50444,-0.35045,-0.21622,-0.18301,
1403638179095097088,3.78048,7.03363,3.88666,0.26534,0.70908,-0.42751,0.49401,-0.38826,-0.25149,-0.21532,
1403638179195097088,3.73606,7.01207,3.86386,0.27280,0.70924,-0.43335,0.48453,-0.40779,-0.28792,-0.24886,
1403638179295097088,3.69536,6.98057,3.83782,0.28073,0.70896,-0.43977,0.47451,-0.39666,-0.33728,-0.28119,
1403638179395097088,3.65565,6.94492,3.80983,0.29086,0.70299,-0.44861,0.46899,-0.38076,-0.38423,-0.27967,
1403638179495096832,3.61780,6.90562,3.78115,0.30229,0.68707,-0.46053,0.47378,-0.37841,-0.41681,-0.30447,
1403638179595097088,3.57986,6.86213,3.74992,0.31531,0.67090,-0.47447,0.47470,-0.39835,-0.43321,-0.30802,
1403638179695097088,3.53905,6.81988,3.72018,0.32782,0.65612,-0.48973,0.47139,-0.42500,-0.41545,-0.27093,
1403638179795097088,3.49096,6.77617,3.70038,0.34006,0.64272,-0.50556,0.46442,-0.45868,-0.39697,-0.18417,
1403638179895097088,3.44464,6.73660,3.68444,0.35171,0.62987,-0.52130,0.45586,-0.47007,-0.39776,-0.14945,
1403638179995096832,3.40160,6.69400,3.67027,0.35675,0.62286,-0.53670,0.44354,-0.47430,-0.40574,-0.10570,
1403638180095097088,3.35527,6.64892,3.66341,0.35804,0.61732,-0.54917,0.43491,-0.48118,-0.43116,-0.05714,
1403638180195097088,3.31058,6.59962,3.65764,0.36173,0.61269,-0.55550,0.43033,-0.49156,-0.45127,-0.05390,
1403638180295097088,3.26721,6.54331,3.65074,0.36316,0.61051,-0.55975,0.42670,-0.50180,-0.48856,-0.09861,
1403638180395097088,3.22550,6.48055,3.64111,0.36401,0.60996,-0.56174,0.42414,-0.50806,-0.53415,-0.15550,
1403638180495096832,3.17585,6.42351,3.62222,0.36690,0.61136,-0.56049,0.42127,-0.51714,-0.56919,-0.19146,
1403638180595097088,3.13647,6.34890,3.60842,0.36930,0.61346,-0.55833,0.41899,-0.51311,-0.60933,-0.19012,
1403638180695097088,3.08901,6.28250,3.59141,0.36872,0.61747,-0.55719,0.41511,-0.49679,-0.64564,-0.14142,
1403638180795097088,3.13917,6.14635,3.59071,0.36527,0.62161,-0.55904,0.40947,-0.38436,-0.76710,-0.04738,
1403638180895097088,3.12778,6.05620,3.60365,0.36200,0.62356,-0.55851,0.41012,-0.34602,-0.83020,0.02062,
1403638180995096832,3.10766,5.96729,3.62250,0.35997,0.62318,-0.55755,0.41378,-0.32900,-0.88008,0.00196,
1403638181095097088,3.06618,5.87901,3.61368,0.35804,0.62275,-0.55600,0.41816,-0.33580,-0.91956,-0.07808,
1403638181195097088,3.02488,5.78455,3.59767,0.35664,0.62037,-0.55503,0.42412,-0.34623,-0.95901,-0.12037,
1403638181295097088,2.98311,5.68139,3.58814,0.35828,0.61216,-0.55540,0.43407,-0.39022,-0.98337,-0.15669,
1403638181395097088,2.94482,5.58405,3.57079,0.36297,0.59999,-0.56106,0.43985,-0.43696,-0.97275,-0.21919,
1403638181495096832,2.90380,5.47727,3.55363,0.36904,0.58322,-0.57209,0.44315,-0.49990,-0.97719,-0.23422,
1403638181595097088,2.86461,5.36116,3.53519,-0.38447,-0.56056,0.58096,-0.44771,-0.57240,-0.93652,-0.23491,
1403638181695097088,2.80569,5.22696,3.51400,-0.39980,-0.54743,0.59126,-0.43692,-0.64307,-0.89269,-0.17939,
1403638181795097088,2.73008,5.11051,3.50047,-0.41264,-0.53808,0.60326,-0.41986,-0.71093,-0.85008,-0.08805,
1403638181895097088,2.64487,4.99661,3.49220,-0.42421,-0.53148,0.61530,-0.39872,-0.74191,-0.81356,-0.01613,
1403638181995096832,2.56305,4.89435,3.49433,-0.42907,-0.52408,0.62813,-0.38300,-0.73984,-0.80106,0.03584,
1403638182095097088,2.48236,4.79054,3.50283,-0.42841,-0.51903,0.63980,-0.37112,-0.75258,-0.81295,0.11597,
1403638182195097088,2.41779,4.71195,3.51892,-0.42806,-0.51463,0.64833,-0.36275,-0.75051,-0.81914,0.11357,
1403638182295097088,2.34940,4.61641,3.53041,-0.42257,-0.50960,0.65721,-0.36030,-0.75047,-0.85322,0.06780,
1403638182395097088,2.26695,4.48610,3.53748,-0.41720,-0.50698,0.66298,-0.35969,-0.79374,-0.92967,0.05730,
1403638182495096832,2.18456,4.36183,3.55344,-0.41886,-0.51170,0.66250,-0.35186,-0.83180,-0.99321,0.14872,
1403638182595097088,2.09985,4.26034,3.57314,-0.42349,-0.51929,0.65847,-0.34266,-0.84977,-1.04711,0.22802,
1403638182695097088,2.02217,4.13450,3.61262,-0.42432,-0.52333,0.65652,-0.33920,-0.83871,-1.10851,0.30415,
1403638182795097088,1.94298,3.98504,3.65235,-0.42383,-0.52401,0.65544,-0.34085,-0.82303,-1.20297,0.28716,
1403638182895097088,1.87182,3.81876,3.68945,-0.42509,-0.52325,0.65345,-0.34424,-0.80679,-1.29327,0.23993,
1403638182995096832,1.78096,3.66300,3.73414,-0.42861,-0.52131,0.64906,-0.35108,-0.82753,-1.34993,0.21843,
1403638183095097088,1.65906,3.49069,3.76730,-0.43350,-0.52079,0.64301,-0.35693,-0.87348,-1.40686,0.18547,
1403638183195097088,1.53515,3.32288,3.79217,-0.43798,-0.52257,0.63789,-0.35804,-0.90178,-1.44184,0.13618,
1403638183295097088,1.41530,3.16597,3.81138,-0.43625,-0.52774,0.63755,-0.35314,-0.91127,-1.44562,0.07423,
1403638183395097088,1.32658,3.05077,3.82448,-0.42936,-0.53145,0.64167,-0.34852,-0.89959,-1.43493,0.05790,
1403638183495096832,1.25307,2.95332,3.83546,-0.42578,-0.53556,0.64408,-0.34211,-0.86140,-1.41501,0.03309,
1403638183595097088,1.16491,2.80668,3.83864,-0.42409,-0.53772,0.64520,-0.33869,-0.84688,-1.46481,0.01342,
1403638183695097088,1.06927,2.67044,3.85346,-0.43047,-0.53575,0.64075,-0.34221,-0.83555,-1.51453,0.09730,
1403638183795097088,0.98803,2.51840,3.86229,-0.43959,-0.53142,0.63479,-0.34842,-0.80071,-1.51575,0.15043,
1403638183895097088,0.93267,2.41236,3.88568,-0.44847,-0.52728,0.62923,-0.35344,-0.73469,-1.44940,0.21620,
1403638183995096832,0.88420,2.30753,3.91560,-0.44983,-0.52608,0.62918,-0.35359,-0.66773,-1.39097,0.29078,
1403638184095097088,0.84045,2.20000,3.95016,-0.44538,-0.52706,0.63312,-0.35071,-0.61225,-1.36685,0.32848,
1403638184195097088,0.80622,2.09838,3.98239,-0.43831,-0.52951,0.63912,-0.34501,-0.55743,-1.33589,0.27320,
1403638184295097088,0.75633,1.96909,4.00817,-0.43497,-0.53027,0.64234,-0.34208,-0.53446,-1.35225,0.22147,
1403638184395097088,0.72505,1.85987,4.03582,-0.43849,-0.52814,0.64065,-0.34403,-0.48879,-1.36412,0.19966,
1403638184495096832,0.68091,1.72581,4.05363,-0.44341,-0.52646,0.63782,-0.34557,-0.45811,-1.36910,0.17049,
1403638184595097088,0.64045,1.59012,4.07873,-0.44553,-0.52462,0.63699,-0.34715,-0.42264,-1.37444,0.18421,
1403638184695097088,0.59214,1.43768,4.10567,-0.44619,-0.52405,0.63672,-0.34766,-0.39589,-1.39302,0.19142,
1403638184795097088,0.55187,1.29058,4.12882,-0.44557,-0.52277,0.63728,-0.34936,-0.37157,-1.40207,0.20076,
1403638184895097088,0.52252,1.15880,4.15206,-0.44643,-0.52335,0.63721,-0.34752,-0.33365,-1.40169,0.21875,
1403638184995096832,0.49574,1.02914,4.17859,-0.44785,-0.52199,0.63651,-0.34901,-0.30136,-1.38512,0.23705,
1403638185095097088,0.46662,0.89023,4.20438,-0.44758,-0.52249,0.63692,-0.34786,-0.27674,-1.38580,0.25965,
1403638185195097088,0.44743,0.76536,4.23431,-0.44816,-0.52372,0.63638,-0.34626,-0.24410,-1.37740,0.26197,
1403638185295097088,0.42895,0.63173,4.26039,-0.45088,-0.52624,0.63423,-0.34283,-0.20359,-1.37765,0.26987,
1403638185395097088,0.41466,0.49745,4.29229,-0.45477,-0.52826,0.63028,-0.34186,-0.13712,-1.38252,0.27932,
1403638185495096832,0.40159,0.35683,4.31957,-0.45831,-0.53316,0.62146,-0.34567,-0.07207,-1.38002,0.28832,
1403638185595097088,0.38537,0.19219,4.35531,-0.45732,-0.54137,0.61126,-0.35233,-0.01340,-1.39765,0.28907,
1403638185695097088,0.37666,0.03077,4.39031,-0.45426,-0.54793,0.60276,-0.36068,0.04171,-1.40172,0.29447,
1403638185795097088,0.37351,-0.12778,4.42565,-0.44370,-0.54966,0.60165,-0.37285,0.08595,-1.39472,0.29505,
1403638185895097088,0.37435,-0.27953,4.45809,-0.42333,-0.54711,0.60978,-0.38681,0.08500,-1.37553,0.26101,
1403638185995096832,0.37366,-0.42705,4.48526,-0.40949,-0.54616,0.61505,-0.39465,0.03750,-1.36702,0.21142,
1403638186095097088,0.36413,-0.57758,4.50741,-0.40828,-0.55160,0.61351,-0.39070,-0.01777,-1.37683,0.16666,
1403638186195097088,0.34148,-0.74694,4.52926,-0.41196,-0.55670,0.60982,-0.38535,-0.06315,-1.39847,0.16299,
1403638186295097088,0.33033,-0.89626,4.54956,-0.41412,-0.55915,0.60797,-0.38240,-0.07656,-1.41187,0.22381,
1403638186395097088,0.30702,-1.06109,4.58041,-0.41542,-0.56081,0.60720,-0.37977,-0.08870,-1.43682,0.30047,
1403638186495096832,0.30324,-1.20076,4.61126,-0.41765,-0.55998,0.60647,-0.37972,-0.08432,-1.41370,0.32936,
1403638186595097088,0.28159,-1.36182,4.64466,-0.41976,-0.56141,0.60571,-0.37648,-0.08409,-1.43579,0.29544,
1403638186695097088,0.28171,-1.49671,4.67102,-0.42359,-0.56324,0.60413,-0.37198,-0.05440,-1.44907,0.23763,
1403638186795097088,0.28032,-1.63141,4.68916,-0.42831,-0.56827,0.59822,-0.36845,-0.01544,-1.45828,0.18426,
1403638186895097088,0.27472,-1.78463,4.70710,-0.42838,-0.57696,0.59042,-0.36743,0.03442,-1.47644,0.14252,
1403638186995096832,0.28938,-1.92033,4.71879,0.42206,0.58695,-0.58157,0.37300,0.12571,-1.48346,0.16293,
1403638187095097088,0.30032,-2.07694,4.74120,0.41029,0.59532,-0.56945,0.39113,0.18197,-1.51379,0.25735,
1403638187195097088,0.32421,-2.22552,4.76820,0.39855,0.60448,-0.55263,0.41275,0.22564,-1.48795,0.31929,
1403638187295097088,0.35388,-2.36470,4.80028,0.38842,0.61437,-0.53245,0.43378,0.23908,-1.46113,0.38801,
1403638187395097088,0.38290,-2.49371,4.84057,0.38042,0.62333,-0.51379,0.45029,0.23745,-1.39880,0.45627,
1403638187495096832,0.40552,-2.64475,4.88819,0.37381,0.63114,-0.50014,0.46020,0.22106,-1.34454,0.47196,
1403638187595097088,0.42457,-2.79979,4.93598,0.36507,0.64012,-0.49425,0.46117,0.20303,-1.30409,0.44811,
1403638187695097088,0.44093,-2.94976,4.98233,0.35782,0.64788,-0.49252,0.45787,0.19341,-1.28496,0.41457,
1403638187795097088,0.45696,-3.08735,5.02107,0.35684,0.65300,-0.48978,0.45428,0.19438,-1.27168,0.35493,
1403638187895097088,0.47656,-3.21569,5.05583,0.36173,0.65589,-0.48554,0.45078,0.21566,-1.23512,0.32200,
1403638187995096832,0.49439,-3.34731,5.08694,0.36937,0.65512,-0.48099,0.45060,0.23516,-1.20259,0.29518,
1403638188095097088,0.52037,-3.46876,5.11488,0.37827,0.65385,-0.47652,0.44979,0.27200,-1.14778,0.24934,
1403638188195097088,0.55014,-3.57186,5.13388,0.38610,0.65125,-0.47292,0.45073,0.32444,-1.07099,0.19493,
1403638188295097088,0.58513,-3.68037,5.15045,0.38884,0.64056,-0.47268,0.46374,0.37199,-0.99094,0.14944,
1403638188395097088,0.61501,-3.77905,5.16379,0.39091,0.62742,-0.47188,0.48047,0.37047,-0.89087,0.11481,
1403638188495096832,0.63673,-3.86880,5.17427,0.39150,0.61752,-0.47177,0.49279,0.33795,-0.76322,0.08485,
1403638188595097088,0.66953,-3.91389,5.17259,0.39158,0.61202,-0.47123,0.50004,0.31498,-0.58256,0.08746,
1403638188695097088,0.71099,-3.92079,5.17388,0.38750,0.61598,-0.46994,0.49956,0.29837,-0.37813,0.16471,
1403638188795097088,0.73704,-3.95873,5.19623,0.37836,0.62579,-0.46937,0.49490,0.24565,-0.22661,0.22491,
1403638188895097088,0.77713,-3.93903,5.21605,0.37120,0.63340,-0.46866,0.49129,0.25311,-0.13303,0.35500,
1403638188995096832,0.81928,-3.90876,5.24443,0.36585,0.63934,-0.46800,0.48823,0.25280,-0.01232,0.43732,
1403638189095097088,0.85436,-3.89063,5.28015,0.35878,0.64417,-0.46428,0.49068,0.24951,0.07569,0.47044,
1403638189195097088,0.87469,-3.89912,5.33216,0.34889,0.65082,-0.45684,0.49599,0.22585,0.13456,0.42188,
1403638189295097088,0.90563,-3.85088,5.35564,0.33620,0.66068,-0.44737,0.50034,0.20416,0.21388,0.35908,
1403638189395097088,0.93005,-3.79964,5.37683,0.32137,0.67591,-0.43954,0.49665,0.16864,0.27610,0.29385,
1403638189495096832,0.94538,-3.75621,5.40234,0.30694,0.69143,-0.43437,0.48890,0.14534,0.30491,0.34158,
1403638189595097088,0.95492,-3.71268,5.43792,0.29662,0.70075,-0.43046,0.48545,0.13148,0.28666,0.44807,
1403638189695097088,0.95613,-3.65855,5.47819,0.28698,0.70743,-0.42915,0.48271,0.11910,0.26698,0.42554,
1403638189795097088,0.94262,-3.58038,5.51038,0.27766,0.71263,-0.43032,0.47946,0.08106,0.26449,0.35258,
1403638189895097088,0.92684,-3.52567,5.53861,0.27307,0.71805,-0.43067,0.47367,0.06546,0.22369,0.30445,
1403638189995096832,0.90846,-3.47713,5.56230,0.27244,0.71958,-0.43008,0.47225,0.04945,0.16966,0.25084,
1403638190095097088,0.89941,-3.43032,5.58302,0.27773,0.71467,-0.42683,0.47951,0.05266,0.13057,0.21741,
1403638190195097088,0.91492,-3.42632,5.60214,0.28702,0.70761,-0.42262,0.48815,0.06710,0.08327,0.15158,
1403638190295097088,0.92868,-3.42753,5.61701,0.30270,0.70311,-0.41106,0.49502,0.07687,0.07812,0.10094,
1403638190395097088,0.93036,-3.39971,5.62581,0.31587,0.70379,-0.39432,0.49941,0.08861,0.13502,0.06059,
1403638190495096832,0.91297,-3.34780,5.62361,0.32031,0.70802,-0.38149,0.50058,0.08486,0.23845,-0.01214,
1403638190595097088,0.93326,-3.29464,5.61323,0.31524,0.71158,-0.37789,0.50148,0.12805,0.32727,-0.04507,
1403638190695097088,0.95140,-3.26583,5.61027,0.30888,0.71355,-0.37668,0.50354,0.14758,0.38423,-0.02512,
1403638190795097088,0.98260,-3.18909,5.59703,0.30186,0.71326,-0.37762,0.50749,0.16555,0.48993,-0.02447,
1403638190895097088,1.02884,-3.10973,5.57358,0.29215,0.71246,-0.38246,0.51066,0.20366,0.54290,0.05614,
1403638190995096832,1.07228,-3.06073,5.54266,0.28774,0.71202,-0.38428,0.51241,0.19705,0.58879,0.09382,
1403638191095097088,1.10815,-3.02498,5.52150,0.28770,0.70915,-0.38353,0.51695,0.17789,0.60129,0.13360,
1403638191195097088,1.12396,-2.96022,5.53818,0.28446,0.71257,-0.38561,0.51247,0.15475,0.62012,0.17599,
1403638191295097088,1.16259,-2.90875,5.54235,0.27843,0.71883,-0.39108,0.50281,0.15858,0.62758,0.21128,
1403638191395097088,1.17788,-2.84320,5.56863,0.27759,0.72322,-0.39258,0.49576,0.15312,0.61854,0.20441,
1403638191495096832,1.21168,-2.79271,5.58521,0.27665,0.72406,-0.39514,0.49301,0.18812,0.57774,0.16004,
1403638191595097088,1.22910,-2.73695,5.59814,0.27888,0.72411,-0.39484,0.49192,0.19753,0.55707,0.08859,
1403638191695097088,1.27224,-2.70415,5.60348,0.28270,0.72517,-0.39398,0.48887,0.23810,0.50794,0.03198,
1403638191795097088,1.29512,-2.64696,5.60549,0.28825,0.72684,-0.39085,0.48564,0.27167,0.49613,-0.01838,
1403638191895097088,1.32525,-2.59396,5.59964,0.29057,0.72732,-0.39013,0.48412,0.30880,0.48834,-0.05563,
1403638191995096832,1.39880,-2.57273,5.59526,0.29066,0.72694,-0.39155,0.48349,0.38316,0.45767,-0.02377,
1403638192095097088,1.43875,-2.52757,5.59729,0.29216,0.72704,-0.39069,0.48313,0.43051,0.44668,0.05823,
1403638192195097088,1.53186,-2.54359,5.60808,0.29094,0.72529,-0.39224,0.48524,0.52939,0.37788,0.17467,
1403638192295097088,1.58462,-2.50751,5.62869,0.29061,0.72051,-0.39213,0.49259,0.56826,0.35178,0.27241,
1403638192395097088,1.67716,-2.46658,5.65572,0.29218,0.71593,-0.39183,0.49854,0.62004,0.35724,0.33437,
1403638192495096832,1.76396,-2.41645,5.68919,0.29277,0.71337,-0.39201,0.50172,0.63649,0.38519,0.40687,
1403638192595097088,1.84640,-2.35875,5.72756,0.29578,0.70982,-0.39064,0.50604,0.65020,0.41097,0.42767,
1403638192695097088,1.91606,-2.31295,5.77010,0.29908,0.70266,-0.38893,0.51532,0.63902,0.44709,0.38380,
1403638192795097088,2.00068,-2.24301,5.80285,0.30209,0.69538,-0.38768,0.52430,0.61397,0.50978,0.31452,
1403638192895097088,2.06978,-2.17682,5.82454,0.30142,0.68672,-0.38792,0.53580,0.57358,0.58321,0.27909,
1403638192995096832,2.12824,-2.10532,5.83818,0.29705,0.67373,-0.38929,0.55345,0.48499,0.65573,0.22722,
1403638193095097088,2.18168,-2.02034,5.84795,0.28965,0.67134,-0.38860,0.56071,0.37205,0.75169,0.23154,
1403638193195097088,2.22706,-1.92514,5.86424,0.28377,0.68221,-0.38421,0.55358,0.27021,0.83282,0.29986,
1403638193295097088,2.25560,-1.82578,5.89269,0.28057,0.69240,-0.37842,0.54651,0.15902,0.92848,0.39295,
1403638193395097088,2.26457,-1.72486,5.93176,0.28269,0.70002,-0.37047,0.54112,0.08433,0.96463,0.47674,
1403638193495096832,2.26299,-1.62294,5.97592,0.28462,0.70244,-0.36435,0.54113,0.02693,1.00609,0.45638,
1403638193595097088,2.26340,-1.52027,6.01717,0.28344,0.70481,-0.36211,0.54016,-0.01488,1.05962,0.37380,
1403638193695097088,2.25306,-1.40889,6.05083,0.27830,0.71209,-0.36421,0.53181,-0.06435,1.10137,0.29621,
1403638193795097088,2.25121,-1.29659,6.07877,0.27145,0.71871,-0.36858,0.52337,-0.09047,1.12512,0.23583,
1403638193895097088,2.24342,-1.17831,6.10662,0.26908,0.72235,-0.37094,0.51789,-0.10310,1.13515,0.19976,
1403638193995096832,2.23295,-1.05912,6.13245,0.26706,0.72409,-0.37318,0.51488,-0.09309,1.13024,0.15695,
1403638194095097088,2.22830,-0.94547,6.14553,0.27029,0.72212,-0.37218,0.51668,-0.09223,1.11252,0.11274,
1403638194195097088,2.21533,-0.82827,6.16009,0.27482,0.71677,-0.37037,0.52302,-0.10919,1.11695,0.06763,
1403638194295097088,2.19971,-0.71746,6.15837,0.27690,0.71364,-0.36961,0.52672,-0.12702,1.14083,-0.00677,
1403638194395097088,2.18195,-0.59876,6.16223,0.27367,0.71650,-0.37313,0.52203,-0.15189,1.15996,0.03085,
1403638194495096832,2.16603,-0.48336,6.16785,0.26957,0.71953,-0.37714,0.51708,-0.16846,1.14981,0.09557,
1403638194595097088,2.14356,-0.36439,6.19023,0.26832,0.72267,-0.37948,0.51162,-0.19440,1.17127,0.13497,
1403638194695097088,2.11520,-0.24978,6.21943,0.26536,0.72753,-0.38277,0.50376,-0.18314,1.12896,0.15659,
1403638194795097088,2.10134,-0.13605,6.23445,0.26441,0.73111,-0.38485,0.49745,-0.16743,1.09270,0.12495,
1403638194895097088,2.09178,-0.01930,6.25313,0.26437,0.73358,-0.38688,0.49222,-0.13629,1.05591,0.06425,
1403638194995096832,2.08711,0.09592,6.25986,0.26445,0.73477,-0.38806,0.48948,-0.10678,1.01565,0.00770,
1403638195095097088,2.08123,0.19510,6.25746,0.26454,0.73582,-0.38838,0.48759,-0.06441,0.96234,-0.04981,
1403638195195097088,2.08510,0.29630,6.25084,0.26150,0.73848,-0.39139,0.48278,-0.01625,0.91987,-0.10994,
1403638195295097088,2.08489,0.38403,6.23920,0.25428,0.74544,-0.39648,0.47166,0.02650,0.83908,-0.14581,
1403638195395097088,2.09386,0.45638,6.22353,0.25242,0.74761,-0.39786,0.46805,0.09556,0.72002,-0.14696,
1403638195495096832,2.10106,0.51173,6.20526,0.25838,0.73959,-0.39385,0.48076,0.14156,0.62984,-0.16335,
1403638195595097088,2.11119,0.56596,6.17977,0.26495,0.73086,-0.38920,0.49413,0.16482,0.56894,-0.21806,
1403638195695097088,2.12275,0.61765,6.15261,0.26672,0.72852,-0.38746,0.49799,0.16982,0.53448,-0.21419,
1403638195795097088,2.12914,0.69244,6.12756,0.26445,0.72990,-0.38856,0.49632,0.17332,0.51611,-0.16305,
1403638195895097088,2.14800,0.74375,6.11474,0.26181,0.73453,-0.39019,0.48956,0.19764,0.46879,-0.09763,
1403638195995096832,2.16883,0.79575,6.11014,0.25851,0.73845,-0.39240,0.48361,0.24234,0.39348,-0.02264,
1403638196095097088,2.18673,0.85982,6.11028,0.25884,0.73844,-0.39210,0.48370,0.28651,0.32682,0.07468,
1403638196195097088,2.21321,0.90290,6.11941,0.26280,0.73421,-0.38923,0.49028,0.31521,0.27855,0.16856,
1403638196295097088,2.23282,0.96815,6.12928,0.26674,0.72940,-0.38643,0.49748,0.31343,0.29079,0.16185,
1403638196395097088,2.26136,1.01368,6.13698,0.26758,0.72760,-0.38613,0.49990,0.31806,0.29658,0.07724,
1403638196495096832,2.28165,1.05103,6.13532,0.26681,0.72780,-0.38692,0.49941,0.31218,0.27670,-0.00399,
1403638196595097088,2.31290,1.06702,6.13681,0.26322,0.73026,-0.39026,0.49511,0.32076,0.24516,-0.07531,
1403638196695097088,2.34570,1.07587,6.13523,0.25783,0.73549,-0.39489,0.48645,0.33592,0.17838,-0.12264,
1403638196795097088,2.38165,1.08647,6.12966,0.25713,0.73749,-0.39618,0.48274,0.36506,0.12287,-0.14538,
1403638196895097088,2.41015,1.10546,6.11802,0.25921,0.73509,-0.39514,0.48613,0.38579,0.06019,-0.14691,
1403638196995096832,2.45055,1.11421,6.10198,0.26320,0.73036,-0.39233,0.49333,0.39898,0.01414,-0.08114,
1403638197095097088,2.48985,1.12264,6.09327,0.26613,0.72695,-0.39082,0.49797,0.39599,0.00942,-0.03437,
1403638197195097088,2.52035,1.13560,6.09675,0.26975,0.72598,-0.38862,0.49915,0.40688,-0.01486,0.02881,
1403638197295097088,2.56676,1.13778,6.10268,0.27807,0.72476,-0.38299,0.50072,0.41867,-0.01116,0.12739,
1403638197395097088,2.61002,1.15442,6.11984,0.28765,0.72348,-0.37673,0.50191,0.43239,0.02653,0.17126,
1403638197495096832,2.65811,1.15861,6.13884,0.29195,0.72186,-0.37391,0.50386,0.46263,0.07169,0.23983,
1403638197595097088,2.70466,1.17262,6.16659,0.29136,0.72046,-0.37437,0.50586,0.47292,0.10920,0.29582,
1403638197695097088,2.74623,1.17744,6.19982,0.29148,0.72033,-0.37408,0.50620,0.48310,0.13256,0.31773,
1403638197795097088,2.81036,1.19969,6.24063,0.29099,0.72031,-0.37445,0.50622,0.49946,0.16103,0.26858,
1403638197895097088,2.85676,1.21104,6.26770,0.28792,0.71636,-0.37588,0.51249,0.50651,0.17486,0.21762,
1403638197995096832,2.90188,1.22756,6.28200,0.28944,0.70742,-0.37384,0.52537,0.48766,0.20480,0.07284,
1403638198095097088,2.93942,1.23290,6.28108,0.28868,0.70503,-0.37378,0.52904,0.44297,0.23019,-0.13879,
1403638198195097088,2.97845,1.24751,6.25729,0.28435,0.70760,-0.37657,0.52596,0.39633,0.27656,-0.32420,
1403638198295097088,3.02318,1.27667,6.22394,0.28331,0.71076,-0.37777,0.52138,0.37286,0.32201,-0.39660,
1403638198395097088,3.06548,1.30936,6.18642,0.28353,0.71473,-0.37771,0.51586,0.35681,0.34562,-0.43929,
1403638198495096832,3.12306,1.33318,6.15090,0.28779,0.71901,-0.37467,0.50974,0.36364,0.36055,-0.46485,
1403638198595097088,3.16913,1.37478,6.10564,0.29987,0.72322,-0.36610,0.50300,0.38984,0.39826,-0.47272,
1403638198695097088,3.21629,1.40877,6.06314,0.31650,0.72540,-0.35386,0.49841,0.44776,0.45713,-0.44852,
1403638198795097088,3.25171,1.46566,6.01636,0.32931,0.72538,-0.34403,0.49702,0.50900,0.58207,-0.37214,
1403638198895097088,3.33125,1.52455,5.99059,0.33234,0.72553,-0.34189,0.49626,0.60663,0.70818,-0.27741,
1403638198995096832,3.39238,1.59948,5.96626,0.32958,0.72621,-0.34404,0.49561,0.67954,0.82866,-0.20309,
1403638199095097088,3.46603,1.68389,5.95261,0.32620,0.72626,-0.34696,0.49574,0.77126,0.92008,-0.08188,
1403638199195097088,3.56695,1.77094,5.95745,0.32419,0.72473,-0.34965,0.49741,0.86416,1.01137,0.02804,
1403638199295097088,3.65144,1.87812,5.96359,0.32389,0.72095,-0.34989,0.50290,0.93275,1.09987,0.12857,
1403638199395097088,3.76312,1.98744,5.98222,0.32643,0.72010,-0.34901,0.50309,0.97476,1.20067,0.17357,
1403638199495096832,3.87481,2.10819,6.00730,0.32940,0.72267,-0.34834,0.49791,1.03955,1.29122,0.25009,
1403638199595097088,3.97926,2.24460,6.03723,0.32885,0.72737,-0.34574,0.49321,1.12557,1.38000,0.29909,
1403638199695097088,4.10287,2.38452,6.07301,0.31997,0.73060,-0.34277,0.49634,1.20736,1.47343,0.36307,
1403638199795097088,4.23756,2.53490,6.11134,0.30173,0.73259,-0.34686,0.50196,1.24505,1.52657,0.32919,
1403638199895097088,4.36363,2.68705,6.14635,0.28664,0.73437,-0.35007,0.50596,1.26353,1.54638,0.27605,
1403638199995096832,4.48519,2.84103,6.17770,0.27758,0.73599,-0.34955,0.50900,1.27310,1.55724,0.24172,
1403638200095097088,4.60447,2.99672,6.20888,0.27250,0.74011,-0.34187,0.51099,1.26862,1.55787,0.20405,
1403638200195097088,4.72279,3.15346,6.24357,0.27267,0.74391,-0.32528,0.51619,1.27128,1.57667,0.26356,
1403638200295097088,4.83591,3.30897,6.28671,0.26782,0.74496,-0.30834,0.52747,1.26977,1.62045,0.33972,
1403638200395097088,4.94302,3.47032,6.33720,0.26117,0.74703,-0.29179,0.53721,1.25665,1.65844,0.41501,
1403638200495096832,5.04876,3.63811,6.39558,0.25980,0.75347,-0.27519,0.53763,1.24268,1.70620,0.50860,
1403638200595097088,5.15359,3.81519,6.45974,0.25681,0.75986,-0.26096,0.53719,1.23095,1.79213,0.57586,
1403638200695097088,5.26131,4.00184,6.52701,0.25597,0.76618,-0.24332,0.53687,1.24211,1.85870,0.62449,
1403638200795097088,5.36883,4.19645,6.59297,0.25035,0.77269,-0.23289,0.53482,1.24160,1.94462,0.60833,
1403638200895097088,5.48238,4.40044,6.65456,0.24228,0.77696,-0.22958,0.53378,1.26766,2.02301,0.54726,
1403638200995096832,5.60603,4.61035,6.71219,0.22728,0.77610,-0.23516,0.53918,1.29039,2.07943,0.49416,
1403638201095097088,5.73072,4.82223,6.76393,0.21640,0.77417,-0.24057,0.54402,1.28835,2.10892,0.42121,
1403638201195097088,5.86071,5.03541,6.80863,0.21158,0.77283,-0.24461,0.54602,1.28400,2.12479,0.36328,
1403638201295097088,5.98528,5.24866,6.84625,0.20993,0.77153,-0.24786,0.54701,1.27152,2.13479,0.29806,
1403638201395097088,6.10779,5.46573,6.87674,0.21258,0.77173,-0.24821,0.54556,1.25503,2.13739,0.24307,
1403638201495096832,6.22335,5.67829,6.89534,0.21375,0.76983,-0.25017,0.54689,1.24180,2.14525,0.16438,
1403638201595097088,6.33957,5.89480,6.90394,0.21787,0.76809,-0.25017,0.54771,1.22268,2.16145,0.09682,
1403638201695097088,6.45560,6.11288,6.90028,0.21840,0.76600,-0.25204,0.54956,1.19208,2.17856,-0.00769,
1403638201795097088,6.56091,6.32772,6.87969,0.22037,0.76562,-0.25277,0.54897,1.15123,2.19341,-0.09930,
1403638201895097088,6.64946,6.53866,6.84388,0.21865,0.76519,-0.25428,0.54956,1.10176,2.21766,-0.16419,
1403638201995096832,6.70897,6.74569,6.80347,0.21431,0.76703,-0.24990,0.55072,0.99819,2.25079,-0.14898,
1403638202095097088,6.78293,6.96517,6.77617,0.20379,0.76906,-0.24771,0.55286,0.92652,2.26930,-0.13300,
1403638202195097088,6.85960,7.18828,6.76174,0.19123,0.77279,-0.24836,0.55185,0.84905,2.26828,-0.07608,
1403638202295097088,6.93668,7.41826,6.75702,0.18216,0.77786,-0.24841,0.54777,0.82384,2.23665,-0.00102,
1403638202395097088,7.00129,7.63134,6.76089,0.17764,0.77984,-0.24685,0.54713,0.78366,2.16919,0.01178,
1403638202495096832,7.06434,7.83421,6.76399,0.17473,0.78091,-0.24543,0.54719,0.75275,2.11258,-0.04995,
1403638202595097088,7.14391,8.04305,6.75892,0.17056,0.78119,-0.24733,0.54725,0.73860,2.05058,-0.11372,
1403638202695097088,7.22924,8.24676,6.74619,0.16978,0.78229,-0.24830,0.54547,0.74253,1.98617,-0.15012,
1403638202795097088,7.31797,8.44385,6.72585,0.17188,0.78188,-0.24801,0.54553,0.73669,1.92411,-0.19505,
1403638202895097088,7.41035,8.63897,6.70099,0.17481,0.78067,-0.24749,0.54658,0.74465,1.89154,-0.20805,
1403638202995096832,7.50343,8.83344,6.67501,0.17481,0.77947,-0.24917,0.54752,0.74065,1.86381,-0.17968,
1403638203095097088,7.59261,9.01713,6.65163,0.17529,0.77861,-0.24997,0.54823,0.72374,1.82695,-0.12467,
1403638203195097088,7.68084,9.19590,6.63355,0.18025,0.77643,-0.24774,0.55072,0.71698,1.79307,-0.06123,
1403638203295097088,7.76298,9.36642,6.61774,0.18237,0.77379,-0.24667,0.55421,0.69147,1.76937,-0.00994,
1403638203395097088,7.84392,9.53456,6.60101,0.18164,0.77246,-0.24739,0.55597,0.66941,1.73344,-0.06643,
1403638203495096832,7.92256,9.70244,6.57916,0.18043,0.77230,-0.24883,0.55595,0.65993,1.70112,-0.13722,
1403638203595097088,7.99516,9.86246,6.55678,0.17770,0.77228,-0.25102,0.55588,0.62954,1.65950,-0.15447,
1403638203695097088,8.06161,10.01494,6.54036,0.17699,0.77360,-0.25143,0.55407,0.59416,1.61662,-0.09537,
1403638203795097088,8.13068,10.17472,6.53090,0.17899,0.77381,-0.25040,0.55360,0.57647,1.57402,-0.02160,
1403638203895097088,8.19128,10.32720,6.52833,0.17978,0.77373,-0.24929,0.55397,0.53595,1.54228,0.03496,
1403638203995096832,8.24633,10.47658,6.53240,0.17825,0.77442,-0.24928,0.55349,0.50949,1.50898,0.08560,
1403638204145096960,8.31461,10.68821,6.55564,0.17282,0.77803,-0.25088,0.54942,0.46111,1.45471,0.20866,
1403638204245096960,8.35665,10.82434,6.58135,0.16558,0.77976,-0.25544,0.54708,0.44737,1.39528,0.27495,
1403638204345096960,8.39252,10.95110,6.61229,0.15260,0.78167,-0.26473,0.54372,0.41796,1.31444,0.29908,
1403638204445096960,8.42361,11.06823,6.64596,0.14405,0.78335,-0.27160,0.54023,0.38640,1.20042,0.28781,
1403638204595097088,8.46521,11.22240,6.68734,0.14163,0.78147,-0.27315,0.54281,0.35587,1.03575,0.21219,
1403638204695097088,8.49121,11.32000,6.70730,0.14180,0.78328,-0.26576,0.54381,0.32993,0.95108,0.15151,
1403638204795097088,8.51251,11.40925,6.71896,0.14436,0.78810,-0.24922,0.54401,0.30208,0.87206,0.08515,
1403638204895097088,8.53455,11.49476,6.72372,0.14890,0.79309,-0.22262,0.54706,0.30147,0.83718,0.01172,
1403638204995096832,8.55487,11.57366,6.72039,0.14242,0.79958,-0.19357,0.55037,0.30369,0.82420,-0.04587,
1403638205095097088,8.57833,11.65433,6.71183,0.12874,0.80660,-0.15943,0.55444,0.31991,0.83730,-0.09146,
1403638205195097088,8.59610,11.72287,6.70116,0.10417,0.81233,-0.12304,0.56047,0.31572,0.84119,-0.04243,
1403638205295097088,8.61912,11.80017,6.69893,0.07717,0.81647,-0.08253,0.56623,0.32459,0.84566,0.04170,
1403638205395097088,8.63953,11.87418,6.70164,0.04988,0.81695,-0.04106,0.57308,0.31387,0.84164,0.11793,
1403638205595097088,8.68499,12.03021,6.73356,0.02556,0.81150,0.03209,0.58291,0.23665,0.86002,0.25520,
1403638205695097088,8.70217,12.11663,6.76059,0.02461,0.80517,0.05693,0.58980,0.20143,0.92185,0.31241,
1403638205795097088,8.71845,12.21269,6.79432,0.01880,0.80133,0.07494,0.59321,0.14217,1.01902,0.33898,
1403638205895097088,8.72768,12.31680,6.83101,0.00699,0.80104,0.09177,0.59150,0.08854,1.11982,0.38049,
1403638205995096832,8.73516,12.43239,6.87270,-0.01218,0.80088,0.10756,0.58896,0.04299,1.21736,0.45006,
1403638206095097088,8.73712,12.55619,6.92156,-0.03004,0.79947,0.12543,0.58670,-0.03521,1.27649,0.49935,
1403638206195097088,8.73399,12.68624,6.97345,-0.04679,0.79597,0.14335,0.58626,-0.07653,1.33035,0.49364,
1403638206395097088,8.71087,12.95553,7.06264,-0.08524,0.78965,0.16538,0.58467,-0.17111,1.36960,0.37009,
1403638206495096832,8.69838,13.08892,7.10256,-0.09954,0.78688,0.16873,0.58518,-0.20739,1.35727,0.31096,
1403638206595097088,8.68219,13.21630,7.13701,-0.10766,0.78468,0.17105,0.58603,-0.24580,1.32160,0.24680,
1403638206695097088,8.66754,13.33626,7.17220,-0.11562,0.78250,0.17418,0.58650,-0.28044,1.29588,0.19660,
1403638206795097088,8.65420,13.44952,7.20589,-0.12308,0.78179,0.18177,0.58362,-0.30551,1.23766,0.14355,
1403638206895097088,8.63451,13.55345,7.23216,-0.12833,0.77979,0.18829,0.58310,-0.31790,1.19092,0.10064,
1403638207045097216,8.58104,13.69848,7.25106,-0.13674,0.77533,0.19164,0.58604,-0.37704,1.10049,0.02485,
1403638207145096960,8.53337,13.77813,7.25546,-0.13913,0.77310,0.19337,0.58786,-0.43269,1.02136,-0.06363,
1403638207245096960,8.47507,13.84969,7.24574,-0.14345,0.77098,0.19644,0.58857,-0.49707,0.95570,-0.14044,
1403638207345096960,8.41223,13.91246,7.22249,-0.15136,0.76687,0.20381,0.58946,-0.56513,0.88396,-0.20747,
1403638207545097216,8.28494,14.03423,7.16752,-0.17515,0.75666,0.23258,0.58540,-0.69816,0.72090,-0.12645,
1403638207645096960,8.21381,14.07783,7.14408,-0.18565,0.75824,0.24720,0.57402,-0.76072,0.60964,-0.09324,
1403638207745096960,8.13701,14.11664,7.13254,-0.19433,0.76215,0.25733,0.56138,-0.76708,0.52230,-0.01197,
1403638207895097088,8.02183,14.18433,7.14056,-0.20101,0.76877,0.26608,0.54570,-0.73610,0.43166,0.12503,
1403638207995096832,7.94864,14.21733,7.15698,-0.20155,0.77115,0.26930,0.54054,-0.69691,0.37635,0.16631,
1403638208095097088,7.87615,14.25448,7.17351,-0.20196,0.77016,0.26952,0.54168,-0.67806,0.32719,0.12503,
1403638208245096960,7.77021,14.30738,7.18488,-0.20450,0.76545,0.26519,0.54949,-0.64672,0.26851,0.01322,
1403638208345096960,7.69957,14.34740,7.17964,-0.20149,0.76711,0.26423,0.54874,-0.63499,0.24769,-0.06542,
1403638208545097216,7.56774,14.40803,7.16008,-0.20071,0.77118,0.26889,0.54101,-0.61974,0.20373,-0.05106,
1403638208645096960,7.50712,14.42552,7.16148,-0.20608,0.76841,0.27895,0.53783,-0.58437,0.17628,0.01946,
1403638208795097088,7.41320,14.46607,7.17055,-0.21703,0.76417,0.28920,0.53413,-0.54026,0.13891,0.12714,
1403638208895097088,7.34987,14.49229,7.17625,-0.22046,0.76050,0.29552,0.53452,-0.51419,0.12432,0.08313,
1403638208995096832,7.28795,14.50932,7.17640,-0.22283,0.75766,0.30021,0.53495,-0.50718,0.08559,-0.00702,
1403638209095097088,7.22672,14.52717,7.16817,-0.22551,0.75663,0.30240,0.53405,-0.50112,0.06518,-0.08656,
1403638209195097088,7.16493,14.54489,7.15352,-0.22565,0.75631,0.30414,0.53346,-0.49285,0.04449,-0.14427,
1403638209295097088,7.11011,14.55814,7.13719,-0.22744,0.75653,0.30358,0.53271,-0.46311,0.03344,-0.20813,
1403638209395097088,7.03936,14.57871,7.11281,-0.22815,0.75705,0.30273,0.53214,-0.46149,0.03130,-0.26226,
1403638209495096832,6.98860,14.58215,7.08570,-0.22960,0.75624,0.30153,0.53335,-0.42431,0.01110,-0.32935,
1403638209595097088,6.90558,14.61182,7.04565,-0.22945,0.75467,0.29964,0.53669,-0.43360,0.01331,-0.50992,
1403638209695097088,6.85883,14.61568,6.98601,-0.22900,0.75623,0.29816,0.53552,-0.40698,-0.00897,-0.69203,
1403638209795097088,6.76738,14.64145,6.90944,-0.22441,0.75557,0.29909,0.53787,-0.43248,-0.00247,-0.86530,
1403638209895097088,6.72869,14.63871,6.81595,-0.22180,0.75380,0.29996,0.54093,-0.41576,-0.02672,-0.96222,
1403638209995096832,6.64563,14.65474,6.71665,-0.22099,0.74975,0.29880,0.54750,-0.45415,-0.02489,-0.98733,
1403638210095097088,6.60337,14.64912,6.61850,-0.22281,0.74511,0.29685,0.55412,-0.45743,-0.05796,-0.93932,
1403638210195097088,6.55882,14.63999,6.52686,-0.22529,0.74112,0.29481,0.55952,-0.49435,-0.11779,-0.87793,
1403638210295097088,6.43565,14.65613,6.43829,-0.22485,0.74138,0.29334,0.56014,-0.59888,-0.15269,-0.82518,
1403638210395097088,6.36362,14.64256,6.35659,-0.22389,0.74222,0.29324,0.55945,-0.63844,-0.20174,-0.83530,
1403638210495096832,6.19628,14.63847,6.27586,-0.22392,0.74195,0.29160,0.56067,-0.74811,-0.24230,-0.86796,
1403638210595097088,6.09729,14.61845,6.18951,-0.22306,0.74146,0.29082,0.56205,-0.79702,-0.28127,-0.92222,
1403638210695097088,5.97201,14.59394,6.10242,-0.22495,0.74113,0.28820,0.56308,-0.85722,-0.33061,-0.92583,
1403638210845096960,5.83799,14.53813,5.97057,-0.22449,0.74242,0.28761,0.56187,-0.93057,-0.42333,-0.83842,
1403638210995096832,5.67598,14.47084,5.86367,-0.22387,0.74829,0.28817,0.55399,-0.96282,-0.49233,-0.72371,
1403638211095097088,5.56695,14.41897,5.80756,-0.22317,0.75151,0.28889,0.54952,-0.96136,-0.51790,-0.59800,
1403638211195097088,5.46368,14.36417,5.76177,-0.22371,0.75456,0.28884,0.54513,-0.93575,-0.53309,-0.52183,
1403638211395097088,5.27033,14.25796,5.67095,-0.21812,0.75797,0.28410,0.54515,-0.89022,-0.57078,-0.46478,
1403638211495096832,5.18500,14.20867,5.63001,-0.21121,0.76240,0.27413,0.54680,-0.88273,-0.58975,-0.49813,
1403638211595097088,5.08383,14.15552,5.57145,-0.20370,0.76761,0.25900,0.54973,-0.88013,-0.60408,-0.57297,
1403638211695097088,4.97570,14.09819,5.50189,-0.19455,0.77277,0.23886,0.55490,-0.88257,-0.63140,-0.62569,
1403638211995096832,4.71216,13.90406,5.32110,-0.15621,0.79432,0.16447,0.56356,-0.80860,-0.73194,-0.49152,
1403638212095097088,4.62120,13.83911,5.27165,-0.13923,0.79868,0.14227,0.56788,-0.77868,-0.75933,-0.42008,
1403638212195097088,4.53183,13.77253,5.23296,-0.11937,0.80146,0.12249,0.57308,-0.77194,-0.78727,-0.33100,
1403638212295097088,4.43857,13.70441,5.20379,-0.10160,0.80421,0.10096,0.57683,-0.80307,-0.79599,-0.22956,
1403638212395097088,4.34624,13.64025,5.18592,-0.08246,0.80623,0.08080,0.58023,-0.79393,-0.79547,-0.16090,
1403638212495096832,4.24900,13.58070,5.17681,-0.06612,0.80736,0.05845,0.58343,-0.83468,-0.80509,-0.06452,
1403638212595097088,4.14247,13.52482,5.17369,-0.05010,0.80906,0.03543,0.58452,-0.85968,-0.79052,0.00844,
1403638212695097088,4.03161,13.47424,5.17489,-0.03451,0.81018,0.01147,0.58505,-0.90028,-0.77218,0.07404,
1403638212845096960,3.86570,13.38892,5.18520,-0.00722,0.81019,-0.02339,0.58565,-0.95178,-0.75578,0.14218,
1403638212945096960,3.74370,13.34507,5.19397,0.01010,0.80926,-0.04977,0.58525,-0.99218,-0.73356,0.18601,
1403638213045097216,3.62436,13.29505,5.21515,0.02887,0.80782,-0.07658,0.58372,-1.01081,-0.71137,0.24632,
1403638213145096960,3.51446,13.24799,5.24592,0.04472,0.80600,-0.10566,0.58070,-1.02544,-0.68951,0.23813,
1403638213295097088,3.35409,13.17424,5.28253,0.06138,0.80677,-0.15353,0.56725,-1.02396,-0.68775,0.14533,
1403638213395097088,3.25133,13.13708,5.30516,0.06996,0.80597,-0.18726,0.55719,-1.00839,-0.69121,0.09134,
1403638213495096832,3.15734,13.09376,5.32497,0.07836,0.80137,-0.21952,0.55089,-0.98892,-0.73975,0.06200,
1403638213595097088,3.06877,13.03211,5.33792,0.09698,0.79335,-0.23925,0.55132,-0.95167,-0.80698,0.06576,
1403638213695097088,2.98484,12.95688,5.35112,0.12365,0.78282,-0.24341,0.55915,-0.93834,-0.83180,0.11740,
1403638213845096960,2.85294,12.83199,5.37756,0.15307,0.77381,-0.24188,0.56505,-0.91551,-0.82756,0.21486,
1403638213945096960,2.77947,12.74643,5.40261,0.16146,0.77316,-0.24130,0.56386,-0.90407,-0.80387,0.25122,
1403638214045097216,2.70721,12.65951,5.43162,0.16163,0.77606,-0.24179,0.55959,-0.89456,-0.77002,0.28856,
1403638214145096960,2.64044,12.57108,5.46498,0.15942,0.78317,-0.24154,0.55035,-0.84551,-0.75321,0.34974,
1403638214245096960,2.58981,12.48124,5.50224,0.15566,0.79078,-0.24010,0.54110,-0.76689,-0.75257,0.32061,
1403638214345096960,2.55772,12.38451,5.53310,0.15137,0.79659,-0.23843,0.53450,-0.66664,-0.77737,0.26729,
1403638214445096960,2.54329,12.28401,5.55282,0.14947,0.79966,-0.23475,0.53207,-0.55425,-0.80407,0.20751,
1403638214545097216,2.51355,12.17248,5.56084,0.14966,0.79598,-0.22926,0.53987,-0.47573,-0.84516,0.15928,
1403638214695097088,2.42264,12.04281,5.57847,0.15151,0.78792,-0.22112,0.55438,-0.45600,-0.81151,0.07664,
1403638214795097088,2.38456,11.92309,5.56478,0.15105,0.78392,-0.21645,0.56197,-0.44894,-0.80552,0.00591,
1403638214895097088,2.37936,11.80021,5.53187,0.15044,0.78209,-0.21273,0.56609,-0.42101,-0.80959,-0.09298,
1403638214995096832,2.40442,11.66310,5.48331,0.14895,0.78146,-0.21013,0.56832,-0.35772,-0.83359,-0.18678,
1403638215095097088,2.39370,11.53078,5.44585,0.14759,0.78230,-0.20751,0.56847,-0.34373,-0.84255,-0.23883,
1403638215195097088,2.35492,11.43415,5.42297,0.14699,0.78378,-0.20669,0.56689,-0.35692,-0.81203,-0.28064,
1403638215295097088,2.32088,11.31571,5.39218,0.14866,0.78655,-0.20449,0.56340,-0.34955,-0.80772,-0.29082,
1403638215395097088,2.28783,11.23494,5.36535,0.15265,0.78774,-0.20235,0.56144,-0.31415,-0.76081,-0.25934,
1403638215495096832,2.25432,11.12145,5.34733,0.15570,0.78838,-0.19934,0.56079,-0.29491,-0.73897,-0.16542,
1403638215595097088,2.22721,11.02440,5.34010,0.15698,0.78762,-0.19818,0.56190,-0.26752,-0.69661,-0.08634,
1403638215695097088,2.19856,10.93409,5.33816,0.15362,0.78659,-0.19997,0.56365,-0.25092,-0.65052,-0.02985,
1403638215795097088,2.16874,10.86353,5.33410,0.15103,0.78510,-0.20362,0.56511,-0.25341,-0.61655,-0.05383,
1403638215895097088,2.14410,10.79062,5.33158,0.15164,0.78383,-0.20920,0.56467,-0.25165,-0.58699,-0.09091,
1403638215995096832,2.12421,10.74478,5.31992,0.15349,0.78231,-0.21399,0.56448,-0.26270,-0.53285,-0.15371,
1403638216095097088,2.09829,10.67674,5.30872,0.15653,0.78165,-0.21589,0.56383,-0.25522,-0.50558,-0.14883,
1403638216195097088,2.06945,10.60598,5.29975,0.15830,0.78143,-0.21704,0.56320,-0.25552,-0.47815,-0.07368,
1403638216295097088,2.03686,10.53672,5.29411,0.16044,0.78023,-0.21737,0.56413,-0.24907,-0.45510,-0.01996,
1403638216395097088,2.01000,10.48950,5.29451,0.16278,0.77871,-0.21748,0.56553,-0.25217,-0.40403,0.04096,
1403638216495096832,1.97114,10.41843,5.29558,0.16271,0.77833,-0.21738,0.56610,-0.26496,-0.37312,0.05525,
1403638216595097088,1.94141,10.37707,5.29642,0.16444,0.77918,-0.21703,0.56457,-0.26862,-0.33532,-0.02168,
1403638216695097088,1.89848,10.30714,5.28246,0.16569,0.78159,-0.21549,0.56146,-0.27235,-0.32637,-0.10737,
1403638216795097088,1.87107,10.27446,5.26994,0.16931,0.78108,-0.21391,0.56169,-0.25539,-0.28706,-0.14598,
1403638216895097088,1.83622,10.21295,5.24924,0.17366,0.77654,-0.21680,0.56553,-0.25440,-0.26937,-0.18634,
1403638216995096832,1.81372,10.19646,5.23041,0.17758,0.77284,-0.22702,0.56537,-0.26107,-0.20991,-0.22035,
1403638217095097088,1.78615,10.16145,5.20702,0.18040,0.77102,-0.24163,0.56090,-0.27189,-0.16524,-0.24503,
1403638217245096960,1.74900,10.13075,5.17061,0.18862,0.76882,-0.26100,0.55246,-0.24048,-0.12616,-0.22908,
1403638217345096960,1.73230,10.11788,5.15513,0.19390,0.76778,-0.26869,0.54839,-0.21477,-0.08963,-0.14450,
1403638217445096960,1.72042,10.10802,5.15095,0.19744,0.76737,-0.27424,0.54493,-0.19377,-0.04354,-0.04319,
1403638217545097216,1.71338,10.10292,5.15733,0.20378,0.76813,-0.27509,0.54109,-0.15629,-0.01949,0.06444,
1403638217645096960,1.70501,10.09313,5.16918,0.21020,0.76972,-0.27260,0.53762,-0.12015,0.01143,0.13737,
1403638217795097088,1.68303,10.09424,5.19431,0.21957,0.77274,-0.26683,0.53241,-0.06669,0.09397,0.24731,
1403638217895097088,1.67277,10.08625,5.21670,0.22106,0.77408,-0.26418,0.53117,-0.01753,0.13687,0.25095,
1403638217995096832,1.67625,10.10986,5.24131,0.22327,0.77245,-0.26126,0.53407,0.04428,0.20653,0.19799,
1403638218095097088,1.66404,10.10494,5.24893,0.22328,0.77185,-0.25845,0.53628,0.07241,0.23880,0.12525,
1403638218295097088,1.69499,10.17392,5.26885,0.22142,0.76687,-0.25591,0.54535,0.15342,0.37860,0.04092,
1403638218395097088,1.71778,10.22342,5.27831,0.21616,0.76417,-0.25745,0.55049,0.18115,0.46926,0.09022,
1403638218495096832,1.71452,10.23845,5.28678,0.21024,0.76428,-0.25885,0.55197,0.18514,0.49547,0.16524,
1403638218595097088,1.73170,10.29587,5.30872,0.20797,0.76514,-0.25955,0.55131,0.18237,0.56940,0.24511,
1403638218795097088,1.76619,10.41628,5.35340,0.20578,0.77112,-0.26911,0.53908,0.18269,0.62609,0.17796,
1403638218895097088,1.78598,10.47970,5.36917,0.20850,0.77091,-0.27734,0.53414,0.22205,0.64368,0.12174,
1403638218995096832,1.76213,10.49743,5.37318,0.19864,0.76662,-0.29136,0.53660,0.21153,0.61850,0.06649,
1403638219095097088,1.79071,10.56797,5.37931,0.19231,0.76096,-0.30247,0.54081,0.21892,0.60103,0.04483,
1403638219345096960,1.76250,10.65190,5.36787,0.21202,0.75077,-0.29655,0.55087,0.13675,0.54487,-0.00190,
1403638219445096960,1.78683,10.71534,5.36790,0.21915,0.74382,-0.29287,0.55940,0.12541,0.57626,0.02999,
1403638219595097088,1.71468,10.75861,5.35246,0.21814,0.74236,-0.29310,0.56161,0.03403,0.60510,0.06716,
1403638219695097088,1.62974,10.78672,5.34469,0.21121,0.74385,-0.29688,0.56031,-0.05162,0.61679,0.05931,
1403638219845096960,1.61431,10.87882,5.35381,0.19800,0.74693,-0.30566,0.55629,-0.10719,0.61763,-0.01622,
1403638219995096832,1.59308,10.96727,5.34896,0.18568,0.74836,-0.31414,0.55389,-0.16734,0.57362,-0.09558,
1403638220095097088,1.49746,10.98200,5.33857,0.18224,0.75031,-0.31587,0.55141,-0.25494,0.50530,-0.11039,
1403638220195097088,1.44663,11.03071,5.34323,0.18966,0.75394,-0.31146,0.54644,-0.28520,0.42359,-0.03013,
1403638220495096832,1.28369,11.13373,5.33762,0.21485,0.76159,-0.29452,0.53580,-0.33626,0.42058,0.17175,
1403638220595097088,1.22417,11.15333,5.33376,0.21564,0.76090,-0.29477,0.53631,-0.32380,0.40989,0.15357,
1403638220695097088,1.18421,11.18630,5.33001,0.21664,0.76021,-0.29557,0.53647,-0.31571,0.41136,0.07451,
1403638220795097088,1.14436,11.21979,5.33104,0.21581,0.75983,-0.29758,0.53622,-0.30336,0.41342,0.00765,
1403638220895097088,1.10449,11.25085,5.32696,0.21594,0.75937,-0.29881,0.53613,-0.29555,0.40879,-0.06619,
1403638221045097216,1.04834,11.29764,5.30951,0.21471,0.75973,-0.30111,0.53483,-0.27563,0.40410,-0.14441,
1403638221145096960,1.00694,11.32593,5.29543,0.21487,0.76029,-0.30212,0.53340,-0.26393,0.39733,-0.12376,
1403638221245096960,0.91580,11.32934,5.26705,0.21301,0.76148,-0.30301,0.53193,-0.28724,0.37975,-0.05763,
1403638221345096960,0.87796,11.36052,5.26498,0.21060,0.76240,-0.30530,0.53026,-0.28607,0.37110,0.00098,
1403638221445096960,0.84173,11.39112,5.26827,0.20782,0.76233,-0.30796,0.52993,-0.27414,0.34838,-0.01279,
1403638221595097088,0.73614,11.43803,5.25335,0.20510,0.76080,-0.31038,0.53178,-0.29348,0.30864,-0.08903,
1403638221695097088,0.70010,11.45988,5.23790,0.20503,0.75897,-0.31052,0.53432,-0.28825,0.27238,-0.12499,
1403638221795097088,0.66680,11.48132,5.22213,0.20367,0.75657,-0.31127,0.53780,-0.28689,0.24315,-0.08732,
1403638221945096960,0.62370,11.51920,5.21242,0.20873,0.75595,-0.30727,0.53903,-0.30167,0.22034,0.03366,
1403638222045097216,0.59858,11.55667,5.21611,0.21212,0.75676,-0.30511,0.53780,-0.29592,0.21715,0.09350,
1403638222145096960,0.57581,11.59013,5.22831,0.21271,0.76009,-0.30500,0.53291,-0.28550,0.22378,0.05817,
1403638222245096960,0.55160,11.61930,5.23960,0.21141,0.76346,-0.30658,0.52768,-0.26557,0.22023,0.00837,
1403638222345096960,0.52702,11.64511,5.24716,0.20947,0.76646,-0.30837,0.52305,-0.23790,0.19630,-0.03095,
1403638222445096960,0.45781,11.68693,5.24418,0.20808,0.76879,-0.30962,0.51942,-0.21812,0.18329,-0.07334,
1403638222595097088,0.42488,11.71770,5.22580,0.20955,0.76593,-0.30870,0.52359,-0.16623,0.12936,-0.11000,
1403638222695097088,0.35236,11.77867,5.21055,0.21085,0.76032,-0.30801,0.53159,-0.17276,0.13469,-0.14189,
1403638222845096960,0.32606,11.80964,5.17405,0.21412,0.75658,-0.30622,0.53662,-0.16015,0.13182,-0.16973,
1403638222945096960,0.26972,11.86983,5.14535,0.21713,0.74912,-0.30382,0.54715,-0.18555,0.16593,-0.20066,
1403638223095097088,0.24520,11.89631,5.11487,0.21658,0.75080,-0.30416,0.54487,-0.22640,0.20848,-0.12254,
1403638223195097088,0.21341,11.92854,5.09897,0.21101,0.75890,-0.30865,0.53319,-0.24361,0.22132,-0.10037,
1403638223395097088,0.17063,11.96497,5.09359,0.20069,0.76265,-0.31686,0.52696,-0.21045,0.15534,-0.09319,
1403638223495096832,0.15323,11.95183,5.07789,0.19231,0.75585,-0.32234,0.53648,-0.22161,0.10053,-0.12113,
1403638223595097088,0.16955,11.87191,5.06865,0.19168,0.75340,-0.32196,0.54036,-0.24442,0.01877,-0.12204,
1403638223695097088,0.14731,11.88823,5.04910,0.20272,0.75492,-0.31519,0.53820,-0.24909,-0.00569,-0.15210,
